HomeTeam,AwayTeam,HomeGoals,AwayGoals,StandingDiff,HomeWins,AwayWins,AvgHomeGoals,AvgAwayGoals,AvgHomeShots,AvgAwayShots,AvgHomeShotsOnTarget,AvgAwayShotsOnTarget,AvgHomeCorners,AvgAwayCorners,AvgHomeGoalsConceded,AvgAwayGoalsConceded,AvgHomeShotsConceded,AvgAwayShotsConceded,Year,Day,FTR
0,32,3,0,-7,80.0,40.0,1.8,1.2,16.0,9.6,8.8,5.8,8.2,5.4,0.8,1.6,7.8,12.2,2011,5,2
1,22,3,2,-9,40.0,20.0,1.4,1.0,10.6,11.6,4.6,6.0,5.6,4.8,0.8,1.6,11.2,16.6,2011,5,2
2,9,0,1,13,20.0,40.0,1.2,1.6,12.8,18.2,6.2,9.8,6.2,6.8,2.4,1.2,14.8,10.8,2011,5,0
17,29,0,0,-12,40.0,0.0,1.6,0.8,16.2,10.2,8.4,6.4,8.6,6.4,1.0,2.8,11.0,18.8,2011,5,1
19,28,1,0,-9,80.0,20.0,3.4,1.0,18.6,13.0,12.0,6.8,7.0,4.8,1.8,1.0,18.2,14.4,2011,5,2
23,18,2,3,15,20.0,80.0,0.6,4.0,12.8,19.0,6.0,11.2,5.0,6.2,1.2,1.2,10.6,10.4,2011,5,0
3,27,5,0,1,0.0,20.0,0.8,0.6,12.4,9.4,8.4,3.8,4.8,3.6,3.4,2.0,16.0,10.2,2011,6,2
12,30,1,3,3,20.0,60.0,2.0,1.6,14.8,14.2,9.8,9.0,5.6,5.8,1.2,1.4,12.6,14.6,2011,6,0
35,34,3,1,1,20.0,0.0,1.0,0.2,17.0,10.8,8.8,5.4,6.6,6.4,1.8,1.8,13.6,16.2,2011,6,2
11,35,2,1,-10,20.0,20.0,1.0,0.8,15.6,9.8,8.4,4.8,4.6,6.2,1.4,1.6,8.4,16.0,2011,19,2
18,21,3,1,-9,100.0,60.0,3.2,1.4,20.0,11.4,11.2,6.8,6.4,5.2,0.4,0.6,8.2,14.8,2011,19,2
22,0,1,2,14,40.0,20.0,1.8,2.2,13.0,15.6,6.8,9.6,4.2,6.4,1.4,3.4,13.0,13.8,2011,19,0
27,23,2,3,-5,40.0,40.0,1.0,1.0,9.4,13.8,4.4,8.4,5.4,5.6,0.8,2.2,12.6,16.2,2011,19,0
28,12,0,0,2,20.0,20.0,1.8,0.6,12.4,10.6,6.8,5.6,5.8,3.4,1.4,1.2,10.8,14.0,2011,19,1
29,19,0,1,17,60.0,60.0,1.6,2.0,12.6,10.8,6.8,6.4,6.4,4.8,0.2,0.6,10.8,16.0,2011,19,0
32,3,2,1,-3,20.0,40.0,0.6,1.8,13.0,9.0,7.4,5.6,3.4,3.2,1.0,2.0,13.2,17.2,2011,19,2
34,2,3,3,1,20.0,0.0,1.0,1.4,13.4,9.2,8.6,5.6,6.0,3.4,1.6,2.2,13.4,13.2,2011,19,1
9,17,1,2,-4,80.0,60.0,3.0,1.2,14.4,14.0,8.4,7.4,4.2,7.4,1.8,1.0,8.4,11.8,2011,20,0
0,12,1,1,-4,100.0,20.0,2.4,0.6,16.4,11.6,9.0,6.6,7.2,3.2,0.4,0.8,7.0,13.2,2011,26,1
3,11,0,2,7,20.0,40.0,1.4,1.2,15.2,10.0,10.8,5.0,5.8,3.0,2.8,1.6,14.4,12.8,2011,26,0
9,35,3,0,-15,60.0,0.0,2.8,0.6,13.6,8.0,7.0,4.2,4.0,5.2,2.0,1.8,9.0,15.4,2011,26,2
19,21,1,1,-11,80.0,40.0,3.0,1.4,16.2,11.0,9.6,6.2,6.0,5.0,1.8,1.2,16.0,14.2,2011,26,1
22,23,2,1,0,40.0,40.0,1.8,1.4,12.6,14.8,6.2,9.4,3.8,6.4,1.6,2.6,14.0,16.8,2011,26,2
27,2,3,1,-2,40.0,0.0,1.4,1.8,11.6,8.4,5.2,4.8,6.4,3.2,1.4,2.2,10.4,15.6,2011,26,2
28,34,1,2,-6,20.0,0.0,1.8,0.4,12.0,11.4,7.4,6.0,5.6,6.2,1.2,2.4,11.0,16.4,2011,26,0
32,30,1,3,6,40.0,80.0,0.8,2.2,13.4,11.8,7.6,8.2,3.6,5.4,0.8,1.0,12.6,14.4,2011,26,0
17,18,1,1,3,40.0,80.0,1.4,4.0,17.6,18.8,9.6,11.0,9.6,4.8,0.8,1.2,9.8,12.8,2011,27,1
29,1,0,0,9,60.0,0.0,1.6,1.2,12.0,7.6,6.8,3.8,6.2,3.6,0.4,2.2,11.4,16.4,2011,27,1
1,19,0,1,8,40.0,60.0,1.4,1.8,11.2,11.2,4.6,6.8,5.8,4.2,1.0,0.4,11.0,15.0,2011,3,0
2,29,4,2,-3,20.0,0.0,1.0,0.8,12.2,10.4,6.2,6.0,4.8,6.4,2.2,2.0,14.6,17.2,2011,3,2
18,22,5,1,-15,100.0,20.0,3.0,1.2,17.2,10.8,9.2,6.8,5.8,5.4,0.6,2.0,8.6,15.4,2011,3,2
21,9,0,3,10,80.0,60.0,2.0,1.8,13.4,16.6,8.0,9.2,5.4,7.2,1.0,1.2,11.4,12.2,2011,3,0
23,32,1,1,7,20.0,40.0,1.0,1.0,13.8,10.2,6.4,5.8,5.0,4.8,1.0,1.8,11.2,10.2,2011,3,1
30,3,3,0,-9,80.0,20.0,2.4,1.2,19.4,8.0,11.2,5.4,7.6,3.8,1.4,2.4,11.4,17.8,2011,3,2
34,0,0,4,12,20.0,40.0,1.4,2.6,14.0,17.8,8.6,11.6,6.0,6.6,2.0,3.6,12.0,14.0,2011,3,0
11,27,0,1,-6,40.0,20.0,1.4,0.4,15.4,8.2,8.8,4.0,6.0,3.2,1.4,2.8,8.4,12.4,2011,4,0
35,28,2,1,7,20.0,20.0,1.2,0.8,16.2,11.8,9.8,6.2,6.2,4.6,2.0,1.0,14.6,15.2,2011,4,2
12,17,1,0,2,20.0,60.0,2.2,1.2,17.4,13.2,12.0,6.4,7.4,7.4,1.8,1.2,12.8,13.4,2011,5,2
0,11,1,0,-3,80.0,40.0,2.4,1.4,16.8,11.6,9.8,7.0,9.0,3.0,0.6,1.6,7.0,11.6,2011,10,2
3,1,1,2,5,20.0,0.0,1.4,0.8,12.8,8.0,9.6,4.0,5.2,4.8,2.2,1.8,15.2,14.2,2011,10,0
17,23,1,0,-12,20.0,40.0,1.0,1.6,17.6,13.6,9.6,8.4,8.8,5.8,0.8,2.6,9.8,17.2,2011,10,2
19,35,4,1,-16,60.0,0.0,1.6,0.6,15.8,8.8,9.2,4.2,7.6,4.0,1.6,2.4,13.8,15.8,2011,10,2
22,21,4,2,6,60.0,40.0,2.2,1.6,12.2,11.0,6.8,6.8,4.8,4.8,1.6,1.4,13.8,16.0,2011,10,2
29,12,2,0,10,60.0,20.0,1.6,0.6,10.2,10.4,6.0,6.0,5.6,2.8,0.4,0.6,10.8,14.6,2011,10,2
32,34,1,2,-5,40.0,20.0,1.0,0.8,12.0,11.0,7.2,5.8,2.8,6.0,1.2,2.0,15.8,15.2,2011,10,0
27,30,2,1,8,40.0,80.0,1.8,2.4,12.6,13.0,6.0,8.8,6.4,5.4,1.6,1.2,9.6,14.2,2011,11,2
28,2,2,1,-5,20.0,0.0,1.8,1.8,12.6,9.6,8.2,6.2,5.4,4.0,1.2,2.6,9.2,14.6,2011,11,2
9,18,2,1,-1,60.0,60.0,2.8,3.2,13.8,15.8,7.6,9.2,4.2,4.8,1.8,1.2,8.6,13.2,2011,12,2
2,32,1,2,4,40.0,20.0,1.8,1.0,12.2,10.4,6.8,6.0,4.4,5.2,2.4,2.0,14.8,9.6,2011,17,0
11,22,1,1,-11,40.0,20.0,1.0,1.2,14.2,10.0,7.6,6.0,6.4,5.0,1.2,2.4,8.4,16.4,2011,17,1
12,3,2,0,-6,40.0,20.0,2.2,1.0,18.6,9.2,13.0,6.4,5.6,3.8,1.6,2.4,14.2,19.4,2011,17,2
21,29,0,0,-6,60.0,0.0,1.6,1.2,14.0,10.4,8.0,6.0,5.4,6.2,1.4,2.6,12.4,16.4,2011,17,1
34,9,1,1,14,0.0,60.0,1.0,2.0,12.8,17.6,7.4,10.2,5.2,6.8,2.8,1.0,11.4,12.6,2011,17,1
35,27,1,2,4,40.0,20.0,1.6,0.4,17.2,8.2,10.6,4.6,7.0,4.2,1.8,2.8,14.8,11.4,2011,17,0
1,17,0,2,3,40.0,60.0,1.4,1.2,9.6,12.6,4.2,6.0,4.6,7.0,1.2,1.2,12.6,16.6,2011,18,0
18,0,1,0,-1,100.0,60.0,3.4,3.0,16.8,17.2,10.4,11.0,6.6,6.6,0.8,2.0,7.8,10.4,2011,18,2
23,19,0,2,17,20.0,60.0,1.2,1.0,13.8,10.8,6.2,6.0,4.4,3.8,1.2,0.4,12.6,12.4,2011,18,0
30,28,1,0,-5,100.0,20.0,2.8,1.0,21.4,13.0,12.4,7.0,7.0,4.4,0.4,1.4,9.6,15.2,2011,18,2
2,3,1,2,1,20.0,20.0,1.2,1.0,13.6,11.4,8.6,7.0,4.6,4.2,2.2,2.2,12.6,18.0,2011,20,0
35,22,2,2,-1,40.0,0.0,1.8,1.0,16.6,9.2,10.4,5.2,7.6,3.2,1.6,2.4,13.0,20.6,2011,20,1
1,0,1,2,5,40.0,60.0,1.2,2.4,10.8,14.8,5.4,9.4,4.6,5.2,1.4,1.4,12.2,11.4,2011,21,0
11,29,1,0,-11,20.0,0.0,0.6,1.0,16.4,10.0,8.6,5.2,8.2,5.2,1.2,1.8,8.0,16.8,2011,21,2
12,19,0,5,7,60.0,80.0,2.2,1.2,19.0,12.0,12.6,6.6,6.0,4.2,1.2,0.2,13.4,11.8,2011,21,0
18,27,3,0,-10,100.0,40.0,3.2,0.8,16.2,8.0,10.6,4.4,6.0,4.2,0.8,2.2,8.8,11.8,2011,21,2
21,32,2,3,1,40.0,40.0,1.0,1.4,13.6,10.4,7.6,5.6,6.4,5.0,1.2,1.6,12.2,11.6,2011,21,0
23,28,2,3,8,20.0,20.0,1.0,0.8,12.6,12.2,5.0,6.6,3.2,3.6,1.4,1.2,14.8,16.2,2011,21,0
34,17,0,0,10,0.0,80.0,1.0,1.6,14.8,15.4,8.0,8.0,6.4,8.8,2.6,0.4,10.6,15.0,2011,21,1
30,9,1,1,3,100.0,60.0,2.2,2.0,19.8,15.6,11.6,9.4,7.4,5.8,0.4,0.6,10.2,13.2,2011,22,1
3,21,0,2,2,20.0,40.0,1.4,1.8,14.8,9.0,10.6,5.8,5.2,3.4,2.2,2.0,16.4,16.6,2011,26,0
9,12,1,1,-6,60.0,20.0,2.4,0.6,13.4,9.2,7.6,5.6,5.0,3.6,1.8,1.0,9.0,16.2,2011,26,1
17,2,1,1,-9,20.0,0.0,0.8,1.8,19.0,9.4,11.4,6.4,10.8,3.6,0.6,2.4,8.8,15.2,2011,26,1
19,34,5,0,-15,60.0,40.0,1.8,1.0,17.8,10.6,11.4,5.8,8.4,4.6,1.6,1.6,12.0,14.4,2011,26,2
27,1,0,0,4,60.0,20.0,2.0,1.0,11.8,9.8,5.8,5.4,6.2,5.2,1.6,1.8,10.0,14.2,2011,26,1
28,11,1,1,3,20.0,40.0,1.4,1.4,15.4,11.6,9.2,6.6,6.0,2.8,1.4,1.4,8.0,10.4,2011,26,1
32,18,0,0,8,40.0,60.0,1.2,3.0,13.0,13.6,7.8,7.8,5.2,3.2,1.6,1.2,13.6,13.0,2011,26,1
0,35,1,1,-13,80.0,0.0,2.0,0.6,14.6,8.8,8.4,4.6,8.6,4.0,0.6,2.8,7.8,17.4,2011,27,1
22,30,0,2,13,60.0,60.0,2.6,2.2,12.6,13.2,7.4,9.8,4.8,6.0,1.8,1.4,13.6,15.2,2011,27,0
29,23,1,1,0,60.0,20.0,1.4,1.0,12.0,11.4,6.6,6.4,6.4,5.2,0.4,2.8,10.6,18.8,2011,27,1
17,21,3,1,-6,20.0,40.0,0.8,1.8,21.8,9.4,12.4,6.0,11.0,3.2,0.6,1.8,7.8,12.4,2011,30,2
0,23,1,0,-14,60.0,20.0,1.8,1.2,15.2,10.4,9.6,5.8,9.4,6.6,0.6,1.8,7.4,16.4,2011,31,2
3,35,1,1,-3,20.0,0.0,1.2,0.8,12.8,7.4,9.2,3.4,5.2,2.4,1.6,2.6,14.6,18.6,2011,31,1
9,1,1,3,-7,40.0,20.0,2.0,0.8,16.8,10.2,9.6,5.0,6.4,6.4,1.8,1.0,9.0,12.6,2011,31,0
19,2,2,3,-14,60.0,0.0,2.4,1.8,17.8,8.4,11.4,5.0,8.4,2.6,1.6,2.4,11.2,18.4,2011,31,0
22,12,1,1,10,40.0,20.0,2.0,0.8,11.2,10.2,6.6,6.6,4.6,3.8,2.0,0.8,15.0,18.2,2011,31,1
27,34,2,2,-3,40.0,40.0,1.6,1.0,10.4,9.6,5.0,5.0,6.6,3.0,1.6,2.2,11.2,14.6,2011,31,1
29,30,1,1,13,40.0,80.0,1.2,2.2,11.6,14.8,6.4,9.8,6.2,7.6,0.6,1.0,10.8,14.4,2011,31,1
28,18,1,0,7,20.0,40.0,1.2,2.2,15.4,13.4,9.4,7.2,5.6,4.0,1.2,1.2,8.4,13.4,2012,1,2
32,11,0,1,4,20.0,40.0,0.8,1.4,11.0,11.6,6.2,6.2,5.8,3.6,1.6,1.0,14.6,11.4,2012,1,0
1,29,0,2,-9,20.0,0.0,1.0,0.8,9.6,8.4,4.2,5.2,5.0,4.8,1.8,1.4,11.0,16.4,2012,2,0
2,27,1,2,2,20.0,40.0,1.4,0.8,16.0,6.2,9.2,3.2,4.8,3.6,1.8,2.4,10.4,14.0,2012,2,0
12,0,2,1,4,40.0,80.0,1.0,2.6,17.8,13.8,11.6,9.2,5.8,6.8,2.2,1.2,12.8,10.2,2012,2,2
23,22,1,2,0,20.0,0.0,1.2,1.4,13.6,10.2,5.6,6.8,3.8,3.8,1.8,2.4,16.2,20.8,2012,2,0
35,9,1,2,15,40.0,40.0,2.0,1.2,15.2,15.4,9.8,8.6,6.4,5.6,1.6,0.6,14.6,13.6,2012,2,0
18,17,3,0,-3,100.0,60.0,3.0,1.2,17.2,16.0,11.8,8.2,6.0,9.8,0.6,0.4,7.6,15.6,2012,3,2
30,32,1,0,-6,80.0,60.0,2.0,1.6,19.8,11.8,12.0,6.6,7.0,4.4,0.4,1.6,11.6,13.4,2012,3,2
34,28,1,4,6,0.0,40.0,0.8,1.2,15.2,14.0,8.2,8.4,6.8,5.4,2.0,1.2,11.4,15.6,2012,3,0
11,3,1,2,-7,40.0,20.0,0.8,0.8,16.6,10.2,9.0,5.8,9.0,5.2,0.8,2.2,5.8,18.8,2012,4,0
21,19,3,0,11,40.0,100.0,1.0,2.0,15.4,12.8,8.4,8.4,7.4,5.6,1.4,0.0,12.8,11.6,2012,4,2
30,11,2,0,-2,80.0,40.0,1.6,1.0,19.4,12.0,12.2,6.4,9.0,4.8,0.2,0.8,10.8,10.4,2012,11,2
1,11,1,1,2,20.0,40.0,0.8,0.8,11.0,11.4,4.6,6.0,7.2,5.0,1.8,0.8,11.0,11.2,2012,14,1
2,12,3,1,7,20.0,0.0,1.4,0.6,15.0,11.0,9.0,6.8,4.8,4.4,1.8,1.0,10.2,18.2,2012,14,2
9,28,1,0,-8,40.0,40.0,1.6,1.6,17.6,12.4,8.6,8.2,7.6,4.4,1.4,1.4,8.8,16.6,2012,14,2
17,27,0,0,-7,40.0,60.0,1.2,1.0,19.8,6.8,10.8,3.4,10.4,4.0,0.6,2.0,6.4,15.0,2012,14,1
19,3,3,0,-13,60.0,40.0,2.6,1.0,20.6,11.0,12.4,6.6,10.4,6.8,1.0,1.8,9.4,16.8,2012,14,2
30,35,1,1,-12,80.0,0.0,1.6,0.8,18.2,7.2,11.8,4.0,8.0,2.8,0.2,2.2,12.0,17.6,2012,14,1
32,22,1,2,-7,20.0,20.0,0.8,1.6,11.0,10.4,5.4,6.0,5.6,4.2,1.4,2.4,13.8,17.6,2012,14,0
21,23,1,0,-6,40.0,20.0,1.4,1.0,14.8,9.2,7.6,4.8,6.8,5.8,1.4,1.4,11.6,15.2,2012,15,2
29,0,3,2,14,20.0,60.0,0.8,1.8,10.4,14.6,5.6,9.6,6.2,7.0,0.6,1.0,11.6,12.0,2012,15,2
34,18,0,1,13,0.0,20.0,1.0,1.0,15.6,14.6,8.4,7.0,6.8,5.2,2.4,1.2,12.0,12.6,2012,16,0
3,17,3,1,8,20.0,40.0,1.4,0.8,12.4,16.2,9.4,8.8,5.4,9.0,1.4,1.0,12.6,15.6,2012,21,2
11,2,1,1,-8,40.0,20.0,1.0,1.8,15.0,8.0,7.6,4.6,9.2,2.8,1.0,2.2,6.8,21.0,2012,21,1
12,21,5,2,-4,60.0,20.0,1.2,1.4,19.0,9.2,11.6,6.0,5.6,2.8,1.8,2.2,14.0,13.4,2012,21,2
22,9,0,0,16,40.0,60.0,1.6,1.6,12.2,15.6,7.2,9.2,4.2,5.4,1.6,0.6,14.8,13.8,2012,21,1
23,34,3,1,2,0.0,40.0,1.2,1.4,13.8,9.2,6.2,5.2,4.2,3.4,2.2,2.4,16.0,14.4,2012,21,2
27,32,1,2,2,40.0,40.0,1.8,1.2,10.8,11.8,4.8,6.0,6.6,4.2,1.4,1.6,12.0,16.8,2012,21,0
28,29,2,0,-8,40.0,20.0,1.0,0.8,14.4,6.8,8.8,3.2,4.8,2.2,0.8,1.0,11.4,14.4,2012,21,2
35,1,2,3,8,40.0,40.0,1.8,1.0,13.0,10.6,8.2,5.8,4.8,5.6,1.6,0.8,14.4,13.2,2012,21,0
0,19,1,2,3,60.0,80.0,1.4,1.8,16.6,12.6,10.0,8.4,9.8,6.2,0.4,0.6,7.6,10.0,2012,22,0
18,30,3,2,-2,100.0,60.0,3.0,2.0,15.6,15.4,11.6,9.8,6.0,7.6,0.4,1.0,9.4,13.4,2012,22,2
11,18,1,0,4,20.0,20.0,0.8,0.6,15.4,13.8,7.4,7.0,8.4,6.0,1.0,0.8,8.8,10.4,2012,31,2
19,27,2,0,-12,60.0,60.0,3.0,1.0,21.4,5.6,12.4,2.4,11.4,3.4,1.0,1.0,9.8,13.6,2012,31,2
29,9,1,1,16,40.0,40.0,1.4,1.4,10.4,17.0,5.4,9.4,6.8,6.0,0.8,0.6,11.8,12.2,2012,31,1
30,34,3,1,-11,60.0,40.0,1.2,1.4,17.6,8.4,10.6,4.6,8.2,2.4,0.4,2.4,10.4,15.0,2012,31,2
35,17,0,3,11,20.0,20.0,1.6,0.6,13.0,16.6,7.6,9.8,6.2,9.0,2.0,1.4,14.0,15.0,2012,31,0
1,23,2,2,-9,0.0,0.0,0.4,0.4,12.0,10.4,5.6,5.0,7.8,5.2,1.6,1.2,10.6,13.6,2012,1,1
2,21,0,2,3,40.0,20.0,2.0,1.6,15.4,10.2,9.6,6.4,3.8,3.0,1.8,2.6,11.2,13.0,2012,1,0
3,0,0,0,10,20.0,40.0,1.0,1.8,11.4,13.4,7.8,8.6,4.0,6.2,1.6,1.4,13.0,12.4,2012,1,1
12,32,1,1,-3,80.0,60.0,2.0,1.6,15.8,13.0,9.0,6.4,3.8,4.2,1.6,1.2,15.4,16.4,2012,1,1
28,22,3,0,-8,60.0,40.0,1.4,1.6,13.2,10.0,7.6,5.4,4.0,4.0,0.8,2.0,11.0,18.4,2012,1,2
0,2,7,1,-11,40.0,20.0,1.0,1.4,16.6,9.6,9.8,5.8,9.0,3.8,0.8,1.8,7.6,19.8,2012,4,2
18,12,3,0,-5,100.0,0.0,3.0,0.8,15.8,11.8,11.2,6.4,7.0,4.8,0.6,1.6,9.8,18.6,2012,4,2
22,3,2,0,4,40.0,40.0,1.4,0.8,11.8,11.6,7.0,6.4,4.2,6.4,1.2,2.0,14.6,17.4,2012,4,2
23,35,1,2,1,20.0,0.0,1.4,0.8,13.4,7.4,6.0,4.4,5.0,2.8,1.8,2.0,14.6,19.4,2012,4,0
27,28,0,1,3,40.0,40.0,1.6,1.6,9.4,12.4,4.0,8.4,5.8,4.4,1.2,1.4,13.2,17.8,2012,4,0
32,29,1,2,-7,0.0,20.0,0.6,0.8,11.0,7.2,5.2,3.4,6.2,2.2,1.6,1.4,13.6,12.2,2012,4,0
34,11,1,1,9,0.0,20.0,0.4,0.6,12.8,9.4,7.0,4.0,6.2,4.8,2.0,1.0,13.2,13.0,2012,4,1
9,19,3,3,1,60.0,80.0,1.6,2.0,18.2,11.8,9.6,8.0,8.0,6.8,1.0,0.8,8.8,10.6,2012,5,1
21,1,2,1,3,40.0,60.0,1.2,1.6,14.6,11.8,7.2,6.6,6.4,5.6,1.2,0.8,11.8,11.8,2012,5,2
17,30,0,0,1,40.0,40.0,1.2,1.8,18.8,16.2,9.8,9.6,10.4,8.2,0.6,1.4,5.2,10.8,2012,6,1
2,23,3,2,-3,20.0,0.0,1.2,0.6,17.2,8.4,10.2,4.8,6.0,5.0,1.8,1.2,11.0,15.2,2012,11,2
3,34,1,2,-2,20.0,20.0,1.0,1.2,12.6,9.0,8.0,5.0,4.8,2.0,1.2,2.8,12.8,15.6,2012,11,0
11,9,2,0,5,40.0,20.0,1.0,1.0,15.0,16.8,7.4,8.8,7.0,7.2,0.8,0.8,10.8,10.4,2012,11,2
12,27,2,1,-5,60.0,40.0,2.0,0.8,14.6,5.8,7.6,2.2,5.0,2.6,1.8,1.4,15.0,13.6,2012,11,2
19,17,2,1,-5,80.0,40.0,3.2,1.2,19.0,17.8,11.2,10.8,11.0,7.8,0.8,1.2,9.8,12.2,2012,11,2
28,0,1,2,6,80.0,20.0,1.8,1.0,11.8,13.4,6.6,8.0,4.0,6.4,0.4,1.4,12.0,13.8,2012,11,0
29,22,2,3,0,40.0,40.0,1.6,1.4,10.6,11.4,6.0,5.8,6.2,4.4,1.0,1.6,14.0,16.2,2012,11,0
30,21,5,0,-7,60.0,40.0,1.6,1.8,18.4,10.4,10.8,6.2,8.0,2.8,0.6,2.4,10.8,13.0,2012,11,2
1,18,0,1,6,0.0,20.0,0.8,0.4,15.2,15.8,8.0,8.6,8.6,6.8,1.8,0.8,9.0,8.8,2012,12,0
35,32,1,5,6,0.0,60.0,1.2,1.6,11.0,13.0,5.8,6.6,5.6,4.6,2.4,1.2,15.0,16.2,2012,12,0
9,3,3,0,-12,40.0,40.0,1.6,0.8,18.6,11.0,9.4,5.8,7.4,6.6,1.6,1.8,10.2,16.8,2012,25,2
18,2,3,0,-12,100.0,20.0,2.6,1.4,14.8,7.0,10.0,4.0,5.4,2.8,0.4,2.6,11.0,22.2,2012,25,2
21,35,2,2,-5,60.0,20.0,1.6,1.2,14.6,8.8,7.0,5.2,6.0,3.0,0.8,1.6,10.2,18.6,2012,25,1
23,12,0,1,10,20.0,0.0,1.4,0.6,13.2,12.0,6.8,6.8,5.8,5.2,2.0,2.0,14.4,17.8,2012,25,0
32,28,4,0,1,0.0,60.0,0.6,1.6,12.8,9.6,6.4,6.4,7.6,4.8,1.4,1.0,12.0,16.6,2012,25,2
34,1,0,0,7,0.0,60.0,0.6,1.8,11.8,12.6,6.4,7.4,6.2,5.2,1.4,1.2,11.6,13.8,2012,25,1
0,30,5,2,-1,60.0,20.0,2.2,1.2,16.6,13.4,9.6,8.0,8.6,7.0,0.8,1.2,6.2,12.0,2012,26,2
22,19,1,2,17,40.0,60.0,1.4,2.4,13.2,12.4,7.2,9.0,3.8,7.0,1.0,1.4,14.0,13.0,2012,26,0
27,29,2,0,-5,20.0,40.0,1.0,0.8,9.6,8.2,4.2,4.0,6.4,2.8,1.2,0.8,10.8,13.0,2012,26,2
2,1,1,1,6,40.0,40.0,1.6,1.4,15.2,11.2,8.4,5.8,6.4,4.6,1.8,1.0,13.4,13.2,2012,3,1
17,0,1,2,2,40.0,40.0,1.0,1.4,18.4,13.0,10.0,8.0,10.2,5.8,0.4,1.4,5.6,12.4,2012,3,0
18,3,2,0,-11,100.0,40.0,3.0,0.8,15.8,9.8,10.8,4.8,6.6,7.2,0.4,2.0,9.0,18.6,2012,3,2
23,11,1,1,11,20.0,20.0,1.4,0.8,14.4,9.6,7.8,4.6,6.0,4.6,1.8,1.0,12.0,11.0,2012,3,1
27,22,1,0,-5,20.0,60.0,1.0,1.8,9.4,13.6,4.0,7.8,6.6,6.0,1.0,1.8,10.0,13.8,2012,3,2
32,9,1,0,9,20.0,20.0,1.2,0.8,13.8,16.4,7.4,9.2,6.4,7.0,1.0,1.0,12.6,9.4,2012,3,2
34,29,0,2,-2,0.0,40.0,0.4,0.8,11.6,9.8,6.2,5.2,7.6,3.4,1.2,1.2,11.6,11.4,2012,3,0
12,35,5,0,-9,60.0,20.0,2.0,1.4,13.6,8.0,6.6,4.8,4.4,3.2,2.0,1.2,14.6,16.8,2012,4,2
21,28,1,1,2,60.0,60.0,2.0,1.6,13.8,10.0,7.4,6.4,4.8,4.8,1.2,1.6,11.0,17.0,2012,4,1
30,19,1,3,4,80.0,60.0,2.4,2.4,18.8,10.8,10.6,8.4,7.4,5.8,0.4,1.6,8.2,14.0,2012,4,0
1,12,1,0,1,0.0,20.0,0.8,0.8,13.8,11.0,7.4,6.0,8.8,5.2,1.6,1.6,8.6,18.0,2012,10,2
3,23,2,1,-4,20.0,0.0,1.0,1.0,11.8,12.2,7.2,7.0,5.0,5.2,1.2,1.6,11.4,12.4,2012,10,2
9,27,1,0,-11,40.0,20.0,1.8,0.6,21.0,6.6,11.2,2.2,9.2,2.4,1.4,1.6,10.4,13.8,2012,10,2
11,30,1,0,2,60.0,20.0,1.2,1.4,11.4,12.0,5.8,6.4,4.8,5.6,0.6,1.8,11.0,14.2,2012,10,2
28,17,1,0,4,60.0,20.0,1.6,1.0,9.0,15.8,5.2,9.6,3.6,6.4,0.6,1.6,13.4,11.2,2012,10,2
35,2,0,2,2,0.0,20.0,1.2,1.2,11.0,6.8,6.4,4.0,6.6,3.4,3.0,2.8,18.6,21.8,2012,10,0
19,32,2,0,-10,80.0,60.0,2.8,2.2,16.8,15.6,8.8,8.6,10.2,4.8,0.8,1.2,9.4,14.8,2012,11,2
22,34,1,1,2,20.0,20.0,0.8,1.2,13.8,9.6,6.4,5.4,3.2,3.0,1.0,2.8,14.0,15.6,2012,11,1
29,18,1,0,15,20.0,40.0,1.6,0.4,10.6,17.8,6.2,9.8,6.2,8.2,1.6,0.4,15.2,8.0,2012,11,2
0,21,2,1,-8,60.0,40.0,3.0,1.4,18.4,9.6,10.8,5.2,8.6,3.0,1.2,2.6,6.4,14.0,2012,12,2
17,11,3,0,-1,20.0,20.0,1.0,0.8,16.6,9.4,7.8,5.0,9.2,4.8,0.8,1.0,6.4,13.0,2012,13,2
12,29,0,3,-10,80.0,60.0,3.0,1.2,16.0,11.4,8.8,6.0,5.2,3.8,1.0,1.0,13.4,11.6,2012,17,0
34,32,1,1,5,0.0,40.0,0.4,1.6,11.4,14.0,5.8,7.6,7.8,5.6,1.6,1.2,10.4,14.6,2012,17,1
21,22,1,0,-6,60.0,60.0,1.8,1.4,14.4,11.4,7.6,6.0,6.6,5.2,0.8,1.6,9.6,12.4,2012,18,2
35,19,0,5,16,0.0,60.0,0.8,2.0,10.2,9.2,6.0,7.0,6.4,4.4,3.0,1.8,17.4,15.0,2012,18,0
2,28,2,0,5,40.0,40.0,1.6,1.2,14.8,8.0,8.8,5.0,6.2,3.4,1.6,1.4,15.2,18.4,2012,20,2
11,0,0,1,3,60.0,40.0,1.2,1.4,10.6,13.4,5.6,8.2,3.0,2.8,0.6,1.4,14.4,12.8,2012,21,0
18,9,2,1,1,100.0,20.0,2.8,0.6,16.4,15.0,9.6,8.4,7.0,7.2,0.4,1.0,10.2,10.0,2012,21,2
23,17,3,2,12,20.0,20.0,1.2,1.0,15.4,14.0,8.0,8.6,5.8,4.0,1.4,1.8,10.2,9.4,2012,21,2
30,27,1,1,-8,60.0,20.0,2.4,0.6,18.4,7.8,9.6,2.8,6.0,2.2,1.0,1.2,7.8,14.0,2012,21,1
0,1,3,0,-5,80.0,40.0,3.2,1.6,18.0,12.6,10.0,7.4,7.2,4.8,1.2,1.2,6.2,14.8,2012,24,2
3,2,2,1,-1,40.0,40.0,1.4,1.4,13.2,8.2,8.0,5.2,6.2,3.8,1.0,2.6,12.4,19.0,2012,24,2
9,30,0,0,-3,60.0,0.0,1.8,1.0,20.4,12.4,10.4,6.6,10.2,5.2,1.2,2.0,10.2,14.4,2012,24,1
17,34,1,2,-10,40.0,20.0,1.4,1.4,14.0,11.4,7.2,6.2,8.2,3.6,0.6,2.0,6.4,14.8,2012,24,0
22,35,2,1,1,20.0,20.0,1.0,1.2,14.8,8.4,6.8,4.6,3.2,4.0,0.8,2.0,13.8,17.2,2012,24,2
27,18,1,1,10,40.0,40.0,1.2,0.4,10.2,17.8,5.0,10.6,6.8,8.2,1.0,0.6,9.4,8.2,2012,24,1
28,23,3,1,-8,80.0,0.0,1.6,1.0,7.8,13.2,3.8,7.8,3.2,4.2,0.4,1.8,13.4,13.2,2012,24,2
29,11,0,2,11,40.0,0.0,1.6,0.6,10.8,7.8,6.4,4.0,6.6,4.2,1.4,1.6,16.4,14.0,2012,24,0
32,21,1,3,-1,40.0,20.0,1.4,1.2,16.2,8.2,9.0,4.4,8.2,2.8,1.0,3.0,11.6,17.4,2012,25,0
19,12,1,0,-7,80.0,20.0,2.2,0.6,17.4,10.2,8.8,5.0,9.8,5.4,0.8,1.6,8.8,17.0,2012,26,2
1,9,2,4,7,20.0,0.0,0.8,0.4,15.6,13.2,8.2,7.4,9.4,7.0,1.2,1.2,8.0,12.2,2012,31,0
11,32,2,0,-4,60.0,40.0,1.0,1.8,10.0,14.0,5.2,7.6,2.8,5.2,0.4,1.2,14.4,14.6,2012,31,2
12,22,2,1,-10,60.0,40.0,2.6,1.0,14.6,11.2,8.6,5.8,5.6,5.2,1.4,1.6,12.0,13.6,2012,31,2
18,28,3,3,-7,100.0,20.0,2.6,0.4,18.4,6.4,10.0,3.2,8.2,3.8,0.6,1.6,7.8,17.6,2012,31,1
23,0,2,1,14,40.0,60.0,1.6,1.4,15.6,12.4,7.8,7.8,6.8,3.4,1.4,1.0,11.2,10.0,2012,31,2
34,27,2,0,3,0.0,0.0,0.4,0.4,11.4,7.8,5.0,2.6,8.6,1.8,1.0,1.2,10.0,16.0,2012,31,2
35,3,2,3,3,0.0,20.0,0.6,0.4,9.8,9.8,5.6,4.8,7.2,6.2,3.6,2.2,18.8,19.8,2012,31,0
21,17,2,0,6,60.0,20.0,1.4,1.4,15.4,14.0,8.4,8.8,6.6,6.2,0.8,1.8,10.8,9.4,2012,1,2
30,29,3,1,-13,40.0,60.0,2.2,1.4,20.4,11.8,11.8,6.6,7.4,4.2,1.2,1.0,7.2,12.4,2012,1,2
2,19,0,2,14,60.0,80.0,1.8,3.0,15.2,12.4,9.2,9.4,6.0,5.0,1.2,1.2,14.0,14.4,2012,2,0
29,21,0,2,6,40.0,40.0,1.4,1.6,10.0,9.2,5.4,5.4,5.2,3.6,1.6,2.6,17.0,17.2,2012,6,0
3,12,0,3,6,60.0,20.0,1.6,0.4,13.0,9.0,7.4,4.6,7.8,5.0,1.0,1.6,12.8,17.2,2012,7,0
9,34,2,1,-14,60.0,40.0,1.6,1.4,19.2,10.6,10.4,6.0,9.6,2.6,0.6,1.8,11.6,14.8,2012,7,2
17,1,1,1,-3,20.0,20.0,1.0,1.0,13.4,10.8,7.6,6.0,8.0,5.4,0.8,1.6,6.6,15.6,2012,7,1
22,11,2,2,11,40.0,20.0,1.2,1.0,14.2,8.6,7.2,4.8,3.4,4.0,0.8,1.2,13.6,13.2,2012,7,1
27,35,2,1,-4,40.0,20.0,1.0,1.2,9.8,8.8,5.0,4.8,6.2,3.8,0.8,2.2,10.6,17.6,2012,7,2
28,30,0,0,5,80.0,0.0,2.0,0.8,9.2,13.8,4.4,6.6,4.0,5.2,0.6,1.8,10.4,13.6,2012,7,1
32,2,3,0,-4,40.0,20.0,1.6,1.0,17.0,8.2,9.8,5.0,9.8,4.0,1.4,2.6,11.0,16.2,2012,7,2
0,18,1,0,1,80.0,40.0,3.6,0.6,18.8,16.0,11.0,10.6,7.8,7.6,1.2,0.6,5.6,8.6,2012,8,2
19,23,2,0,-17,100.0,0.0,2.0,1.2,16.0,14.0,9.4,8.4,7.8,3.8,0.2,2.2,7.8,13.0,2012,8,2
1,27,1,1,-4,20.0,0.0,1.2,0.4,15.4,8.4,8.8,2.8,7.8,1.8,1.6,1.6,8.8,16.0,2012,9,1
11,28,4,0,-3,80.0,20.0,1.2,1.0,10.2,6.2,5.4,3.2,2.8,4.4,0.2,2.0,13.4,17.2,2012,9,2
12,9,1,1,6,60.0,20.0,2.0,1.2,15.4,11.8,9.0,7.4,6.4,5.6,1.2,1.6,12.2,13.0,2012,9,1
21,3,2,0,-2,60.0,20.0,1.6,0.6,15.8,11.2,9.0,5.6,6.6,5.0,0.8,2.4,9.6,20.6,2012,9,2
30,22,1,2,-13,60.0,20.0,2.6,0.8,19.0,13.0,11.8,6.6,7.2,5.6,1.2,1.8,8.4,13.2,2012,9,0
2,17,2,3,9,40.0,20.0,1.2,1.2,14.4,13.6,8.2,8.4,6.4,6.4,1.4,1.6,13.4,8.6,2012,10,0
18,32,4,0,-8,80.0,20.0,2.6,1.4,19.6,12.8,10.6,7.4,9.8,5.4,0.8,1.4,7.0,15.8,2012,11,2
23,29,3,0,0,40.0,60.0,1.4,1.6,14.4,11.8,7.8,7.2,6.2,4.8,1.4,1.2,12.0,14.0,2012,11,2
34,19,1,0,15,20.0,80.0,0.8,3.0,12.6,13.4,6.4,9.6,9.4,6.0,0.8,1.0,8.8,14.2,2012,11,2
35,0,0,3,13,0.0,60.0,0.6,1.2,10.0,12.2,5.4,7.4,7.4,4.2,3.6,0.8,20.4,10.2,2012,11,0
22,18,1,6,15,40.0,20.0,1.6,0.4,16.0,15.0,8.8,9.4,3.6,7.8,1.2,0.8,11.6,9.6,2012,14,0
28,35,0,0,-7,60.0,20.0,1.6,1.2,10.2,9.6,5.8,5.2,5.8,5.2,0.6,2.4,11.2,16.0,2012,14,1
29,2,3,0,3,20.0,20.0,0.8,0.8,12.0,8.6,7.0,5.4,4.8,3.2,1.6,3.0,15.2,15.0,2012,14,2
32,23,1,0,-7,60.0,0.0,2.0,1.2,15.6,12.8,9.4,8.0,9.4,4.4,1.0,2.4,12.8,16.0,2012,14,2
19,1,4,0,-8,100.0,0.0,1.8,0.6,17.0,9.6,10.4,5.6,7.8,5.4,0.2,1.4,7.4,17.2,2012,15,2
0,34,1,2,-12,100.0,40.0,3.6,1.4,18.8,11.4,11.2,6.6,9.2,3.0,0.8,1.6,5.2,15.4,2012,16,0
0,9,0,0,2,80.0,20.0,2.4,1.2,18.4,10.2,10.6,6.2,8.8,5.6,1.0,1.6,7.0,13.8,2012,21,1
1,28,0,0,-1,20.0,0.0,1.2,0.8,13.4,6.0,7.2,2.8,7.0,3.8,1.6,2.8,8.8,19.8,2012,21,1
2,22,2,0,-3,40.0,40.0,1.6,1.2,11.8,13.0,6.6,7.0,4.4,5.0,1.6,1.4,14.8,13.8,2012,21,2
3,29,1,1,-4,40.0,40.0,1.0,1.2,12.6,10.6,7.2,6.8,7.8,5.2,1.4,1.6,12.8,13.6,2012,21,1
12,34,2,1,-8,60.0,60.0,2.0,1.6,15.0,11.8,9.6,6.8,6.2,3.6,1.2,1.2,11.6,15.0,2012,21,2
21,27,3,0,-1,60.0,0.0,1.6,0.6,14.2,8.2,8.2,2.8,7.0,2.2,0.6,1.4,8.8,15.2,2012,21,2
23,30,1,0,13,60.0,0.0,1.8,0.4,15.0,14.4,7.8,6.8,6.0,5.2,1.0,1.2,11.0,13.4,2012,21,2
17,32,0,1,-5,20.0,20.0,1.2,1.2,15.0,10.6,7.6,5.4,8.0,4.4,1.0,2.0,7.0,16.6,2012,22,0
19,11,4,4,-6,100.0,20.0,2.2,1.2,19.6,9.0,12.2,5.0,8.2,4.2,0.2,1.4,7.8,12.6,2012,22,1
35,18,0,2,14,0.0,40.0,0.6,1.6,10.8,16.0,6.4,10.6,7.6,7.0,3.6,0.8,17.8,11.0,2012,22,0
1,3,1,2,-5,20.0,20.0,0.8,0.6,11.2,10.8,5.6,5.8,6.8,5.4,1.2,2.2,10.2,18.4,2012,24,0
11,12,4,0,-1,80.0,40.0,1.8,0.8,12.8,7.8,7.0,4.8,3.2,3.8,0.2,1.0,10.6,16.8,2012,28,2
22,17,0,3,12,20.0,20.0,1.4,1.2,14.8,12.2,8.6,8.0,3.4,6.4,2.4,2.0,14.0,9.6,2012,28,0
27,0,1,1,9,60.0,80.0,1.2,1.8,10.6,11.0,5.6,7.4,5.8,3.8,0.6,0.8,9.4,9.2,2012,28,1
28,3,2,2,-4,40.0,40.0,1.0,1.0,11.2,11.2,5.8,6.8,6.8,5.2,0.6,2.0,11.2,17.4,2012,28,1
29,35,4,4,1,40.0,0.0,1.2,0.8,13.8,9.2,7.6,5.6,6.0,5.4,1.4,2.2,12.6,16.4,2012,28,1
32,1,0,0,2,80.0,0.0,2.0,0.4,15.0,9.0,9.2,4.8,9.0,5.4,0.6,1.8,13.0,18.8,2012,28,1
34,21,4,0,4,40.0,60.0,0.8,1.6,14.4,7.2,7.8,4.4,10.0,2.4,0.6,1.6,8.8,19.0,2012,28,2
9,23,6,1,-16,60.0,0.0,1.8,0.8,18.8,15.4,10.4,8.6,9.0,5.4,0.8,2.2,12.4,14.4,2012,29,2
30,2,2,0,-10,40.0,20.0,2.2,0.6,17.6,9.4,11.0,5.2,8.2,3.6,1.4,2.2,8.8,14.2,2012,29,2
18,19,1,0,2,80.0,80.0,2.8,2.4,19.8,12.2,11.0,8.2,10.2,5.4,0.8,0.6,5.6,12.6,2012,30,2
17,12,0,1,-2,20.0,40.0,1.2,0.8,17.6,6.8,8.0,4.2,9.6,3.6,1.2,1.2,7.0,15.8,2012,1,0
27,11,1,1,6,60.0,20.0,1.4,1.8,10.0,10.8,5.2,6.2,5.2,4.0,0.6,2.0,12.0,16.2,2012,1,1
3,30,1,4,9,40.0,0.0,1.2,0.4,11.2,16.0,6.6,7.2,8.2,7.0,1.6,1.4,13.6,12.8,2012,2,0
9,21,0,2,-10,80.0,40.0,2.4,1.2,20.0,7.6,12.0,4.0,9.4,2.2,0.4,2.4,11.8,16.4,2012,2,0
0,22,3,3,-14,60.0,20.0,1.4,0.6,16.8,11.8,9.6,5.8,8.8,4.8,0.6,1.4,8.0,12.4,2012,5,1
1,30,1,1,4,20.0,20.0,1.0,0.8,12.8,17.0,5.8,8.4,7.6,7.4,1.4,0.6,9.2,11.4,2012,6,1
3,32,2,2,3,40.0,20.0,1.2,0.4,11.4,7.2,6.6,3.0,7.6,3.4,2.0,1.8,14.2,20.2,2012,6,1
12,28,2,1,-2,60.0,0.0,2.0,0.8,15.8,6.0,10.6,3.0,6.0,4.8,1.2,2.0,11.0,18.6,2012,6,2
19,29,2,0,-17,80.0,40.0,2.6,1.4,21.4,12.4,13.2,8.0,8.4,6.4,0.8,1.4,9.4,13.2,2012,6,2
21,18,0,2,9,80.0,40.0,1.8,1.8,14.8,16.0,8.8,10.4,7.2,6.2,0.2,0.8,8.8,10.6,2012,6,0
23,27,1,0,5,80.0,0.0,2.0,0.4,14.0,7.2,7.2,2.4,5.6,2.4,0.8,1.6,13.0,16.2,2012,6,2
35,11,0,0,10,0.0,20.0,0.4,1.8,10.2,11.4,5.6,6.0,6.6,3.8,3.0,2.0,16.0,13.8,2012,6,1
2,34,0,1,-1,40.0,40.0,1.4,1.4,12.2,11.6,6.8,6.6,5.2,2.2,1.2,1.4,12.2,15.4,2012,7,0
17,9,4,1,4,20.0,20.0,1.0,1.2,18.8,11.2,8.2,6.2,8.2,6.2,1.0,1.2,6.4,14.4,2012,8,2
9,2,2,1,-13,60.0,20.0,1.8,0.6,18.4,9.0,10.0,4.8,7.4,3.2,0.8,2.0,12.6,14.0,2012,13,2
11,21,3,1,-5,80.0,60.0,2.2,1.6,13.0,8.6,7.0,4.6,3.4,2.4,0.2,1.4,10.2,16.2,2012,13,2
18,23,3,2,-15,80.0,0.0,2.4,0.6,18.2,12.6,9.4,7.4,9.8,5.2,0.8,2.8,6.0,18.0,2012,13,2
22,1,2,0,9,20.0,0.0,1.2,0.4,13.2,8.6,7.8,5.2,3.6,4.6,2.6,1.8,14.8,18.6,2012,13,2
27,3,2,2,-1,40.0,40.0,1.2,1.4,10.2,12.8,5.0,8.4,4.4,4.8,0.8,1.8,12.0,14.8,2012,13,1
28,19,0,1,9,40.0,60.0,1.2,2.0,12.0,10.8,6.0,6.8,6.8,6.2,0.6,0.6,12.4,11.8,2012,13,0
29,17,1,0,12,40.0,40.0,1.6,1.6,12.6,13.4,7.4,8.6,5.2,7.2,1.6,1.6,12.0,9.0,2012,13,2
30,12,2,0,-3,40.0,40.0,1.6,0.8,17.8,6.8,10.8,4.4,8.6,3.4,1.4,1.2,7.4,16.0,2012,13,2
32,0,2,3,7,60.0,60.0,1.2,1.6,14.0,12.4,8.0,7.8,9.6,4.4,0.6,0.8,12.6,8.8,2012,13,0
34,35,3,2,-1,60.0,0.0,1.6,1.2,13.6,10.8,8.2,6.2,8.0,6.0,0.6,2.6,9.0,15.8,2012,13,2
0,28,0,0,-10,40.0,0.0,1.6,0.8,16.6,7.0,9.6,3.2,8.8,4.4,1.0,2.2,9.4,17.8,2012,18,1
12,22,5,0,-3,60.0,20.0,1.4,1.2,14.8,12.8,9.8,6.0,6.2,4.6,1.4,1.8,11.8,14.2,2012,18,2
21,30,2,1,1,80.0,20.0,1.6,1.0,12.8,17.0,8.2,8.6,3.8,9.6,0.4,0.6,11.2,10.4,2012,18,2
23,29,0,5,6,100.0,20.0,2.0,1.0,13.8,12.6,7.6,8.2,5.6,6.2,0.6,1.8,13.0,15.6,2012,18,0
32,17,3,0,2,40.0,40.0,1.4,1.6,12.6,14.4,7.4,9.4,8.6,7.8,1.2,1.6,12.4,10.4,2012,18,2
34,9,0,2,9,80.0,20.0,2.2,1.4,13.6,10.4,8.6,6.0,8.2,6.0,0.6,1.8,8.6,15.2,2012,19,0
11,19,1,0,5,80.0,60.0,2.6,1.6,14.6,13.0,8.2,7.6,4.2,7.4,0.4,0.4,8.2,9.4,2012,20,2
1,11,1,3,9,0.0,20.0,1.0,1.8,9.8,14.0,4.6,7.4,6.4,4.4,1.6,1.4,12.4,12.2,2012,25,0
9,21,2,0,1,80.0,60.0,2.8,1.6,20.4,9.8,10.2,5.0,5.2,2.4,1.4,1.6,10.2,15.4,2012,25,2
19,12,3,2,-7,80.0,40.0,2.6,0.8,22.6,7.8,15.0,5.6,10.0,3.2,0.8,1.4,10.8,15.2,2012,25,2
22,23,1,1,-5,40.0,0.0,1.4,0.8,14.8,9.8,9.0,5.8,4.8,4.0,2.4,3.0,13.0,22.8,2012,25,1
30,32,1,1,-6,60.0,20.0,1.8,0.8,17.2,9.4,10.8,5.0,9.0,3.2,0.8,1.8,8.2,18.4,2012,25,1
17,18,2,2,7,20.0,60.0,1.2,2.2,20.4,16.2,8.8,10.2,8.8,5.6,1.2,0.6,7.2,11.8,2012,26,1
27,0,0,0,11,20.0,60.0,1.4,1.8,10.4,12.8,5.2,8.0,3.8,5.4,1.2,1.0,14.6,8.8,2012,26,1
18,23,3,1,-16,80.0,0.0,2.8,0.8,20.6,9.0,13.2,5.4,11.4,4.0,1.4,2.6,5.6,22.4,2012,1,2
29,28,2,2,-2,60.0,0.0,2.2,0.8,13.6,7.2,8.8,3.6,5.4,2.8,1.2,1.8,9.6,17.4,2012,1,1
30,22,1,1,-8,60.0,20.0,1.8,1.2,16.0,11.2,9.2,5.4,7.8,4.2,0.8,2.6,8.6,13.4,2012,1,1
32,11,2,0,3,60.0,20.0,1.8,2.0,12.8,14.8,8.2,8.0,8.0,5.6,0.6,1.6,13.2,11.6,2012,1,2
34,27,2,2,1,80.0,0.0,2.0,0.4,12.0,6.8,8.2,2.2,7.0,3.2,0.8,1.6,8.0,13.2,2012,1,1
17,0,0,2,5,20.0,40.0,1.4,1.6,21.0,13.6,8.6,7.6,8.4,6.4,1.2,1.0,8.2,8.8,2012,2,0
21,1,1,1,-11,80.0,0.0,1.8,0.2,11.0,8.4,7.0,4.6,3.6,4.0,0.6,1.6,11.2,17.4,2012,2,1
1,29,2,0,5,0.0,20.0,0.8,1.4,9.4,13.0,4.2,8.4,5.4,6.4,1.4,1.8,13.8,16.8,2012,15,2
12,32,3,0,-1,80.0,20.0,2.4,0.8,14.2,9.8,10.2,5.6,6.2,3.2,0.8,1.8,10.6,18.0,2012,15,2
19,34,4,0,-13,80.0,60.0,3.0,1.4,22.8,13.0,14.0,7.2,10.2,3.0,1.2,1.0,12.6,15.6,2012,15,2
23,9,0,0,11,80.0,40.0,1.4,1.6,15.8,10.2,8.8,5.6,5.2,5.4,1.2,1.4,11.8,13.6,2012,15,1
27,18,1,1,13,20.0,60.0,1.2,2.4,9.8,15.2,5.4,9.0,2.8,5.0,1.0,0.8,14.6,12.8,2012,15,1
28,17,1,1,5,20.0,40.0,1.0,1.2,12.0,13.6,6.8,8.6,6.4,5.0,0.8,1.6,14.0,11.4,2012,15,1
11,21,2,2,2,100.0,40.0,2.8,1.0,16.4,10.0,9.2,4.6,4.6,2.2,0.2,1.8,8.2,14.8,2012,17,1
9,27,1,0,-8,80.0,0.0,2.8,0.8,18.8,8.8,9.4,3.4,4.6,3.2,1.2,1.6,9.8,12.4,2012,22,2
29,11,0,3,4,60.0,20.0,2.6,1.6,12.6,15.4,8.2,8.0,5.6,5.4,1.2,1.6,9.4,11.6,2012,22,0
34,12,1,2,6,60.0,20.0,2.0,0.6,11.2,10.2,7.0,8.0,5.8,5.2,1.2,2.4,10.0,16.2,2012,22,0
17,19,1,2,6,20.0,40.0,1.2,0.8,20.2,11.8,9.2,6.0,8.2,7.0,1.4,1.0,9.4,12.0,2012,23,0
18,0,1,1,-2,100.0,60.0,2.8,1.8,20.6,13.2,13.6,7.6,9.6,5.6,1.0,0.6,5.8,10.2,2012,23,1
21,22,1,0,-7,60.0,20.0,1.6,1.2,12.0,10.0,6.8,4.6,5.0,3.2,0.8,2.4,12.0,13.6,2012,23,2
30,23,2,1,-13,40.0,0.0,1.4,1.0,16.0,9.0,9.0,5.0,7.2,3.6,0.8,2.8,8.4,21.4,2012,23,2
0,9,1,2,-3,20.0,20.0,2.0,0.8,17.0,10.4,9.0,5.6,7.4,5.4,1.2,1.0,9.8,13.8,2012,29,0
12,18,1,2,8,80.0,60.0,2.6,2.6,16.0,16.8,11.2,10.8,6.0,4.8,0.6,0.8,9.4,11.2,2012,29,0
19,30,2,3,-2,80.0,40.0,3.4,1.8,21.4,17.0,13.2,9.0,9.0,9.6,1.2,1.2,12.4,8.0,2012,29,0
22,17,2,5,4,20.0,40.0,0.8,1.4,15.6,15.8,8.2,9.2,6.2,5.2,2.0,1.4,12.2,10.4,2012,29,0
27,29,2,0,3,0.0,20.0,1.0,1.2,7.8,12.8,4.8,8.0,3.4,6.0,1.0,1.6,15.8,17.2,2012,29,2
28,34,1,0,-2,0.0,60.0,0.6,1.2,10.2,12.0,6.0,6.6,5.8,3.4,0.8,1.4,16.0,15.2,2012,29,2
1,32,1,1,6,20.0,20.0,1.0,0.8,11.4,10.0,6.2,6.2,6.6,3.6,1.2,2.0,14.4,19.4,2012,30,1
9,22,4,1,-6,80.0,0.0,1.8,0.8,17.2,9.2,7.6,4.0,5.6,3.6,1.0,2.4,10.2,14.2,2012,6,2
18,28,3,0,-12,80.0,0.0,2.2,0.8,20.0,6.6,13.2,3.8,10.2,1.6,1.2,1.0,7.0,16.0,2012,6,2
32,23,3,2,-7,60.0,0.0,1.6,1.2,12.6,7.6,7.4,5.0,8.2,3.8,0.6,3.0,10.8,22.0,2012,6,2
34,11,2,2,8,40.0,40.0,2.0,1.4,12.6,18.0,7.2,9.8,6.0,5.6,1.6,0.8,10.8,11.2,2012,6,1
17,27,0,0,-6,20.0,0.0,1.4,0.6,17.2,10.0,8.4,4.0,6.6,3.0,1.6,1.6,9.2,14.4,2012,7,1
21,19,0,3,3,60.0,60.0,1.4,1.2,13.6,11.8,7.6,6.2,4.6,7.0,0.8,1.0,11.8,12.4,2012,7,0
30,1,2,0,-12,60.0,0.0,1.6,0.4,17.0,9.6,10.0,5.4,7.2,4.6,0.6,1.6,7.8,14.0,2012,7,2
12,1,1,0,-7,80.0,0.0,2.6,0.4,15.2,9.6,10.0,5.4,5.0,4.0,0.8,2.0,11.2,16.0,2012,20,2
19,27,4,2,-12,60.0,0.0,3.0,0.6,19.6,9.6,11.6,4.2,8.6,3.0,1.8,1.0,12.4,14.4,2012,20,2
22,0,1,0,9,20.0,60.0,1.0,1.8,14.4,13.8,8.0,7.8,6.6,7.6,1.8,0.8,9.8,11.4,2012,20,2
29,34,2,1,-4,40.0,40.0,1.6,0.8,16.0,11.2,10.4,5.8,7.6,3.0,1.4,1.4,12.6,13.8,2012,20,2
30,9,2,4,-2,60.0,40.0,1.6,1.0,17.8,10.0,10.4,5.8,7.6,4.2,0.6,1.0,9.4,14.4,2012,20,0
32,18,1,2,9,80.0,60.0,2.2,1.8,12.6,16.6,7.6,9.8,6.6,4.6,1.0,0.8,11.8,9.4,2012,20,0
23,11,1,1,10,40.0,40.0,0.6,1.6,15.2,19.0,8.6,11.2,4.4,5.6,1.4,1.0,13.4,11.2,2012,21,1
28,21,1,1,8,20.0,20.0,0.8,1.4,10.0,10.6,5.4,5.2,5.2,3.2,0.8,1.8,14.6,15.2,2012,21,1
0,23,1,0,-14,20.0,0.0,2.0,1.4,16.2,8.0,8.4,4.8,6.8,3.8,1.2,2.4,9.4,19.6,2012,27,2
1,22,1,1,4,20.0,0.0,1.2,1.0,12.8,8.2,6.4,3.8,7.2,2.6,1.4,2.8,15.2,16.4,2012,27,1
18,29,1,0,-10,80.0,20.0,2.6,1.2,22.8,12.6,15.4,6.8,11.6,5.8,1.2,1.4,7.8,16.0,2012,27,2
27,28,0,0,1,20.0,0.0,1.2,0.8,8.6,6.2,5.0,4.0,4.2,1.4,0.8,1.6,14.0,18.8,2012,27,1
9,19,2,3,4,100.0,80.0,2.6,1.8,17.8,13.4,9.0,7.6,6.8,6.6,0.8,0.8,9.2,12.6,2012,28,0
11,17,2,2,-1,80.0,40.0,2.6,1.8,15.6,14.6,8.8,8.0,5.2,5.4,0.8,1.4,9.6,10.4,2012,28,1
21,32,2,1,-5,40.0,20.0,0.8,1.0,13.0,12.0,6.0,7.4,5.4,4.0,1.4,1.4,12.8,19.8,2012,28,2
12,11,2,2,2,80.0,40.0,2.4,1.8,15.6,17.4,9.8,10.0,5.4,5.0,0.6,1.2,11.2,12.6,2012,3,1
19,0,2,1,-1,80.0,40.0,3.0,1.2,18.2,14.0,11.0,7.6,8.2,8.6,1.4,0.6,10.6,10.4,2012,3,2
22,27,1,0,-2,40.0,0.0,1.2,1.0,14.2,9.6,8.0,5.2,6.0,3.0,1.2,1.6,9.4,12.8,2012,3,2
28,1,0,1,-3,20.0,0.0,1.0,0.4,10.2,9.6,5.4,5.2,5.2,3.6,1.0,1.8,14.2,15.2,2012,3,0
29,9,1,1,5,40.0,60.0,1.8,1.8,17.0,9.6,11.0,5.8,8.2,3.6,1.6,1.4,11.8,16.4,2012,3,1
30,34,0,1,-11,40.0,40.0,1.6,0.8,19.4,11.4,11.8,6.2,7.2,3.4,1.4,1.4,9.6,14.4,2012,3,0
33,18,0,0,17,60.0,60.0,2.0,1.8,12.2,17.4,7.6,10.6,6.4,5.6,1.0,1.0,11.8,11.2,2012,3,1
17,21,1,1,3,20.0,0.0,0.8,1.2,16.8,10.2,8.4,5.4,6.4,3.2,1.2,2.0,8.6,15.0,2012,4,1
0,12,3,3,-6,40.0,20.0,2.2,1.8,17.8,14.0,9.0,9.2,6.4,7.4,1.2,2.4,7.6,16.6,2012,10,1
1,19,2,3,14,20.0,80.0,1.2,2.2,10.8,13.0,6.2,7.2,6.0,6.0,1.2,1.2,15.6,14.2,2012,10,0
11,28,2,1,-6,60.0,0.0,2.2,0.6,16.8,5.0,9.0,3.2,6.4,1.6,1.2,1.2,10.8,17.0,2012,10,2
26,29,1,1,7,20.0,20.0,1.8,1.0,13.0,10.4,6.6,5.4,5.0,3.8,2.0,1.4,12.6,16.6,2012,10,1
27,23,1,0,-3,20.0,0.0,1.0,1.0,8.8,8.2,5.2,4.8,4.8,4.2,0.6,2.0,13.0,16.8,2012,10,2
34,32,1,2,5,20.0,0.0,1.4,1.0,13.2,11.8,7.4,7.4,6.0,4.2,1.8,1.8,12.8,16.2,2012,10,0
9,17,1,1,-2,80.0,20.0,2.6,1.6,17.0,14.0,10.0,7.2,6.8,5.0,1.2,1.8,10.6,12.2,2012,11,1
18,30,2,1,-3,80.0,60.0,2.2,2.0,17.8,15.2,11.6,7.4,8.4,7.2,0.8,1.4,9.0,8.0,2012,11,2
0,30,5,2,-1,40.0,60.0,2.2,2.0,16.8,12.2,8.2,5.8,6.8,3.8,1.2,1.6,7.0,10.4,2012,17,2
17,34,3,0,-7,20.0,40.0,0.6,0.8,17.8,9.0,9.2,5.2,8.4,2.8,1.0,1.4,8.4,14.6,2012,17,2
18,1,5,0,-15,80.0,20.0,2.0,0.6,17.0,9.4,10.2,5.2,8.6,4.2,0.6,1.6,8.4,15.8,2012,17,2
21,29,1,2,-6,40.0,20.0,0.8,1.2,13.8,8.8,6.4,4.2,7.8,4.4,1.2,1.2,10.2,13.6,2012,17,0
22,19,1,0,10,40.0,100.0,1.0,2.8,12.4,13.8,7.2,7.2,6.0,5.6,1.2,1.4,9.2,13.0,2012,17,2
23,26,1,3,-1,0.0,0.0,0.6,1.0,16.0,9.2,8.8,4.2,4.8,3.6,1.8,3.6,14.0,16.4,2012,17,0
24,11,2,1,11,0.0,20.0,1.4,1.6,9.8,18.8,4.8,10.8,6.6,5.0,1.8,1.4,12.4,12.8,2012,17,2
32,9,2,1,4,80.0,60.0,1.8,1.8,13.6,10.0,6.8,6.2,6.2,4.0,0.8,0.8,12.6,13.6,2012,17,2
12,28,1,3,-4,60.0,0.0,2.4,0.8,13.2,5.6,7.8,3.6,4.8,2.0,0.8,1.6,14.0,17.4,2012,18,0
33,27,1,1,4,40.0,0.0,1.8,0.8,11.8,10.0,7.0,5.2,5.8,2.6,1.0,1.6,13.4,13.4,2012,19,1
1,0,0,0,13,20.0,40.0,1.4,1.4,12.0,12.2,7.2,7.0,6.2,6.6,1.6,1.0,14.6,11.2,2012,24,1
11,22,1,1,-5,60.0,0.0,2.0,0.6,16.6,9.8,8.8,4.0,6.8,4.0,1.2,1.4,9.8,13.0,2012,24,1
19,23,3,1,-15,80.0,0.0,3.0,0.8,15.2,10.4,8.8,5.6,6.2,4.8,1.6,2.0,9.4,16.2,2012,24,2
27,12,1,0,5,40.0,20.0,0.8,2.0,8.4,13.0,4.6,8.0,4.8,7.0,0.2,2.4,12.4,15.6,2012,24,2
28,32,2,4,3,20.0,20.0,0.6,1.0,10.0,9.8,4.4,5.6,5.0,5.0,0.8,1.6,12.8,16.8,2012,24,0
34,24,3,2,-3,20.0,0.0,1.6,1.0,13.6,9.8,7.8,5.0,5.6,4.4,1.8,1.8,13.2,20.6,2012,24,2
9,18,0,0,5,60.0,40.0,2.0,1.4,14.8,17.2,8.4,9.8,7.4,5.8,1.0,1.0,11.0,9.6,2012,25,1
26,21,2,0,13,20.0,0.0,2.0,1.2,12.4,10.0,5.8,5.0,5.0,3.2,1.8,1.6,11.2,15.6,2012,25,2
29,17,0,0,3,20.0,20.0,1.4,1.8,16.8,13.0,11.0,6.4,8.8,5.4,1.8,1.8,12.6,12.0,2012,25,1
30,33,3,1,-14,40.0,40.0,1.4,0.8,18.4,11.6,11.8,7.2,7.6,6.4,1.4,1.2,9.0,14.8,2012,25,2
1,24,1,0,-2,20.0,0.0,1.2,1.0,12.6,11.6,8.2,6.0,7.4,4.4,1.0,1.6,13.4,19.8,2012,27,2
28,23,0,0,-4,20.0,0.0,1.0,0.8,12.6,10.6,5.8,5.8,6.2,5.6,1.4,2.0,11.6,15.4,2012,27,1
9,12,0,0,-3,40.0,20.0,1.6,2.0,13.6,11.8,7.4,6.4,8.2,6.2,1.0,2.0,11.0,14.6,2012,28,1
11,0,1,1,4,40.0,20.0,2.0,1.0,16.2,12.6,9.2,6.8,6.4,7.4,1.4,1.0,9.0,9.8,2012,28,1
19,33,1,0,-16,80.0,40.0,3.0,1.0,14.2,12.2,8.6,7.2,6.4,6.0,1.4,1.2,8.6,17.8,2012,28,2
26,22,1,1,6,40.0,0.0,2.0,0.6,12.8,9.4,6.2,4.0,5.0,4.0,1.2,1.4,9.2,12.8,2012,28,1
27,21,2,1,9,60.0,0.0,1.0,1.2,9.4,9.4,4.4,4.6,6.2,3.2,0.2,1.6,10.8,16.8,2012,28,2
29,32,3,1,1,20.0,40.0,1.0,1.6,17.4,10.0,10.6,5.8,8.6,4.4,1.4,1.8,16.0,17.0,2012,28,2
30,17,2,1,-4,60.0,20.0,1.8,1.8,20.4,14.4,12.6,7.8,7.6,6.0,1.4,1.2,9.0,12.4,2012,28,2
34,18,0,2,14,40.0,40.0,1.8,1.0,15.6,17.2,9.0,10.2,7.0,7.2,1.8,0.6,13.2,7.6,2012,28,0
0,29,0,2,-8,60.0,20.0,3.2,0.6,16.6,9.4,9.4,4.4,6.6,4.6,1.6,1.4,7.6,15.0,2012,1,0
12,30,0,3,5,40.0,60.0,1.6,2.2,14.6,11.0,8.6,5.4,4.4,4.0,1.4,2.2,15.6,11.8,2012,1,0
17,26,1,0,-10,40.0,20.0,1.2,1.2,18.8,11.6,9.8,6.0,8.4,5.6,0.6,3.2,8.0,15.0,2012,1,2
18,11,1,1,-6,80.0,20.0,2.4,1.8,17.4,20.6,9.4,12.0,8.8,7.0,0.4,1.4,8.6,12.4,2012,1,1
23,1,1,1,1,0.0,20.0,0.8,0.4,14.6,8.8,8.0,5.0,4.6,3.8,1.4,2.4,15.8,16.8,2012,1,1
24,19,3,4,16,20.0,80.0,1.6,2.2,10.4,12.6,5.0,7.2,7.2,6.6,1.8,1.2,15.4,12.0,2012,1,0
32,27,0,1,-4,80.0,0.0,1.8,0.6,12.4,9.2,6.4,4.8,5.0,3.2,1.0,1.4,14.0,14.8,2012,1,0
33,9,3,1,12,20.0,40.0,1.4,1.6,11.6,12.8,6.8,8.0,7.0,6.2,1.2,1.2,13.0,12.8,2012,1,2
22,28,2,1,-1,60.0,20.0,1.0,1.0,11.8,7.2,7.4,4.8,4.8,2.8,1.0,1.4,10.4,18.2,2012,2,2
21,34,3,0,-10,40.0,20.0,0.8,0.4,16.0,8.4,7.2,4.2,6.8,3.2,1.4,2.0,10.6,16.2,2012,3,2
0,32,2,0,-7,40.0,40.0,2.0,1.8,14.6,9.2,8.6,4.6,6.6,4.0,1.8,1.8,8.2,15.0,2012,8,2
1,27,0,0,2,20.0,20.0,1.0,0.8,12.2,7.8,7.0,4.4,6.8,3.6,1.0,1.2,13.6,14.2,2012,8,1
26,24,1,0,0,20.0,0.0,1.4,1.0,12.0,12.2,5.8,7.0,5.4,4.8,1.2,1.6,9.4,21.0,2012,8,2
28,9,1,3,7,20.0,40.0,0.8,1.8,14.0,13.4,6.6,8.0,6.8,6.4,1.2,1.8,10.2,14.0,2012,8,0
29,22,3,4,-1,40.0,0.0,1.6,0.8,16.4,9.6,10.0,4.4,8.0,4.4,1.0,1.4,11.2,11.2,2012,8,0
34,23,2,2,-2,40.0,0.0,1.6,0.6,13.8,11.4,8.0,6.4,6.6,5.4,1.8,1.6,13.8,14.4,2012,8,1
11,30,2,1,3,40.0,60.0,1.8,2.2,15.6,8.6,9.2,4.4,7.0,3.4,1.2,2.0,9.2,12.6,2012,9,2
18,19,2,3,-1,80.0,80.0,2.4,2.6,16.4,13.0,8.6,7.4,8.0,6.2,0.4,1.6,8.2,11.4,2012,9,0
33,17,2,3,10,40.0,20.0,1.8,1.8,10.8,13.2,7.2,7.8,7.8,7.0,1.2,1.4,15.4,14.0,2012,9,0
12,21,2,1,4,20.0,0.0,1.0,1.0,11.6,8.6,6.2,4.4,3.8,3.0,2.0,1.6,15.6,15.6,2012,10,2
28,24,3,0,-5,0.0,0.0,0.8,0.6,14.6,11.8,7.4,6.2,7.4,5.0,1.8,1.4,10.8,19.6,2012,11,2
17,1,1,3,-8,60.0,20.0,1.2,0.4,21.0,8.6,10.4,5.2,9.0,3.8,0.2,1.8,8.0,17.8,2012,15,0
19,28,3,1,-11,80.0,20.0,2.4,1.0,15.4,9.6,9.2,5.6,6.4,3.8,1.4,1.6,8.8,15.6,2012,15,2
21,18,1,3,4,40.0,60.0,1.2,1.2,16.0,17.2,7.2,9.2,6.8,7.4,1.4,0.4,10.8,8.6,2012,15,0
22,34,2,1,-3,80.0,20.0,1.4,0.4,9.2,8.6,5.6,4.2,3.6,3.0,1.2,1.8,11.8,16.0,2012,15,2
23,12,2,1,8,0.0,0.0,1.0,1.6,16.0,11.0,9.2,6.0,6.4,5.2,1.6,1.8,14.6,14.4,2012,15,2
27,11,1,1,7,80.0,0.0,1.2,1.4,10.8,16.2,4.8,9.2,6.4,6.8,0.2,1.6,9.2,10.6,2012,15,1
30,29,1,0,-7,60.0,40.0,1.8,1.0,19.6,9.8,11.2,5.4,5.8,4.6,1.4,1.0,10.0,13.6,2012,16,2
32,33,0,0,-8,60.0,40.0,1.6,1.0,13.4,12.2,7.8,7.0,4.2,6.0,1.2,1.4,13.6,18.4,2012,16,1
24,0,2,5,15,20.0,20.0,2.0,1.0,11.6,13.0,6.0,7.8,7.0,7.8,2.0,1.0,13.0,9.8,2012,17,0
17,12,4,0,-1,60.0,0.0,1.4,1.4,23.0,9.4,12.8,5.6,9.4,4.2,0.8,1.8,8.8,15.6,2012,22,2
18,24,1,0,-17,60.0,0.0,2.2,0.6,14.4,12.6,7.6,6.2,6.6,5.6,1.0,1.8,8.2,18.2,2012,22,2
21,23,1,0,-12,40.0,0.0,1.4,0.6,16.8,10.4,8.2,6.0,7.6,5.2,1.4,1.4,11.6,14.6,2012,22,2
26,28,0,1,5,40.0,20.0,1.2,1.2,13.0,10.6,6.4,6.4,5.2,4.8,0.8,1.6,7.8,13.4,2012,22,0
30,27,0,0,-10,60.0,20.0,1.6,0.8,19.8,7.0,12.4,3.8,6.0,3.0,1.4,1.2,9.2,12.8,2012,22,1
32,22,2,1,-2,40.0,20.0,1.0,1.4,14.6,10.2,8.2,5.2,5.4,4.4,0.8,1.2,13.0,11.4,2012,22,2
33,11,1,2,11,40.0,0.0,2.0,1.2,11.2,14.8,7.8,8.0,7.4,7.2,1.2,1.4,14.6,11.4,2012,22,0
34,0,0,1,12,40.0,20.0,1.6,1.4,14.6,14.0,8.6,8.4,7.4,6.0,1.8,1.2,12.2,9.8,2012,22,0
9,1,8,0,-10,20.0,40.0,1.4,1.0,13.6,8.8,8.2,5.4,7.6,4.2,1.0,1.6,10.0,18.4,2012,23,2
29,19,1,1,9,40.0,80.0,1.8,2.6,15.6,12.2,8.8,6.2,7.0,5.4,1.4,2.0,11.6,12.0,2012,23,1
1,30,0,4,12,20.0,40.0,0.8,1.8,10.2,8.2,6.4,4.4,5.2,3.2,0.8,2.0,11.0,13.0,2012,26,0
11,34,2,1,-8,40.0,20.0,1.6,0.6,15.6,9.4,9.6,4.8,5.8,3.4,1.2,2.0,9.2,17.0,2012,26,2
12,26,1,1,-9,40.0,20.0,1.2,1.0,13.4,11.4,7.0,6.0,4.4,5.8,1.8,2.2,15.4,15.8,2012,26,1
19,21,4,3,-3,100.0,0.0,2.6,0.8,15.4,11.0,8.8,6.4,6.4,3.2,1.0,1.6,9.4,16.0,2012,26,2
22,9,0,1,6,100.0,40.0,1.4,2.0,10.4,13.6,6.2,8.0,4.0,5.6,0.4,1.8,12.2,14.0,2012,26,0
23,32,1,2,7,20.0,40.0,1.2,1.6,17.2,7.8,9.2,3.6,6.2,4.0,1.4,2.0,12.4,14.4,2012,26,0
24,29,0,0,7,20.0,40.0,2.0,1.0,10.2,9.0,5.6,5.4,6.4,3.6,2.6,0.8,16.4,16.4,2012,26,1
27,17,3,1,6,60.0,20.0,1.0,1.4,11.6,14.4,5.4,8.2,6.0,7.0,0.4,1.4,9.4,13.8,2012,26,2
28,18,1,0,12,20.0,60.0,1.2,1.4,14.6,16.2,8.4,8.8,7.0,8.0,1.6,0.4,11.2,10.6,2012,26,2
0,21,7,3,-2,60.0,0.0,2.2,1.2,15.0,12.2,9.0,7.2,6.8,2.8,1.4,2.2,7.6,16.0,2012,29,2
1,34,0,3,1,20.0,20.0,0.6,0.6,9.6,9.4,5.6,4.6,5.0,3.4,1.4,2.0,12.2,16.8,2012,29,0
12,29,1,2,-2,20.0,40.0,1.2,1.0,12.0,9.2,5.8,5.2,3.8,4.4,2.0,0.6,15.0,15.0,2012,29,0
19,32,2,0,-8,100.0,60.0,2.6,1.8,16.0,8.6,9.2,4.0,6.2,5.0,1.2,1.8,11.0,16.0,2012,29,2
22,18,3,4,11,80.0,40.0,1.2,1.0,10.6,15.8,6.4,8.6,4.6,7.6,0.6,0.4,13.6,9.8,2012,29,0
24,33,1,0,0,20.0,20.0,1.4,0.6,7.8,10.8,4.2,5.4,6.4,3.8,2.0,1.2,15.2,19.6,2012,29,2
27,26,3,3,-4,80.0,20.0,1.6,1.0,10.8,11.2,5.4,6.2,5.8,6.2,0.6,1.8,10.6,14.4,2012,29,1
28,30,1,2,9,40.0,40.0,1.4,2.2,14.8,10.0,9.4,6.8,6.4,5.8,1.4,1.8,13.2,11.6,2012,29,0
11,9,1,2,1,60.0,40.0,1.6,1.4,15.6,15.4,9.8,8.8,6.2,6.2,1.0,1.4,8.8,11.0,2012,30,0
23,17,0,3,9,20.0,20.0,1.2,1.2,18.0,14.4,9.6,8.4,8.0,7.6,1.6,1.6,12.8,11.8,2012,30,0
18,27,3,0,-13,60.0,20.0,2.2,0.4,15.8,6.2,8.6,3.0,8.4,3.2,1.0,0.4,7.6,14.4,2013,1,2
26,0,1,1,15,40.0,40.0,1.0,1.6,13.4,13.4,6.6,8.6,6.4,4.8,0.6,1.0,7.6,11.0,2013,1,1
29,1,2,2,-5,20.0,40.0,1.6,1.0,14.8,8.4,8.6,5.4,5.8,4.2,1.4,3.0,13.4,19.8,2013,1,1
30,24,3,1,-14,60.0,0.0,1.2,0.4,19.4,10.2,12.0,4.8,6.8,4.6,0.6,1.8,7.8,17.0,2013,1,2
32,12,1,2,1,60.0,0.0,1.2,0.8,13.8,7.6,8.2,5.2,5.4,3.0,0.6,2.0,10.8,17.0,2013,1,0
33,22,2,1,6,20.0,20.0,1.4,1.4,10.6,9.4,7.2,4.8,6.8,3.8,1.4,1.4,15.4,12.4,2013,1,2
34,19,0,4,13,20.0,60.0,1.2,2.2,13.8,13.0,7.0,8.0,7.0,5.4,1.8,1.8,11.2,12.0,2013,1,0
9,23,0,1,-11,20.0,0.0,2.2,0.6,14.4,10.6,9.2,6.2,7.2,5.4,0.8,1.4,10.0,14.0,2013,2,0
17,28,3,0,-5,60.0,40.0,2.0,1.4,22.8,11.4,12.6,7.0,9.8,5.2,0.8,1.6,8.6,13.8,2013,2,2
21,11,1,2,-2,40.0,20.0,1.2,1.4,18.4,15.8,8.6,8.8,8.4,7.4,1.2,1.4,11.0,9.8,2013,2,0
1,26,0,1,-2,20.0,20.0,0.2,1.4,9.8,10.6,5.0,6.8,4.8,6.4,1.4,1.6,10.8,14.6,2013,12,0
11,29,0,0,-4,40.0,60.0,1.4,1.2,14.8,10.2,9.0,6.4,6.4,4.8,1.2,0.6,10.6,17.2,2013,12,1
12,34,1,1,-6,20.0,20.0,1.0,1.0,14.8,9.8,7.4,5.0,4.6,3.4,2.0,2.0,11.8,16.4,2013,12,1
22,21,0,0,7,60.0,0.0,1.6,1.6,10.8,12.2,6.4,8.2,3.6,3.4,1.4,3.4,14.6,15.2,2013,12,1
23,30,0,0,13,20.0,60.0,1.0,2.4,16.2,12.4,8.6,9.2,6.6,7.0,2.0,1.6,12.4,10.2,2013,12,1
24,32,3,2,8,40.0,40.0,1.6,1.4,7.0,9.8,4.0,5.0,4.8,4.6,2.0,2.0,15.4,16.6,2013,12,2
27,9,0,4,8,60.0,60.0,2.0,1.6,10.8,16.2,6.0,9.4,6.2,6.4,1.2,1.4,8.8,11.6,2013,12,0
28,33,3,0,-5,40.0,20.0,1.2,0.4,12.8,10.0,8.2,3.8,5.6,3.0,1.0,1.0,14.6,16.8,2013,12,2
0,18,0,2,2,60.0,60.0,3.4,1.8,14.0,14.8,9.2,8.8,6.8,8.0,2.0,1.0,8.8,11.2,2013,13,0
19,17,2,1,-6,100.0,40.0,2.6,1.6,17.2,15.8,10.6,9.6,6.8,8.0,1.0,1.4,12.2,12.2,2013,13,2
9,26,2,2,-12,20.0,40.0,1.8,1.6,16.2,11.0,9.2,6.6,8.4,6.2,0.4,1.2,8.6,14.6,2013,16,1
17,22,5,0,-4,80.0,20.0,2.4,1.6,24.2,9.2,13.4,4.8,8.8,3.8,0.6,1.8,7.8,13.8,2013,19,2
18,12,2,0,-8,60.0,20.0,2.4,0.6,16.0,7.8,8.8,5.2,8.2,2.8,0.8,1.6,7.2,17.4,2013,19,2
21,24,1,2,-13,40.0,0.0,1.4,0.2,18.4,8.4,9.0,3.6,7.0,4.2,1.4,1.8,10.4,19.2,2013,19,0
29,27,3,1,-3,20.0,20.0,1.8,0.4,17.6,5.4,9.8,3.0,4.8,3.4,1.6,0.8,12.8,15.4,2013,19,2
32,1,2,2,-6,40.0,20.0,1.0,1.2,14.0,8.2,9.0,5.4,5.8,3.2,1.0,3.4,11.0,22.2,2013,19,1
33,23,1,1,1,40.0,20.0,1.8,0.8,12.2,8.8,8.6,5.6,8.4,4.8,1.6,1.2,13.6,16.6,2013,19,1
34,28,2,3,2,20.0,40.0,1.0,1.2,12.4,11.4,6.4,7.2,6.2,5.8,2.2,1.8,12.6,16.0,2013,19,0
9,0,2,1,3,20.0,40.0,2.0,1.6,17.6,13.2,10.6,8.8,8.4,5.2,0.6,0.8,8.2,10.6,2013,20,2
30,19,1,1,2,80.0,60.0,1.8,2.4,22.8,12.6,14.0,8.4,7.4,5.4,0.6,1.4,7.8,11.4,2013,20,1
26,11,0,0,11,40.0,40.0,1.0,1.4,13.0,12.0,6.8,7.0,5.0,6.8,0.6,1.2,7.8,11.0,2013,21,1
0,33,5,1,-15,60.0,0.0,2.8,0.2,12.8,9.8,8.2,3.6,5.6,3.4,1.8,1.6,10.2,17.6,2013,23,2
1,21,1,2,11,20.0,0.0,0.2,1.6,11.0,12.4,5.4,8.4,5.2,3.6,1.6,3.0,10.4,14.2,2013,29,0
23,18,0,0,16,20.0,80.0,0.8,2.2,14.4,15.8,7.4,9.2,6.2,7.2,1.4,1.0,11.4,12.0,2013,29,1
27,34,2,2,-1,40.0,20.0,1.8,1.2,10.6,11.0,6.4,5.6,6.0,4.0,2.0,1.6,9.4,14.8,2013,29,1
28,29,0,0,2,60.0,40.0,1.8,0.8,13.8,8.0,9.4,5.0,5.4,4.2,1.0,0.4,13.8,15.0,2013,29,1
0,17,2,2,-5,60.0,40.0,2.8,1.8,14.8,14.0,9.6,7.8,7.0,7.0,1.6,1.8,10.4,11.8,2013,30,1
11,32,2,1,-3,40.0,20.0,1.2,1.0,15.2,9.8,8.8,5.0,7.0,5.0,1.0,2.2,9.8,14.2,2013,30,2
12,33,3,1,-9,20.0,0.0,1.0,0.2,14.0,9.2,5.8,3.4,5.0,4.0,1.6,2.0,12.4,17.2,2013,30,2
19,26,2,1,-16,100.0,20.0,2.4,1.4,17.2,8.2,10.6,4.2,5.6,4.2,1.0,1.4,12.6,15.8,2013,30,2
22,30,1,1,8,40.0,60.0,1.4,2.0,11.2,14.4,6.0,10.0,4.6,7.0,1.4,0.6,14.0,8.4,2013,30,1
24,9,2,2,12,40.0,80.0,1.8,2.2,6.0,14.6,4.6,8.8,5.0,5.4,2.2,1.0,13.4,12.2,2013,30,1
0,27,1,0,-11,60.0,20.0,3.2,0.4,15.6,4.4,9.2,2.2,7.0,3.8,1.6,1.2,10.0,14.6,2013,2,2
11,1,3,3,-9,60.0,20.0,1.4,1.6,14.6,8.4,7.6,5.2,6.8,4.0,1.0,2.8,8.8,23.0,2013,2,1
12,19,0,1,7,40.0,60.0,1.6,2.6,15.0,11.4,6.6,7.4,5.0,3.8,1.2,1.4,12.0,14.0,2013,2,0
21,9,3,2,-1,40.0,80.0,1.4,2.4,16.0,14.2,9.0,8.0,7.2,5.6,1.4,0.8,8.6,10.0,2013,2,2
23,22,0,0,5,20.0,20.0,0.6,1.4,12.0,8.6,5.6,4.6,4.4,4.2,1.2,2.6,13.0,14.4,2013,2,1
24,28,2,1,5,40.0,40.0,1.6,1.2,5.0,11.0,3.6,6.4,3.8,5.0,1.8,2.0,14.2,16.4,2013,2,2
33,29,1,0,7,40.0,20.0,1.8,0.4,13.4,9.2,9.0,4.6,8.4,4.0,1.6,0.4,13.0,13.8,2013,2,2
34,26,2,2,-3,0.0,20.0,0.8,1.6,12.6,10.8,6.4,5.4,6.2,5.0,2.4,1.6,11.4,13.2,2013,2,1
18,17,2,2,-7,60.0,40.0,1.8,2.0,15.8,13.2,9.4,7.0,6.6,5.8,0.8,1.8,5.8,11.8,2013,3,1
32,30,0,1,6,20.0,40.0,1.0,1.6,17.4,14.8,9.6,10.2,7.4,8.0,1.2,0.8,9.4,8.4,2013,3,0
9,34,4,1,-9,40.0,20.0,2.4,1.6,19.2,11.4,12.0,6.0,7.8,3.4,0.8,1.4,8.4,13.4,2013,9,2
22,12,0,0,3,20.0,20.0,1.2,0.6,11.4,6.8,5.8,4.2,4.8,2.8,1.4,1.8,13.2,19.0,2013,9,1
26,18,3,1,17,20.0,60.0,0.6,1.8,12.4,15.8,7.0,9.4,6.2,8.0,0.6,1.0,8.2,11.2,2013,9,2
27,24,2,1,-4,20.0,20.0,1.8,0.6,10.2,7.4,6.2,2.8,4.6,4.0,2.2,1.8,10.2,19.2,2013,9,2
28,0,0,1,10,60.0,40.0,1.6,1.8,11.8,13.0,7.8,9.2,3.8,5.8,0.4,1.2,15.2,11.2,2013,9,0
29,23,4,1,-6,40.0,20.0,2.4,0.8,16.6,8.6,9.4,5.6,4.8,3.8,1.8,0.8,10.0,18.0,2013,9,2
30,21,2,1,-1,60.0,20.0,1.4,1.8,22.4,13.0,15.0,8.6,8.4,4.0,0.6,2.8,7.0,14.0,2013,9,2
1,33,2,1,-2,0.0,0.0,0.2,0.4,10.0,9.0,4.8,3.6,4.2,4.6,2.0,2.4,10.2,15.2,2013,10,2
19,11,2,0,-5,100.0,40.0,2.6,1.2,14.8,9.8,9.4,6.2,5.4,5.4,1.2,0.8,15.0,11.4,2013,10,2
17,32,0,2,-2,80.0,20.0,2.8,1.0,23.2,10.0,13.2,5.4,8.8,5.0,0.6,2.0,7.0,13.8,2013,11,0
17,29,5,0,-3,60.0,20.0,2.6,0.4,23.0,10.6,13.8,6.0,9.4,4.0,1.0,0.4,6.2,12.6,2013,17,2
0,1,2,1,-13,60.0,20.0,3.0,2.0,15.4,8.6,9.6,5.4,7.8,3.6,1.6,3.2,9.8,24.0,2013,23,2
12,27,1,0,-5,20.0,0.0,1.2,0.2,14.8,4.4,6.8,1.8,5.0,3.0,1.2,1.4,10.6,14.8,2013,23,2
22,11,2,1,5,0.0,40.0,0.8,1.0,11.2,10.0,5.4,6.8,4.0,6.2,1.2,1.0,12.2,11.6,2013,23,2
23,19,0,2,15,0.0,60.0,0.2,2.0,11.2,12.0,5.2,8.0,5.8,5.2,1.0,0.8,14.6,15.0,2013,23,0
24,34,0,3,3,60.0,20.0,1.6,1.6,5.4,11.6,3.6,6.8,4.4,4.0,1.0,1.8,11.2,15.2,2013,23,0
32,28,2,1,-3,20.0,40.0,1.0,1.2,15.4,9.8,8.0,6.4,6.8,5.4,1.2,2.0,12.4,16.8,2013,23,2
18,9,2,0,-5,60.0,60.0,2.0,2.2,15.8,14.4,9.2,8.2,7.4,6.2,1.0,1.2,8.4,11.0,2013,24,2
21,26,4,2,-13,40.0,20.0,1.4,1.8,16.6,12.4,10.0,6.2,7.4,5.0,1.8,1.8,9.2,12.2,2013,24,2
33,30,2,3,14,40.0,60.0,1.4,1.6,13.8,17.4,8.2,11.6,6.6,10.6,1.4,0.4,12.0,5.8,2013,25,0
9,32,1,0,-4,60.0,40.0,3.2,1.4,20.8,9.4,12.8,5.6,7.8,5.2,1.0,1.6,9.4,15.2,2013,2,2
11,24,3,1,-11,40.0,20.0,1.6,0.8,15.6,7.2,8.0,3.2,9.0,3.8,1.4,2.0,8.8,18.2,2013,2,2
19,22,4,0,-10,100.0,20.0,2.4,1.2,13.8,9.6,9.4,5.4,5.0,4.4,1.0,2.4,14.2,15.8,2013,2,2
26,23,1,2,1,40.0,20.0,1.0,1.0,13.4,8.8,8.0,5.4,6.8,2.6,0.6,1.6,7.8,18.0,2013,2,0
27,33,0,1,-4,40.0,0.0,2.0,0.6,10.0,9.6,6.6,4.6,6.0,6.2,2.2,2.8,9.4,12.8,2013,2,0
28,12,2,2,4,40.0,20.0,1.0,0.6,11.0,6.6,7.0,3.8,4.8,3.2,0.6,1.8,16.4,18.6,2013,2,1
29,21,1,0,6,40.0,20.0,2.6,1.8,16.6,10.8,10.2,7.4,4.8,4.2,1.8,2.8,11.6,14.0,2013,2,2
34,17,0,4,7,0.0,20.0,1.2,1.8,11.8,14.2,6.2,7.8,6.6,6.8,2.4,1.8,11.4,11.8,2013,2,0
30,0,2,1,1,60.0,60.0,1.4,1.8,22.8,14.2,15.4,9.2,10.4,5.0,0.6,1.0,6.0,10.8,2013,3,2
1,18,0,1,15,20.0,40.0,0.6,1.4,9.6,14.0,4.2,8.2,4.4,7.8,2.2,1.4,12.6,10.4,2013,4,0
22,26,0,0,-6,20.0,20.0,1.2,1.6,11.6,13.0,6.4,6.2,4.4,4.8,1.2,2.0,10.4,12.4,2013,9,1
23,28,3,1,4,0.0,40.0,0.0,1.2,10.0,9.2,4.6,5.6,3.4,4.6,1.0,1.8,14.8,17.2,2013,9,2
24,1,1,2,2,60.0,0.0,1.6,1.6,6.2,7.8,3.4,4.8,3.6,3.8,1.6,3.4,12.0,23.6,2013,9,0
32,29,2,1,-1,40.0,20.0,1.4,0.4,15.0,9.4,7.4,5.8,6.2,3.4,1.4,1.4,12.4,18.6,2013,9,2
17,30,3,2,4,80.0,60.0,3.4,1.4,24.4,18.4,14.0,11.6,10.0,9.8,0.4,0.8,5.2,6.6,2013,10,2
21,27,2,1,-9,60.0,0.0,2.0,0.2,15.4,5.6,9.4,2.2,6.4,3.4,1.6,1.6,8.2,17.0,2013,10,2
1,23,3,2,-1,20.0,40.0,0.6,1.0,10.8,8.2,5.0,5.2,5.2,2.4,1.6,1.4,12.6,18.6,2013,16,2
11,18,2,0,6,40.0,60.0,1.8,1.6,15.8,14.2,8.6,8.2,8.6,7.4,1.4,1.2,9.2,10.0,2013,16,2
19,24,1,0,-16,100.0,20.0,2.4,1.0,13.2,7.2,9.4,3.4,6.0,4.2,0.4,2.0,11.2,18.6,2013,16,2
26,17,3,1,10,20.0,40.0,1.0,2.4,13.2,13.4,8.0,8.0,6.6,5.8,1.0,1.2,7.6,13.4,2013,16,2
27,32,0,0,4,20.0,20.0,1.4,1.0,10.6,8.6,5.8,5.2,5.6,4.8,2.2,1.6,9.0,16.6,2013,16,1
29,0,0,2,8,60.0,40.0,2.2,1.0,14.4,11.2,9.6,7.0,5.0,4.8,1.0,1.0,12.4,11.6,2013,16,0
9,33,2,0,-12,60.0,20.0,1.8,0.8,21.0,9.4,13.0,5.4,8.0,6.2,1.0,2.6,9.6,14.2,2013,17,2
28,22,1,1,1,20.0,0.0,1.2,0.4,11.0,7.8,7.0,4.0,5.6,4.6,1.0,2.6,14.0,14.2,2013,17,1
30,12,0,1,-5,60.0,20.0,1.6,0.8,20.2,6.8,13.2,4.0,9.4,3.2,0.8,1.8,7.2,17.2,2013,17,0
34,21,2,1,10,0.0,20.0,0.8,1.2,12.0,10.4,6.6,6.6,5.2,5.2,2.8,2.2,11.4,12.8,2013,17,2
0,24,4,1,-15,60.0,20.0,2.0,1.0,17.0,7.0,10.0,3.4,9.2,4.4,1.2,2.0,8.8,18.6,2013,30,2
11,27,1,0,-7,60.0,0.0,2.0,0.4,15.6,6.2,8.4,2.6,9.8,3.4,1.0,2.0,9.6,15.6,2013,30,2
18,21,4,0,-4,80.0,20.0,2.0,0.8,15.6,10.2,9.2,5.8,7.0,4.6,0.4,1.2,7.6,12.2,2013,30,2
26,9,2,1,12,40.0,40.0,1.6,2.0,14.0,11.2,9.0,6.2,6.4,6.0,1.0,1.6,7.2,12.4,2013,30,2
28,19,0,1,11,20.0,60.0,1.2,1.8,12.4,13.0,7.4,9.0,6.0,5.6,0.8,0.4,11.8,14.2,2013,30,0
29,30,1,2,7,60.0,40.0,2.0,1.4,13.4,17.8,8.0,10.6,5.0,9.0,1.2,1.2,11.6,6.8,2013,30,0
33,32,3,1,8,40.0,20.0,1.4,1.0,13.6,7.8,8.2,4.4,7.4,3.8,1.4,1.2,13.8,15.8,2013,30,2
34,22,1,0,3,20.0,0.0,1.2,0.4,12.0,7.2,7.6,3.8,5.8,5.4,2.8,2.4,11.2,15.0,2013,30,2
1,17,1,2,8,40.0,20.0,1.2,2.0,10.6,11.8,5.4,7.0,6.2,5.0,1.4,1.8,14.4,14.0,2013,31,0
12,23,3,2,-8,40.0,40.0,1.2,1.4,16.8,10.8,8.2,6.6,6.2,3.0,1.0,1.8,10.6,17.0,2013,1,2
22,29,2,2,1,20.0,0.0,0.6,0.2,9.6,9.2,5.2,4.8,3.8,2.4,0.4,1.6,10.8,16.6,2013,6,1
24,26,0,2,0,40.0,0.0,1.6,1.4,7.6,13.8,3.8,6.8,4.4,5.2,2.0,2.0,13.4,9.8,2013,6,0
27,1,1,3,-2,20.0,20.0,0.8,2.0,11.2,10.0,5.2,5.4,5.6,3.2,1.6,2.0,9.2,20.8,2013,6,0
32,0,1,2,7,40.0,40.0,1.4,1.2,15.0,12.2,7.0,7.6,5.6,5.4,1.4,1.0,12.2,10.8,2013,6,0
9,28,2,1,-7,80.0,20.0,2.2,1.2,21.2,8.6,13.6,5.0,6.2,4.6,0.8,2.4,11.0,17.6,2013,7,2
17,33,0,0,-10,80.0,20.0,3.2,0.8,22.0,10.6,12.4,6.4,8.6,6.0,0.8,2.4,6.8,15.4,2013,7,1
21,12,1,0,-4,60.0,40.0,2.2,1.0,14.6,6.6,9.0,3.2,7.2,3.8,1.8,1.0,8.6,15.2,2013,7,2
23,34,1,1,2,20.0,40.0,0.6,2.0,10.2,12.4,4.8,7.2,4.0,5.4,0.6,1.4,13.0,13.2,2013,7,1
30,11,2,2,-3,60.0,40.0,1.6,1.0,18.4,10.4,11.6,6.8,8.2,5.6,1.0,1.2,7.6,10.8,2013,7,1
19,18,1,2,1,100.0,40.0,2.2,0.8,13.2,15.0,8.2,8.6,5.2,6.8,0.4,1.0,9.6,9.6,2013,8,0
0,22,3,1,-9,80.0,0.0,2.8,0.2,19.8,7.2,12.0,4.2,11.0,5.4,1.0,2.2,6.4,14.8,2013,13,2
1,12,1,1,7,40.0,20.0,1.4,0.6,9.4,5.6,4.8,2.8,5.8,3.4,1.6,1.0,15.4,15.8,2013,13,1
11,23,2,0,-10,80.0,20.0,2.2,1.6,15.4,13.0,8.6,7.8,9.2,3.8,1.0,2.4,10.8,14.2,2013,13,2
24,17,0,0,10,20.0,40.0,1.0,2.2,7.8,12.6,3.0,8.4,4.4,6.4,2.0,1.6,13.6,13.0,2013,13,1
26,33,1,1,0,60.0,20.0,1.8,0.6,14.8,11.2,9.4,6.2,7.2,5.4,1.0,1.4,7.4,14.6,2013,13,1
21,28,0,3,-8,80.0,20.0,2.2,1.4,15.8,8.8,8.8,4.6,8.4,4.6,1.4,2.2,8.2,15.0,2013,14,0
27,19,0,2,12,20.0,80.0,1.0,1.8,10.2,11.2,4.6,7.0,5.2,5.6,1.4,0.2,9.2,13.2,2013,14,0
0,11,0,0,-4,80.0,20.0,2.4,1.0,17.2,9.2,10.0,6.2,10.2,5.8,1.0,1.4,6.0,13.4,2013,16,1
12,9,0,3,3,60.0,20.0,1.6,1.8,14.2,9.6,6.6,5.0,5.0,6.0,1.0,1.8,12.4,12.6,2013,17,0
18,34,1,0,-14,80.0,20.0,2.6,1.6,16.0,13.8,9.4,8.0,6.4,6.8,0.4,1.6,7.4,12.2,2013,17,2
33,19,2,2,16,60.0,80.0,1.8,1.4,15.2,10.2,8.8,5.8,7.8,5.8,1.2,0.2,14.2,14.4,2013,17,1
12,0,0,1,6,60.0,60.0,1.4,1.4,13.6,13.2,7.0,8.0,5.0,5.6,1.4,1.0,12.0,12.2,2013,20,0
22,24,2,1,-6,20.0,20.0,1.0,1.0,9.6,6.4,6.4,3.0,3.2,4.4,0.8,2.2,12.2,17.2,2013,20,2
23,27,0,2,3,20.0,0.0,0.8,0.4,10.6,7.4,5.0,3.0,4.0,3.6,0.8,1.6,13.0,15.2,2013,20,0
28,11,1,0,6,0.0,0.0,0.6,0.6,10.6,9.8,5.4,6.0,5.8,4.8,1.0,1.2,12.0,12.6,2013,20,2
29,26,0,0,-7,60.0,20.0,1.8,1.4,11.0,14.8,6.0,7.0,5.4,5.4,1.2,1.6,11.8,7.6,2013,20,1
32,21,1,1,5,40.0,20.0,1.4,0.8,14.8,9.4,6.0,5.2,4.8,4.2,1.4,2.0,12.4,13.6,2013,20,1
33,34,2,0,3,40.0,20.0,1.8,1.4,14.4,12.4,8.0,8.0,6.0,6.0,1.4,1.6,15.4,11.4,2013,20,2
17,9,2,2,2,60.0,20.0,2.6,1.6,20.4,10.0,11.6,5.2,9.2,5.6,0.8,1.8,7.6,12.6,2013,21,1
30,18,3,1,3,40.0,40.0,1.4,0.8,16.2,13.6,9.6,7.8,7.2,6.2,1.2,1.2,8.0,11.0,2013,21,2
19,1,3,0,-14,80.0,40.0,2.0,2.2,13.4,10.6,7.6,5.8,6.4,3.2,0.6,1.8,9.0,17.4,2013,22,2
11,12,1,0,-2,80.0,20.0,2.2,0.8,16.0,6.6,9.8,3.4,10.8,4.0,0.8,0.8,11.0,14.8,2013,27,2
18,33,2,1,-17,80.0,20.0,2.2,0.6,14.6,10.8,8.4,6.2,6.0,4.6,0.4,1.0,8.2,15.0,2013,27,2
21,17,0,6,-3,80.0,40.0,2.0,1.8,15.8,15.8,8.6,10.4,9.2,7.0,1.6,1.2,8.6,11.6,2013,27,0
26,32,0,3,8,60.0,20.0,2.0,0.8,15.0,9.0,9.4,5.4,6.6,3.6,1.2,1.2,6.6,17.2,2013,27,0
27,22,1,0,2,20.0,0.0,0.6,0.4,11.0,7.2,4.6,4.6,5.8,5.2,1.4,1.8,8.8,13.4,2013,27,2
34,30,2,2,11,40.0,60.0,1.4,1.8,13.2,16.4,8.2,10.4,7.6,8.2,2.0,1.4,10.2,8.2,2013,27,1
0,19,1,1,1,80.0,80.0,2.0,1.6,16.4,12.0,10.0,6.8,10.2,6.0,0.6,0.4,6.0,11.8,2013,28,1
9,29,2,0,-5,100.0,0.0,2.2,0.6,20.2,11.6,13.0,6.2,7.0,3.2,0.6,2.0,11.0,15.8,2013,28,2
24,23,0,0,1,20.0,20.0,0.6,1.4,8.2,12.8,3.6,7.6,5.2,4.4,1.6,2.6,16.0,12.6,2013,28,1
1,28,6,1,3,40.0,20.0,1.4,1.4,10.4,8.4,5.4,5.0,6.8,6.4,1.4,1.8,15.0,14.0,2013,29,2
12,24,2,4,-9,40.0,0.0,0.8,0.8,12.4,8.0,6.8,3.8,6.0,5.6,1.4,2.4,12.4,18.0,2013,4,0
22,1,1,2,-4,40.0,40.0,1.2,1.8,11.8,10.0,7.4,5.4,4.2,2.2,0.8,2.0,12.6,14.4,2013,4,0
23,0,0,1,14,20.0,80.0,0.8,1.4,14.6,12.8,6.6,7.8,4.6,4.4,1.2,0.6,12.2,11.0,2013,4,0
29,18,0,0,10,40.0,40.0,1.2,1.0,11.4,12.8,6.2,7.8,5.4,5.2,1.0,1.8,12.2,12.2,2013,4,1
30,26,1,0,-14,60.0,20.0,1.8,1.2,13.8,12.4,7.6,6.0,6.2,4.2,1.2,1.2,9.0,8.2,2013,4,2
32,34,2,3,-5,40.0,20.0,1.2,1.0,11.4,13.8,5.0,8.8,6.2,7.0,1.2,1.6,12.2,13.0,2013,4,0
33,21,0,0,13,60.0,0.0,2.0,0.6,13.4,9.4,7.6,5.0,4.2,3.8,1.2,2.0,17.2,13.2,2013,4,1
17,11,0,0,1,40.0,0.0,2.0,0.6,21.6,9.4,12.0,5.6,8.8,5.6,1.2,1.4,8.4,11.4,2013,5,1
19,9,0,1,-4,80.0,20.0,2.2,1.6,13.2,9.0,7.2,5.4,6.6,5.4,0.4,1.8,6.4,16.2,2013,5,0
28,27,1,1,-1,20.0,20.0,0.8,0.6,11.4,8.2,5.8,3.4,5.8,3.4,1.0,1.0,10.0,17.8,2013,6,1
18,32,1,0,-9,80.0,40.0,2.2,1.2,13.8,9.8,8.2,6.4,7.6,4.4,0.6,0.8,9.4,18.2,2013,7,2
34,29,2,3,4,40.0,0.0,1.4,0.6,10.4,10.2,6.8,6.2,6.4,3.0,1.8,2.4,11.0,19.2,2013,7,0
9,30,2,2,2,100.0,60.0,2.2,2.0,21.8,16.8,14.2,10.4,7.6,7.6,0.4,1.6,10.8,7.8,2013,8,1
1,9,1,2,10,40.0,40.0,2.2,1.4,12.6,9.6,8.0,5.4,6.8,6.0,1.4,1.2,13.8,14.4,2013,11,0
11,33,2,0,-11,100.0,20.0,1.8,0.6,15.0,10.0,9.2,6.0,9.2,3.4,0.2,1.0,10.6,16.8,2013,12,2
12,17,1,3,1,40.0,60.0,1.2,2.6,13.0,13.8,7.8,10.0,5.6,6.4,2.0,0.8,13.8,10.8,2013,12,0
19,29,2,1,-9,60.0,20.0,1.8,1.2,13.2,10.0,6.8,6.0,5.6,3.2,0.6,2.6,7.6,18.4,2013,12,2
22,32,4,0,2,40.0,20.0,1.4,0.8,10.6,13.0,6.6,8.0,4.8,5.0,1.2,1.0,13.6,17.8,2013,12,2
23,21,1,2,12,20.0,0.0,0.8,0.4,14.4,9.8,6.4,4.8,3.2,3.4,1.4,1.6,12.0,11.8,2013,12,0
27,30,1,2,10,20.0,40.0,0.4,2.2,10.8,15.2,3.4,9.0,4.6,5.2,1.2,2.0,8.8,10.0,2013,12,0
28,26,1,1,-5,20.0,20.0,1.0,0.8,11.8,11.4,5.8,5.8,4.6,4.2,1.0,1.0,8.6,8.6,2013,12,1
0,34,4,1,-12,60.0,40.0,2.0,1.4,17.2,13.8,10.8,8.4,9.4,6.8,0.8,1.2,6.8,11.4,2013,14,2
24,18,0,2,17,0.0,40.0,0.2,0.8,9.0,13.8,4.0,8.6,5.8,4.8,1.4,1.2,17.0,11.0,2013,14,0
9,11,2,1,-1,80.0,0.0,1.8,0.6,19.8,9.8,12.4,4.8,6.8,5.4,0.6,1.0,10.8,12.6,2013,19,2
17,23,1,0,-9,40.0,20.0,2.0,1.2,20.2,13.0,10.8,7.0,6.8,5.4,0.8,1.8,9.8,12.6,2013,19,2
18,22,2,3,-11,100.0,0.0,2.0,0.4,16.2,5.4,9.0,2.8,7.0,4.2,0.2,2.0,9.2,12.8,2013,19,0
21,0,0,1,2,60.0,80.0,1.4,1.4,13.0,11.8,6.2,8.2,9.2,5.4,2.4,0.6,8.4,11.4,2013,19,0
26,27,1,1,4,40.0,20.0,1.4,0.8,15.6,9.2,8.8,4.4,6.8,4.4,1.6,1.0,7.4,17.6,2013,19,1
29,12,0,3,2,20.0,20.0,0.4,0.8,10.2,6.4,4.0,2.8,5.2,3.6,0.8,1.0,11.8,15.2,2013,19,0
30,28,1,0,-9,60.0,20.0,1.6,1.4,12.0,7.8,6.6,4.6,5.0,5.6,1.0,2.6,9.2,15.8,2013,19,2
32,19,5,5,8,40.0,60.0,1.6,1.6,14.0,11.4,6.6,6.2,7.2,4.8,1.6,0.6,10.6,12.6,2013,19,1
33,24,4,2,0,40.0,20.0,1.8,1.4,11.6,11.0,6.4,5.6,4.6,5.6,1.2,2.4,17.2,19.0,2013,19,2
34,1,2,2,-1,40.0,60.0,1.4,1.6,12.2,10.8,8.4,5.8,5.6,2.8,2.0,1.6,10.0,11.8,2013,19,1
0,1,1,3,-11,60.0,60.0,2.4,1.8,16.2,10.8,10.4,5.6,8.4,2.6,0.8,1.6,7.8,9.4,2013,17,0
17,27,1,0,-6,40.0,20.0,1.2,1.0,19.0,9.2,11.2,4.6,7.6,4.4,0.8,1.0,11.0,15.8,2013,17,2
22,11,2,2,5,40.0,0.0,1.8,0.6,10.8,10.8,6.4,5.6,5.0,5.2,1.0,1.0,13.0,14.6,2013,17,1
28,12,0,1,5,20.0,40.0,0.8,1.0,10.4,6.6,5.6,3.2,3.8,3.0,0.8,0.6,10.2,16.6,2013,17,0
29,19,1,4,8,0.0,40.0,0.2,2.2,12.0,11.2,4.8,6.2,5.4,5.0,1.4,1.6,10.6,13.2,2013,17,0
32,26,0,1,-6,20.0,20.0,2.2,0.6,13.6,12.2,6.8,6.4,6.8,5.6,2.4,0.4,11.0,7.4,2013,17,0
18,21,4,0,-14,80.0,20.0,2.0,0.8,15.6,9.0,7.8,4.8,7.2,2.4,0.8,1.6,10.8,11.4,2013,19,2
9,1,2,1,-12,80.0,60.0,2.0,2.0,18.4,9.0,8.8,5.0,6.4,3.0,0.8,1.6,10.8,10.6,2013,21,2
1,17,0,1,8,40.0,60.0,2.4,2.4,13.0,16.2,8.4,11.4,6.8,7.4,1.6,1.0,12.0,9.8,2013,24,0
11,32,0,0,-2,100.0,20.0,1.6,0.8,16.0,13.0,9.4,8.2,8.8,4.0,0.0,1.6,9.6,15.0,2013,24,1
12,0,1,3,8,20.0,100.0,1.2,1.4,11.0,11.6,7.6,7.6,5.2,5.0,2.6,0.2,16.4,10.6,2013,24,0
21,33,0,0,6,40.0,0.0,0.6,0.4,12.2,9.4,5.6,5.0,8.6,3.2,2.2,1.4,8.0,19.4,2013,24,1
26,28,1,1,-3,40.0,20.0,1.4,1.2,14.4,7.0,8.4,4.2,6.2,4.8,1.4,2.4,7.8,17.0,2013,24,1
30,29,1,0,-4,60.0,20.0,1.4,1.4,14.4,10.2,9.4,5.8,7.0,4.0,0.8,2.0,8.4,15.0,2013,25,2
19,9,0,0,-2,60.0,60.0,1.4,1.8,13.8,11.0,6.6,6.8,5.6,6.2,0.8,1.0,8.4,13.8,2013,26,1
21,12,1,0,4,20.0,40.0,0.2,1.0,12.6,6.4,4.4,3.0,6.8,2.2,2.0,0.6,7.8,18.2,2013,31,2
22,26,1,0,-3,40.0,40.0,2.2,0.8,11.8,10.6,6.4,5.4,6.0,5.8,1.4,0.4,13.8,9.0,2013,31,2
33,27,0,1,-3,60.0,20.0,2.0,0.8,15.0,9.8,6.8,4.6,4.4,4.8,0.8,0.8,14.6,18.2,2013,31,0
0,30,1,0,-1,40.0,60.0,1.8,1.8,14.8,15.2,8.4,7.4,7.0,5.6,1.2,1.2,8.8,8.6,2013,1,2
17,19,1,0,6,40.0,40.0,0.8,2.8,22.2,12.2,12.6,6.4,9.8,4.6,0.4,1.8,10.0,14.8,2013,1,2
32,29,0,2,-1,0.0,20.0,1.8,1.2,13.4,9.8,5.8,6.0,7.0,4.0,2.4,1.8,10.6,16.4,2013,1,0
1,21,1,2,-1,20.0,20.0,1.8,0.6,14.4,8.2,7.8,4.2,6.6,2.0,1.4,2.0,9.4,12.8,2013,14,0
11,9,1,0,3,80.0,60.0,1.2,1.6,18.2,11.2,10.0,6.8,8.4,5.0,0.0,0.6,7.6,13.8,2013,14,2
12,32,1,1,4,0.0,20.0,0.8,0.8,12.4,12.6,8.0,7.6,4.8,4.0,2.8,1.6,16.2,16.8,2013,14,1
27,18,0,0,11,40.0,40.0,1.0,1.4,10.2,15.0,3.6,9.0,4.2,6.2,1.6,1.4,12.4,10.8,2013,14,1
28,0,1,3,13,20.0,100.0,0.6,1.6,11.2,12.2,4.6,6.8,4.0,5.2,0.8,0.4,9.8,12.0,2013,14,0
30,22,2,0,-6,80.0,20.0,1.6,0.8,15.8,8.8,9.2,4.2,7.6,4.2,0.6,1.6,8.6,10.6,2013,14,2
26,33,0,0,4,20.0,0.0,1.0,0.4,14.4,7.6,7.2,3.4,5.8,3.0,1.4,1.0,7.8,17.8,2013,15,1
29,17,2,2,2,0.0,80.0,0.4,2.4,13.6,15.6,5.6,10.4,6.2,6.8,1.8,0.4,10.6,9.8,2013,16,1
9,12,2,0,-9,80.0,40.0,2.0,1.0,18.6,6.0,8.0,2.8,5.0,2.0,0.8,0.6,10.8,19.0,2013,21,2
17,26,0,1,-7,60.0,20.0,1.0,0.4,20.4,10.4,11.2,5.0,7.8,6.0,0.4,0.6,10.0,10.4,2013,21,0
22,1,0,1,-4,60.0,40.0,2.0,1.6,12.4,8.2,5.4,4.0,6.6,3.0,1.0,1.8,12.8,12.4,2013,21,0
32,28,3,0,-9,0.0,20.0,1.6,1.2,12.2,7.8,5.0,4.0,6.2,4.4,2.4,2.2,10.8,18.0,2013,21,2
33,11,2,3,4,60.0,0.0,1.6,0.6,14.8,13.4,6.0,5.4,4.6,6.4,0.6,1.0,14.6,11.2,2013,21,0
0,27,3,1,-9,40.0,40.0,1.4,1.0,15.2,10.8,8.0,4.6,5.8,5.0,1.0,0.6,10.6,17.0,2013,22,2
18,19,4,1,1,80.0,20.0,2.2,2.4,16.2,12.4,8.2,6.6,7.4,4.6,0.8,2.0,10.6,14.2,2013,22,2
1,18,3,2,13,20.0,20.0,1.8,1.0,14.4,15.2,6.6,8.6,6.0,6.2,1.4,1.2,9.6,9.8,2013,28,2
19,32,1,2,-7,60.0,20.0,1.4,0.8,13.6,11.6,5.6,6.2,5.6,4.4,0.4,1.2,8.0,16.4,2013,28,0
29,0,1,2,5,0.0,100.0,0.6,1.8,14.8,12.8,6.6,6.8,5.8,5.8,1.8,0.4,11.2,12.2,2013,28,0
30,9,1,1,2,100.0,40.0,1.6,1.0,16.6,13.0,8.6,5.8,7.8,5.4,0.2,0.8,7.6,13.8,2013,28,1
27,22,0,1,2,40.0,20.0,0.8,0.8,11.2,7.8,3.8,3.4,3.8,3.8,1.0,1.8,12.2,12.6,2013,29,0
28,17,1,3,10,20.0,60.0,0.8,2.4,12.8,14.8,4.2,9.0,4.6,6.6,1.2,0.6,10.6,11.2,2013,29,0
11,21,3,2,-10,80.0,40.0,1.2,1.0,17.4,10.6,9.2,5.6,8.6,2.0,0.0,1.4,10.0,11.0,2013,30,2
12,27,1,0,-1,0.0,20.0,1.2,0.8,13.0,10.4,7.0,4.4,5.2,5.4,2.6,1.2,18.4,15.2,2013,5,2
18,11,3,1,-4,80.0,20.0,2.6,1.2,16.6,13.8,7.2,5.2,7.2,5.4,0.8,1.2,11.6,11.4,2013,5,2
28,19,1,2,16,0.0,20.0,0.8,2.2,15.8,12.2,4.4,5.4,6.0,4.4,1.8,2.4,12.0,15.8,2013,5,0
22,9,1,3,8,40.0,40.0,1.6,0.8,11.0,13.4,3.8,5.6,6.4,5.4,1.0,0.6,13.2,11.6,2013,6,0
26,29,2,0,5,20.0,60.0,0.8,1.6,14.2,9.8,5.0,4.8,6.6,4.4,1.0,1.0,8.0,13.6,2013,6,2
30,33,0,3,-5,80.0,0.0,1.2,0.2,16.8,9.2,7.8,3.0,7.8,3.8,0.2,1.0,7.6,15.8,2013,6,0
32,0,1,1,4,20.0,100.0,2.0,2.0,13.2,12.8,5.0,6.2,4.2,5.8,2.2,0.6,10.2,12.8,2013,6,1
0,22,4,1,-7,60.0,40.0,2.0,0.8,16.4,8.4,8.4,3.0,5.4,3.8,1.2,1.2,10.4,12.2,2013,19,2
19,26,1,1,-13,40.0,40.0,1.0,0.6,14.4,11.0,5.8,5.4,5.6,6.8,0.8,0.6,8.8,9.6,2013,19,1
21,17,2,2,9,20.0,80.0,0.6,3.0,13.4,12.6,2.8,7.2,6.0,6.4,2.0,0.8,8.2,14.4,2013,19,1
27,32,0,0,5,40.0,20.0,0.8,0.6,10.2,11.8,3.2,5.2,4.6,4.8,0.8,1.4,12.0,16.0,2013,19,1
29,28,4,0,-8,0.0,0.0,0.8,0.6,14.0,7.6,5.8,2.6,5.2,3.8,2.2,2.8,11.4,17.6,2013,19,2
33,18,1,3,8,40.0,20.0,1.6,1.2,13.2,17.0,4.0,8.6,5.0,7.8,1.2,1.2,13.0,9.2,2013,19,0
1,30,0,2,10,40.0,60.0,2.2,1.2,13.0,19.2,6.0,7.8,4.8,8.2,1.6,0.8,12.0,8.8,2013,20,0
1,11,0,2,9,20.0,20.0,1.0,1.4,12.4,12.8,3.4,5.2,4.8,4.6,1.8,1.8,13.2,10.6,2013,26,0
17,32,4,1,-1,80.0,20.0,1.2,0.6,17.2,10.2,9.6,4.0,9.0,4.4,0.4,1.2,10.6,13.6,2013,26,2
19,27,3,2,-12,40.0,20.0,1.2,0.6,14.8,11.4,6.0,3.6,6.0,5.2,0.8,1.2,9.4,14.2,2013,26,2
26,12,2,0,2,40.0,60.0,1.2,1.6,13.4,5.8,5.0,3.2,6.6,2.6,0.4,0.8,9.2,20.6,2013,26,2
9,18,2,1,1,100.0,40.0,2.4,1.8,20.6,17.8,7.0,8.8,6.4,8.0,0.6,1.4,9.4,10.0,2013,27,2
28,21,2,1,1,0.0,60.0,0.8,1.6,14.2,13.4,3.4,6.4,5.8,1.8,2.0,2.0,12.4,12.8,2013,27,2
29,33,0,0,-1,20.0,20.0,1.6,0.6,15.4,10.6,6.8,2.8,5.8,4.4,2.2,0.6,10.2,15.4,2013,27,1
0,17,2,0,-3,80.0,60.0,2.6,2.2,16.6,15.0,8.0,6.6,6.0,7.6,1.2,1.2,10.8,16.2,2013,2,2
12,19,1,3,11,20.0,40.0,1.0,2.4,11.2,12.8,4.8,5.6,6.0,4.8,1.8,2.4,17.6,13.2,2013,2,0
18,22,7,0,-9,80.0,40.0,3.0,1.0,14.8,9.8,6.6,4.2,7.6,3.4,1.0,1.8,8.8,13.8,2013,2,2
21,9,2,0,13,20.0,40.0,1.0,1.2,15.2,14.8,3.4,6.0,5.6,5.2,1.2,0.8,10.6,12.4,2013,2,2
27,26,1,1,-1,20.0,40.0,0.6,0.8,9.6,12.6,3.0,5.6,4.8,6.6,0.8,0.6,13.4,10.6,2013,2,1
33,1,0,0,-5,40.0,40.0,1.8,1.4,13.6,11.0,3.8,3.4,4.6,3.6,1.8,1.0,14.0,12.2,2013,2,1
11,30,0,0,1,80.0,80.0,1.6,1.2,17.6,19.2,7.8,7.8,5.8,8.6,0.6,0.4,12.0,8.8,2013,3,1
1,8,2,0,-3,20.0,20.0,0.8,0.8,12.8,12.6,2.6,2.8,5.2,5.2,1.8,1.6,14.0,19.2,2013,9,2
9,32,2,2,-5,100.0,20.0,2.4,0.8,19.0,11.6,5.8,3.6,5.6,5.8,0.6,1.2,9.2,15.0,2013,9,1
10,11,0,0,12,20.0,40.0,0.8,1.6,11.6,12.6,3.6,4.2,4.8,5.0,2.0,1.4,12.2,9.4,2013,9,1
17,12,4,0,-5,80.0,40.0,1.8,1.0,15.4,4.4,7.0,2.0,6.8,3.2,0.6,1.2,11.6,20.8,2013,9,2
22,33,3,1,1,20.0,20.0,0.8,0.6,16.0,12.2,4.0,3.2,7.0,5.4,1.2,0.2,14.8,12.8,2013,9,2
26,14,4,1,-4,60.0,20.0,1.4,0.8,15.2,9.0,4.8,2.8,8.0,3.8,0.2,1.8,8.0,15.6,2013,9,2
19,0,1,0,-3,40.0,80.0,1.4,2.2,15.4,13.2,5.2,5.2,7.0,4.6,1.0,0.8,10.4,13.6,2013,10,2
28,18,1,0,15,20.0,20.0,1.0,1.6,14.8,15.4,3.2,6.0,6.2,7.2,2.0,1.8,12.6,10.2,2013,10,2
29,27,3,3,-4,20.0,20.0,1.6,0.8,13.6,12.0,5.6,4.0,6.0,4.8,1.6,1.6,11.6,15.8,2013,10,1
30,21,0,1,-11,60.0,40.0,1.0,1.4,16.6,14.6,5.2,5.8,6.4,2.0,0.8,2.2,9.6,12.8,2013,10,0
0,26,2,0,-10,80.0,40.0,2.2,0.8,15.2,11.6,7.0,4.0,5.2,5.6,1.0,0.6,11.2,11.4,2013,23,2
11,17,3,3,-1,60.0,40.0,1.2,1.6,14.6,13.4,5.4,4.6,5.8,7.0,0.6,1.4,13.8,16.6,2013,23,1
12,29,1,2,3,20.0,40.0,1.0,0.8,12.2,12.2,4.4,5.2,5.4,4.0,1.8,0.8,15.6,11.8,2013,23,0
14,10,0,1,0,60.0,0.0,0.8,0.4,12.8,9.8,2.2,2.2,4.8,1.8,0.2,2.2,13.6,13.4,2013,23,0
21,22,2,1,5,40.0,20.0,1.4,0.4,16.8,8.8,4.6,3.0,5.4,2.6,1.0,2.8,11.4,16.8,2013,23,2
27,28,2,0,-4,20.0,0.0,0.6,0.4,10.2,8.0,3.0,1.4,5.4,3.6,0.6,2.4,10.8,17.2,2013,23,2
33,9,0,3,7,20.0,20.0,1.0,0.8,12.8,15.2,2.2,4.8,4.4,5.4,1.4,1.0,12.2,13.0,2013,23,0
8,19,2,2,17,40.0,60.0,1.0,2.0,7.2,12.4,2.4,4.8,3.6,4.6,1.0,1.6,17.6,13.2,2013,24,1
18,30,6,0,-3,100.0,60.0,4.0,0.8,17.8,17.8,7.4,6.0,8.2,7.2,0.4,0.2,7.8,9.2,2013,24,2
32,1,2,2,-7,40.0,40.0,1.2,1.0,11.0,11.6,2.8,3.4,5.4,3.4,0.8,0.6,10.4,13.2,2013,25,1
1,28,0,0,-2,40.0,0.0,1.2,0.2,12.8,8.6,3.2,1.4,4.6,4.6,1.6,2.6,14.6,17.2,2013,30,1
8,0,0,3,14,20.0,60.0,0.8,1.6,8.2,11.6,2.0,4.2,3.4,4.2,1.0,0.8,17.6,11.4,2013,30,0
11,27,4,0,-7,60.0,20.0,1.8,1.4,13.8,11.2,6.2,3.8,4.8,4.2,1.2,2.0,14.6,14.0,2013,30,2
21,32,2,1,8,60.0,20.0,1.8,1.2,17.8,12.4,5.6,3.8,5.6,6.4,1.2,1.6,12.2,14.0,2013,30,2
22,10,1,0,-7,40.0,20.0,1.0,0.4,17.4,8.8,4.8,1.6,6.6,2.6,1.0,1.8,13.4,13.6,2013,30,2
33,12,3,0,-2,0.0,20.0,0.6,0.8,10.8,4.2,1.6,2.0,5.2,3.6,2.0,2.0,13.8,23.2,2013,30,2
9,26,3,1,-11,80.0,20.0,2.4,0.6,18.0,12.2,6.2,4.4,6.4,5.2,1.0,1.0,10.0,11.0,2013,1,2
14,17,3,1,11,40.0,20.0,0.6,2.0,14.6,14.6,2.4,5.4,6.8,8.0,0.4,2.0,12.8,16.8,2013,1,2
18,29,3,0,-7,100.0,60.0,4.4,1.2,16.8,15.0,7.2,5.2,7.4,5.0,0.4,0.8,9.4,9.8,2013,1,2
30,19,2,2,4,40.0,40.0,0.8,1.6,19.0,12.6,7.0,4.4,7.0,5.4,1.0,1.8,9.8,12.6,2013,1,1
10,33,1,0,8,20.0,20.0,0.8,0.8,12.4,13.4,3.4,3.8,5.0,5.0,1.8,0.8,11.8,12.6,2013,3,2
0,14,2,0,-14,100.0,20.0,2.4,1.0,13.8,9.6,7.0,2.8,5.4,4.6,0.4,2.2,11.4,14.2,2013,4,2
12,30,1,2,7,20.0,40.0,1.0,0.6,10.8,17.0,3.6,6.6,6.8,7.2,1.6,1.4,16.2,11.2,2013,4,0
17,22,5,1,-4,80.0,20.0,2.4,0.6,16.6,8.2,6.8,2.6,6.2,2.6,0.6,3.0,10.4,19.8,2013,4,2
19,11,0,1,-5,60.0,40.0,1.6,1.2,13.8,11.8,5.0,3.4,7.2,4.8,1.0,1.0,10.8,9.6,2013,4,0
26,1,2,3,-1,80.0,20.0,2.0,0.8,14.8,12.8,5.0,4.0,8.2,3.2,0.2,0.8,8.4,12.2,2013,4,0
27,8,0,0,-5,20.0,20.0,0.6,0.8,10.8,11.8,3.0,3.0,4.6,5.2,0.4,1.6,10.2,19.0,2013,4,1
28,9,3,4,14,40.0,40.0,1.2,1.4,11.8,17.6,3.0,5.6,5.0,6.0,1.8,1.0,16.4,12.0,2013,4,0
29,21,3,0,-7,20.0,60.0,2.0,1.6,13.6,15.2,5.6,6.4,7.4,2.6,1.4,1.4,9.8,15.0,2013,4,2
32,18,2,3,6,40.0,20.0,1.6,1.2,11.0,17.0,3.4,5.8,5.4,8.4,1.0,1.4,12.0,9.4,2013,4,0
10,8,2,0,0,20.0,20.0,0.4,0.6,11.0,12.6,3.2,3.2,4.4,5.8,1.6,1.4,12.0,18.8,2013,7,2
17,33,4,1,-3,80.0,20.0,3.2,0.8,20.2,14.4,8.2,4.0,6.6,5.0,0.8,1.0,11.2,11.6,2013,7,2
19,21,0,1,-15,40.0,40.0,1.2,1.2,13.6,14.6,4.8,5.4,6.6,2.4,1.2,1.8,13.0,15.6,2013,7,0
26,18,1,1,12,80.0,40.0,2.4,1.8,16.0,18.0,5.8,6.2,7.8,8.2,0.8,1.8,8.4,9.6,2013,7,1
27,9,3,2,10,20.0,60.0,0.6,2.2,12.0,17.0,2.8,5.6,4.6,5.6,0.4,1.4,11.0,12.2,2013,7,2
28,30,1,2,12,40.0,60.0,1.6,1.0,10.8,17.8,3.2,6.8,5.0,7.4,2.0,1.4,17.4,12.0,2013,7,0
32,22,0,2,-3,40.0,20.0,2.0,0.8,11.4,10.2,3.4,3.4,5.6,2.4,1.2,3.6,12.6,20.8,2013,7,0
0,11,1,1,-2,100.0,60.0,2.6,1.4,15.4,12.2,7.4,3.6,7.0,4.6,0.4,1.0,10.0,12.4,2013,8,1
12,1,2,0,-3,20.0,40.0,1.0,1.2,11.6,12.6,4.4,4.0,7.8,3.2,1.8,0.8,17.4,13.4,2013,8,2
29,14,1,1,-9,40.0,20.0,2.2,1.0,12.8,9.6,5.0,2.8,7.8,4.0,1.0,2.2,10.2,15.8,2013,9,1
8,32,1,0,10,20.0,20.0,0.8,1.2,9.4,12.8,2.6,3.2,3.2,6.0,1.6,1.8,18.0,14.4,2013,14,2
9,10,2,1,-15,80.0,20.0,2.6,0.4,18.2,10.6,7.0,2.2,7.8,3.2,1.0,1.6,10.4,11.8,2013,14,2
11,12,4,1,-6,60.0,20.0,2.4,0.8,16.0,5.6,7.6,1.6,5.6,3.8,1.2,2.4,11.0,23.0,2013,14,2
14,27,0,0,5,60.0,0.0,1.0,1.2,13.4,9.0,2.2,3.4,6.0,4.0,0.4,2.8,12.6,16.6,2013,14,1
18,0,6,3,-2,100.0,60.0,4.6,1.6,18.8,11.8,7.4,4.2,7.0,3.4,0.4,0.6,9.8,10.0,2013,14,2
21,26,1,1,2,60.0,20.0,2.0,0.8,15.8,11.8,5.0,4.2,3.6,5.0,1.4,1.4,14.4,11.2,2013,14,1
33,28,0,0,-7,20.0,0.0,1.2,0.0,13.6,8.0,4.0,1.2,5.8,4.6,1.8,2.0,12.8,16.4,2013,14,1
1,19,0,3,14,40.0,40.0,1.0,2.0,13.4,12.2,3.8,4.2,5.2,5.4,1.2,2.0,12.6,12.6,2013,15,0
22,29,1,1,2,40.0,40.0,1.0,0.8,16.4,14.4,4.6,5.2,6.6,5.2,1.0,1.4,13.8,12.2,2013,15,1
30,17,0,5,-2,20.0,20.0,0.8,1.8,16.4,14.0,6.4,5.2,6.8,7.8,1.4,2.2,10.6,15.8,2013,15,0
10,21,0,3,2,40.0,60.0,0.8,1.0,13.0,13.4,4.0,4.8,4.8,3.0,1.2,1.2,11.0,13.6,2013,21,0
12,18,2,4,10,40.0,40.0,1.2,1.6,14.2,16.6,5.4,5.4,6.4,6.4,1.4,1.4,15.0,11.0,2013,21,0
17,8,3,1,-11,100.0,0.0,4.0,0.2,24.6,10.2,9.0,2.8,7.0,4.4,0.8,1.6,10.4,20.8,2013,21,2
19,33,3,1,-9,40.0,20.0,1.0,1.0,12.4,12.4,4.4,3.2,6.4,4.6,1.0,1.6,12.4,16.2,2013,21,2
27,1,2,1,-2,40.0,20.0,1.2,1.0,12.2,11.4,3.2,3.6,4.2,3.8,0.6,1.2,12.4,15.4,2013,21,2
28,22,0,0,6,40.0,20.0,1.6,1.0,8.4,10.2,3.0,3.4,3.8,2.4,1.8,3.6,18.8,24.4,2013,21,1
32,14,1,1,-10,20.0,0.0,1.4,0.6,14.0,9.0,5.0,2.2,6.6,3.6,1.6,2.0,12.8,15.0,2013,21,1
26,30,2,3,9,60.0,60.0,2.2,1.2,16.6,16.4,6.0,5.4,7.2,7.0,1.0,1.6,9.4,13.0,2013,22,0
29,11,1,2,3,40.0,40.0,2.2,1.0,13.0,12.6,4.8,3.6,9.4,4.0,0.8,0.8,10.0,12.8,2013,22,0
0,9,0,0,1,80.0,60.0,2.2,2.4,14.4,17.8,6.8,5.8,6.4,5.0,0.4,1.8,10.6,11.6,2013,23,1
1,10,0,1,-3,20.0,20.0,0.4,0.6,15.2,11.0,4.2,3.2,5.4,3.0,1.4,1.6,11.4,12.6,2013,26,0
8,26,0,3,4,40.0,0.0,1.0,0.8,10.4,11.0,3.2,3.4,4.4,4.4,1.4,1.6,14.6,12.4,2013,26,0
9,29,1,0,-6,80.0,20.0,2.6,0.6,16.2,13.4,6.4,4.2,5.8,4.8,1.2,1.6,11.6,13.6,2013,26,2
11,28,0,1,-11,60.0,0.0,2.6,0.0,16.8,10.4,7.6,2.4,7.8,5.2,1.0,1.4,11.2,16.0,2013,26,0
14,19,2,3,17,40.0,60.0,0.8,2.4,14.2,12.2,2.6,4.6,6.2,5.4,0.4,1.2,11.2,12.4,2013,26,0
18,17,2,1,-5,100.0,20.0,5.0,2.2,19.6,15.2,7.8,6.0,7.0,8.0,0.8,2.0,9.4,13.0,2013,26,2
21,27,5,1,3,60.0,0.0,1.8,1.0,16.0,9.4,5.6,3.2,5.2,3.6,1.0,2.2,13.6,16.0,2013,26,2
22,12,1,2,-1,40.0,20.0,1.2,1.0,17.2,8.0,5.0,2.0,6.8,3.6,1.0,2.8,12.6,22.2,2013,26,0
30,32,1,1,-3,20.0,0.0,0.6,0.8,15.8,12.8,5.6,2.8,6.4,5.6,2.2,1.8,12.6,13.8,2013,26,1
33,0,1,3,6,20.0,40.0,0.8,1.8,14.0,12.2,4.2,4.6,5.2,4.4,1.2,1.6,14.6,12.4,2013,26,0
1,29,1,1,6,20.0,20.0,0.4,0.6,14.2,11.6,4.6,3.0,6.0,5.4,1.2,1.4,11.2,15.0,2013,28,1
8,28,2,2,1,40.0,20.0,0.8,0.2,10.6,11.8,2.8,3.4,5.0,5.2,1.6,0.6,12.8,18.4,2013,28,1
14,12,6,0,6,40.0,20.0,1.2,0.6,16.4,9.2,3.4,2.2,6.0,3.0,1.0,2.8,10.2,21.8,2013,28,2
18,10,1,0,-16,100.0,40.0,4.8,0.6,21.2,11.2,7.8,4.2,6.8,3.4,0.8,1.0,10.6,12.0,2013,28,2
22,19,0,1,10,40.0,60.0,1.2,2.6,16.8,12.2,5.0,4.2,7.0,5.6,0.8,1.4,11.2,14.6,2013,28,0
33,32,3,3,2,20.0,0.0,0.8,1.0,14.2,11.8,4.8,2.6,4.2,4.8,1.2,2.0,17.2,16.0,2013,28,1
9,17,2,1,-4,80.0,20.0,2.0,2.0,16.0,13.0,6.4,5.6,7.2,6.6,1.0,2.0,10.6,14.2,2013,29,2
11,26,2,1,-8,40.0,20.0,2.2,1.2,19.2,9.6,8.2,3.2,9.0,4.2,1.0,1.4,12.0,11.8,2013,29,2
21,0,0,1,12,80.0,60.0,2.4,2.2,18.6,15.2,6.4,5.2,6.2,6.0,0.8,1.6,11.2,12.4,2013,29,0
30,27,3,0,-8,20.0,0.0,0.8,1.2,17.0,8.4,5.4,3.2,7.6,3.0,1.8,3.0,10.8,19.6,2013,29,2
0,8,2,0,-14,60.0,0.0,1.4,0.2,11.8,9.6,5.0,2.8,6.0,3.6,0.2,1.4,10.8,22.2,2014,1,2
10,22,1,1,7,40.0,20.0,0.6,0.8,12.0,10.6,4.0,3.2,4.4,3.6,1.0,2.8,11.8,24.0,2014,1,1
12,33,2,1,2,20.0,0.0,1.4,0.6,14.8,10.0,6.0,2.4,5.8,3.6,2.2,2.2,15.2,17.6,2014,1,2
17,14,2,0,-11,100.0,0.0,4.0,0.6,27.4,8.4,9.0,2.6,6.6,2.6,0.8,1.8,10.2,15.0,2014,1,2
19,30,1,2,-4,60.0,60.0,1.4,1.4,14.2,16.4,5.0,4.8,7.2,6.6,1.0,2.0,9.6,12.4,2014,1,0
26,9,0,3,11,40.0,40.0,2.2,1.8,16.6,16.0,6.2,5.0,6.2,5.0,1.6,1.6,8.6,10.2,2014,1,0
27,11,1,1,7,60.0,60.0,1.6,1.2,12.8,14.2,3.0,4.0,4.2,5.4,0.8,0.4,12.8,13.0,2014,1,1
28,1,0,1,2,40.0,20.0,1.4,1.2,10.8,10.6,3.4,3.6,4.2,3.8,1.4,1.6,19.0,16.6,2014,1,0
29,18,2,3,7,20.0,40.0,1.6,1.8,12.8,16.8,4.2,5.6,8.8,6.2,1.2,1.6,11.6,11.2,2014,1,0
32,21,1,0,-8,20.0,60.0,1.4,1.2,14.4,12.0,4.8,4.0,7.2,3.8,1.6,1.0,11.2,13.8,2014,1,2
8,33,0,2,8,20.0,0.0,1.0,0.8,12.0,9.2,3.6,2.2,5.0,3.2,2.0,2.6,15.0,21.6,2014,11,0
11,22,2,0,-5,60.0,20.0,2.6,1.0,19.4,10.8,8.8,4.0,8.0,3.8,1.2,1.6,11.2,21.2,2014,11,2
12,28,1,4,-5,40.0,20.0,1.6,0.6,17.8,14.2,7.0,5.0,7.4,6.0,1.8,0.8,15.4,16.6,2014,11,0
14,9,0,2,15,40.0,60.0,2.2,2.4,15.6,15.6,5.6,5.6,6.4,5.0,1.0,1.2,9.4,9.6,2014,11,0
19,29,2,0,-8,40.0,20.0,1.0,0.8,13.6,13.0,5.2,3.0,7.4,6.4,1.0,1.4,9.4,14.6,2014,11,2
26,32,1,0,6,20.0,0.0,1.8,1.4,15.0,13.2,5.4,3.4,5.4,4.0,2.2,1.8,10.6,15.6,2014,11,2
30,10,2,0,-13,20.0,40.0,1.2,0.6,18.0,10.6,5.6,4.2,7.6,3.8,1.8,0.8,9.2,14.8,2014,11,2
21,18,0,2,14,60.0,60.0,2.0,2.2,17.8,16.6,5.4,5.2,6.4,6.2,1.0,1.6,10.8,11.8,2014,12,0
27,17,3,5,6,60.0,20.0,1.6,2.2,13.0,12.2,3.2,5.6,3.6,6.0,0.8,2.0,14.0,14.0,2014,12,0
1,0,1,2,11,20.0,60.0,0.6,2.0,12.8,15.4,4.6,5.4,4.8,5.6,1.0,1.6,11.6,12.0,2014,13,0
0,12,2,0,-8,60.0,20.0,1.4,0.6,15.0,10.0,4.8,2.6,7.8,2.6,0.2,3.6,10.0,22.0,2014,18,2
10,27,1,0,5,40.0,0.0,0.8,0.8,12.0,6.8,4.0,2.4,5.4,2.8,0.8,3.0,11.4,19.8,2014,18,2
17,1,2,2,-8,100.0,40.0,3.6,1.4,27.2,11.6,8.8,4.2,6.6,4.0,0.6,1.6,9.2,16.6,2014,18,1
18,8,4,2,-16,100.0,0.0,3.6,0.2,20.4,10.0,6.8,2.4,7.2,3.6,0.8,1.8,11.0,21.6,2014,18,2
22,14,1,0,-7,40.0,0.0,1.2,0.6,13.6,8.4,3.8,1.8,6.0,2.6,1.0,2.0,11.4,15.4,2014,18,2
28,26,2,2,3,20.0,20.0,1.0,1.2,12.6,10.0,2.8,3.2,5.2,3.8,1.4,1.6,18.4,11.8,2014,18,1
33,21,1,3,-6,20.0,60.0,1.4,1.0,14.0,10.6,5.2,3.8,4.4,4.0,1.8,0.8,20.0,14.8,2014,18,0
9,19,3,1,2,80.0,60.0,2.0,2.2,15.8,11.6,6.6,4.0,7.4,5.4,1.0,1.2,9.2,14.6,2014,19,2
29,30,1,3,4,20.0,80.0,2.0,1.8,13.8,15.0,4.0,4.4,8.6,6.2,1.8,2.2,11.4,14.0,2014,19,0
32,11,1,1,2,20.0,40.0,1.2,1.0,15.2,14.4,4.8,4.0,5.8,5.2,1.6,0.6,10.6,12.2,2014,20,1
10,14,1,0,0,60.0,0.0,1.0,0.4,12.6,8.4,4.8,1.4,5.4,3.2,0.8,1.4,11.8,17.4,2014,28,2
17,11,4,0,1,80.0,40.0,3.2,1.2,23.6,14.0,8.0,4.4,5.2,4.2,1.0,0.8,10.8,13.2,2014,28,2
19,8,2,0,-17,40.0,0.0,1.2,0.6,15.8,9.8,5.8,3.2,7.0,4.4,1.0,2.2,10.0,23.0,2014,28,2
22,21,0,0,-5,40.0,60.0,0.8,1.4,15.6,12.8,3.4,4.8,7.2,3.8,0.8,1.0,11.0,10.8,2014,28,1
26,0,2,2,10,20.0,80.0,1.2,2.4,15.6,15.0,5.0,5.8,5.0,5.4,2.0,1.6,9.4,13.2,2014,28,1
29,12,2,0,-3,20.0,20.0,1.6,0.6,13.0,10.8,3.4,2.8,7.4,2.8,1.8,3.2,12.4,20.0,2014,28,2
1,32,4,3,7,0.0,0.0,0.4,1.0,11.6,11.8,4.4,3.2,4.4,4.0,1.4,1.6,11.6,15.8,2014,29,2
9,33,0,0,-7,100.0,20.0,2.2,1.0,15.0,8.8,6.4,2.0,6.6,4.2,0.8,2.0,9.0,22.4,2014,29,1
28,27,1,0,4,0.0,0.0,1.2,0.2,13.6,9.0,3.4,2.2,6.0,2.8,1.8,2.6,17.0,18.8,2014,29,2
30,18,1,5,3,40.0,80.0,1.6,2.6,13.8,14.6,3.6,5.6,6.4,4.6,1.6,1.4,10.4,13.4,2014,29,0
8,22,2,1,7,20.0,20.0,0.6,0.8,13.0,11.2,4.2,4.2,6.2,3.8,2.0,1.6,13.8,21.6,2014,1,2
11,1,2,1,-9,80.0,40.0,2.4,1.4,20.4,11.0,7.4,3.4,8.8,4.2,0.6,1.6,11.4,17.2,2014,1,2
12,26,0,3,-2,40.0,20.0,1.6,1.6,19.4,11.4,7.4,4.0,7.8,4.0,2.2,1.6,13.2,12.0,2014,1,0
14,30,1,1,13,40.0,100.0,2.2,2.4,14.6,14.6,5.6,4.4,4.4,5.2,1.2,1.2,10.4,13.6,2014,1,1
21,28,0,3,-1,40.0,40.0,1.6,1.4,16.2,14.0,5.4,5.6,6.2,5.8,1.2,0.6,11.6,16.6,2014,1,0
27,19,2,1,12,40.0,60.0,1.8,2.0,12.2,10.4,3.0,3.8,5.2,4.6,1.8,1.4,14.4,14.4,2014,1,2
33,29,2,0,1,20.0,0.0,1.6,0.4,14.6,11.4,5.4,2.4,3.6,5.8,1.8,1.6,19.8,16.0,2014,1,2
0,10,2,0,-14,60.0,20.0,1.4,0.4,17.6,11.6,5.6,4.2,7.6,5.2,0.2,1.2,9.6,13.8,2014,2,2
32,17,1,1,1,20.0,40.0,1.0,2.6,15.8,12.6,5.2,6.4,5.8,5.0,1.4,2.0,10.2,13.0,2014,2,1
18,9,0,1,-1,100.0,60.0,3.2,2.2,22.2,14.4,6.6,5.0,8.4,5.6,1.2,1.2,9.8,10.0,2014,3,0
1,33,0,2,5,20.0,20.0,1.2,1.0,11.0,6.8,4.8,1.8,3.6,4.0,2.0,1.8,12.6,28.2,2014,8,0
9,21,3,0,-13,80.0,60.0,1.6,1.4,19.6,14.4,6.8,4.8,7.6,5.0,0.6,0.4,7.4,10.0,2014,8,2
10,32,3,1,10,60.0,0.0,1.0,1.4,13.2,11.4,4.4,3.8,6.4,4.0,0.8,2.0,12.2,15.0,2014,8,2
17,0,5,1,3,80.0,60.0,3.0,2.2,22.0,13.4,7.4,5.4,5.4,5.8,0.8,2.0,11.6,13.8,2014,8,2
22,18,0,0,9,20.0,80.0,0.6,3.0,15.4,16.4,3.2,6.6,7.6,5.0,0.8,1.2,12.8,11.8,2014,8,1
26,27,2,2,1,20.0,0.0,1.2,0.2,14.0,11.0,4.2,2.6,4.8,2.8,1.8,2.0,9.6,17.6,2014,8,1
28,14,0,2,-1,20.0,0.0,0.8,0.4,14.4,9.6,4.0,1.8,5.2,3.6,1.0,1.2,16.0,16.0,2014,8,0
29,8,3,0,-9,20.0,0.0,1.4,0.6,13.2,8.4,3.8,2.8,7.4,4.4,1.8,2.6,12.6,23.0,2014,8,2
19,12,2,2,-11,60.0,20.0,1.6,0.6,15.6,11.8,5.6,3.6,6.6,3.8,0.8,3.0,8.4,18.2,2014,9,1
30,11,1,0,-1,40.0,20.0,1.4,1.0,12.6,14.6,3.2,4.4,5.6,5.0,2.2,1.6,13.6,13.6,2014,9,2
8,1,0,0,3,40.0,20.0,1.0,1.0,13.8,10.6,4.4,3.0,7.0,4.0,1.6,1.6,16.2,15.6,2014,11,1
14,26,0,1,4,20.0,40.0,1.8,2.0,14.0,13.0,5.6,4.8,4.8,4.2,1.2,1.0,12.4,10.4,2014,11,0
32,9,1,1,5,20.0,60.0,0.8,1.6,15.8,14.2,5.8,5.2,5.8,5.8,1.0,0.6,9.6,12.6,2014,11,1
33,22,2,0,-1,20.0,20.0,1.4,0.8,12.2,13.8,3.8,4.4,4.0,6.6,1.8,1.0,21.8,18.8,2014,11,2
0,19,0,0,3,60.0,60.0,1.4,1.8,15.8,12.6,5.4,4.0,6.6,5.2,0.2,1.4,10.2,15.0,2014,12,1
12,17,2,3,5,40.0,40.0,1.4,2.6,17.8,13.2,7.0,6.2,6.8,4.6,2.4,1.6,13.0,13.0,2014,12,0
21,30,0,4,11,20.0,80.0,1.2,2.2,19.0,14.8,6.2,4.0,7.0,5.8,1.6,1.2,12.0,12.2,2014,12,0
27,29,1,1,4,60.0,0.0,2.2,0.4,11.4,13.6,3.8,1.6,6.2,7.2,2.0,1.4,15.4,13.8,2014,12,1
0,28,4,1,-13,60.0,60.0,1.2,2.0,17.0,15.8,5.4,6.4,7.0,5.2,0.0,0.6,9.0,19.6,2014,22,2
8,14,0,4,0,20.0,20.0,0.8,0.6,14.0,12.8,4.4,3.2,6.8,4.6,1.6,1.0,17.4,15.2,2014,22,0
9,11,1,0,-3,80.0,20.0,1.8,0.8,20.0,14.4,7.0,4.2,8.2,6.0,0.4,1.6,7.8,13.0,2014,22,2
10,19,0,2,17,60.0,40.0,1.2,1.2,11.4,11.0,4.6,3.4,5.6,5.4,1.0,1.4,13.4,15.0,2014,22,0
18,27,1,0,-11,80.0,0.0,2.6,0.6,22.8,9.8,5.8,3.0,9.8,2.6,1.4,2.4,11.6,18.4,2014,22,2
32,12,1,1,-4,20.0,20.0,1.0,0.8,13.0,9.8,3.6,3.6,4.8,3.6,0.8,2.6,11.0,20.0,2014,22,1
33,26,3,1,-4,40.0,60.0,1.8,2.0,12.4,14.6,4.8,5.6,4.6,4.0,1.8,0.8,20.6,9.6,2014,22,2
17,29,4,3,-2,80.0,0.0,3.2,0.4,20.0,14.2,8.0,1.8,5.0,7.2,0.8,1.4,12.2,12.0,2014,23,2
21,1,1,0,1,20.0,20.0,1.0,1.0,18.4,12.2,6.2,3.8,6.4,4.4,2.2,1.2,13.4,13.6,2014,23,2
22,30,1,0,6,20.0,80.0,0.4,2.6,13.6,13.4,3.0,4.6,6.8,5.0,0.6,1.0,13.8,12.6,2014,23,2
11,33,1,0,-4,80.0,40.0,2.0,1.2,18.6,7.2,6.2,2.0,9.6,5.2,0.8,1.0,11.4,25.0,2014,1,2
12,9,1,3,9,20.0,60.0,1.4,1.4,15.4,14.2,5.6,4.8,7.4,7.0,3.0,0.2,15.2,13.2,2014,1,0
14,21,1,4,2,20.0,40.0,1.8,1.2,13.8,15.0,5.6,5.4,3.8,5.2,1.4,1.0,13.4,12.0,2014,1,0
26,17,0,3,7,20.0,40.0,1.4,2.2,14.4,13.2,4.4,5.6,5.2,3.8,2.0,2.0,8.0,13.2,2014,1,0
27,0,1,0,9,40.0,60.0,1.8,1.8,11.0,13.2,4.0,5.4,5.6,5.4,1.8,1.8,15.0,13.8,2014,1,2
1,22,4,1,4,20.0,0.0,1.2,0.4,10.8,14.8,3.8,5.0,4.6,7.0,1.8,1.4,11.8,16.0,2014,2,2
29,10,1,1,-9,40.0,20.0,1.8,0.4,14.4,11.0,4.6,4.0,6.0,5.4,1.6,1.4,12.2,14.0,2014,2,1
30,8,1,0,-13,60.0,0.0,1.6,0.6,12.4,7.8,3.6,2.6,7.0,4.0,1.2,2.8,11.6,22.6,2014,2,2
8,12,3,1,6,20.0,0.0,0.8,0.6,16.8,8.2,5.4,2.8,7.4,3.2,1.8,2.6,17.6,20.8,2014,8,2
9,30,4,0,-2,80.0,60.0,1.8,2.0,21.2,12.6,7.2,4.4,7.2,4.6,0.4,0.8,7.8,12.8,2014,8,2
10,26,0,1,4,60.0,40.0,1.2,1.6,12.6,17.4,5.0,5.4,6.2,5.6,0.8,1.4,13.6,9.8,2014,8,0
22,27,1,1,-2,40.0,0.0,0.4,0.4,13.8,9.0,3.0,2.8,6.8,2.8,0.2,1.6,12.6,16.8,2014,8,1
32,19,0,3,7,20.0,40.0,1.0,1.0,13.4,11.2,4.0,3.6,4.6,5.2,0.8,1.0,11.2,14.6,2014,8,0
1,9,1,0,12,40.0,80.0,2.0,2.0,10.8,15.0,3.8,5.6,4.4,6.6,1.8,0.4,10.8,13.2,2014,15,2
11,8,2,1,-12,80.0,0.0,1.4,0.4,18.6,7.4,5.4,2.4,9.4,4.4,0.6,2.4,9.4,20.2,2014,15,2
12,21,1,0,-4,20.0,40.0,1.2,1.4,14.4,15.8,5.2,5.6,7.6,4.4,2.8,1.2,15.2,12.8,2014,15,2
14,18,0,2,16,20.0,80.0,1.6,2.8,13.0,16.8,5.2,6.4,3.8,7.0,1.6,1.0,14.2,10.2,2014,15,0
26,22,4,2,3,20.0,0.0,1.0,0.6,14.6,13.4,3.8,4.8,5.4,6.0,2.0,2.2,7.8,14.4,2014,15,2
27,33,3,1,3,40.0,40.0,1.6,1.0,10.2,7.6,4.4,2.0,5.0,5.8,1.6,0.6,14.2,25.2,2014,15,2
28,10,0,0,-1,20.0,20.0,0.6,0.4,13.6,10.4,3.8,3.8,4.8,6.0,1.0,1.2,16.6,12.2,2014,15,1
29,32,1,2,1,40.0,0.0,1.8,1.6,13.2,12.2,5.0,4.6,5.4,4.2,1.4,2.4,10.8,14.8,2014,15,0
19,17,0,3,-6,60.0,60.0,2.0,2.6,20.2,13.2,6.6,5.6,7.8,3.8,1.0,1.6,7.8,11.8,2014,16,0
30,0,0,1,1,80.0,40.0,1.6,1.2,11.4,9.4,4.2,4.2,5.4,4.2,1.0,1.8,11.8,13.0,2014,16,0
8,17,3,6,11,40.0,80.0,1.0,3.0,17.4,15.0,5.8,6.2,7.6,4.2,1.6,1.2,16.2,12.2,2014,22,0
9,0,6,0,-1,80.0,40.0,2.2,1.2,21.4,8.6,7.0,3.8,7.4,4.4,0.2,1.8,7.4,14.2,2014,22,2
11,29,3,2,-3,100.0,0.0,1.8,1.0,17.2,15.4,4.8,2.6,9.2,6.8,0.6,2.0,8.8,12.4,2014,22,2
14,32,2,0,10,0.0,20.0,0.4,1.8,11.8,13.4,3.6,4.6,3.2,4.0,2.0,2.4,14.8,13.8,2014,22,2
18,12,5,0,-10,80.0,0.0,1.6,0.8,22.2,10.0,5.8,3.6,9.8,4.2,0.8,2.0,10.6,20.4,2014,22,2
21,10,1,0,-2,20.0,0.0,0.2,0.2,17.6,10.4,5.6,3.4,6.8,5.4,2.0,1.2,13.2,14.0,2014,22,2
22,28,2,0,-6,40.0,60.0,0.6,2.2,13.4,13.4,3.2,5.8,5.8,4.0,0.2,1.4,12.4,19.8,2014,22,2
33,19,0,2,9,60.0,40.0,2.2,1.4,12.0,12.6,4.8,4.0,5.6,5.6,1.4,1.0,19.8,14.4,2014,22,0
1,27,1,4,2,60.0,0.0,2.0,0.6,12.0,9.8,4.0,3.2,4.8,2.8,1.6,1.2,10.4,15.4,2014,23,0
30,26,3,2,-9,60.0,60.0,1.0,1.6,10.8,17.2,3.2,5.6,5.2,5.6,1.2,1.0,12.8,9.2,2014,23,2
0,29,2,2,-5,80.0,0.0,2.0,1.2,18.0,16.2,6.8,3.4,6.8,7.6,0.2,2.4,7.8,12.8,2014,25,1
19,18,0,3,-1,40.0,80.0,1.4,2.4,18.6,15.0,5.2,5.0,6.8,7.0,1.4,0.6,10.4,10.8,2014,25,0
21,11,0,3,10,40.0,0.0,0.4,0.4,19.6,13.2,6.6,3.4,7.8,6.0,1.8,1.6,12.6,15.4,2014,25,0
17,28,2,1,-10,80.0,40.0,3.4,2.0,18.8,12.8,8.6,5.0,3.8,4.6,1.2,1.8,13.0,17.4,2014,26,2
33,14,2,1,-8,60.0,40.0,1.6,1.2,10.8,14.0,3.8,3.8,6.8,4.6,1.2,0.8,18.6,17.0,2014,26,2
0,18,1,1,2,60.0,80.0,2.0,2.4,15.0,14.8,6.4,5.0,5.8,7.4,0.6,0.2,7.8,9.8,2014,29,1
10,9,1,0,15,60.0,60.0,1.0,1.4,11.2,15.8,4.4,5.0,6.0,6.0,0.8,0.6,14.2,13.4,2014,29,2
19,1,4,1,-14,40.0,20.0,1.2,0.8,17.4,11.4,4.8,3.4,5.2,3.2,1.6,1.0,11.2,15.8,2014,29,2
26,21,4,0,-2,40.0,40.0,1.8,1.4,15.4,16.4,4.6,5.6,5.4,5.0,1.8,1.2,6.8,12.6,2014,29,2
27,14,1,0,-5,60.0,40.0,2.0,1.4,11.6,14.0,5.4,4.4,5.8,4.8,1.6,0.8,12.6,15.4,2014,29,2
29,22,3,0,-2,40.0,0.0,1.6,0.8,13.2,13.0,5.0,4.4,4.6,5.4,1.2,2.8,10.6,15.0,2014,29,2
32,8,3,3,-10,0.0,0.0,0.8,0.6,13.6,7.8,3.8,2.6,4.6,5.0,1.4,2.4,12.2,18.4,2014,29,1
12,11,1,3,6,20.0,20.0,1.0,0.8,10.8,11.6,3.6,3.8,7.0,6.6,2.6,1.4,15.4,16.6,2014,30,0
17,30,4,0,2,80.0,40.0,3.4,1.6,19.6,12.0,8.8,4.0,3.8,5.0,1.4,1.4,13.4,12.0,2014,30,2
28,33,1,2,7,20.0,40.0,0.6,1.0,13.8,7.0,3.4,1.8,4.8,5.8,1.0,0.8,16.2,22.6,2014,31,0
1,12,1,2,3,60.0,0.0,2.0,0.8,12.2,9.6,3.6,3.2,5.2,3.8,2.0,2.6,10.8,20.4,2014,5,0
8,10,0,3,0,40.0,0.0,1.6,0.2,15.4,10.2,5.0,2.8,6.8,5.4,2.4,1.2,18.0,13.6,2014,5,0
9,27,3,0,-10,80.0,20.0,2.8,1.4,23.0,8.4,8.0,3.8,7.8,2.8,0.0,1.2,7.8,15.4,2014,5,2
14,29,1,0,9,20.0,0.0,0.8,1.6,12.2,15.2,4.2,3.4,3.8,6.6,1.6,2.4,15.4,12.2,2014,5,2
18,26,4,1,-12,80.0,60.0,2.2,1.6,22.6,16.2,7.0,4.8,11.0,4.8,0.6,1.2,9.4,10.2,2014,5,2
21,19,0,4,15,40.0,60.0,0.4,1.6,20.2,13.8,6.2,4.6,8.6,6.2,2.0,0.4,11.4,13.8,2014,5,0
22,32,0,1,3,40.0,20.0,0.8,1.2,11.2,12.4,4.0,4.0,5.4,4.0,0.2,2.2,12.4,13.0,2014,5,0
11,0,3,0,2,100.0,20.0,2.0,0.8,17.2,9.4,5.2,4.0,9.8,3.6,0.8,2.8,10.6,16.2,2014,6,2
33,17,1,2,3,80.0,80.0,1.8,3.2,10.4,16.2,4.0,6.2,6.8,5.0,0.8,1.2,16.8,11.4,2014,6,0
30,28,5,1,-12,60.0,40.0,1.2,1.8,11.8,11.0,3.6,4.0,5.6,4.2,1.6,1.8,12.4,18.4,2014,7,2
10,1,1,0,3,60.0,0.0,1.0,0.8,11.6,10.8,4.0,2.6,5.6,3.8,0.8,1.8,15.0,14.2,2014,12,2
12,22,1,0,1,20.0,0.0,1.0,0.8,12.0,12.2,4.2,4.6,6.0,5.2,2.4,3.0,16.2,13.6,2014,12,2
26,8,0,1,-4,40.0,0.0,2.4,0.8,16.4,8.6,5.8,2.4,6.0,3.8,1.8,2.2,7.0,16.8,2014,12,0
27,21,1,0,-3,80.0,20.0,1.6,0.8,12.0,13.6,5.2,4.2,5.2,5.4,0.6,1.8,11.0,15.0,2014,12,2
28,11,0,1,11,20.0,40.0,0.8,1.2,15.6,11.8,4.6,4.4,4.4,7.4,1.2,1.4,15.8,18.4,2014,12,0
32,30,3,3,3,0.0,20.0,1.2,1.0,14.0,12.8,3.8,3.8,4.6,6.0,1.8,2.0,11.8,11.6,2014,12,1
17,18,3,2,5,100.0,60.0,3.8,2.2,19.0,15.0,8.6,4.6,4.4,7.4,1.0,0.4,14.0,9.2,2014,13,2
29,9,0,1,6,60.0,40.0,2.0,1.0,13.8,17.2,5.8,4.4,4.4,7.2,0.6,0.8,10.0,14.2,2014,13,0
0,33,3,1,-6,40.0,40.0,1.8,1.0,12.6,7.2,5.4,2.4,6.2,5.0,0.8,1.0,9.2,24.0,2014,15,2
11,10,2,3,-12,100.0,20.0,2.2,0.8,15.4,10.0,5.8,4.0,8.4,3.8,0.8,0.8,11.2,14.2,2014,16,0
18,28,2,2,-15,80.0,20.0,2.8,1.2,21.0,10.6,7.8,3.6,9.6,3.4,0.8,2.6,8.6,20.8,2014,16,1
1,26,0,0,1,40.0,40.0,1.4,1.2,12.6,13.8,3.6,4.0,5.0,5.6,1.8,2.0,11.6,11.6,2014,19,1
8,27,1,1,5,20.0,20.0,1.2,1.4,15.2,6.4,4.8,3.2,7.4,2.8,2.8,1.6,15.2,15.8,2014,19,1
9,28,1,2,-14,100.0,0.0,3.4,1.0,18.8,9.6,7.8,3.2,6.6,4.0,0.0,3.0,8.4,18.4,2014,19,0
21,29,1,2,7,40.0,0.0,0.4,1.6,17.4,13.6,5.0,3.8,8.0,4.8,2.2,2.2,9.8,11.6,2014,19,0
30,12,3,1,-7,80.0,20.0,2.0,1.2,16.8,9.8,5.4,4.0,6.6,3.6,0.8,2.4,9.2,20.0,2014,19,2
33,10,0,1,-8,60.0,40.0,1.6,1.4,10.4,9.4,3.4,4.4,6.0,3.4,1.2,0.8,16.2,15.4,2014,19,0
11,19,2,0,5,80.0,80.0,2.2,2.2,16.2,11.6,5.6,4.6,8.4,5.2,1.2,0.0,11.8,14.0,2014,20,2
14,0,0,3,14,40.0,20.0,0.8,0.4,12.0,11.0,4.2,4.2,4.4,3.8,1.4,3.0,14.0,16.4,2014,20,0
22,17,2,3,4,40.0,100.0,0.8,3.4,11.8,17.2,4.4,7.2,5.4,5.0,0.4,1.2,9.6,11.2,2014,20,0
18,32,3,1,-6,60.0,40.0,2.4,1.4,19.4,13.2,6.8,4.6,8.2,3.8,0.8,2.0,9.4,11.8,2014,21,2
12,14,2,2,-6,40.0,40.0,1.2,1.4,13.2,13.0,4.0,5.0,6.8,3.4,1.8,0.8,15.4,13.4,2014,26,1
19,22,4,0,-10,40.0,0.0,1.6,0.6,16.0,9.4,5.0,4.0,4.6,4.0,1.8,2.8,10.6,13.6,2014,26,2
26,11,2,0,8,40.0,60.0,2.0,1.4,17.6,12.2,6.2,4.2,5.6,7.0,1.6,0.6,6.8,19.2,2014,26,2
27,30,0,1,8,80.0,20.0,1.4,1.4,11.4,13.0,4.6,4.8,4.6,4.4,0.4,2.4,9.8,11.0,2014,26,0
29,1,4,1,-6,40.0,0.0,1.6,0.4,12.4,9.8,5.2,2.8,4.4,4.0,0.8,1.6,12.2,14.2,2014,26,2
32,33,1,0,-2,0.0,40.0,1.6,1.2,12.8,9.4,4.0,2.6,4.4,5.0,2.2,1.6,13.4,19.0,2014,26,2
10,18,0,2,16,60.0,40.0,1.0,1.6,11.8,12.8,4.2,3.6,4.4,7.8,0.8,0.8,13.8,10.4,2014,27,0
17,9,0,2,4,100.0,40.0,3.6,1.0,17.0,18.8,7.6,3.8,4.8,8.4,1.4,0.8,13.0,10.6,2014,27,0
28,8,4,0,-1,20.0,20.0,0.4,1.0,18.4,8.4,4.8,3.0,4.8,3.8,1.0,1.8,16.4,17.2,2014,27,2
0,21,3,0,-12,40.0,20.0,2.0,0.8,13.2,11.8,5.8,3.8,5.8,5.0,1.0,2.0,9.6,15.2,2014,28,2
1,14,3,1,-3,40.0,40.0,1.4,1.8,10.6,12.0,3.6,5.0,4.4,3.2,1.4,1.0,10.2,12.8,2014,3,2
11,18,2,3,4,80.0,60.0,2.4,2.0,15.2,13.0,6.0,4.4,7.4,6.6,1.2,0.8,12.4,9.6,2014,3,0
19,28,0,1,-16,40.0,20.0,2.0,1.2,17.6,9.6,6.2,3.2,4.6,4.2,1.8,2.4,11.0,22.2,2014,3,0
21,8,3,0,-2,40.0,20.0,0.6,1.0,17.6,8.2,4.8,3.0,6.8,4.6,1.8,2.0,8.8,18.0,2014,3,2
27,12,4,1,1,80.0,20.0,1.2,1.0,13.4,10.8,4.4,4.2,5.0,4.4,0.4,2.6,10.4,16.6,2014,3,2
29,26,0,1,-5,40.0,20.0,1.8,1.0,11.2,11.2,5.6,3.0,5.2,5.8,1.0,2.0,13.0,10.4,2014,3,0
33,30,2,0,5,40.0,20.0,1.2,0.8,10.6,13.2,2.8,4.0,5.6,3.8,1.4,2.4,15.8,11.8,2014,3,2
0,32,1,0,-4,60.0,40.0,2.6,1.0,13.8,12.8,6.4,4.4,7.6,3.6,1.0,1.8,10.0,13.6,2014,4,2
9,22,0,0,-8,80.0,0.0,3.0,0.6,21.4,8.6,9.2,3.2,7.4,3.6,0.4,3.2,7.4,16.2,2014,4,1
10,17,3,3,11,40.0,100.0,0.4,3.4,10.4,15.8,3.4,7.0,4.4,4.6,1.0,1.2,13.8,11.8,2014,5,1
19,14,3,1,-17,40.0,20.0,1.6,1.6,14.8,8.4,4.8,3.6,4.2,3.0,1.6,1.6,11.4,14.4,2014,6,2
18,1,4,0,-13,80.0,0.0,3.0,0.4,18.2,11.2,7.4,3.2,7.4,5.0,0.8,2.0,7.8,13.8,2014,7,2
28,32,2,0,9,20.0,40.0,1.0,0.8,19.4,11.8,5.0,3.4,6.6,4.2,1.0,1.4,14.8,14.6,2014,7,2
8,9,1,2,15,20.0,60.0,1.4,1.2,15.4,18.0,5.0,3.8,8.4,7.4,3.0,0.6,14.4,13.4,2014,11,0
12,10,2,2,-6,40.0,60.0,1.2,1.4,13.2,10.2,4.0,4.2,6.8,4.8,1.6,0.6,12.8,16.6,2014,11,1
14,11,0,2,12,40.0,60.0,0.8,1.4,12.2,11.8,4.2,4.0,5.4,7.0,1.8,0.8,13.2,20.4,2014,11,0
17,21,2,1,-9,80.0,20.0,2.6,0.8,17.8,11.0,6.8,3.2,6.4,4.0,1.6,2.0,13.0,15.6,2014,11,2
18,33,2,0,-8,80.0,20.0,3.6,0.8,18.0,9.2,7.8,2.8,7.2,4.2,0.8,1.8,7.4,19.6,2014,11,2
22,0,0,2,7,40.0,40.0,1.2,0.8,13.0,11.2,5.0,4.2,6.2,2.6,1.0,2.0,9.4,14.6,2014,11,0
26,19,1,1,13,60.0,80.0,2.0,2.2,17.0,12.2,6.0,4.6,5.0,5.2,1.2,0.4,7.6,14.0,2014,11,1
28,29,1,3,8,40.0,20.0,1.4,1.8,20.0,13.0,5.2,3.6,7.2,5.4,0.6,2.2,12.4,13.0,2014,11,0
30,1,3,0,-10,80.0,0.0,2.4,0.4,18.0,8.6,6.0,2.0,5.6,3.6,1.0,2.8,9.2,15.0,2014,11,2
32,27,1,2,-5,20.0,20.0,1.6,1.2,14.2,8.2,5.0,3.4,4.8,3.4,2.0,1.4,12.2,15.0,2014,11,0
0,10,2,1,-7,60.0,60.0,2.0,1.8,14.4,10.8,5.4,4.4,8.0,5.2,0.8,1.0,10.8,15.8,2014,16,2
19,29,1,2,-5,60.0,40.0,2.2,1.8,15.8,11.8,6.0,3.4,5.2,5.0,1.2,1.6,8.4,12.8,2014,16,0
23,14,0,1,2,20.0,0.0,1.0,1.0,13.6,6.4,6.0,2.8,3.2,2.6,1.4,2.2,11.4,13.4,2014,16,0
27,1,0,1,-6,80.0,0.0,1.8,0.4,16.4,7.4,5.2,1.8,5.0,3.6,0.6,3.2,10.4,12.8,2014,16,0
32,28,2,2,3,20.0,40.0,1.6,1.4,14.4,9.2,4.8,3.0,5.4,3.2,2.2,2.0,13.8,22.8,2014,16,1
33,30,0,1,7,40.0,20.0,1.0,0.8,12.6,13.8,3.4,4.2,6.6,4.4,1.2,2.6,13.2,13.2,2014,16,0
17,26,2,1,-6,80.0,40.0,2.2,1.0,16.2,9.8,5.8,2.8,7.0,4.6,1.2,1.4,11.8,10.8,2014,17,2
21,18,0,2,9,40.0,60.0,1.0,2.2,17.4,15.0,5.0,5.0,6.8,6.4,1.8,1.2,10.0,8.4,2014,17,0
1,21,0,0,5,40.0,0.0,1.2,0.2,11.6,9.2,4.6,2.2,4.8,3.8,1.4,2.2,10.2,15.6,2014,23,1
10,33,1,3,-2,40.0,20.0,1.0,0.8,9.4,8.6,3.4,2.6,4.6,3.4,1.2,2.0,16.2,20.8,2014,23,0
11,0,2,2,1,60.0,60.0,2.4,1.2,13.2,12.0,5.6,5.4,6.2,2.6,1.6,1.8,14.0,15.2,2014,23,1
26,32,0,0,-9,60.0,20.0,2.2,0.4,17.4,11.8,6.8,3.2,5.6,4.0,0.8,1.6,6.8,13.6,2014,23,1
14,27,1,1,7,40.0,40.0,0.6,1.6,12.0,9.8,4.2,3.8,5.4,4.0,1.4,1.4,12.0,14.6,2014,24,1
28,19,1,1,7,40.0,60.0,1.6,2.0,20.2,11.0,5.6,4.0,7.2,4.8,1.2,0.6,11.6,14.0,2014,24,1
30,23,4,0,-12,80.0,0.0,2.8,0.8,17.4,14.0,6.0,7.0,5.8,4.8,1.0,1.8,8.4,14.6,2014,24,2
18,17,3,1,-1,80.0,80.0,3.0,3.4,19.2,18.6,6.8,7.8,7.0,4.8,0.8,1.8,6.8,11.2,2014,25,2
11,9,3,6,2,40.0,80.0,2.2,1.6,13.0,19.4,4.8,3.8,5.8,7.8,1.6,0.6,12.4,13.2,2014,30,0
18,27,0,1,-8,80.0,40.0,2.8,1.6,18.0,12.4,6.0,3.8,7.2,4.8,0.8,1.4,8.0,13.8,2014,30,0
21,10,3,3,-1,20.0,60.0,0.8,2.0,15.6,10.0,3.4,4.6,5.6,4.8,2.2,1.2,11.0,14.4,2014,30,1
23,28,1,0,4,0.0,40.0,0.4,1.6,14.4,8.2,5.6,2.6,4.0,3.0,1.4,2.0,12.2,20.6,2014,30,2
29,32,3,0,-5,60.0,20.0,1.6,0.4,11.2,10.0,5.4,2.8,5.2,4.0,0.6,1.2,15.0,12.8,2014,30,2
33,26,1,3,5,40.0,20.0,1.0,1.0,14.2,10.0,4.0,3.4,5.8,5.2,1.0,1.8,12.0,12.0,2014,30,0
1,14,2,1,-1,20.0,20.0,1.0,1.0,10.8,6.6,3.8,3.0,5.4,3.4,1.4,1.8,9.4,15.4,2014,31,2
30,17,0,3,4,100.0,60.0,3.6,3.0,17.6,17.4,6.6,7.0,6.2,5.4,0.8,2.4,8.8,10.4,2014,31,0
0,18,2,2,3,80.0,60.0,2.0,2.0,14.6,15.0,5.8,5.2,8.4,5.4,0.6,1.2,10.0,8.8,2014,13,1
9,29,4,2,-9,60.0,60.0,2.4,1.8,24.0,8.6,9.6,2.8,7.4,2.6,0.4,1.2,7.0,13.8,2014,13,2
17,1,0,1,-13,80.0,20.0,2.2,0.4,14.4,6.8,5.4,2.0,6.8,4.2,1.2,2.4,11.8,13.4,2014,13,0
26,21,4,0,-2,40.0,0.0,1.4,0.2,15.8,9.0,6.0,2.4,4.6,3.8,0.4,2.0,7.2,15.0,2014,13,2
28,30,2,2,8,40.0,40.0,1.6,1.0,17.2,14.6,4.8,4.6,6.4,4.6,1.0,1.8,11.4,14.4,2014,13,1
32,11,0,2,12,20.0,60.0,2.0,1.6,13.6,13.4,5.2,3.8,6.0,5.8,2.0,1.0,12.4,16.8,2014,13,0
19,23,4,0,-11,60.0,0.0,2.4,0.4,16.6,12.2,6.2,5.0,5.0,4.8,1.0,2.0,6.8,16.2,2014,14,2
14,33,2,2,3,40.0,40.0,0.8,1.2,10.8,10.4,3.6,3.8,5.6,4.4,1.2,1.6,14.2,19.2,2014,15,1
1,0,0,3,11,40.0,40.0,1.2,1.6,10.6,15.6,4.0,5.6,5.0,4.6,0.8,1.2,9.2,11.0,2014,20,0
21,14,2,2,-6,20.0,20.0,1.4,1.2,16.0,7.4,3.6,3.0,6.0,4.6,2.2,2.0,11.8,14.6,2014,20,1
23,27,2,2,9,20.0,40.0,0.4,1.0,16.8,11.8,6.2,3.2,4.4,5.0,1.2,1.2,12.2,14.6,2014,20,1
29,26,0,1,4,60.0,40.0,1.6,1.2,11.0,11.2,5.6,4.2,3.8,6.4,0.6,1.4,16.6,9.8,2014,20,0
33,17,3,1,11,20.0,60.0,0.8,2.4,13.2,17.0,3.8,6.8,5.4,4.8,1.4,1.8,13.6,10.0,2014,20,2
11,10,2,3,-6,20.0,40.0,2.2,2.0,13.6,9.8,4.6,4.4,6.8,5.0,2.8,1.8,11.8,15.4,2014,21,0
18,9,1,1,-2,80.0,100.0,2.4,2.8,18.0,17.6,5.6,5.0,8.8,5.6,0.6,1.0,7.2,13.8,2014,21,1
30,32,0,1,-11,80.0,0.0,3.0,0.2,16.0,11.6,5.6,2.2,6.2,4.8,1.0,1.8,9.8,13.4,2014,21,0
0,30,1,1,-2,80.0,40.0,2.2,1.4,15.6,14.6,6.4,5.0,7.2,4.2,0.8,1.4,10.0,13.4,2014,27,1
9,1,3,0,-12,60.0,40.0,2.0,0.6,25.6,6.4,9.2,1.4,7.4,4.6,0.8,2.2,6.8,14.2,2014,27,2
14,18,2,4,15,20.0,60.0,0.8,2.2,10.6,15.0,3.8,6.0,5.4,4.8,1.6,1.4,14.0,9.8,2014,27,0
17,11,1,1,-3,60.0,60.0,1.4,1.4,15.8,12.8,4.6,3.2,7.2,4.8,1.4,0.8,9.8,14.4,2014,27,1
19,33,2,1,-6,60.0,20.0,2.4,1.2,18.6,11.4,6.8,3.4,5.6,5.8,0.8,1.8,6.6,16.2,2014,27,2
26,23,2,1,-10,40.0,0.0,1.4,0.0,13.2,10.2,5.2,3.2,4.2,3.8,0.4,2.2,8.0,18.2,2014,27,2
28,29,0,0,2,40.0,60.0,2.0,1.8,13.6,9.2,3.8,2.8,6.2,3.4,1.2,1.6,10.4,17.0,2014,27,1
27,21,1,0,-1,40.0,0.0,1.0,0.2,17.2,9.8,4.0,2.8,5.2,3.8,0.8,2.0,10.8,12.4,2014,29,2
1,18,0,2,14,40.0,80.0,1.0,2.6,9.4,16.4,3.2,6.2,5.6,5.0,1.0,1.2,7.8,9.8,2014,4,0
14,10,2,0,5,0.0,40.0,1.0,2.0,11.0,10.4,4.0,4.2,4.6,4.6,2.4,1.8,15.6,15.4,2014,4,2
17,32,2,1,-15,40.0,20.0,1.0,0.2,18.6,11.6,5.4,2.4,7.4,5.8,1.2,1.2,9.4,11.0,2014,4,2
28,27,3,1,5,20.0,40.0,1.2,1.4,12.4,12.6,3.0,3.6,6.0,4.6,1.2,1.0,10.6,15.2,2014,4,2
29,21,2,2,2,60.0,0.0,1.6,0.2,10.6,10.4,5.2,2.8,3.2,4.8,0.6,2.0,13.6,12.8,2014,4,1
9,0,2,0,-1,60.0,60.0,2.0,2.2,25.4,14.4,9.2,5.2,7.8,4.4,0.8,0.6,7.4,9.4,2014,5,2
19,11,2,1,2,60.0,40.0,2.0,1.4,15.2,11.0,5.2,3.6,6.0,4.0,1.0,1.0,7.4,14.4,2014,5,2
30,26,1,0,-2,60.0,60.0,2.0,1.2,11.6,12.4,3.6,4.8,6.4,5.4,1.0,0.6,10.2,7.8,2014,5,2
33,23,2,0,-5,40.0,0.0,1.2,0.2,13.6,10.6,5.0,2.6,6.0,3.4,1.2,2.2,12.4,19.2,2014,5,2
0,14,2,2,-12,60.0,20.0,1.8,1.2,16.0,7.8,6.0,2.8,9.4,4.6,0.8,2.0,8.8,17.6,2014,18,1
10,9,1,2,8,20.0,80.0,1.2,2.8,10.4,13.6,4.2,4.8,5.6,3.6,1.6,1.2,15.4,15.6,2014,18,0
11,1,3,0,-10,20.0,40.0,2.2,0.4,13.6,5.6,4.8,1.0,5.6,3.8,2.8,2.0,12.4,15.4,2014,18,2
18,30,4,1,-5,60.0,40.0,2.0,1.0,17.4,11.8,5.2,4.2,10.0,4.8,0.6,1.0,6.4,15.4,2014,18,2
26,28,8,0,-6,60.0,40.0,1.8,1.0,13.2,10.4,5.6,3.6,4.4,2.8,0.4,0.8,8.8,18.6,2014,18,2
23,17,2,3,16,20.0,40.0,0.8,2.2,16.0,15.8,5.0,6.2,5.4,5.0,1.2,2.2,11.6,10.4,2014,19,0
27,29,2,1,-3,40.0,60.0,1.0,1.8,17.6,8.2,4.0,2.6,4.8,3.2,0.8,1.4,11.4,18.4,2014,19,2
32,19,2,2,10,40.0,0.0,1.6,1.0,15.4,10.0,4.4,2.8,8.6,4.2,1.2,1.8,10.4,13.4,2014,20,1
17,14,0,0,-14,60.0,20.0,1.4,1.4,17.2,7.2,5.2,3.2,5.6,3.6,1.0,1.8,8.8,19.6,2014,25,1
26,27,1,0,-1,60.0,40.0,3.0,1.4,14.4,12.0,7.0,3.6,4.6,4.0,0.4,1.4,9.4,14.2,2014,25,2
28,0,0,2,10,20.0,40.0,1.4,1.6,12.0,14.0,2.8,4.0,6.4,4.8,1.4,1.0,10.2,7.8,2014,25,0
32,10,2,2,6,20.0,20.0,1.8,1.8,13.2,10.4,3.6,4.0,7.2,3.8,1.6,2.2,13.0,15.8,2014,25,1
33,18,2,1,12,60.0,80.0,1.6,2.6,13.2,18.6,4.8,6.4,6.8,4.8,1.0,1.2,12.2,10.4,2014,25,2
19,9,1,1,4,80.0,80.0,2.4,2.8,14.8,14.2,5.6,5.0,6.6,3.4,1.0,1.4,7.8,11.8,2014,26,1
30,21,1,2,-4,60.0,0.0,1.6,0.6,10.6,10.6,3.4,3.0,7.6,5.0,0.8,1.8,9.4,11.0,2014,26,0
23,1,2,0,3,20.0,40.0,1.2,0.4,16.2,6.6,5.0,1.4,6.2,4.2,1.6,1.8,12.0,14.8,2014,27,2
9,23,2,1,-15,80.0,0.0,2.2,0.2,20.2,9.6,6.8,2.2,6.2,3.0,0.4,2.6,8.0,18.8,2014,1,2
11,29,0,0,-7,20.0,40.0,2.4,1.6,13.2,8.8,5.0,3.2,5.0,2.6,2.8,1.6,12.6,19.0,2014,1,1
14,26,0,1,8,20.0,60.0,1.4,1.2,11.4,13.2,3.6,5.0,4.4,5.8,1.8,0.8,15.4,8.4,2014,1,0
21,17,1,0,8,40.0,40.0,1.8,2.2,19.2,16.0,4.6,6.0,7.6,4.8,1.4,2.2,11.6,10.8,2014,1,2
27,33,2,2,-4,60.0,40.0,1.4,1.8,17.6,14.2,4.0,4.4,4.6,7.4,0.8,1.6,10.8,14.6,2014,1,1
1,30,1,2,9,40.0,20.0,1.0,1.0,9.4,12.4,3.2,4.8,4.6,5.0,1.4,1.8,12.6,16.0,2014,2,0
18,19,1,0,-6,60.0,0.0,2.0,1.4,17.8,12.6,5.8,3.8,9.2,5.4,0.8,1.8,9.2,11.6,2014,2,2
10,28,1,3,-3,20.0,20.0,1.4,0.6,11.2,11.4,4.6,3.2,5.4,3.2,1.6,2.2,15.0,16.4,2014,3,0
7,14,1,0,2,0.0,20.0,0.6,1.2,13.2,8.0,3.4,3.4,4.4,3.8,1.8,1.2,13.8,19.4,2014,8,2
17,9,1,2,-1,40.0,60.0,1.0,2.6,18.0,10.4,5.0,4.4,7.2,3.2,0.8,1.4,8.4,13.6,2014,8,0
19,10,1,0,-4,60.0,20.0,2.0,1.8,15.0,9.0,5.6,4.0,5.8,3.6,1.0,2.2,9.2,16.2,2014,8,2
23,18,2,2,17,40.0,60.0,1.4,2.2,16.8,19.2,5.2,6.2,6.2,5.8,1.2,1.2,13.0,11.0,2014,8,1
26,16,2,0,-10,80.0,20.0,3.0,0.2,15.4,7.4,6.2,2.4,4.6,5.0,0.2,1.4,9.4,18.6,2014,8,2
33,1,0,0,-2,60.0,40.0,1.6,0.4,11.6,8.8,4.0,2.4,5.6,4.8,1.2,1.6,14.0,14.6,2014,8,1
28,11,1,1,9,20.0,40.0,1.2,1.8,10.2,12.0,2.6,4.8,5.8,3.8,1.2,1.2,11.6,15.0,2014,9,1
29,0,2,1,8,60.0,40.0,1.6,1.6,9.6,14.2,4.6,3.4,1.8,4.6,0.6,1.0,11.4,7.8,2014,9,2
30,27,1,2,-3,40.0,20.0,1.2,1.0,11.6,10.6,2.6,3.0,8.6,3.4,1.2,1.4,10.2,14.8,2014,9,0
32,21,0,2,7,20.0,20.0,2.0,0.8,13.2,10.6,3.6,3.0,6.2,5.0,1.6,1.6,11.6,11.8,2014,9,0
0,19,1,2,-3,40.0,0.0,2.0,1.2,20.4,12.8,8.0,3.8,10.4,5.8,1.2,1.8,7.0,11.8,2014,22,0
9,32,2,0,-14,100.0,40.0,2.6,0.6,19.2,10.0,7.6,3.0,7.8,5.4,0.6,1.0,8.2,12.6,2014,22,2
11,33,2,1,-8,20.0,40.0,2.0,2.2,14.8,15.6,4.8,4.8,6.4,7.6,2.2,1.6,10.6,13.2,2014,22,2
16,28,0,0,4,20.0,20.0,2.0,1.0,12.8,11.4,4.4,4.4,5.4,3.6,1.8,2.4,14.2,14.8,2014,22,1
18,29,2,1,-11,60.0,20.0,1.8,1.0,15.4,8.8,5.6,2.4,8.2,2.0,0.8,1.4,10.4,18.4,2014,22,2
21,23,1,0,-8,40.0,0.0,1.4,0.4,17.6,9.0,4.0,1.8,7.0,3.4,1.4,2.8,9.6,17.0,2014,22,2
27,7,1,2,-9,40.0,0.0,1.0,0.4,17.2,9.8,3.6,2.4,5.8,2.8,1.0,2.0,10.8,18.2,2014,22,0
10,17,3,1,9,20.0,40.0,1.0,1.6,11.0,12.0,3.6,4.8,6.2,3.8,1.6,1.8,11.4,11.6,2014,23,2
14,30,1,2,10,20.0,40.0,1.4,1.4,10.6,13.6,3.2,5.6,4.6,5.6,1.6,1.6,15.2,14.4,2014,23,0
1,26,1,1,7,20.0,60.0,0.6,1.2,8.8,11.6,1.6,4.8,3.6,5.6,1.6,0.8,14.8,7.6,2014,24,1
7,1,1,1,3,20.0,20.0,0.6,0.2,14.2,9.8,3.6,2.8,5.0,3.6,1.2,1.6,14.0,16.4,2014,29,1
17,27,1,0,-7,20.0,40.0,0.8,1.2,18.0,9.0,4.8,3.2,7.8,3.4,1.0,1.4,9.0,15.8,2014,29,2
19,14,3,0,-9,80.0,0.0,2.0,1.0,16.8,8.2,5.6,2.8,7.2,2.2,0.6,1.4,9.4,18.4,2014,29,2
23,16,3,2,0,40.0,20.0,1.8,0.2,16.4,7.2,4.8,1.6,6.0,4.4,1.4,1.4,15.4,16.8,2014,29,2
28,9,0,0,11,20.0,60.0,1.2,2.4,10.0,11.2,2.6,4.8,6.0,4.0,1.2,1.4,12.8,14.2,2014,29,1
29,10,1,1,1,60.0,20.0,1.8,1.6,9.8,9.4,4.6,3.8,2.6,3.8,0.8,2.0,11.4,18.0,2014,29,1
32,0,0,1,13,20.0,40.0,1.6,1.4,13.2,14.0,3.0,3.6,6.4,6.0,1.6,1.0,11.8,8.4,2014,29,0
33,21,1,0,3,60.0,40.0,1.6,1.2,12.2,10.0,4.2,2.8,6.6,4.4,1.0,1.6,14.4,12.0,2014,29,2
26,18,0,3,7,100.0,40.0,3.4,2.2,17.4,21.2,7.0,6.4,7.0,6.6,0.2,1.6,8.8,12.0,2014,30,0
30,11,2,1,1,20.0,40.0,0.6,1.6,10.8,12.6,2.4,5.6,8.2,3.4,1.6,1.0,10.6,14.8,2014,30,2
7,21,1,1,8,20.0,40.0,0.8,1.2,14.6,9.6,3.8,2.2,4.6,3.8,1.4,1.0,16.2,12.4,2014,2,1
10,1,0,1,-4,40.0,0.0,1.4,0.2,12.2,12.4,3.8,4.0,5.8,3.4,1.2,1.8,10.4,15.0,2014,2,0
16,17,1,3,16,20.0,40.0,1.6,1.6,13.2,12.2,4.6,4.4,6.0,3.0,1.4,1.8,13.6,12.8,2014,2,0
19,27,2,1,-2,80.0,20.0,1.8,1.0,15.4,10.2,5.0,3.6,8.0,3.6,0.6,1.6,8.4,15.8,2014,2,2
29,23,2,0,-6,40.0,0.0,1.4,0.4,10.4,9.8,3.8,2.4,3.4,3.6,1.0,2.2,10.4,16.2,2014,2,2
32,33,1,2,4,20.0,20.0,1.6,1.8,12.8,15.0,3.0,3.8,5.4,6.8,1.4,1.8,13.0,14.2,2014,2,0
0,26,1,0,-4,20.0,60.0,1.8,1.2,22.2,12.2,8.6,4.4,10.8,6.0,1.4,0.6,8.6,6.6,2014,3,2
9,30,3,0,-3,100.0,40.0,2.6,1.6,18.0,16.2,7.2,6.0,9.2,6.4,0.6,1.8,8.0,12.8,2014,3,2
11,14,1,1,-11,40.0,0.0,2.0,0.8,16.0,7.2,5.2,2.6,6.0,0.8,2.0,1.6,10.8,18.6,2014,3,1
28,18,1,4,13,20.0,60.0,0.8,2.4,11.2,21.2,3.0,6.0,5.4,7.2,0.8,1.2,14.6,11.6,2014,3,0
14,32,0,0,-1,20.0,40.0,1.4,0.6,10.8,9.4,3.2,2.8,4.4,4.4,1.8,1.4,16.0,15.2,2014,6,1
17,28,0,0,-12,40.0,20.0,1.0,0.6,17.6,12.0,5.2,5.0,7.4,4.8,0.8,2.0,10.6,15.4,2014,6,1
18,11,1,0,-4,60.0,20.0,1.6,1.4,18.2,12.4,6.8,5.8,8.4,4.0,0.8,1.4,9.8,15.2,2014,6,2
21,9,2,1,7,60.0,40.0,1.6,1.2,18.0,13.6,5.2,4.4,9.6,5.2,1.0,0.8,9.6,13.2,2014,6,2
23,7,2,0,0,40.0,20.0,2.2,0.8,19.2,8.4,5.0,3.0,7.4,2.2,1.8,2.0,16.0,21.2,2014,6,2
27,0,3,2,5,40.0,60.0,1.2,1.4,19.8,12.6,4.0,3.4,8.2,4.8,1.2,0.8,10.4,8.4,2014,6,2
30,10,0,0,-5,40.0,20.0,1.0,1.2,12.0,9.2,3.4,3.4,7.4,4.2,1.2,1.6,9.2,18.0,2014,6,1
1,16,2,1,-3,20.0,0.0,0.8,0.4,8.4,9.4,1.8,2.4,2.6,4.8,1.8,2.0,15.6,18.4,2014,7,2
33,29,3,1,1,80.0,0.0,1.6,0.8,13.8,9.4,4.4,2.2,7.4,2.6,0.4,1.6,12.2,20.2,2014,7,2
26,19,1,2,1,80.0,20.0,2.6,1.4,18.0,13.2,6.4,3.6,7.6,6.0,0.8,1.8,10.0,14.2,2014,8,0
0,21,4,1,-6,40.0,40.0,1.6,1.4,23.0,8.6,9.0,2.8,12.6,2.8,1.0,1.0,6.8,12.4,2014,13,2
7,26,1,0,10,20.0,40.0,1.0,0.6,13.6,9.8,3.0,3.0,4.0,5.0,1.6,0.6,15.6,9.6,2014,13,2
9,14,2,0,-13,100.0,0.0,2.4,0.6,14.6,6.8,7.0,2.2,8.0,1.2,0.2,1.4,7.8,16.2,2014,13,2
10,27,1,1,2,40.0,20.0,1.4,0.8,12.8,9.6,4.2,3.6,6.4,3.8,1.4,1.6,9.2,13.6,2014,13,1
16,18,0,1,17,20.0,60.0,1.6,2.4,15.4,20.2,4.8,5.6,6.4,5.6,1.8,1.0,11.0,11.2,2014,13,0
28,33,1,1,1,20.0,40.0,1.0,1.8,9.8,14.0,2.8,4.2,3.8,5.4,1.6,1.6,16.2,16.6,2014,13,1
32,1,1,0,2,0.0,20.0,1.0,0.4,13.4,12.0,2.8,4.4,4.8,3.4,1.8,1.2,13.2,15.0,2014,13,2
19,17,3,0,5,80.0,40.0,1.8,1.6,15.8,11.0,5.0,3.4,7.0,3.2,0.6,2.0,6.8,15.4,2014,14,2
29,30,1,2,6,60.0,40.0,1.8,1.2,13.0,15.2,4.8,5.2,4.8,6.6,0.8,2.0,9.2,14.0,2014,14,0
11,23,3,1,-13,40.0,0.0,1.6,0.4,15.2,9.0,4.8,2.2,5.6,3.8,1.0,1.8,10.0,16.0,2014,15,2
1,19,1,1,8,20.0,40.0,0.8,1.8,9.4,12.4,2.4,3.6,3.0,5.0,1.8,2.0,15.8,15.4,2014,20,1
14,29,0,1,4,20.0,0.0,1.0,0.6,11.0,9.4,2.4,2.2,4.4,2.6,1.4,1.4,14.0,17.4,2014,20,0
18,10,3,0,-10,80.0,0.0,1.8,0.6,18.8,10.4,7.0,3.6,8.4,6.4,0.6,1.2,10.2,17.4,2014,20,2
23,32,3,2,1,60.0,40.0,2.2,0.6,17.2,7.4,5.2,3.0,6.0,3.4,1.4,0.8,17.4,14.6,2014,20,2
26,11,3,0,3,60.0,20.0,2.4,1.2,17.2,12.0,5.4,5.2,7.4,5.0,1.0,1.4,8.6,14.2,2014,20,2
30,7,2,1,-12,40.0,20.0,1.0,0.8,13.4,9.2,3.8,3.0,6.0,3.4,1.0,2.4,10.4,20.6,2014,20,2
33,16,2,0,-5,80.0,0.0,1.6,0.6,14.2,10.0,4.4,3.0,7.4,4.6,0.4,2.0,12.2,18.4,2014,20,2
17,0,2,2,-2,40.0,40.0,0.8,1.2,15.8,13.8,4.0,4.0,6.8,5.6,0.6,1.4,9.8,9.8,2014,21,1
21,28,0,1,-4,80.0,20.0,1.4,0.6,16.2,10.2,5.0,4.0,7.6,5.0,0.6,1.8,12.4,14.8,2014,21,0
27,9,0,2,6,60.0,40.0,1.8,1.2,17.6,17.6,4.0,5.6,6.2,6.8,1.4,1.0,11.8,11.8,2014,22,0
0,23,2,1,-14,60.0,0.0,2.2,0.4,23.2,10.4,8.6,2.6,11.4,4.8,1.0,2.0,7.6,14.8,2014,26,2
7,17,0,1,16,40.0,40.0,1.0,1.4,11.6,12.6,2.8,4.2,3.4,3.6,1.0,2.0,14.2,15.0,2014,26,0
9,33,2,0,-10,100.0,40.0,2.2,1.8,13.6,15.2,6.0,5.0,7.2,5.0,0.2,1.4,8.0,17.6,2014,26,2
10,26,1,3,3,20.0,20.0,1.2,0.4,11.6,10.6,3.6,3.0,7.0,5.2,1.6,0.8,9.2,10.0,2014,26,0
11,27,0,1,-4,60.0,20.0,1.8,0.8,14.4,8.8,4.6,3.2,4.4,4.6,0.6,1.2,11.4,14.0,2014,26,0
16,30,1,2,12,0.0,60.0,0.6,1.4,13.8,16.0,4.0,5.2,7.6,7.4,1.4,2.0,9.6,13.8,2014,26,0
19,21,3,1,-3,80.0,40.0,2.0,1.2,15.0,8.8,5.4,2.8,5.2,3.8,0.4,1.4,8.6,13.6,2014,26,2
28,14,1,3,-2,0.0,0.0,0.6,0.2,10.8,7.6,3.0,1.4,3.6,2.0,1.6,1.4,17.8,13.6,2014,26,0
29,1,1,0,-3,60.0,20.0,1.6,0.4,13.8,11.4,4.4,4.4,5.6,3.0,0.8,0.8,9.4,14.6,2014,26,2
32,18,1,3,16,20.0,60.0,0.8,2.2,14.4,16.6,3.4,5.0,5.6,4.6,1.4,1.0,10.2,11.4,2014,26,0
1,28,0,0,1,20.0,40.0,1.0,0.8,10.2,10.6,2.8,3.4,2.6,5.0,1.4,1.8,17.2,14.4,2014,28,1
14,16,0,1,-2,20.0,0.0,0.6,0.6,11.2,10.6,2.0,3.4,4.6,4.0,0.8,2.2,12.6,16.6,2014,28,0
18,7,2,2,-17,100.0,20.0,2.2,1.0,18.6,9.0,6.8,3.6,7.2,4.2,0.4,2.0,10.2,21.2,2014,28,1
21,11,3,2,5,80.0,20.0,1.0,1.0,14.2,12.6,5.0,4.8,8.2,5.0,0.4,1.6,13.6,13.4,2014,28,2
23,10,0,0,7,80.0,0.0,2.4,0.6,17.6,9.4,5.4,3.4,5.6,6.2,1.2,1.4,17.6,17.4,2014,28,1
26,9,1,1,5,60.0,40.0,1.4,1.2,15.4,17.8,3.8,5.8,7.2,7.4,1.0,0.8,8.8,13.0,2014,28,1
27,32,2,0,-8,40.0,20.0,1.6,0.8,17.8,8.6,3.8,3.4,7.0,4.2,1.8,1.4,11.6,16.6,2014,28,2
30,19,0,0,-1,40.0,40.0,1.2,1.4,16.2,12.4,4.2,4.4,5.8,6.0,1.2,1.2,10.8,14.4,2014,28,1
33,0,1,2,9,80.0,40.0,1.6,1.6,14.0,13.2,4.2,4.6,7.8,6.4,0.4,1.4,12.2,14.2,2014,28,0
17,29,4,1,-10,20.0,20.0,0.8,0.8,17.4,10.6,4.6,2.6,7.8,3.4,0.8,1.4,9.6,16.6,2014,29,2
1,10,0,0,4,20.0,0.0,1.0,0.2,11.8,9.8,3.2,2.8,3.4,6.4,1.0,1.0,14.8,16.2,2015,1,1
14,11,2,0,11,0.0,0.0,0.2,0.8,11.8,11.4,2.6,4.0,4.8,4.8,1.0,2.0,11.2,13.2,2015,1,2
17,16,2,2,-16,40.0,20.0,1.6,0.8,18.2,9.6,6.0,3.0,6.2,3.8,1.0,1.8,10.6,18.8,2015,1,1
18,28,3,2,-13,80.0,40.0,1.8,0.8,18.0,11.2,5.6,3.8,8.6,4.6,0.6,0.2,8.8,13.2,2015,1,2
21,7,3,3,-8,80.0,20.0,1.4,1.0,13.0,9.4,5.0,3.4,7.8,4.2,0.8,2.0,14.0,21.6,2015,1,1
23,29,1,1,6,60.0,20.0,2.0,0.8,17.6,10.2,5.2,2.4,7.0,3.0,1.2,1.8,16.6,17.4,2015,1,1
26,0,2,0,4,40.0,40.0,1.4,1.6,13.2,14.4,3.6,5.0,6.8,7.4,1.2,1.6,8.6,14.8,2015,1,2
27,19,1,1,2,40.0,40.0,1.6,1.0,17.0,9.8,3.8,4.0,7.4,5.0,1.6,0.8,12.0,14.6,2015,1,1
30,9,5,3,3,40.0,40.0,1.0,1.2,14.6,17.4,4.6,5.2,4.4,7.2,0.8,0.8,11.0,11.0,2015,1,2
33,32,1,1,-4,60.0,20.0,1.4,0.6,14.4,10.0,4.2,3.4,8.4,3.8,0.6,1.4,12.2,15.4,2015,1,1
7,23,2,1,0,40.0,0.0,0.8,0.6,12.0,11.6,2.2,2.4,4.0,4.2,0.6,2.0,13.2,15.6,2015,10,2
9,21,2,0,-7,100.0,20.0,2.2,1.0,18.2,8.8,7.2,3.2,8.4,4.4,0.2,1.8,7.2,12.0,2015,10,2
10,30,2,1,5,20.0,80.0,1.2,1.6,12.4,13.8,3.6,4.4,8.0,6.8,1.8,1.4,9.0,14.2,2015,10,2
11,18,1,1,4,40.0,80.0,1.2,2.6,14.6,14.2,4.4,5.0,5.6,4.2,0.8,0.8,11.8,12.6,2015,10,1
16,1,1,0,3,0.0,20.0,0.4,0.4,15.2,10.6,4.0,3.8,8.0,2.2,1.4,0.6,9.2,13.8,2015,10,2
28,17,0,1,12,0.0,40.0,0.8,1.0,11.0,11.6,3.0,3.8,5.0,3.6,1.8,1.6,17.4,15.2,2015,10,0
29,33,1,1,-1,60.0,20.0,1.4,1.2,13.8,12.0,4.2,3.8,6.0,4.8,0.8,1.6,9.8,19.8,2015,10,1
32,14,1,0,1,20.0,20.0,0.6,0.8,14.6,9.0,3.8,1.8,6.4,2.6,1.6,1.6,10.4,12.6,2015,10,2
0,27,3,0,-5,80.0,40.0,2.2,1.0,21.2,9.6,7.8,3.4,10.6,4.6,0.8,1.0,10.0,13.2,2015,11,2
19,26,0,1,-1,100.0,40.0,2.4,1.0,13.0,11.8,4.8,3.6,5.2,5.0,0.4,0.8,8.4,10.4,2015,11,0
1,17,0,2,13,20.0,60.0,0.8,1.2,12.2,14.6,3.6,4.0,3.8,4.4,0.6,1.4,12.4,13.4,2015,17,0
7,10,2,3,7,40.0,0.0,1.0,0.2,12.8,9.8,3.0,2.6,4.6,6.0,0.8,0.8,14.2,14.4,2015,17,0
16,27,0,1,9,20.0,20.0,0.6,0.6,14.6,8.8,3.6,3.0,7.6,3.8,1.2,1.4,10.0,13.2,2015,17,0
21,26,1,2,2,60.0,40.0,1.8,1.0,12.2,11.6,5.2,3.2,7.4,5.2,1.4,0.8,15.8,10.8,2015,17,0
23,19,0,2,11,60.0,40.0,1.8,1.2,19.0,9.2,5.6,4.0,6.4,5.6,1.0,0.8,17.0,13.6,2015,17,0
29,9,0,5,9,40.0,20.0,1.2,1.4,15.4,18.2,3.8,5.6,5.6,6.4,0.8,1.6,9.6,10.8,2015,17,0
30,28,2,1,-8,60.0,20.0,1.8,0.6,14.0,10.4,5.4,3.2,4.4,5.0,1.0,0.6,12.6,17.8,2015,17,2
18,0,0,2,-3,80.0,40.0,2.2,1.4,21.2,14.2,6.8,5.4,9.2,6.8,1.0,1.6,7.8,15.2,2015,18,0
33,14,3,0,-3,60.0,20.0,1.6,0.8,11.8,9.0,3.8,2.0,5.8,2.8,0.8,1.6,12.6,11.6,2015,18,2
11,32,0,0,-12,40.0,0.0,1.4,0.6,13.4,11.2,4.6,3.4,4.2,3.4,1.0,1.6,13.8,14.2,2015,19,1
9,18,1,1,2,100.0,80.0,2.2,2.4,16.4,13.2,6.6,4.2,7.2,4.6,0.0,0.6,8.0,11.4,2015,31,1
10,11,0,1,6,40.0,0.0,1.4,0.6,14.8,10.0,4.8,3.2,6.6,5.6,1.4,2.2,9.2,14.0,2015,31,0
14,21,0,3,6,20.0,0.0,0.6,0.6,13.0,9.4,3.4,3.6,4.2,4.4,0.8,2.2,11.0,11.8,2015,31,0
17,33,2,0,-11,40.0,20.0,1.8,1.0,19.4,12.2,6.4,4.4,6.0,5.4,1.0,1.4,10.8,19.4,2015,31,2
19,16,3,1,-11,80.0,20.0,2.2,1.2,10.4,11.8,3.8,3.6,3.6,4.0,0.6,1.8,9.0,18.8,2015,31,2
27,23,3,1,-9,40.0,0.0,1.4,0.6,15.0,13.6,3.0,3.6,7.8,5.0,1.4,2.0,11.2,15.6,2015,31,2
28,7,2,0,-4,0.0,20.0,0.6,1.6,10.0,11.2,2.6,3.8,5.2,5.0,1.8,2.0,18.4,17.2,2015,31,2
32,30,0,3,11,40.0,60.0,0.8,1.4,14.4,12.0,4.0,4.0,6.0,6.2,1.2,1.6,11.2,16.0,2015,31,0
0,1,5,0,-11,80.0,20.0,2.2,0.4,17.6,10.6,6.4,3.2,8.8,3.0,0.8,0.8,10.2,11.8,2015,1,2
26,29,0,1,-4,40.0,20.0,1.4,1.0,12.2,13.6,3.6,3.6,4.6,4.8,1.2,2.0,9.8,18.8,2015,1,0
1,9,1,2,12,20.0,40.0,0.6,2.4,13.8,17.6,4.2,6.6,5.2,5.2,0.8,1.6,11.8,10.6,2015,7,0
11,17,0,0,3,20.0,80.0,1.0,1.4,14.0,14.6,4.6,4.8,5.6,4.8,0.8,0.8,12.0,13.4,2015,7,1
16,10,0,1,7,20.0,20.0,0.6,0.6,13.4,9.8,3.4,2.4,7.6,6.2,1.4,1.0,10.6,12.2,2015,7,0
18,14,1,1,-15,60.0,20.0,1.8,0.8,19.0,10.0,5.6,2.2,11.0,4.2,1.2,1.6,8.0,12.6,2015,7,1
23,26,0,1,10,40.0,60.0,1.2,1.2,16.2,9.6,5.2,3.0,4.8,3.6,1.0,0.8,15.6,12.6,2015,7,0
29,28,1,1,-2,40.0,20.0,1.0,0.8,14.0,10.0,3.0,3.0,5.0,4.4,1.6,1.0,11.6,20.2,2015,7,1
30,0,2,1,2,60.0,40.0,1.8,1.6,16.4,12.6,5.8,5.0,5.0,6.6,1.0,1.6,12.2,15.8,2015,7,2
7,32,2,2,1,40.0,0.0,1.2,0.6,12.0,11.2,3.0,3.2,5.4,3.6,1.2,1.2,12.8,13.4,2015,8,1
21,27,1,1,1,40.0,40.0,1.8,0.8,12.6,8.8,4.6,2.8,6.0,3.8,1.8,1.2,14.2,11.4,2015,8,1
33,19,1,1,6,60.0,40.0,2.0,1.2,12.8,9.2,4.4,5.0,5.4,5.2,0.8,0.6,13.0,12.6,2015,8,1
0,16,2,1,-14,100.0,20.0,3.0,1.0,15.6,8.8,6.2,2.8,8.0,3.6,0.4,1.8,9.6,14.8,2015,10,2
14,1,2,0,1,20.0,20.0,0.4,0.2,13.6,8.8,4.6,2.2,4.2,3.4,1.0,1.6,8.8,12.2,2015,10,2
17,30,3,2,-4,40.0,60.0,2.0,1.6,20.4,10.2,7.2,3.6,6.0,5.0,1.0,1.4,9.6,16.6,2015,10,2
28,23,0,2,-4,20.0,0.0,1.0,0.8,9.2,13.8,2.6,3.6,6.0,4.6,1.8,2.4,16.2,15.8,2015,10,0
9,11,1,0,-2,80.0,20.0,2.0,0.6,12.8,10.8,5.4,2.6,4.4,5.0,0.2,1.8,9.0,14.0,2015,11,2
10,21,1,1,1,20.0,20.0,0.8,1.2,14.4,10.4,4.4,4.4,7.0,4.6,1.4,2.0,9.6,12.0,2015,11,1
19,7,3,1,-11,80.0,0.0,2.2,1.2,10.4,12.8,3.6,3.8,3.0,5.6,0.8,2.2,9.0,13.8,2015,11,2
26,33,0,0,-5,40.0,20.0,1.4,0.8,12.6,10.8,4.0,4.2,4.8,5.8,0.8,1.4,8.0,20.8,2015,11,1
27,18,1,4,8,60.0,60.0,1.8,2.0,13.0,12.2,2.8,4.0,5.6,4.2,1.2,0.8,13.0,9.4,2015,11,0
32,29,2,0,5,40.0,40.0,0.8,1.0,15.2,13.2,4.6,3.2,6.4,4.2,1.6,1.6,10.6,17.2,2015,11,2
1,27,1,2,6,0.0,40.0,0.4,0.8,12.2,9.2,3.0,2.6,5.6,5.0,1.0,1.0,12.2,11.2,2015,21,0
9,7,1,1,-15,80.0,0.0,1.6,1.4,14.6,12.4,5.2,3.8,6.2,5.0,0.2,2.4,8.4,13.8,2015,21,1
10,0,1,2,7,20.0,40.0,1.0,1.4,12.4,11.0,4.0,4.4,6.4,5.4,1.4,1.4,9.6,17.8,2015,21,0
14,23,2,1,-2,40.0,20.0,0.8,1.2,13.2,16.6,5.0,4.2,4.2,5.0,1.0,2.0,9.8,15.4,2015,21,2
18,21,5,0,-9,40.0,20.0,1.8,1.2,18.8,9.2,6.0,3.8,11.4,4.0,1.4,2.0,7.6,11.0,2015,21,2
28,32,0,0,-3,20.0,0.0,0.8,1.0,10.8,12.4,3.2,3.6,7.2,4.4,1.4,1.6,17.0,13.4,2015,21,1
29,19,2,1,5,20.0,20.0,0.8,1.0,13.6,12.2,3.0,5.8,4.6,6.8,1.8,0.6,11.4,12.2,2015,21,2
11,16,2,2,-13,20.0,20.0,0.8,1.0,12.6,9.0,3.8,2.8,5.0,3.8,0.6,1.8,13.8,15.0,2015,22,1
26,17,0,2,6,40.0,60.0,1.2,0.8,13.8,15.8,4.6,5.4,5.4,5.2,0.4,0.6,8.2,10.6,2015,22,0
30,33,2,2,-7,80.0,0.0,2.2,0.4,18.2,9.4,6.8,3.2,6.6,5.6,1.2,1.2,10.4,20.4,2015,22,1
7,29,0,1,6,40.0,40.0,1.4,0.8,12.0,13.0,3.6,3.4,6.0,4.2,1.4,1.4,13.0,16.4,2015,28,0
19,28,2,0,-7,80.0,20.0,2.4,1.0,10.6,9.4,4.4,3.0,3.6,3.2,0.8,1.2,10.6,20.4,2015,28,2
21,1,1,0,-5,20.0,0.0,1.6,0.0,12.6,10.0,4.6,2.4,6.8,4.4,1.8,2.0,10.4,10.8,2015,28,2
27,14,1,0,-7,40.0,20.0,1.4,0.8,13.8,9.8,3.0,2.6,5.6,3.6,1.6,1.6,12.8,13.6,2015,28,2
32,26,1,0,9,60.0,80.0,1.0,1.4,12.8,11.6,4.4,3.8,6.0,3.6,1.2,0.6,10.4,11.2,2015,28,2
33,10,1,3,2,40.0,40.0,1.6,0.8,12.4,9.4,4.2,2.0,5.8,5.0,0.8,1.0,14.4,13.2,2015,28,0
0,11,2,0,-1,100.0,20.0,3.2,0.6,15.2,10.4,6.0,3.0,7.4,4.0,0.6,1.8,10.6,14.4,2015,1,2
17,18,2,1,1,60.0,60.0,2.6,2.0,20.6,12.0,8.2,4.8,6.0,4.6,1.4,0.8,11.0,11.2,2015,1,2
1,32,2,1,-2,0.0,0.0,0.4,0.6,10.8,10.2,2.6,2.6,7.2,2.6,1.2,1.0,11.2,12.6,2015,3,2
14,28,1,1,2,60.0,0.0,1.2,0.8,14.2,7.2,5.6,3.0,4.4,3.2,1.0,1.6,8.8,23.4,2015,3,1
26,10,1,0,-3,20.0,60.0,0.6,1.4,14.2,10.6,5.0,2.8,5.8,5.2,0.8,0.6,6.8,14.6,2015,3,2
17,7,2,0,-16,80.0,0.0,2.6,1.4,17.4,12.6,7.2,3.8,4.6,5.2,1.2,2.2,11.2,12.0,2015,4,2
18,16,2,0,-17,40.0,20.0,2.2,1.4,19.0,10.0,7.2,2.8,11.2,4.4,1.4,1.8,8.0,16.6,2015,4,2
21,19,0,1,3,40.0,20.0,1.8,1.0,12.4,12.6,4.2,4.6,7.2,7.0,1.6,0.8,9.8,12.4,2015,4,0
23,0,1,2,14,20.0,60.0,0.8,1.4,16.4,12.0,4.6,4.6,4.8,4.4,1.2,1.2,15.8,16.8,2015,4,0
27,11,2,0,4,60.0,20.0,1.6,0.6,14.6,9.4,3.0,2.6,5.4,4.6,1.2,1.6,10.0,15.6,2015,4,2
30,29,3,2,-6,60.0,40.0,2.2,0.8,19.0,12.0,7.2,3.2,6.2,4.0,1.4,1.4,11.0,16.8,2015,4,2
33,9,0,1,10,20.0,60.0,1.4,2.6,14.8,14.8,4.8,6.0,6.2,4.6,1.4,1.4,14.8,10.4,2015,4,0
23,30,1,2,12,0.0,60.0,0.4,2.0,15.0,11.0,3.8,4.2,4.0,5.2,1.2,1.4,16.6,17.4,2015,7,0
0,33,3,0,-9,100.0,0.0,2.8,0.6,15.2,8.0,6.0,2.6,7.2,5.8,0.4,1.4,10.2,23.2,2015,14,2
7,18,1,0,17,20.0,40.0,1.2,2.0,13.2,11.8,4.4,4.2,6.8,4.2,1.6,1.2,11.6,12.0,2015,14,2
10,23,3,1,-7,20.0,20.0,1.0,1.2,14.8,14.8,4.0,4.0,6.6,4.8,1.6,1.8,10.6,16.0,2015,14,2
16,14,0,0,2,20.0,20.0,0.4,0.8,13.2,8.4,3.6,2.6,7.8,3.2,1.0,1.4,11.2,14.6,2015,14,1
28,1,0,4,-1,20.0,0.0,0.6,0.0,10.8,11.2,2.8,2.6,8.2,5.0,1.2,2.0,14.2,11.0,2015,14,0
32,27,1,0,8,60.0,60.0,1.0,1.0,11.6,10.0,4.0,3.2,5.6,4.0,1.2,1.0,11.4,9.8,2015,14,2
9,26,1,1,-5,60.0,80.0,1.4,1.4,15.0,11.0,5.6,3.4,6.6,3.2,0.4,0.6,8.8,11.2,2015,15,1
11,21,3,0,-5,0.0,20.0,0.6,1.0,13.6,8.8,3.4,3.2,5.6,3.4,0.8,2.2,13.4,10.8,2015,15,2
19,30,3,0,1,80.0,60.0,2.2,2.0,14.4,11.6,5.2,4.6,5.8,4.4,0.8,1.4,7.8,17.8,2015,15,2
29,17,0,1,10,40.0,80.0,1.0,1.2,12.8,13.2,3.6,4.4,4.0,4.0,1.6,0.0,13.0,11.0,2015,16,0
1,29,0,1,3,20.0,40.0,0.8,1.0,11.2,11.8,3.6,3.4,6.4,4.2,1.4,1.2,8.8,16.6,2015,21,0
18,32,3,0,-16,60.0,0.0,2.2,0.8,20.0,7.8,7.8,2.0,11.2,2.6,1.0,1.0,6.8,13.2,2015,21,2
21,0,1,2,6,20.0,60.0,1.2,1.4,11.6,11.8,3.4,5.0,6.4,4.0,1.4,1.2,10.2,16.0,2015,21,0
26,7,2,0,-10,40.0,0.0,0.6,1.0,17.0,12.0,5.4,3.4,7.0,5.6,0.6,2.2,7.2,12.6,2015,21,2
27,10,1,2,-2,60.0,60.0,1.6,1.4,14.2,10.4,3.0,2.8,5.4,4.8,1.2,0.8,9.0,17.0,2015,21,0
30,16,4,3,-12,80.0,0.0,2.8,1.2,21.2,10.4,7.8,2.8,6.8,4.8,1.8,2.2,11.2,17.4,2015,21,2
33,28,1,0,-1,20.0,0.0,1.2,1.0,15.6,6.0,5.0,3.0,5.8,3.2,1.2,1.8,13.0,23.6,2015,21,2
14,9,2,3,13,60.0,60.0,1.4,2.4,13.6,14.2,5.6,5.4,4.2,4.4,1.0,1.4,9.8,11.4,2015,22,0
17,19,1,2,-5,80.0,40.0,2.2,1.2,17.2,13.0,6.6,4.6,4.6,6.0,1.0,0.8,10.8,12.4,2015,22,0
23,11,1,2,13,0.0,20.0,0.6,0.2,16.2,9.6,4.4,3.2,2.8,5.2,1.6,1.4,17.2,15.2,2015,22,0
0,17,4,1,2,100.0,80.0,3.0,1.2,16.0,14.4,6.8,4.8,7.4,4.6,0.2,0.0,8.4,9.8,2015,4,2
9,27,2,1,-6,40.0,40.0,1.2,0.8,13.8,9.4,5.2,3.2,6.8,4.4,0.6,1.2,10.0,9.4,2015,4,2
11,26,1,0,-3,20.0,60.0,1.2,1.0,13.4,10.8,4.2,3.2,4.4,2.8,0.6,0.6,13.4,13.4,2015,4,2
16,33,2,1,5,20.0,0.0,0.4,0.6,14.8,8.2,4.0,2.8,7.6,5.6,0.8,1.6,11.8,21.4,2015,4,2
19,1,3,1,-8,80.0,20.0,2.2,0.8,14.8,11.8,5.0,3.6,5.8,6.0,0.6,1.8,7.2,12.0,2015,4,2
29,14,3,1,-4,20.0,0.0,0.8,0.2,13.4,8.2,3.8,2.6,4.0,3.4,1.8,1.2,14.0,15.2,2015,4,2
32,23,1,4,-1,80.0,20.0,1.0,1.2,10.8,13.8,3.8,4.4,5.0,5.0,0.6,2.0,11.4,16.0,2015,4,0
7,30,0,0,12,40.0,40.0,1.4,1.6,12.0,11.0,5.2,4.2,5.6,4.6,1.4,1.8,13.8,15.6,2015,5,1
28,21,1,0,4,20.0,20.0,0.4,0.8,10.8,9.6,2.6,3.2,6.6,3.2,1.4,2.2,14.4,12.0,2015,5,2
10,18,2,1,10,40.0,20.0,1.4,1.4,15.6,14.2,4.0,4.2,6.2,4.2,1.2,1.2,10.2,10.4,2015,6,2
1,23,3,3,-3,20.0,40.0,0.8,1.8,10.8,12.8,3.6,4.4,6.2,4.6,1.6,1.8,9.4,16.6,2015,7,1
7,0,0,1,14,20.0,80.0,1.0,1.8,11.4,11.0,4.6,4.4,4.6,3.4,1.2,1.0,12.8,16.6,2015,11,0
26,14,2,0,-8,40.0,0.0,0.6,0.4,18.4,7.8,4.8,2.4,8.6,4.4,0.6,1.6,8.0,15.2,2015,11,2
28,10,1,4,3,40.0,80.0,0.6,1.8,13.0,11.6,3.2,3.4,7.0,5.2,1.2,1.0,12.2,17.6,2015,11,0
29,11,1,1,7,40.0,40.0,1.2,0.6,11.4,9.4,4.0,3.2,4.0,4.2,1.8,1.2,13.8,15.2,2015,11,1
30,1,0,1,-9,80.0,20.0,2.6,1.0,21.0,10.2,7.0,3.8,6.6,5.2,1.8,2.2,10.2,13.6,2015,11,0
32,16,2,3,-1,60.0,0.0,1.0,1.4,13.2,10.0,4.4,3.2,4.4,4.6,1.4,2.6,11.4,15.8,2015,11,0
33,27,1,1,4,40.0,40.0,1.2,1.0,17.0,9.4,5.2,3.2,7.0,4.2,1.0,1.0,11.6,10.4,2015,11,1
19,18,4,2,6,100.0,20.0,2.8,1.4,16.6,15.0,6.4,4.6,7.2,5.0,0.6,1.4,6.2,9.2,2015,12,2
23,9,0,1,15,0.0,80.0,0.6,2.8,14.2,14.4,3.4,5.8,2.2,4.4,1.8,1.6,13.8,13.4,2015,12,0
17,21,2,0,-8,80.0,20.0,2.0,0.8,15.0,9.4,5.6,2.4,4.2,3.2,1.0,2.0,8.8,13.4,2015,13,2
9,19,1,0,-4,40.0,60.0,1.2,1.4,15.8,13.0,6.2,5.0,7.2,5.2,0.8,0.8,9.2,11.6,2015,18,2
10,32,0,2,-6,40.0,0.0,1.4,0.6,12.4,5.6,3.2,1.4,6.2,2.8,1.2,1.4,12.8,20.2,2015,18,0
11,7,1,0,-13,40.0,0.0,1.2,0.4,13.4,12.0,3.6,3.2,4.4,5.6,0.4,2.0,12.0,14.6,2015,18,2
16,29,2,0,6,40.0,60.0,0.6,1.0,14.4,8.6,4.2,3.4,6.8,4.2,0.6,1.0,13.0,14.2,2015,18,2
27,26,2,1,1,60.0,40.0,1.6,0.8,15.4,11.2,3.4,3.4,4.8,3.8,1.4,0.8,10.2,13.6,2015,18,2
18,33,2,0,-12,60.0,0.0,2.2,0.6,22.2,8.8,8.6,3.2,11.0,5.8,0.6,1.8,6.6,21.6,2015,19,2
21,30,1,3,4,20.0,40.0,0.8,1.4,12.8,11.6,3.4,3.6,7.2,4.0,1.2,1.4,8.6,14.4,2015,19,0
7,16,0,1,0,20.0,20.0,0.6,1.8,11.6,11.6,4.6,3.8,3.8,5.2,0.8,2.4,14.0,15.0,2015,25,0
10,14,0,2,-5,40.0,0.0,1.4,0.4,13.6,9.0,3.4,2.6,6.4,4.0,1.4,1.4,11.6,13.6,2015,25,0
18,1,3,2,-14,80.0,40.0,2.6,1.2,23.4,10.4,8.4,4.0,9.0,5.0,0.2,1.2,6.6,13.8,2015,25,2
21,29,2,3,-2,20.0,40.0,0.8,0.8,11.8,9.4,3.8,4.4,6.2,4.8,1.4,1.4,10.4,14.8,2015,25,0
23,33,0,0,5,0.0,0.0,0.6,0.6,13.6,9.2,3.4,3.4,2.6,5.0,1.6,1.8,13.2,21.0,2015,25,1
26,30,2,2,2,60.0,40.0,1.0,1.4,17.2,11.6,4.4,4.4,7.2,4.0,0.4,1.6,9.8,14.0,2015,25,1
27,28,1,1,-5,60.0,0.0,1.4,0.6,15.4,6.6,3.2,2.8,4.6,3.2,1.4,1.4,9.8,20.2,2015,25,1
32,17,0,0,15,60.0,60.0,1.4,1.2,12.2,12.8,4.6,4.4,4.0,4.4,1.4,0.8,11.0,12.0,2015,25,1
0,9,0,0,1,100.0,100.0,3.2,2.4,16.4,12.4,7.6,4.6,6.8,5.0,0.4,0.6,9.6,14.2,2015,26,1
11,19,3,0,-2,60.0,40.0,1.4,1.0,14.2,13.6,4.4,4.0,3.8,6.0,0.4,1.0,13.0,9.4,2015,26,2
14,17,1,0,14,40.0,40.0,1.4,0.8,14.6,14.8,6.2,4.4,4.6,4.2,1.6,0.8,9.6,11.0,2015,28,2
16,9,1,3,15,40.0,80.0,0.8,1.4,15.8,9.6,4.8,3.0,6.8,5.0,0.6,0.6,12.6,14.4,2015,29,0
1,11,3,2,10,20.0,20.0,1.4,0.6,12.0,9.0,4.2,4.4,5.8,5.2,1.8,1.4,9.2,14.8,2015,2,2
16,21,3,0,8,40.0,0.0,1.0,0.2,16.0,9.0,4.6,2.0,6.0,3.8,1.0,2.4,12.2,13.6,2015,2,2
17,23,2,1,-16,80.0,40.0,2.0,2.2,13.6,12.2,5.4,4.6,4.4,4.2,1.0,1.8,9.4,17.8,2015,2,2
19,32,0,1,-10,100.0,20.0,3.0,1.0,16.4,6.2,6.8,2.2,6.6,3.8,0.8,1.4,7.4,20.6,2015,2,0
28,26,2,1,6,20.0,20.0,0.4,0.6,13.8,12.6,3.2,4.0,7.4,4.8,2.0,1.0,12.4,13.4,2015,2,2
29,27,2,0,3,40.0,20.0,1.4,1.0,11.4,10.4,4.6,3.0,4.4,5.2,1.0,1.2,12.0,11.2,2015,2,2
33,7,1,0,-5,20.0,0.0,0.8,0.4,15.8,11.4,4.6,2.6,7.0,6.2,1.2,1.8,13.4,17.2,2015,2,2
9,10,1,0,-8,60.0,80.0,1.2,2.0,16.6,12.2,6.2,3.6,7.6,4.6,0.6,0.8,10.2,18.6,2015,3,2
30,18,0,1,5,60.0,20.0,2.2,1.6,18.8,15.0,6.0,4.2,7.2,5.2,1.8,2.0,10.6,10.8,2015,3,0
14,0,1,3,12,60.0,80.0,1.6,1.6,13.4,12.6,5.4,4.8,5.4,4.0,1.0,1.0,9.6,15.8,2015,4,0
1,33,1,0,2,40.0,0.0,1.8,0.6,12.6,10.0,4.8,3.6,5.4,5.8,1.8,1.8,8.6,20.4,2015,9,2
10,19,1,2,4,40.0,40.0,1.2,0.8,13.6,13.4,3.4,3.6,5.4,5.6,1.6,1.4,14.8,8.6,2015,9,0
11,28,0,2,-9,80.0,0.0,2.0,0.6,14.8,8.0,5.6,3.0,4.6,3.6,0.4,1.2,13.0,19.8,2015,9,0
14,7,0,1,-2,40.0,0.0,1.4,0.2,13.0,10.4,4.8,2.4,4.8,5.2,1.6,1.4,11.8,20.8,2015,9,0
16,26,2,0,10,60.0,0.0,1.6,0.6,16.0,11.6,5.0,3.4,6.4,4.2,0.8,1.4,11.8,13.4,2015,9,2
21,32,1,1,-7,20.0,40.0,1.0,0.8,12.4,5.0,4.0,1.8,7.0,3.2,1.8,1.0,11.2,23.4,2015,9,1
27,30,3,0,3,60.0,40.0,1.4,1.4,16.6,10.2,3.8,3.8,5.8,3.2,0.8,1.4,10.0,13.4,2015,9,2
9,17,1,1,1,60.0,40.0,1.2,0.8,15.8,13.8,6.2,5.0,6.2,4.4,0.6,1.0,10.4,11.2,2015,10,1
18,23,6,0,-17,100.0,20.0,3.0,2.0,22.0,10.4,8.2,4.2,7.8,4.6,0.4,2.2,7.8,19.6,2015,10,2
0,29,0,1,-8,80.0,60.0,2.2,1.4,16.2,9.6,6.2,5.0,6.6,5.2,0.4,1.4,9.2,15.0,2015,11,0
7,27,0,0,9,20.0,20.0,0.2,0.8,11.6,10.8,4.4,3.0,4.0,4.0,0.6,1.4,13.2,12.6,2015,16,1
17,10,1,3,-9,80.0,60.0,1.8,1.8,15.4,11.0,5.6,3.4,5.2,4.6,0.8,1.0,8.6,18.2,2015,16,0
23,21,2,1,8,0.0,0.0,0.6,0.0,14.8,10.4,4.2,2.4,3.2,4.8,1.4,2.8,11.6,16.0,2015,16,2
26,1,6,1,-7,60.0,40.0,1.4,1.6,15.6,10.8,3.8,4.0,7.2,4.8,0.8,1.4,10.4,14.0,2015,16,2
28,16,0,0,-4,40.0,40.0,0.8,1.8,13.0,11.0,3.4,3.8,6.0,4.8,1.8,2.0,10.8,14.0,2015,16,1
30,14,2,0,-10,40.0,20.0,1.8,0.6,18.4,11.8,5.4,3.4,6.8,5.6,1.8,1.2,12.2,11.4,2015,16,2
33,11,1,2,8,40.0,20.0,0.8,1.0,19.0,9.4,4.8,4.6,7.8,5.4,1.0,1.8,11.4,12.8,2015,16,0
19,0,1,1,3,80.0,100.0,2.4,2.0,19.4,15.6,7.2,6.0,7.4,4.4,0.8,0.8,6.0,12.8,2015,17,1
29,18,2,4,11,60.0,20.0,1.6,1.0,11.4,15.2,4.0,3.4,4.2,6.2,0.8,1.8,13.0,11.6,2015,17,0
32,9,3,0,14,40.0,80.0,1.0,1.6,12.0,9.4,4.6,2.8,3.4,4.8,1.4,0.6,13.4,14.4,2015,18,2
0,28,0,0,-10,60.0,20.0,1.8,0.8,17.4,9.2,6.6,3.4,6.6,3.6,0.4,1.0,8.6,21.0,2015,20,1
0,32,4,1,-13,40.0,40.0,1.4,1.0,19.6,5.6,7.4,2.2,6.0,3.2,0.4,1.2,8.4,23.8,2015,24,2
1,7,0,1,-3,60.0,20.0,1.8,0.2,15.0,10.0,5.4,1.8,3.6,4.4,1.4,1.2,7.4,22.2,2015,24,0
9,28,3,1,-11,60.0,20.0,1.2,0.8,14.6,9.6,5.8,3.4,6.0,3.8,0.6,0.6,11.4,20.6,2015,24,2
10,29,1,0,-1,40.0,60.0,1.2,1.4,11.8,9.6,3.6,5.2,4.8,4.6,1.6,1.4,15.0,17.0,2015,24,2
11,30,0,1,-1,80.0,20.0,1.6,1.0,15.6,9.4,5.8,3.2,6.8,3.8,0.4,1.8,12.0,13.4,2015,24,0
14,19,0,0,9,20.0,60.0,1.0,1.0,14.0,12.4,4.2,3.8,5.6,4.8,1.6,1.2,11.8,9.0,2015,24,1
16,23,5,1,0,80.0,20.0,2.0,1.8,15.0,10.6,5.0,4.2,5.8,4.0,0.8,3.0,11.4,21.0,2015,24,2
18,26,2,0,-7,100.0,0.0,3.2,0.6,23.4,11.2,8.6,3.6,7.8,5.2,0.4,1.6,8.0,14.0,2015,24,2
21,33,2,0,-3,0.0,0.0,1.0,0.2,12.6,8.6,4.0,2.8,6.6,5.2,2.0,1.6,10.2,18.0,2015,24,2
27,17,6,1,7,60.0,20.0,1.8,0.6,16.6,15.6,5.2,5.0,6.0,5.0,0.8,1.2,11.6,10.2,2015,24,2
9,29,2,2,-7,80.0,60.0,1.6,1.0,15.0,8.6,6.0,4.6,6.4,4.4,0.6,1.0,12.4,15.6,2015,8,1
16,28,4,2,-2,80.0,20.0,2.6,0.8,15.4,11.2,5.0,4.6,5.4,3.6,0.8,1.0,12.2,22.4,2015,8,2
19,30,1,0,-1,60.0,40.0,2.2,1.2,15.8,11.6,6.0,3.6,5.8,4.4,1.0,1.2,6.0,13.0,2015,8,2
22,10,1,3,8,20.0,60.0,1.0,1.8,12.6,11.6,5.4,3.6,6.0,4.2,1.4,1.0,10.4,17.4,2015,8,0
0,33,0,2,-9,40.0,0.0,1.6,0.2,20.6,8.0,8.2,2.8,6.0,4.8,0.6,1.4,9.8,17.6,2015,9,0
21,26,2,2,8,20.0,0.0,1.4,0.4,14.2,11.4,4.4,3.4,6.2,5.6,1.8,1.8,8.8,12.6,2015,9,1
27,17,0,1,3,60.0,0.0,2.6,0.6,17.4,15.0,6.4,4.8,5.6,5.8,1.0,2.4,12.2,11.2,2015,9,0
32,18,0,3,11,40.0,40.0,1.4,1.6,12.4,18.0,5.0,5.4,3.6,7.6,1.4,1.8,13.4,12.0,2015,10,0
1,19,0,1,13,40.0,40.0,1.4,0.8,15.0,11.6,4.8,3.0,5.0,4.8,1.4,1.2,8.0,10.4,2015,14,0
26,11,0,3,-4,80.0,40.0,2.6,1.4,16.6,12.0,5.0,5.2,7.2,5.2,0.6,1.6,11.0,12.0,2015,15,0
28,22,1,3,-2,40.0,0.0,0.8,0.4,13.0,8.4,3.6,3.0,5.4,3.6,1.8,2.4,12.0,18.8,2015,15,0
29,21,2,0,-7,40.0,0.0,1.6,0.2,11.8,13.2,4.6,3.8,5.6,6.6,1.4,2.2,13.8,14.4,2015,15,2
30,27,2,2,-4,60.0,0.0,1.8,0.4,15.0,10.8,4.4,2.4,6.6,4.6,1.4,1.2,12.6,14.2,2015,15,1
33,16,1,2,-2,40.0,40.0,0.8,1.4,17.2,10.2,4.4,3.0,7.0,5.2,0.8,1.6,13.2,13.0,2015,15,0
10,0,1,2,7,40.0,80.0,0.8,1.8,11.4,14.2,4.2,5.8,5.0,5.2,1.4,0.8,13.8,10.8,2015,16,0
18,9,3,0,1,100.0,60.0,3.2,1.4,22.0,9.4,8.0,2.8,7.4,4.8,0.4,1.2,9.4,12.6,2015,16,2
10,1,2,1,-7,20.0,40.0,0.6,1.2,12.6,8.6,4.4,3.2,5.4,4.0,1.6,2.4,13.4,14.6,2015,22,2
16,30,1,1,9,80.0,40.0,3.0,1.2,15.6,11.0,5.4,4.0,5.4,4.2,1.2,1.4,12.2,11.8,2015,22,1
19,21,0,0,-11,60.0,0.0,1.8,0.2,15.4,11.6,5.6,3.4,5.2,6.6,1.0,2.0,6.8,15.2,2015,22,1
22,27,1,1,9,20.0,0.0,1.0,0.8,13.4,12.2,5.6,3.4,5.6,4.2,1.8,1.4,11.4,14.0,2015,22,1
28,29,1,1,8,40.0,40.0,1.0,1.2,11.8,10.4,3.6,5.4,6.2,4.2,1.6,1.4,13.0,15.4,2015,22,1
11,18,0,2,9,40.0,60.0,1.2,2.2,14.2,17.6,5.0,5.8,7.6,7.6,1.0,1.6,12.8,11.8,2015,23,0
32,9,2,3,12,20.0,40.0,1.2,0.8,11.4,9.8,4.4,2.8,3.4,3.8,2.0,1.4,15.4,12.4,2015,23,0
0,17,0,0,-3,20.0,20.0,0.8,0.6,21.8,14.0,7.4,5.0,5.8,5.8,0.8,1.6,8.8,9.4,2015,24,1
1,28,2,2,1,40.0,20.0,1.4,1.2,13.6,11.8,4.4,5.0,4.8,3.4,1.4,1.6,8.0,23.2,2015,29,1
9,10,1,2,-9,60.0,80.0,1.6,2.4,13.4,12.0,4.6,4.4,5.4,4.6,0.8,1.0,14.6,16.2,2015,29,0
17,33,0,3,-6,60.0,20.0,1.4,0.4,16.4,6.8,4.0,2.2,5.4,4.4,1.2,1.0,10.8,18.0,2015,29,0
21,0,0,1,12,20.0,80.0,1.6,1.8,12.8,14.2,4.4,5.4,5.6,5.2,1.8,0.8,10.4,11.0,2015,29,0
27,32,0,1,-4,60.0,40.0,2.4,1.0,15.4,8.4,5.8,3.0,4.6,3.6,0.8,1.0,11.4,20.0,2015,29,0
30,11,0,0,-6,40.0,60.0,1.6,2.0,13.6,12.0,4.4,5.0,6.2,5.8,1.4,1.2,13.8,13.2,2015,29,1
26,22,3,0,-11,60.0,20.0,2.4,0.6,15.4,11.0,5.2,3.6,7.0,4.6,1.2,1.8,11.2,16.8,2015,30,2
29,19,2,1,4,60.0,40.0,2.0,0.6,13.6,12.2,5.2,2.6,5.6,5.2,1.2,1.0,11.4,10.0,2015,30,2
0,27,2,0,-6,20.0,0.0,0.8,0.8,23.2,12.0,8.2,3.2,6.0,4.2,0.8,1.2,10.4,14.4,2015,12,2
10,18,0,1,8,40.0,80.0,1.0,2.4,12.0,16.4,4.8,6.8,5.2,6.4,1.4,1.2,14.0,12.8,2015,12,0
11,9,3,1,10,20.0,40.0,1.0,1.2,12.0,11.0,3.6,3.6,8.2,4.0,1.4,1.8,14.0,12.4,2015,12,2
19,17,3,1,-2,40.0,20.0,1.2,0.6,15.6,12.6,5.8,5.6,5.4,6.6,0.8,1.6,7.4,11.2,2015,12,2
32,26,0,0,6,20.0,0.0,1.4,0.6,10.2,12.6,4.4,3.8,4.6,4.2,1.8,1.6,16.0,11.8,2015,12,1
16,1,3,2,-3,80.0,40.0,3.0,1.2,16.6,10.0,5.4,3.2,5.4,4.4,0.8,2.2,13.8,14.0,2015,13,2
28,30,0,1,11,20.0,20.0,1.0,0.8,10.6,12.0,3.2,3.6,5.2,5.0,1.8,1.4,15.0,12.2,2015,13,0
33,21,2,0,-3,20.0,0.0,1.4,0.2,14.6,11.0,4.0,3.2,7.4,6.8,1.8,1.8,14.6,16.0,2015,14,2
1,32,0,1,4,40.0,40.0,1.2,0.8,13.6,9.8,4.2,3.2,4.4,3.4,1.2,1.0,7.2,18.8,2015,19,0
9,0,2,0,-2,40.0,80.0,1.6,1.6,17.2,17.2,6.0,6.6,6.2,6.2,1.2,0.6,14.2,8.0,2015,19,2
18,33,1,2,-10,100.0,40.0,3.2,1.0,17.0,7.4,6.8,2.6,7.2,5.2,0.4,0.6,10.4,17.0,2015,19,0
27,16,2,2,-5,40.0,60.0,2.0,1.4,15.0,9.2,6.4,3.2,5.4,5.4,0.8,0.8,12.0,9.6,2015,19,1
29,11,0,0,-3,60.0,40.0,1.8,1.6,13.6,12.0,5.2,5.0,4.8,5.6,1.2,1.0,11.6,14.4,2015,19,1
17,22,1,1,-12,60.0,20.0,1.2,0.6,17.6,10.6,4.0,3.0,6.0,4.6,1.4,1.8,12.0,18.2,2015,20,1
26,19,2,3,3,60.0,40.0,2.6,0.8,16.0,11.4,6.2,3.0,6.2,4.0,1.2,1.2,9.4,10.4,2015,20,0
30,10,1,0,-5,20.0,80.0,0.8,2.4,15.6,12.2,4.8,5.0,6.6,5.2,0.8,1.0,12.6,18.0,2015,20,2
16,0,2,5,11,80.0,60.0,3.0,1.4,17.0,15.6,5.2,6.0,4.2,6.0,1.2,1.0,13.6,10.8,2015,26,0
17,1,3,2,-11,40.0,20.0,1.0,1.4,19.4,10.2,4.2,3.4,6.0,4.2,1.6,2.8,11.4,15.4,2015,26,2
19,28,3,0,-12,40.0,0.0,1.0,1.0,15.2,10.0,5.0,4.4,6.0,3.0,0.6,2.2,7.0,21.4,2015,26,2
21,9,2,2,14,20.0,40.0,1.2,1.4,11.4,12.6,3.6,3.4,4.0,6.4,1.2,2.4,12.4,12.8,2015,26,1
26,29,3,1,-1,40.0,20.0,2.6,0.8,17.2,11.8,7.0,5.4,6.8,3.8,1.8,1.0,8.4,14.8,2015,26,2
30,18,4,1,3,40.0,100.0,1.0,2.2,17.2,18.6,5.4,7.6,6.0,6.2,0.6,0.4,13.0,12.6,2015,26,2
33,22,2,2,-6,40.0,20.0,1.6,0.8,15.8,9.4,4.0,2.8,7.8,3.4,1.6,1.8,13.8,20.0,2015,26,1
32,11,2,3,2,20.0,40.0,1.0,1.4,10.2,13.0,3.6,3.8,4.6,5.2,1.2,0.8,16.4,14.6,2015,28,0
1,27,0,1,8,20.0,0.0,0.6,0.6,14.0,10.2,4.0,3.6,3.8,2.4,1.0,1.4,7.6,18.0,2015,3,0
9,26,1,3,-6,40.0,0.0,1.8,0.4,18.2,13.2,6.0,4.2,6.6,5.0,1.2,1.2,14.4,11.0,2015,3,0
10,32,2,0,-3,40.0,40.0,1.0,0.8,12.6,10.8,4.6,3.8,6.0,4.2,1.2,1.0,14.0,16.2,2015,3,2
18,21,6,1,-13,80.0,0.0,2.8,0.2,20.2,11.8,7.6,3.4,9.0,7.0,0.4,1.8,9.0,16.6,2015,3,2
22,16,1,2,4,20.0,40.0,1.4,1.2,14.8,9.2,5.4,3.4,5.2,5.0,2.0,0.8,10.4,10.2,2015,3,0
28,33,2,2,4,20.0,60.0,0.8,1.4,10.6,7.0,3.0,2.8,4.8,4.6,1.2,0.8,15.2,18.8,2015,3,1
0,19,3,0,-1,40.0,60.0,1.2,1.4,24.4,10.0,8.8,2.8,7.4,3.6,0.6,1.0,10.6,11.6,2015,4,2
11,17,1,1,5,20.0,20.0,1.0,0.8,13.0,11.8,4.0,4.6,8.2,6.0,1.6,2.0,13.6,11.6,2015,4,1
29,30,2,2,3,60.0,40.0,1.6,0.6,13.8,13.6,5.2,4.0,4.6,6.0,1.0,1.0,12.6,12.0,2015,4,1
9,1,2,0,-16,40.0,20.0,1.8,1.4,18.6,9.6,6.0,3.4,6.2,3.2,1.6,2.8,14.0,17.4,2015,17,2
10,33,1,3,-2,60.0,60.0,1.2,1.8,14.2,10.0,5.4,3.8,6.2,5.0,0.8,1.0,12.8,18.2,2015,17,0
11,19,0,3,7,20.0,40.0,1.2,1.0,11.4,9.2,4.0,3.0,6.2,3.6,1.4,1.4,14.2,11.4,2015,17,0
26,16,2,2,-7,60.0,40.0,2.8,1.4,18.2,10.8,7.6,3.6,6.0,5.8,1.6,1.0,9.2,11.2,2015,17,1
30,17,0,0,-1,60.0,20.0,1.8,0.8,16.0,11.4,6.0,4.6,5.4,7.4,0.6,2.0,14.4,12.8,2015,17,1
32,28,1,0,-3,20.0,0.0,1.4,1.0,10.0,10.4,3.6,4.6,5.4,3.0,1.8,2.8,14.4,18.2,2015,17,2
21,22,6,2,-3,20.0,20.0,1.4,1.2,10.6,10.8,3.6,3.8,3.4,3.8,1.4,1.4,14.0,18.8,2015,18,2
29,27,0,1,-1,40.0,20.0,1.6,0.8,12.8,10.8,4.8,4.0,4.4,3.0,1.4,1.0,14.6,17.4,2015,19,0
0,11,2,1,-8,60.0,60.0,1.8,1.6,21.2,13.6,8.2,3.6,7.0,5.4,0.6,0.6,11.0,14.2,2015,24,2
1,29,1,2,9,0.0,0.0,0.4,0.8,13.6,12.4,3.4,5.6,5.2,4.2,1.2,1.6,9.0,13.8,2015,24,0
16,10,1,0,4,60.0,80.0,3.0,1.8,18.2,13.4,6.0,5.2,4.6,5.0,2.2,0.8,16.8,19.6,2015,24,2
22,32,0,1,5,20.0,40.0,1.2,0.6,15.6,10.6,4.8,3.6,6.8,4.4,1.8,1.2,10.8,17.4,2015,24,0
33,9,2,1,11,20.0,20.0,1.8,1.2,13.8,13.6,4.0,3.4,6.6,6.4,2.0,2.6,15.4,13.4,2015,24,2
17,26,1,1,-1,40.0,20.0,1.2,1.0,18.6,13.8,5.0,4.6,6.4,4.6,1.8,1.0,11.4,11.0,2015,25,1
19,18,0,0,2,60.0,80.0,1.6,2.2,12.4,20.0,4.6,8.4,5.2,6.6,0.4,1.2,7.6,11.4,2015,25,1
28,21,3,0,1,0.0,0.0,0.8,0.4,10.6,10.6,2.4,3.6,4.8,6.2,1.4,2.4,17.0,17.4,2015,25,2
9,17,1,3,-5,40.0,20.0,1.6,0.6,15.6,11.2,5.0,4.4,4.8,6.8,1.4,0.8,12.2,12.4,2015,31,0
10,19,0,0,6,40.0,60.0,1.2,1.6,12.8,9.8,4.2,4.2,5.0,4.0,1.4,1.4,16.6,10.6,2015,31,1
18,22,2,1,-16,80.0,20.0,3.4,1.6,20.2,13.2,8.6,4.4,7.4,4.8,0.8,2.6,6.8,16.4,2015,31,2
21,27,0,0,6,20.0,40.0,2.2,1.0,9.4,10.4,4.0,3.8,3.6,2.2,1.8,1.0,16.8,18.0,2015,31,1
29,0,0,3,5,40.0,80.0,1.2,2.2,13.0,18.8,3.4,7.2,2.4,6.8,0.8,1.0,12.0,11.6,2015,31,0
31,33,2,0,6,20.0,80.0,0.2,2.4,13.8,14.0,2.8,4.4,3.4,6.2,0.8,0.8,12.2,16.0,2015,31,2
32,16,2,3,-1,20.0,40.0,1.0,1.8,9.8,13.8,2.8,5.0,5.0,5.4,1.8,1.4,13.8,11.4,2015,31,0
11,28,6,2,-5,20.0,0.0,1.2,0.8,12.0,8.8,4.4,3.2,6.6,3.4,1.8,2.4,13.0,15.0,2015,1,2
26,4,2,0,-11,40.0,20.0,2.0,1.4,17.4,10.2,6.6,3.6,6.0,6.0,1.8,2.8,12.6,12.6,2015,1,2
30,1,3,1,-12,40.0,20.0,1.4,1.2,16.6,9.4,6.2,2.8,5.8,3.4,0.6,2.0,14.0,15.6,2015,2,2
4,21,0,1,3,20.0,0.0,1.0,0.2,10.8,10.4,3.6,3.6,5.2,5.8,1.6,2.6,9.0,17.6,2015,7,0
16,31,2,1,-4,60.0,40.0,2.2,1.4,16.2,11.0,5.2,2.8,4.2,3.6,2.0,1.2,15.0,13.4,2015,7,2
19,32,2,0,-9,60.0,60.0,1.4,0.6,11.2,9.2,4.0,3.4,5.4,4.4,0.2,0.4,7.8,15.8,2015,7,2
22,29,1,0,10,20.0,20.0,1.2,1.2,16.6,13.6,4.4,6.0,8.6,4.8,1.6,1.6,9.4,13.0,2015,7,2
27,9,1,0,8,20.0,20.0,0.8,1.4,10.2,12.8,3.2,3.6,5.2,6.4,1.4,2.4,11.8,14.0,2015,7,2
28,26,0,1,9,20.0,20.0,1.4,1.2,9.8,12.8,2.4,4.4,3.4,5.2,1.4,0.8,19.0,11.0,2015,7,0
33,11,1,1,1,40.0,40.0,2.0,1.4,13.6,11.4,4.4,3.6,6.6,4.8,1.8,0.8,12.8,15.6,2015,7,1
0,30,1,1,-2,60.0,40.0,1.4,1.8,20.4,15.2,6.6,6.8,7.0,5.6,0.6,1.0,10.2,11.2,2015,8,1
1,18,0,0,15,0.0,60.0,0.6,1.4,12.2,16.8,3.0,6.4,4.6,6.0,1.4,0.8,10.0,10.0,2015,8,1
17,10,1,2,-4,40.0,60.0,1.2,1.2,18.0,12.2,4.8,4.8,7.6,4.4,1.4,0.8,10.0,18.4,2015,8,0
9,22,1,0,-17,40.0,0.0,1.4,1.2,15.0,10.4,4.8,3.8,4.2,4.4,1.6,2.8,11.8,19.4,2015,21,2
11,1,4,0,-6,40.0,0.0,2.0,1.2,13.0,10.6,5.0,2.6,6.2,3.4,1.8,2.6,14.2,16.8,2015,21,2
18,17,1,4,-4,80.0,20.0,3.2,1.0,20.8,12.8,8.0,5.2,8.8,7.2,1.0,1.0,5.8,12.6,2015,21,0
21,16,0,3,1,20.0,40.0,1.8,2.0,10.6,14.2,4.4,4.8,4.6,5.4,1.4,1.6,15.6,12.2,2015,21,0
26,27,0,1,-2,60.0,40.0,2.4,0.6,16.2,9.0,6.2,2.8,5.0,2.4,1.2,0.6,13.8,18.4,2015,21,0
29,4,2,2,-10,20.0,20.0,0.8,1.4,10.8,10.8,2.8,3.6,2.4,5.6,1.4,3.0,14.2,11.2,2015,21,1
31,19,1,2,14,40.0,40.0,0.6,1.4,14.6,9.0,2.8,4.0,4.4,3.6,0.8,1.4,12.6,11.6,2015,21,0
32,0,2,1,10,20.0,80.0,1.4,2.4,10.8,17.8,3.6,6.8,5.0,6.4,1.8,0.8,12.6,11.0,2015,21,2
30,33,4,1,-7,60.0,60.0,1.6,2.0,17.4,14.0,6.0,4.2,5.8,5.8,0.4,1.2,13.4,15.6,2015,22,2
10,28,0,1,-6,40.0,0.0,1.0,0.8,12.6,10.2,4.4,4.0,5.2,3.0,1.0,2.8,13.6,14.2,2015,23,0
1,31,2,3,-1,0.0,40.0,0.6,1.2,11.8,10.4,2.8,2.6,4.6,3.6,1.2,1.2,10.8,13.8,2015,28,0
4,11,3,3,7,20.0,20.0,1.0,1.0,12.6,12.0,4.2,3.6,7.2,4.0,1.6,1.0,8.0,15.4,2015,28,1
10,21,5,1,-5,20.0,20.0,0.6,0.4,13.2,10.0,4.6,3.4,6.2,5.0,1.0,2.2,13.8,17.8,2015,28,2
16,19,1,1,10,60.0,60.0,1.8,1.6,14.8,9.4,4.8,4.4,3.8,5.4,1.8,1.2,14.6,11.8,2015,28,1
18,26,3,1,-5,60.0,40.0,3.0,1.0,19.4,12.0,7.6,4.2,9.2,6.2,1.8,0.4,7.2,11.0,2015,28,2
28,27,2,0,7,20.0,60.0,1.2,0.6,10.4,11.0,2.6,3.4,4.2,3.0,1.0,0.4,17.4,17.4,2015,28,2
17,29,1,0,-2,20.0,20.0,1.2,0.8,18.8,11.6,5.2,4.0,9.2,3.6,1.8,1.4,9.2,12.6,2015,29,2
22,0,1,1,15,40.0,60.0,1.2,2.4,15.0,15.6,4.2,5.6,9.4,5.6,1.0,1.2,8.8,11.6,2015,29,1
30,9,0,0,4,80.0,20.0,2.4,1.4,17.8,14.6,7.2,3.8,6.0,8.0,0.6,2.0,13.8,12.0,2015,29,1
33,32,1,1,-1,40.0,60.0,2.0,0.6,14.8,8.8,4.8,3.4,5.6,3.8,1.6,0.8,13.2,15.2,2015,29,1
0,28,3,1,-13,60.0,20.0,1.6,0.6,18.0,11.2,6.2,4.2,7.4,2.6,0.4,2.4,11.4,13.8,2015,5,2
9,4,0,1,-17,60.0,0.0,1.4,1.0,14.0,11.0,4.4,3.0,4.0,5.8,1.2,2.8,10.0,11.4,2015,5,0
19,33,0,0,-8,60.0,40.0,1.6,1.6,12.0,13.6,4.4,4.0,6.2,5.6,0.2,2.0,6.8,17.4,2015,5,1
26,1,1,1,-10,40.0,0.0,1.8,1.0,14.8,10.4,4.8,2.8,5.2,3.2,1.4,3.0,15.8,16.8,2015,5,1
27,18,2,0,7,40.0,40.0,1.0,0.8,10.4,15.6,3.4,5.6,4.8,6.4,1.2,0.8,14.0,8.8,2015,5,2
29,16,0,3,-6,0.0,60.0,0.8,2.4,11.2,17.0,2.8,5.8,3.2,6.4,1.6,1.4,15.2,13.0,2015,5,0
31,22,2,0,0,40.0,0.0,0.8,1.2,14.0,10.0,3.8,4.0,4.2,4.6,1.2,2.4,12.4,19.0,2015,5,2
32,30,1,1,8,40.0,40.0,1.4,2.0,8.6,16.2,2.6,6.8,4.0,6.4,1.4,1.0,11.8,11.4,2015,5,1
21,17,2,0,9,20.0,40.0,1.8,1.8,12.2,12.6,4.6,5.4,5.4,6.6,1.8,1.2,14.8,11.0,2015,6,2
11,10,1,1,1,60.0,60.0,2.8,1.0,14.2,11.8,6.6,4.2,5.0,4.8,1.4,0.8,13.0,19.4,2015,7,1
4,19,2,1,14,20.0,40.0,1.4,1.2,15.4,9.4,5.8,4.2,8.4,6.0,2.0,1.0,9.4,10.2,2015,12,2
10,26,1,0,3,40.0,40.0,1.6,1.2,15.0,11.6,5.8,4.8,6.8,6.6,1.0,1.0,11.0,11.6,2015,12,2
18,29,2,1,-6,80.0,20.0,3.4,0.6,17.2,9.2,7.8,2.2,7.2,4.2,1.6,1.4,8.4,12.6,2015,12,2
22,11,1,1,7,40.0,20.0,1.2,1.6,12.2,12.6,3.2,4.2,8.2,4.6,1.0,1.6,10.0,15.2,2015,12,1
28,31,0,1,-2,40.0,60.0,1.4,1.8,12.0,11.8,3.2,3.8,5.4,5.0,0.8,1.2,14.8,12.6,2015,12,0
33,27,0,0,3,40.0,60.0,1.6,0.6,16.2,10.6,5.2,3.2,5.6,3.8,1.0,0.4,11.6,15.2,2015,12,1
1,0,0,2,14,0.0,60.0,0.6,2.6,10.0,16.2,2.8,5.8,5.6,5.8,1.4,1.0,12.2,8.6,2015,13,0
17,32,2,2,-7,40.0,40.0,1.4,0.6,18.2,7.2,5.4,3.0,9.8,3.2,1.2,1.0,8.4,16.0,2015,13,1
30,21,1,2,-10,60.0,20.0,2.2,0.6,15.2,10.0,6.8,3.8,5.6,5.0,0.6,3.2,12.4,17.6,2015,13,0
16,9,2,1,13,60.0,0.0,1.8,0.8,13.6,12.6,5.0,3.0,3.6,7.4,1.8,1.6,12.8,10.8,2015,14,2
9,28,3,1,-15,40.0,20.0,1.0,0.8,13.4,11.6,4.2,4.6,5.2,2.4,1.4,2.6,11.2,14.0,2015,19,2
11,16,2,3,-3,40.0,80.0,2.4,2.6,15.2,17.8,5.6,5.8,6.2,7.2,1.4,1.0,12.8,12.8,2015,19,0
19,22,1,2,-14,60.0,0.0,1.6,1.0,12.2,9.8,3.0,3.8,5.2,4.4,0.2,2.6,7.2,17.2,2015,19,0
21,1,1,1,-2,40.0,0.0,2.0,0.8,10.4,10.0,3.8,2.4,4.8,3.0,1.4,2.6,14.2,17.2,2015,19,1
26,30,0,2,2,40.0,40.0,1.6,2.0,16.4,14.2,4.2,6.2,6.2,6.2,1.0,1.0,15.6,11.0,2015,19,0
27,10,1,2,-1,60.0,40.0,1.4,0.8,9.2,12.0,3.2,4.0,3.8,4.6,1.0,0.8,13.2,18.0,2015,19,0
32,4,1,2,-5,40.0,20.0,1.6,1.0,9.2,12.6,3.2,3.6,3.8,5.8,1.6,2.2,10.8,12.8,2015,19,0
29,33,0,0,-4,0.0,20.0,0.8,1.2,10.8,14.2,2.6,3.8,3.4,5.4,2.2,1.8,15.0,16.2,2015,20,1
31,17,3,0,12,40.0,40.0,1.0,1.6,13.4,13.0,4.0,4.8,4.8,7.2,1.2,1.0,12.0,10.4,2015,20,2
0,18,2,1,1,80.0,20.0,2.2,0.4,17.4,14.6,6.6,4.6,6.6,6.2,0.6,1.2,10.6,8.2,2015,21,2
1,33,1,1,5,0.0,20.0,0.6,0.8,11.0,12.4,2.6,3.0,6.2,5.6,1.6,1.4,11.6,18.0,2015,26,1
4,10,0,0,8,20.0,60.0,1.4,1.2,14.6,12.0,5.8,3.8,8.0,4.2,2.2,0.8,9.8,18.8,2015,26,1
9,31,2,2,-17,60.0,60.0,1.4,1.6,14.8,11.8,5.0,4.2,4.8,4.6,1.0,1.0,10.8,12.4,2015,26,1
17,16,1,0,-8,40.0,80.0,1.6,2.8,19.2,16.6,5.6,5.8,9.4,6.0,1.4,1.2,7.8,12.0,2015,26,2
18,28,4,1,-14,80.0,20.0,2.6,1.0,15.2,12.0,6.6,4.4,7.0,2.4,1.6,2.6,9.8,15.0,2015,26,2
21,11,0,1,4,40.0,20.0,1.8,1.8,9.8,12.2,3.6,4.4,4.6,4.6,1.2,1.8,13.0,14.6,2015,26,0
26,0,4,0,4,20.0,60.0,1.0,2.0,15.0,12.6,3.6,4.2,6.2,5.8,1.2,0.6,16.0,9.0,2015,26,2
27,19,2,0,5,60.0,40.0,1.2,1.4,12.2,9.8,3.4,4.2,4.6,6.2,1.0,0.8,13.2,10.0,2015,26,2
29,32,1,0,-5,0.0,20.0,0.4,0.8,12.8,5.8,2.6,2.2,4.0,2.6,1.8,1.4,13.4,19.0,2015,26,2
30,22,3,0,-13,40.0,20.0,1.6,1.0,16.2,7.8,6.8,3.2,5.8,3.4,0.8,2.4,9.6,15.6,2015,26,2
0,4,2,0,-15,80.0,40.0,2.2,1.2,13.2,13.6,5.2,3.8,4.8,6.0,0.8,2.0,12.8,12.4,2015,28,2
10,29,0,0,2,40.0,20.0,1.4,0.8,13.2,10.2,5.2,3.0,6.8,4.6,1.0,1.6,12.6,11.8,2015,28,1
11,27,3,4,2,40.0,40.0,2.6,0.4,15.0,10.6,5.8,2.8,7.2,4.2,1.8,0.4,12.2,17.0,2015,28,0
19,9,0,0,3,40.0,0.0,1.2,0.8,12.6,11.8,2.8,3.6,6.6,6.2,0.4,1.4,6.8,9.8,2015,28,1
22,1,2,0,1,20.0,0.0,0.8,0.6,11.6,10.0,2.8,3.0,8.4,4.2,1.0,2.2,11.6,14.6,2015,28,2
31,30,1,2,13,60.0,40.0,1.6,2.2,11.6,13.8,4.6,6.6,5.0,6.0,1.0,1.0,11.2,10.8,2015,28,0
32,21,1,0,-2,40.0,40.0,1.4,1.0,8.6,8.8,2.8,3.8,3.4,4.0,1.4,3.0,11.6,18.2,2015,28,2
33,26,2,1,5,20.0,40.0,1.2,1.2,17.2,11.8,6.4,4.6,6.6,6.6,1.0,1.2,11.2,12.4,2015,28,2
16,18,0,0,12,60.0,0.0,1.6,0.4,11.2,14.4,4.8,4.4,3.0,7.0,1.6,1.6,12.8,7.8,2015,29,1
28,17,0,1,10,40.0,40.0,1.4,1.4,12.4,12.8,3.2,4.8,5.8,6.8,0.8,1.4,14.4,8.8,2015,30,0
0,21,1,0,-12,80.0,40.0,2.0,0.8,13.4,9.0,5.4,3.4,6.0,4.6,0.8,2.0,13.0,18.0,2016,2,2
16,4,0,0,-4,60.0,40.0,1.2,1.0,10.2,14.6,4.2,4.2,2.0,5.2,0.6,1.4,11.8,12.0,2016,2,1
19,29,2,1,-4,20.0,20.0,0.6,0.6,12.6,9.0,1.8,2.8,6.6,4.8,0.4,1.0,6.6,10.2,2016,2,2
22,26,1,0,11,40.0,20.0,1.0,0.8,10.0,12.2,3.2,4.4,5.8,6.8,0.6,1.4,9.6,13.0,2016,2,2
28,1,3,1,-1,40.0,0.0,1.0,0.6,11.6,9.6,3.2,3.4,6.8,4.8,0.6,2.2,13.8,14.6,2016,2,2
31,18,1,2,16,60.0,0.0,1.8,0.2,11.8,14.2,4.6,3.8,5.4,7.8,0.8,0.8,9.8,7.0,2016,2,0
32,27,2,1,4,40.0,40.0,1.4,1.0,11.4,10.4,3.6,3.4,6.8,4.2,1.4,1.0,11.2,17.2,2016,2,2
33,17,2,0,6,40.0,60.0,1.2,1.6,16.0,13.8,6.0,5.4,6.0,6.4,0.8,1.4,11.0,7.8,2016,2,2
10,9,0,3,9,40.0,0.0,1.2,0.4,14.0,10.2,5.4,3.4,8.0,5.6,0.4,1.0,8.8,10.0,2016,3,0
11,30,1,1,6,40.0,60.0,3.2,2.2,15.6,12.0,5.8,5.0,7.4,5.4,2.0,0.8,11.8,10.4,2016,3,1
1,10,1,0,7,0.0,40.0,0.8,1.0,11.4,10.4,3.8,3.2,6.2,5.2,1.6,0.8,11.2,17.8,2016,12,2
4,33,1,3,6,20.0,0.0,1.2,0.4,14.2,9.6,5.4,3.0,8.6,5.0,2.0,1.4,9.2,19.8,2016,12,0
21,19,3,3,11,20.0,20.0,0.6,0.8,9.6,10.0,2.6,4.0,4.2,8.0,1.0,1.2,13.4,10.2,2016,12,1
9,32,2,2,-12,40.0,20.0,1.4,0.8,16.4,6.2,4.8,2.4,5.8,3.4,1.4,1.2,11.6,16.2,2016,13,1
17,0,3,3,3,40.0,40.0,1.2,1.4,20.0,10.6,4.0,3.8,8.6,4.8,1.0,1.4,7.2,10.4,2016,13,1
18,11,0,0,-9,80.0,20.0,2.4,1.4,16.0,13.8,6.2,5.0,7.8,5.2,1.6,1.4,11.0,14.8,2016,13,1
26,31,2,0,-11,40.0,60.0,1.4,1.8,15.2,12.0,3.4,4.4,5.6,4.8,0.8,1.2,12.2,13.4,2016,13,2
27,22,3,1,-9,60.0,20.0,1.2,0.6,13.2,6.4,3.0,2.6,4.2,2.8,0.8,1.8,13.2,16.4,2016,13,2
29,28,2,4,-8,20.0,20.0,0.6,1.2,11.4,12.4,2.6,4.6,3.8,1.6,1.6,3.2,13.4,17.2,2016,13,0
30,16,0,1,-9,60.0,80.0,2.2,2.4,16.6,12.8,8.0,5.0,6.0,5.8,0.8,1.0,9.4,14.2,2016,13,0
1,16,1,1,3,20.0,80.0,0.8,2.0,12.2,12.2,3.8,4.4,7.2,6.6,1.2,0.6,10.8,15.6,2016,16,1
4,22,3,0,0,20.0,20.0,1.2,0.6,14.2,6.4,5.6,2.4,8.6,2.6,1.6,2.0,8.4,15.0,2016,16,2
9,11,3,3,-10,40.0,20.0,1.6,1.2,17.6,13.2,4.8,4.4,7.0,5.2,1.2,1.0,11.0,15.2,2016,16,1
18,10,4,0,-8,60.0,40.0,2.0,1.0,16.2,10.4,6.2,2.6,7.8,4.8,1.4,0.8,11.4,18.0,2016,16,2
21,33,2,1,3,20.0,20.0,1.2,1.0,9.4,10.0,2.6,3.4,3.0,6.0,1.6,1.2,14.0,18.0,2016,16,2
26,32,3,0,-6,40.0,0.0,1.4,1.0,16.0,7.4,4.4,2.8,6.4,4.2,0.8,1.6,9.8,15.8,2016,16,2
30,28,4,1,-11,40.0,40.0,1.6,1.6,17.4,10.4,7.8,3.8,8.4,2.6,0.8,2.4,8.8,16.2,2016,16,2
17,19,0,1,2,40.0,20.0,1.6,1.4,21.4,11.4,4.8,4.6,8.4,8.0,1.4,1.8,8.4,11.0,2016,17,0
27,0,0,0,6,80.0,20.0,1.8,1.4,13.6,10.4,3.6,3.8,3.4,4.6,0.6,2.0,11.6,13.2,2016,17,1
29,31,1,0,-10,20.0,40.0,1.0,1.4,11.8,10.2,3.0,4.0,4.6,4.0,1.8,1.6,11.8,14.0,2016,18,2
10,30,1,3,5,40.0,40.0,1.2,1.4,13.6,13.0,5.2,4.0,7.6,5.2,1.0,0.8,9.8,10.6,2016,23,0
16,27,3,0,5,40.0,40.0,1.0,1.2,11.0,10.6,4.0,3.6,2.8,4.6,0.6,1.4,11.8,17.4,2016,23,2
19,26,0,1,-3,40.0,20.0,1.0,0.6,15.2,12.6,2.8,4.6,6.2,7.2,0.6,1.4,7.2,12.0,2016,23,0
22,17,4,5,12,60.0,40.0,1.2,1.0,8.8,15.2,2.8,4.4,4.0,6.8,0.4,1.6,10.2,9.8,2016,23,0
28,4,1,1,-2,40.0,40.0,1.0,1.0,12.4,13.2,3.8,3.8,7.2,4.2,0.8,1.0,11.2,13.0,2016,23,1
31,21,2,1,3,40.0,40.0,1.6,0.8,10.0,7.8,4.2,3.0,4.8,3.4,1.2,1.6,11.4,19.4,2016,23,2
32,1,0,0,-4,60.0,0.0,1.4,0.6,11.8,8.6,3.4,3.6,6.4,4.8,1.0,2.2,10.6,13.8,2016,23,1
33,18,2,2,10,40.0,20.0,1.2,0.6,17.2,16.2,7.0,4.6,5.2,8.0,0.6,1.0,14.0,8.0,2016,23,1
0,9,0,1,2,80.0,20.0,1.8,0.8,12.6,10.6,5.0,3.4,6.0,6.2,0.6,0.6,14.0,9.2,2016,24,0
11,29,1,2,3,20.0,0.0,2.2,0.4,15.0,8.6,4.8,2.8,7.0,4.0,1.8,1.2,12.2,12.2,2016,24,0
0,26,0,0,-4,80.0,20.0,1.6,0.6,12.4,11.8,4.4,4.2,5.8,5.8,0.6,1.4,13.6,11.8,2016,2,1
10,4,1,2,-8,40.0,40.0,1.4,0.8,12.0,13.0,4.4,4.0,6.0,4.0,1.4,0.8,12.2,12.8,2016,2,0
16,17,2,0,8,40.0,40.0,1.2,1.2,11.6,15.0,3.8,4.0,3.6,6.4,0.4,2.2,10.8,8.8,2016,2,2
19,27,3,0,-5,20.0,20.0,0.6,1.0,14.2,8.0,2.4,3.2,6.0,4.8,0.8,2.0,7.8,17.2,2016,2,2
22,30,0,3,13,40.0,60.0,1.8,1.8,8.2,15.0,2.8,5.4,3.6,6.0,1.4,0.8,11.2,10.8,2016,2,0
28,18,0,1,14,40.0,20.0,1.2,1.0,12.6,16.8,4.2,4.6,5.8,6.8,0.8,1.4,12.0,9.4,2016,2,0
32,29,1,1,5,40.0,20.0,1.0,0.8,11.8,8.4,3.2,3.8,6.2,3.8,0.8,1.2,11.4,14.4,2016,2,1
33,1,2,0,-5,40.0,0.0,1.4,0.6,16.0,9.6,6.6,3.8,5.6,5.4,0.8,1.4,14.6,11.4,2016,2,2
11,21,3,0,-4,0.0,20.0,1.6,0.8,15.8,9.6,3.4,3.2,8.0,4.8,2.2,2.0,11.6,18.0,2016,3,2
31,9,0,0,17,60.0,40.0,1.8,1.0,10.6,9.2,4.2,3.8,4.4,5.8,1.0,0.4,11.0,9.4,2016,3,1
1,22,2,0,-1,20.0,20.0,1.0,0.6,14.4,7.6,4.8,2.6,7.2,2.2,1.4,2.4,10.6,13.8,2016,6,2
17,28,2,2,-10,40.0,20.0,1.4,1.6,20.8,9.0,4.8,3.4,6.6,2.8,1.2,3.2,8.0,17.6,2016,6,1
18,16,1,3,-12,80.0,60.0,2.6,1.6,17.4,11.0,6.4,4.0,6.6,5.6,0.6,0.8,10.4,16.6,2016,6,0
21,32,1,0,2,40.0,0.0,1.6,1.0,12.2,8.4,4.4,2.8,2.8,4.6,1.2,1.8,12.4,15.0,2016,6,2
26,33,1,0,-5,60.0,20.0,2.0,1.0,14.6,10.0,5.2,3.2,5.2,5.4,0.6,0.8,8.4,18.2,2016,6,2
27,11,0,3,-2,60.0,20.0,1.6,1.6,14.8,12.4,4.4,4.4,4.4,5.0,0.6,1.4,9.4,14.8,2016,6,0
29,10,1,1,-2,40.0,20.0,0.8,0.6,11.6,10.4,2.6,2.4,5.0,4.8,1.4,1.4,11.2,17.0,2016,6,1
30,31,1,0,-13,40.0,40.0,1.6,1.2,18.2,11.2,7.6,3.6,9.2,4.2,0.8,1.4,7.8,13.6,2016,6,2
4,0,0,2,15,40.0,20.0,1.8,1.2,13.2,9.8,6.2,3.8,6.4,4.8,1.4,1.6,10.0,15.2,2016,7,0
9,19,1,1,-3,20.0,20.0,2.0,1.2,16.2,10.2,4.8,3.6,7.0,6.8,1.8,1.6,12.0,12.8,2016,7,1
4,27,1,3,9,40.0,20.0,1.2,1.0,12.8,8.6,5.0,2.6,5.8,4.8,1.2,2.2,9.8,16.6,2016,13,0
9,21,5,1,-14,20.0,20.0,2.2,0.6,15.6,9.6,4.6,3.4,6.8,4.4,1.8,1.6,12.4,17.8,2016,13,2
10,31,1,2,-8,20.0,20.0,0.6,0.6,11.0,9.0,3.4,2.4,5.6,2.4,1.6,1.2,12.4,16.4,2016,13,0
11,32,0,1,-2,20.0,0.0,2.0,0.8,15.6,8.4,4.0,2.2,6.0,5.0,2.0,1.8,10.2,15.4,2016,13,0
22,33,2,2,6,40.0,20.0,1.6,1.0,8.8,11.8,2.8,3.2,4.2,6.0,1.8,1.0,12.2,15.6,2016,13,1
28,19,2,1,12,20.0,20.0,0.8,1.2,11.2,11.6,3.6,4.6,5.6,7.4,1.0,1.6,11.8,14.6,2016,13,2
29,26,0,1,1,40.0,20.0,1.0,0.4,13.4,12.2,2.8,3.2,6.2,5.6,1.0,0.8,10.4,12.8,2016,13,0
0,16,2,1,-11,60.0,60.0,1.0,1.6,13.4,10.6,5.2,4.4,7.8,4.8,0.4,1.0,14.2,19.0,2016,14,2
1,17,0,6,11,40.0,40.0,1.0,1.2,14.0,15.8,4.2,4.2,5.6,7.4,0.8,2.2,10.2,10.2,2016,14,0
18,30,1,2,-3,60.0,80.0,2.2,2.2,18.6,16.6,5.4,6.0,7.6,6.4,1.0,0.6,10.8,10.6,2016,14,0
16,22,1,0,-4,60.0,20.0,1.4,0.6,12.8,8.8,4.4,3.2,4.0,4.2,0.2,2.4,11.6,13.0,2016,27,2
26,9,1,2,6,80.0,40.0,2.0,1.0,11.6,10.6,4.6,4.4,4.0,6.4,0.4,0.4,10.2,10.0,2016,27,0
27,1,2,1,-8,40.0,0.0,1.2,0.4,15.6,9.0,4.2,3.8,5.4,5.6,1.2,1.6,10.0,11.8,2016,27,2
31,4,0,0,0,40.0,40.0,1.4,1.0,10.2,11.6,3.4,3.8,5.0,3.8,1.0,1.0,12.2,11.8,2016,27,1
32,10,3,2,3,40.0,20.0,1.0,0.6,13.0,10.0,3.8,1.8,7.0,4.6,0.8,1.4,13.2,17.0,2016,27,2
33,28,1,0,-4,60.0,20.0,1.6,1.8,17.6,8.2,6.6,3.0,5.6,2.8,0.6,3.0,14.4,17.6,2016,27,2
30,29,2,1,-3,60.0,20.0,1.8,1.0,21.6,10.4,8.6,4.6,11.4,3.8,0.8,1.2,7.4,15.8,2016,28,2
19,0,3,2,1,40.0,40.0,1.2,1.4,13.0,9.4,3.2,4.2,5.2,4.2,0.8,1.4,8.0,17.2,2016,28,2
1,11,1,3,6,40.0,40.0,1.0,1.6,11.6,13.0,4.0,4.4,4.6,4.8,1.6,0.8,10.8,13.2,2016,1,0
4,26,2,0,11,20.0,40.0,1.0,0.6,12.8,11.8,4.4,3.6,6.6,5.4,1.6,0.6,9.8,13.0,2016,1,2
16,32,2,2,1,60.0,20.0,1.2,0.6,13.6,8.6,4.0,2.0,4.4,4.4,0.0,1.4,11.2,16.6,2016,1,1
22,9,1,2,17,40.0,60.0,1.8,1.2,9.6,11.6,3.0,4.2,3.8,6.4,2.0,0.2,11.4,9.6,2016,1,0
28,10,2,2,6,40.0,0.0,1.2,0.6,12.6,10.6,4.2,1.6,5.2,5.2,1.0,1.8,11.6,14.0,2016,1,1
0,29,1,2,-5,60.0,20.0,1.0,1.0,16.6,9.8,5.4,4.0,9.2,4.2,0.4,1.2,11.6,20.0,2016,2,0
17,18,3,0,4,20.0,40.0,1.6,1.2,22.0,15.8,5.4,4.2,6.4,6.4,1.6,1.0,7.8,10.2,2016,2,2
19,31,1,0,-14,60.0,20.0,1.6,0.8,12.2,8.4,3.8,1.8,3.4,2.8,0.8,1.4,9.4,16.4,2016,2,2
27,21,1,0,-6,60.0,0.0,1.4,0.4,12.6,10.0,3.8,3.4,6.2,4.6,1.0,2.4,8.6,16.8,2016,2,2
33,30,1,0,7,80.0,80.0,1.8,2.2,15.0,15.2,5.4,5.4,4.4,5.2,0.6,0.8,14.6,12.2,2016,2,2
9,27,1,1,-8,20.0,40.0,2.6,1.6,15.2,8.4,4.2,3.2,8.0,3.8,1.8,2.4,12.2,14.4,2016,5,1
11,33,2,3,-1,20.0,20.0,1.6,1.4,19.8,11.8,4.2,4.0,6.8,4.8,1.6,1.4,9.2,14.0,2016,5,0
18,1,4,0,-15,40.0,0.0,2.0,0.4,19.8,8.0,5.2,2.6,8.0,4.2,1.2,1.8,9.4,12.4,2016,5,2
21,4,1,3,-3,40.0,20.0,1.4,0.6,14.8,10.6,5.6,3.0,4.0,3.2,1.2,0.8,11.8,13.4,2016,5,0
26,28,1,1,-9,80.0,20.0,2.2,1.6,10.8,8.6,4.2,3.2,4.6,3.6,0.4,2.6,10.8,16.0,2016,5,1
29,22,1,0,-10,40.0,0.0,1.0,0.2,11.8,9.4,2.8,2.6,5.6,5.0,1.2,2.4,10.8,13.4,2016,5,2
30,0,2,2,2,80.0,20.0,2.0,1.4,24.4,10.4,9.8,4.4,11.6,3.8,0.6,2.0,7.8,15.0,2016,5,1
31,16,0,1,4,20.0,40.0,0.8,1.2,11.8,10.0,2.6,4.0,4.4,4.6,1.0,1.0,12.0,21.2,2016,5,0
10,17,1,2,4,0.0,60.0,0.6,2.4,11.4,15.6,3.8,5.2,5.6,6.8,2.0,1.6,11.4,10.2,2016,6,0
32,19,1,0,9,60.0,20.0,1.4,1.2,14.0,11.8,4.4,4.8,6.8,7.6,0.8,1.6,13.0,16.6,2016,6,2
4,29,3,2,10,40.0,40.0,1.4,1.4,12.6,11.0,4.4,3.8,7.0,4.0,1.6,1.4,9.4,21.6,2016,12,2
22,18,0,0,16,20.0,40.0,1.6,1.0,10.4,12.6,2.6,3.4,4.0,5.2,2.4,1.2,12.2,10.8,2016,12,1
27,26,1,2,2,60.0,40.0,1.2,0.4,11.8,10.0,3.6,3.0,7.0,4.4,1.0,0.6,7.4,12.2,2016,12,0
1,30,0,2,12,40.0,60.0,1.0,1.8,11.4,15.0,3.4,5.2,4.6,5.2,2.0,0.8,10.8,13.2,2016,13,0
16,21,1,0,-1,60.0,0.0,1.6,0.4,15.8,9.6,4.2,3.6,6.4,3.8,0.4,2.4,9.2,14.2,2016,14,2
9,33,2,2,-11,20.0,40.0,2.4,1.8,15.8,13.2,5.2,4.2,7.8,4.8,1.6,1.6,13.0,14.0,2016,19,1
10,16,0,1,-4,0.0,60.0,0.8,1.4,12.2,11.4,4.2,4.8,5.4,5.0,2.4,0.8,14.2,18.4,2016,19,0
11,0,0,2,8,20.0,20.0,1.4,1.8,19.8,11.0,5.2,4.4,7.4,3.4,1.4,1.6,11.0,17.2,2016,19,0
29,1,1,0,-9,40.0,0.0,1.0,0.4,12.4,7.2,3.0,2.2,6.6,3.0,1.2,2.2,10.6,15.0,2016,19,2
31,27,1,2,9,20.0,20.0,0.6,1.0,12.2,10.0,3.2,3.2,4.0,4.2,0.8,2.0,12.8,15.4,2016,19,0
32,22,0,1,-5,60.0,0.0,1.4,0.2,11.4,8.8,3.8,2.6,4.0,4.2,0.8,2.0,13.0,12.4,2016,19,0
18,19,0,1,-2,40.0,20.0,2.0,1.2,20.4,11.0,5.2,3.8,8.8,6.2,1.0,1.4,7.6,15.8,2016,20,0
21,28,1,1,-1,40.0,20.0,1.4,1.6,16.0,8.6,5.4,3.2,4.4,3.8,1.6,2.0,13.0,15.4,2016,20,1
26,17,3,2,1,60.0,60.0,1.6,2.6,11.0,16.0,4.2,5.0,6.4,7.2,0.6,1.8,11.6,11.4,2016,20,2
30,4,3,0,-13,60.0,40.0,1.8,1.2,26.6,11.8,10.0,3.4,11.6,3.4,1.0,0.6,7.6,13.6,2016,20,2
0,31,4,0,-15,40.0,20.0,0.8,0.4,17.6,8.6,5.0,1.8,8.8,3.4,0.8,1.2,11.8,15.8,2016,2,2
1,9,0,4,16,20.0,80.0,0.8,1.6,11.0,12.0,3.2,4.0,3.8,6.6,2.4,0.4,12.8,9.8,2016,2,0
4,18,0,4,16,60.0,40.0,1.8,1.0,12.8,11.4,4.4,3.0,7.2,4.2,1.4,1.2,9.8,9.6,2016,2,0
17,30,1,1,1,40.0,80.0,1.8,2.0,18.6,15.0,5.2,6.0,6.2,6.0,1.2,0.6,7.8,13.0,2016,2,1
22,21,3,2,3,0.0,0.0,1.4,0.4,9.4,9.2,2.4,2.8,3.8,3.8,2.4,2.4,13.2,13.0,2016,2,2
27,29,2,2,1,40.0,40.0,0.8,1.6,11.6,11.6,3.2,3.8,5.8,4.2,1.2,1.6,8.6,20.2,2016,2,1
28,32,0,0,3,40.0,20.0,1.6,1.0,14.4,9.0,4.8,2.0,4.8,3.6,1.2,1.6,10.8,19.6,2016,2,1
33,10,2,2,2,80.0,0.0,1.6,1.0,15.2,11.6,5.0,2.6,4.8,4.4,0.4,2.2,13.4,15.4,2016,2,1
16,26,1,0,7,80.0,60.0,1.8,0.8,14.6,10.2,4.0,3.0,6.6,3.4,0.4,0.6,10.0,12.8,2016,3,2
19,11,1,0,-7,80.0,60.0,1.8,2.0,12.6,12.0,4.0,5.2,4.2,5.6,0.8,0.8,10.4,14.2,2016,3,2
1,4,1,2,-1,20.0,40.0,0.6,1.2,11.2,10.4,3.0,3.4,4.6,4.2,3.0,1.2,12.6,13.8,2016,9,0
10,22,1,0,-8,0.0,20.0,0.8,0.2,13.0,9.2,4.2,2.4,6.4,4.2,2.0,1.4,13.8,11.6,2016,9,2
18,32,2,1,-11,40.0,20.0,2.0,0.6,21.2,7.0,4.6,0.8,8.6,2.8,1.2,1.2,7.2,21.2,2016,9,2
26,21,3,1,-8,60.0,0.0,1.8,0.6,11.2,9.6,3.8,3.4,5.4,3.4,1.0,2.6,14.4,13.0,2016,9,2
29,9,1,0,7,60.0,80.0,0.8,1.8,12.4,12.2,2.2,4.8,5.8,5.6,0.4,0.4,11.6,11.2,2016,9,2
31,11,1,1,7,20.0,40.0,0.6,1.8,11.8,9.4,3.4,4.0,5.0,5.2,0.8,1.0,11.4,14.2,2016,9,1
33,0,3,3,9,60.0,40.0,1.6,1.6,15.2,10.4,4.2,4.0,5.0,3.8,0.8,1.0,11.2,14.4,2016,9,1
17,27,4,1,-3,20.0,40.0,1.8,1.2,16.6,9.8,5.8,3.8,7.2,3.4,1.4,1.8,10.0,14.0,2016,10,2
28,16,0,2,2,20.0,60.0,1.0,1.4,16.2,11.0,5.0,5.0,6.0,4.8,1.0,0.8,9.8,16.6,2016,10,0
30,19,3,0,1,80.0,40.0,2.4,0.8,25.8,9.6,10.6,3.6,9.2,6.6,0.8,0.8,6.0,18.2,2016,10,2
10,11,0,0,-1,20.0,40.0,0.8,2.0,13.4,10.4,4.8,5.0,7.8,5.4,1.4,1.2,11.6,12.4,2016,13,1
9,18,0,3,-1,20.0,40.0,2.4,1.4,17.4,11.2,5.8,3.4,8.4,4.0,1.6,1.0,13.0,9.6,2016,16,0
11,26,1,1,4,20.0,40.0,1.2,0.6,19.0,10.8,5.0,3.0,8.0,4.2,1.6,0.8,9.4,13.4,2016,16,1
19,1,1,0,-13,80.0,0.0,1.6,0.2,10.8,8.0,3.2,2.0,4.4,3.6,0.6,1.8,10.0,14.4,2016,16,2
21,29,3,0,7,40.0,20.0,1.6,1.6,17.4,12.6,6.8,3.4,4.6,5.0,1.6,1.8,11.8,18.6,2016,16,2
22,28,0,3,2,20.0,0.0,1.2,1.0,10.8,10.0,2.6,3.0,4.4,3.6,1.8,1.8,13.2,16.8,2016,16,0
32,31,0,1,-5,40.0,20.0,1.0,0.4,10.2,9.0,2.8,2.0,4.0,3.8,0.8,1.6,12.4,16.6,2016,16,0
0,10,1,1,-7,40.0,0.0,1.4,1.4,18.2,12.2,6.8,3.4,9.0,5.4,0.8,2.4,10.0,16.4,2016,17,1
4,17,1,2,12,40.0,60.0,1.2,3.0,12.0,15.0,3.2,6.4,7.0,6.4,2.2,2.0,10.8,11.0,2016,17,0
16,33,2,2,2,80.0,20.0,1.4,1.6,13.8,13.8,3.8,4.4,6.4,5.2,0.4,1.8,11.4,16.2,2016,17,1
27,30,0,4,4,40.0,60.0,1.2,1.6,11.2,13.8,3.0,4.8,5.6,5.8,1.6,0.6,9.4,13.8,2016,18,0
21,18,1,1,13,60.0,60.0,1.6,1.6,17.0,10.2,7.0,4.4,4.2,4.2,1.0,0.6,11.6,9.8,2016,19,1
17,11,4,0,-5,40.0,40.0,2.0,1.4,15.0,10.4,5.8,5.2,6.6,6.0,1.0,0.6,9.2,13.2,2016,20,2
19,10,2,0,-6,100.0,0.0,1.8,1.6,11.8,11.8,3.8,3.2,6.4,5.2,0.4,1.8,10.0,17.2,2016,20,2
33,31,3,1,-6,60.0,40.0,1.8,0.6,17.0,8.6,5.0,2.4,5.4,3.8,1.0,1.4,10.2,17.8,2016,20,2
0,32,2,0,-10,40.0,20.0,1.6,0.8,20.6,7.8,7.8,1.2,9.8,3.8,0.8,1.0,9.0,22.0,2016,21,2
1,26,2,4,10,0.0,40.0,0.4,0.8,10.4,11.6,2.6,3.2,4.8,5.6,3.4,1.0,12.6,10.6,2016,23,0
4,9,1,4,17,40.0,60.0,1.4,1.6,12.2,11.4,3.4,4.0,6.6,6.0,2.2,0.6,12.6,11.8,2016,23,0
17,21,2,2,-9,60.0,0.0,2.8,0.8,18.6,9.2,7.6,3.4,7.4,3.2,0.8,2.6,8.4,13.4,2016,23,1
18,27,4,0,-7,40.0,40.0,1.6,1.4,20.4,11.2,4.6,4.0,9.2,3.2,1.4,2.0,8.0,13.8,2016,23,2
16,29,4,0,6,60.0,20.0,1.4,1.4,12.4,11.2,3.0,2.8,5.8,5.0,0.8,2.2,12.4,17.6,2016,24,2
28,0,0,0,13,20.0,40.0,0.8,2.2,17.2,11.0,4.2,4.6,5.6,3.4,1.2,1.6,10.2,15.4,2016,24,1
30,32,1,1,-8,80.0,20.0,2.2,0.8,23.8,8.0,10.0,1.4,7.4,4.2,0.6,1.2,6.0,21.4,2016,25,1
0,22,1,0,-15,60.0,20.0,2.0,0.2,19.6,9.8,7.0,2.6,7.6,4.4,0.8,1.0,7.8,11.2,2016,30,2
11,4,2,1,-7,20.0,60.0,1.2,1.4,16.4,9.8,5.0,3.0,7.2,5.0,1.4,1.2,11.6,13.0,2016,30,2
21,10,1,0,5,40.0,0.0,1.4,1.4,13.4,10.4,5.6,2.8,4.6,4.6,1.0,2.0,11.4,16.6,2016,30,2
27,28,1,1,-7,40.0,20.0,1.2,1.4,11.4,10.6,2.8,3.2,5.4,3.0,1.8,1.0,11.2,15.4,2016,30,1
31,1,3,2,1,0.0,0.0,0.4,0.2,11.8,6.4,3.4,1.4,6.0,3.0,0.8,2.0,11.6,16.2,2016,30,2
32,33,0,3,1,40.0,20.0,1.0,1.8,12.6,15.6,3.6,4.6,5.4,5.6,1.0,1.8,11.6,12.8,2016,30,0
19,16,1,1,-10,100.0,80.0,1.6,1.6,12.0,12.0,4.8,5.4,8.0,5.4,0.4,0.6,9.0,16.8,2016,1,1
26,18,4,2,5,60.0,40.0,1.8,1.6,13.4,10.8,4.0,5.0,7.4,4.0,1.2,0.8,13.6,8.6,2016,1,2
29,17,3,1,2,60.0,60.0,0.8,2.4,12.8,16.2,3.0,6.2,4.8,6.6,0.4,1.4,10.6,13.4,2016,1,2
9,30,2,2,-4,20.0,60.0,1.8,1.8,16.8,15.0,5.2,4.8,9.4,4.8,1.6,0.6,13.4,14.2,2016,2,1
1,21,0,0,2,0.0,0.0,0.8,1.0,12.4,8.4,3.8,3.2,6.0,3.4,3.0,2.0,13.8,13.0,2016,7,1
4,32,1,1,5,40.0,0.0,1.4,0.8,12.6,10.2,3.8,1.8,6.8,5.4,2.4,1.4,13.6,18.4,2016,7,1
10,27,2,1,1,20.0,40.0,0.6,1.4,14.2,12.0,5.4,4.4,8.8,3.0,1.0,2.2,11.8,13.0,2016,7,2
16,11,3,1,3,60.0,20.0,2.0,0.8,13.4,8.2,4.2,4.0,6.0,5.4,0.8,1.4,12.4,18.4,2016,7,2
22,19,0,1,14,20.0,20.0,1.2,0.6,12.6,9.2,3.4,3.6,6.0,7.2,1.8,1.4,11.4,17.6,2016,7,0
28,9,3,2,15,20.0,80.0,0.8,2.4,17.4,12.2,4.4,4.0,5.4,6.0,1.0,0.8,13.0,12.0,2016,7,2
33,29,1,4,4,60.0,20.0,2.0,1.2,15.6,11.0,5.2,2.2,5.2,4.8,1.2,2.6,10.4,14.4,2016,7,0
17,31,2,0,-12,60.0,40.0,2.8,0.8,18.0,9.4,7.4,3.2,7.0,4.0,0.8,1.8,8.2,16.2,2016,8,2
18,0,2,2,-1,60.0,20.0,2.2,1.8,18.2,13.0,5.0,5.0,8.8,4.2,0.8,1.6,8.0,14.4,2016,8,1
30,26,1,2,-2,60.0,40.0,2.2,1.4,22.4,12.4,8.6,3.6,6.2,7.0,0.8,1.4,8.6,11.2,2016,8,0
33,19,3,2,8,40.0,40.0,2.0,0.6,18.8,8.8,6.0,2.6,6.8,6.2,2.0,1.2,10.4,16.0,2016,10,2
17,9,1,1,5,60.0,60.0,2.6,2.4,19.6,10.8,7.0,4.8,8.0,5.0,0.8,1.2,10.2,13.6,2016,11,1
22,31,4,2,0,20.0,20.0,0.8,0.4,11.6,10.2,3.2,3.2,5.6,4.6,1.6,2.0,12.2,17.2,2016,11,2
28,11,3,0,5,20.0,0.0,1.0,0.4,16.2,8.0,4.2,3.6,4.8,4.6,1.2,1.8,12.4,22.0,2016,11,2
0,1,4,0,-14,60.0,0.0,1.8,0.6,17.6,6.6,6.4,1.4,6.8,2.8,0.6,2.2,8.8,14.8,2016,15,2
9,16,1,1,-13,20.0,60.0,2.0,1.2,16.2,12.0,5.2,4.6,8.8,5.6,1.8,0.6,13.2,16.6,2016,15,1
11,22,3,0,-7,20.0,20.0,1.0,0.2,15.2,9.8,4.6,2.4,7.2,2.8,1.6,0.8,13.4,12.0,2016,15,2
21,30,5,1,10,40.0,40.0,1.4,1.8,11.6,17.0,5.0,5.2,3.8,6.2,1.0,0.8,11.8,13.0,2016,15,2
26,10,4,1,-3,60.0,0.0,2.4,1.0,14.6,9.2,5.0,3.0,8.2,5.0,1.6,1.6,11.2,16.4,2016,15,2
27,33,2,1,-3,20.0,40.0,1.0,2.4,11.4,13.6,2.8,5.0,3.6,5.8,1.8,1.6,13.0,14.2,2016,15,2
29,18,1,1,6,80.0,40.0,1.2,2.0,12.6,11.2,4.2,5.6,3.8,4.0,0.4,1.0,10.4,9.2,2016,15,1
31,28,2,2,2,20.0,20.0,1.0,1.2,13.0,12.0,4.0,3.8,6.2,4.2,1.2,0.8,10.6,14.4,2016,15,1
32,17,1,1,7,40.0,60.0,0.8,2.6,12.2,15.6,3.2,6.4,5.6,5.6,1.4,1.6,9.6,14.4,2016,15,1
19,4,3,1,-14,80.0,40.0,1.2,1.2,14.8,11.4,5.0,2.6,8.8,5.4,0.2,1.4,9.2,12.6,2016,17,2
7,29,0,1,6,20.0,20.0,0.2,1.6,11.2,11.4,4.0,3.0,4.2,4.8,0.4,2.6,13.8,15.8,2016,13,0
10,32,0,1,1,40.0,0.0,0.8,0.6,14.8,10.4,4.8,2.0,8.0,5.4,0.8,1.2,12.2,16.4,2016,13,0
11,30,1,1,8,40.0,40.0,1.6,2.0,11.4,18.6,5.0,5.8,5.2,7.2,1.4,1.6,14.4,14.0,2016,13,1
14,16,2,1,17,20.0,60.0,0.8,1.2,14.2,14.2,4.4,5.0,6.0,6.6,1.4,0.4,11.4,15.2,2016,13,2
18,28,2,1,-13,60.0,20.0,2.4,1.6,17.2,10.6,4.8,3.8,8.8,3.8,0.8,1.0,7.8,16.8,2016,13,2
26,31,1,1,-7,80.0,20.0,3.0,0.8,16.8,10.0,5.6,4.0,7.2,3.4,1.4,2.6,11.2,18.0,2016,13,1
0,17,3,4,-6,80.0,40.0,2.4,1.6,17.2,14.8,7.0,5.2,6.4,5.4,0.2,1.8,7.6,15.8,2016,14,0
4,19,1,3,11,20.0,40.0,1.2,0.8,13.2,7.0,3.8,1.8,5.8,5.0,2.6,1.4,14.8,15.8,2016,14,0
9,33,2,1,3,0.0,40.0,1.2,2.2,16.6,15.4,5.0,5.2,8.6,7.2,1.8,1.6,14.8,13.0,2016,15,2
19,26,2,0,-1,80.0,60.0,1.6,1.8,14.4,13.2,5.4,3.8,8.4,7.0,0.4,1.2,8.0,13.4,2016,19,2
7,17,2,0,10,0.0,40.0,0.0,2.0,11.2,14.2,3.8,5.6,5.2,5.0,0.6,2.2,13.0,14.8,2016,20,2
16,0,0,0,-1,80.0,20.0,2.2,1.8,15.4,11.4,4.8,4.4,6.2,4.0,0.6,1.4,12.0,15.8,2016,20,1
27,18,1,4,5,20.0,40.0,1.2,2.2,11.0,11.8,3.2,6.0,3.4,3.2,2.0,1.2,16.0,9.0,2016,20,0
29,14,0,2,-6,80.0,20.0,1.4,0.6,10.8,14.4,4.0,3.8,3.6,6.8,0.4,1.4,11.4,10.0,2016,20,0
30,10,1,0,-12,40.0,0.0,2.0,0.8,19.6,9.8,7.0,2.8,6.8,5.0,1.0,2.0,8.6,16.6,2016,20,2
31,9,1,2,3,20.0,40.0,1.4,2.2,14.4,11.4,5.0,5.8,6.8,4.8,1.6,1.2,9.6,16.6,2016,20,0
32,11,1,2,3,20.0,0.0,0.4,0.4,12.6,10.0,2.4,4.6,6.4,4.6,1.2,2.2,8.0,22.8,2016,20,0
33,4,1,0,-9,40.0,40.0,2.4,1.4,20.0,10.6,6.6,2.0,6.8,4.6,2.4,2.0,9.2,12.2,2016,21,2
9,7,3,0,-8,20.0,40.0,1.4,0.4,15.8,9.4,4.8,2.2,8.4,3.8,1.8,0.8,13.0,21.4,2016,27,2
10,4,1,1,-1,40.0,20.0,0.6,0.8,14.8,9.0,4.8,2.0,7.4,5.0,0.6,2.0,11.0,12.4,2016,27,1
11,27,1,0,2,40.0,20.0,1.4,1.0,10.8,11.4,4.6,3.0,4.4,3.6,1.0,2.4,13.6,12.6,2016,27,2
14,19,0,1,13,40.0,60.0,0.8,1.4,13.2,7.8,3.8,3.0,5.8,4.4,1.0,1.4,13.4,15.8,2016,27,0
16,29,2,1,-11,60.0,40.0,2.0,1.4,15.0,12.4,4.8,4.0,5.0,5.0,0.6,2.0,12.0,15.4,2016,27,2
26,28,1,1,-11,80.0,20.0,3.0,1.6,18.4,9.8,5.8,3.8,6.0,4.6,1.4,1.2,10.0,16.8,2016,27,1
30,17,1,1,-5,60.0,40.0,1.8,1.6,18.4,15.8,5.8,4.8,7.0,6.4,0.6,2.0,8.6,12.2,2016,27,1
31,0,1,3,11,20.0,20.0,1.6,1.4,13.4,12.0,4.6,4.4,6.2,5.0,1.8,1.0,9.4,12.2,2016,27,0
18,33,3,1,-3,60.0,20.0,2.0,1.8,16.0,13.4,3.8,4.8,8.8,6.2,1.0,1.6,8.8,13.2,2016,28,2
0,26,2,1,-4,60.0,40.0,2.2,1.4,15.2,13.6,5.6,3.2,5.8,6.2,1.0,1.4,9.6,13.2,2016,10,2
4,32,1,0,2,0.0,20.0,0.8,0.8,12.6,12.4,3.6,2.6,5.6,6.0,2.8,1.2,14.6,14.8,2016,10,2
7,14,1,1,0,20.0,40.0,0.4,1.0,8.8,14.4,3.4,3.6,4.4,6.4,0.6,1.4,15.8,9.6,2016,10,1
17,16,4,1,7,60.0,40.0,2.6,1.2,22.2,15.0,7.4,4.6,7.0,5.6,0.8,0.8,9.2,15.8,2016,10,2
19,18,1,2,1,80.0,40.0,1.8,2.2,14.8,11.2,6.0,5.8,8.2,3.8,0.4,1.4,9.2,8.4,2016,10,0
27,30,0,4,6,20.0,20.0,1.2,1.8,10.0,17.4,3.4,5.0,4.6,6.8,2.4,1.8,16.2,14.2,2016,10,0
33,31,2,4,-6,60.0,20.0,2.2,1.0,19.4,9.8,5.8,3.8,6.2,3.2,2.0,2.0,8.4,19.0,2016,10,0
29,9,2,2,2,60.0,40.0,1.2,1.8,11.4,11.8,4.0,5.0,4.2,5.4,0.8,1.4,12.2,14.8,2016,11,1
28,11,0,3,6,40.0,20.0,1.4,0.6,14.8,10.2,4.2,4.6,4.8,4.2,1.2,2.2,14.2,22.4,2016,12,0
9,17,1,2,2,40.0,20.0,1.6,1.4,15.8,14.6,5.8,4.2,8.2,6.6,1.4,2.0,11.6,10.8,2016,16,0
14,0,1,4,16,20.0,20.0,0.6,1.6,13.4,11.8,3.4,5.2,4.6,4.4,1.2,1.2,16.8,13.4,2016,17,0
16,7,3,0,-17,60.0,40.0,2.2,0.4,15.4,7.6,5.2,1.6,4.4,3.8,0.8,1.0,11.8,21.8,2016,17,2
18,4,4,0,-12,80.0,20.0,2.6,1.0,15.2,10.6,4.4,2.6,7.6,4.8,1.0,1.6,9.6,13.8,2016,17,2
32,33,4,2,7,0.0,20.0,0.4,1.6,13.6,12.6,3.2,4.0,7.2,5.2,1.4,1.8,9.2,13.2,2016,17,2
10,27,4,1,6,40.0,0.0,0.8,0.6,17.2,11.2,5.0,2.0,7.4,3.6,0.6,2.4,11.4,15.0,2016,18,2
26,29,1,0,-6,60.0,40.0,2.6,1.2,18.4,11.8,6.2,4.0,6.4,5.2,1.2,2.0,7.4,15.6,2016,18,2
30,28,1,0,-14,40.0,20.0,1.4,1.6,17.2,8.0,5.0,3.4,7.2,4.6,0.8,1.2,10.8,16.6,2016,18,2
31,19,3,1,8,20.0,60.0,1.6,1.4,14.4,12.6,5.0,4.2,5.0,4.6,2.0,1.4,9.6,12.2,2016,18,2
0,9,3,0,-8,80.0,40.0,2.4,2.2,14.4,15.8,4.8,6.0,5.0,5.8,1.0,1.6,10.4,13.6,2016,24,2
4,11,1,0,5,20.0,40.0,1.0,1.2,12.8,12.4,4.2,5.4,6.8,3.6,2.0,2.2,14.0,21.0,2016,24,2
17,14,5,1,-10,60.0,40.0,2.6,1.0,22.8,14.6,8.4,4.0,6.0,6.8,0.8,1.0,9.6,10.4,2016,24,2
19,16,4,1,4,60.0,20.0,1.8,1.2,15.0,15.8,5.8,4.6,6.2,5.6,0.8,1.6,11.4,16.8,2016,24,2
27,32,1,1,-5,20.0,20.0,0.8,0.6,10.6,12.2,2.8,2.6,5.6,5.4,2.8,1.0,17.8,14.6,2016,24,1
28,10,2,3,2,40.0,20.0,1.4,0.6,14.0,10.4,4.4,2.6,5.6,5.0,1.4,1.8,14.8,15.2,2016,24,0
29,18,1,3,8,40.0,40.0,1.4,2.0,10.6,12.6,4.2,5.4,3.6,4.0,1.2,1.6,15.4,9.0,2016,24,0
33,26,0,3,1,60.0,40.0,2.0,1.6,19.4,13.8,5.2,3.8,5.6,4.8,2.2,1.6,8.8,14.4,2016,25,0
7,31,2,0,5,20.0,20.0,0.6,1.6,9.8,10.2,3.0,4.6,5.2,3.4,0.6,2.4,14.6,19.6,2016,26,2
11,10,1,1,-4,80.0,40.0,2.0,1.2,14.2,13.4,6.8,3.4,5.4,5.6,0.6,1.8,10.8,14.2,2016,30,1
14,9,0,2,8,20.0,20.0,0.6,1.4,13.0,14.4,3.6,5.6,5.0,4.6,1.4,2.0,17.2,13.8,2016,1,0
28,32,1,1,3,40.0,20.0,1.8,0.8,13.8,12.4,4.6,3.0,4.8,5.4,2.0,0.8,14.8,13.8,2016,1,1
29,17,1,2,4,20.0,40.0,1.4,1.6,10.8,15.0,4.0,4.6,3.8,6.0,1.8,1.6,17.4,9.6,2016,1,0
31,4,2,2,-3,40.0,0.0,2.0,0.6,13.8,9.4,5.0,2.4,4.6,4.2,2.0,2.2,10.2,16.6,2016,1,1
7,0,0,1,16,40.0,40.0,1.0,1.8,10.0,14.4,3.0,5.8,5.4,4.4,0.4,0.8,15.4,10.8,2016,2,0
16,26,0,0,-5,80.0,60.0,2.4,2.0,17.0,13.8,6.0,4.8,5.8,3.2,0.4,1.4,9.4,15.6,2016,2,1
19,27,1,1,-4,60.0,0.0,2.2,0.6,15.0,11.4,5.2,2.2,5.8,4.0,1.0,2.4,12.4,15.0,2016,2,1
30,18,2,0,-1,40.0,60.0,1.0,2.4,20.2,14.4,5.2,5.2,9.6,4.8,0.8,1.6,11.0,10.6,2016,2,2
0,29,3,2,-10,80.0,40.0,2.6,1.2,14.0,11.4,4.4,4.4,6.4,4.0,1.0,1.6,10.6,17.0,2016,15,2
4,14,6,1,-2,40.0,40.0,1.0,1.2,11.6,12.0,3.4,3.4,6.8,6.2,1.6,1.6,12.8,15.0,2016,15,2
9,16,3,0,9,40.0,0.0,1.8,1.0,16.0,14.4,5.8,3.8,7.2,5.4,1.2,2.4,12.0,17.0,2016,15,2
10,33,0,1,8,40.0,20.0,1.4,1.6,17.4,13.4,5.4,4.2,7.4,5.4,0.8,2.2,11.0,13.6,2016,15,0
18,11,1,1,-7,80.0,40.0,3.0,1.2,16.6,14.4,6.0,5.8,7.0,4.0,0.8,1.6,8.2,16.0,2016,15,1
27,28,2,0,-8,20.0,0.0,1.0,1.0,10.6,7.6,2.8,3.2,5.8,4.8,2.2,1.4,15.0,19.0,2016,15,2
32,30,1,1,11,20.0,40.0,1.2,2.0,12.0,17.0,3.6,5.4,5.8,8.0,1.6,1.8,11.6,13.0,2016,15,1
26,7,3,1,-12,60.0,40.0,2.2,0.4,18.2,7.0,6.2,1.8,5.6,2.8,1.0,1.4,8.2,20.4,2016,16,2
17,19,0,0,3,60.0,60.0,2.8,1.6,21.8,14.6,8.2,4.4,6.8,4.6,1.0,1.4,9.4,11.0,2016,17,1
4,30,0,0,13,60.0,40.0,2.0,1.8,13.4,17.8,4.6,6.0,5.8,8.0,1.0,1.6,11.8,12.0,2016,22,1
7,11,2,1,7,40.0,40.0,1.0,1.2,9.8,13.2,2.4,5.2,4.4,3.4,0.6,1.2,16.8,13.4,2016,22,2
14,27,0,2,9,20.0,0.0,0.6,0.8,10.4,10.0,3.6,3.0,4.2,3.6,1.6,1.8,20.0,17.6,2016,22,0
16,10,3,1,-14,60.0,40.0,1.6,1.4,15.2,13.6,4.4,3.2,5.6,5.8,0.4,1.8,9.8,14.8,2016,22,2
17,32,2,1,-6,60.0,20.0,2.4,0.8,21.0,12.6,8.0,3.8,6.4,5.0,0.6,0.8,9.6,11.4,2016,22,2
29,31,0,0,-1,0.0,40.0,1.0,1.6,8.8,9.2,2.8,4.2,3.6,3.8,2.0,1.8,18.8,16.8,2016,22,1
33,28,1,0,-10,40.0,0.0,1.4,0.8,17.2,7.0,3.0,2.4,4.2,4.0,2.0,1.6,10.2,20.4,2016,22,2
9,19,4,0,5,60.0,40.0,2.0,1.4,16.6,13.0,6.0,4.2,7.4,3.6,0.8,1.4,9.8,11.2,2016,23,2
18,26,1,1,-2,60.0,40.0,2.4,1.2,18.2,12.6,6.4,4.4,7.8,2.2,1.0,1.0,6.0,14.2,2016,23,1
10,17,2,4,7,40.0,60.0,1.4,1.8,16.2,17.2,4.8,5.2,6.8,7.0,1.0,1.6,11.6,8.6,2016,29,0
19,7,0,0,-13,60.0,40.0,2.2,0.6,15.6,6.6,5.8,1.6,7.2,3.0,1.0,1.8,11.0,21.4,2016,29,1
28,0,1,4,15,20.0,60.0,1.4,2.0,12.2,14.0,4.2,5.0,5.4,4.2,1.8,0.8,16.4,10.4,2016,29,0
30,16,1,1,2,60.0,0.0,1.2,0.8,19.0,12.6,6.2,3.2,8.6,5.4,0.6,2.8,10.2,16.0,2016,29,1
31,14,1,0,-5,20.0,20.0,1.8,1.0,13.6,10.0,5.2,2.8,3.8,5.2,2.0,2.8,11.0,18.0,2016,29,2
32,18,0,4,10,20.0,60.0,1.4,2.0,10.6,15.6,3.4,5.4,5.2,5.0,1.2,1.2,14.0,10.4,2016,29,0
11,33,2,0,4,60.0,20.0,1.8,1.2,14.4,14.2,6.4,4.2,6.8,5.4,0.6,2.2,9.6,13.0,2016,30,2
26,9,0,2,-4,60.0,40.0,2.0,1.4,22.2,17.0,7.6,5.8,5.6,5.4,0.8,1.4,8.2,12.4,2016,30,0
27,29,3,1,-3,40.0,40.0,1.2,1.6,12.0,12.2,3.4,5.4,6.6,4.0,2.0,1.4,14.4,16.6,2016,31,2
4,28,1,2,-1,60.0,0.0,1.8,0.4,12.6,7.8,4.0,2.0,6.2,3.6,0.8,1.4,12.6,20.2,2016,5,0
7,10,3,2,3,60.0,40.0,1.4,1.4,9.6,15.0,2.4,3.8,3.4,6.4,0.6,1.6,17.4,14.6,2016,5,2
9,11,5,0,-1,80.0,40.0,2.6,1.4,16.0,13.8,6.4,5.6,7.0,4.0,0.6,1.0,9.4,12.4,2016,5,2
18,20,1,1,-14,60.0,20.0,2.2,0.8,18.2,8.4,6.4,2.4,8.4,3.2,0.8,1.0,6.2,14.0,2016,5,1
33,27,1,1,-2,40.0,20.0,1.0,1.0,17.2,10.0,2.4,3.6,4.2,4.4,1.6,1.4,11.6,16.0,2016,5,1
0,30,1,1,-1,60.0,40.0,2.2,1.6,13.0,17.6,4.6,5.8,6.6,7.2,1.4,0.6,12.0,9.8,2016,6,1
14,26,2,1,12,20.0,20.0,0.6,1.0,9.0,11.8,2.8,4.4,3.6,2.4,2.0,1.0,21.0,13.0,2016,6,2
16,32,1,2,-13,60.0,20.0,1.6,0.8,12.2,11.4,3.6,3.2,4.8,4.8,0.4,1.0,12.6,13.2,2016,6,0
17,31,6,1,-5,60.0,40.0,2.4,1.2,21.4,8.8,8.4,3.2,5.4,4.0,0.8,1.0,8.0,15.4,2016,6,2
29,19,1,3,7,0.0,40.0,0.8,1.0,10.2,15.6,3.6,4.8,4.2,4.6,1.8,1.6,17.2,10.0,2016,6,0
10,18,1,2,11,20.0,80.0,1.4,2.6,14.2,16.2,5.2,6.0,6.6,5.6,1.6,1.0,12.6,11.4,2016,19,0
11,29,1,1,-1,60.0,20.0,1.6,1.0,14.8,12.4,6.0,5.4,7.6,4.2,0.6,1.8,10.2,15.0,2016,19,1
19,0,1,1,3,40.0,80.0,1.6,2.4,20.6,17.2,7.0,6.0,9.6,5.4,0.8,0.6,11.0,8.2,2016,19,1
26,17,0,0,-2,40.0,60.0,1.2,1.8,20.4,17.4,6.8,5.8,6.6,6.8,1.0,1.4,7.6,8.2,2016,19,1
27,4,0,1,-7,40.0,0.0,1.4,0.6,14.0,10.0,3.4,3.0,7.0,5.4,2.0,2.0,13.2,17.2,2016,19,0
28,14,3,0,-1,0.0,20.0,1.0,1.0,10.0,8.8,2.8,2.8,4.4,4.0,2.6,2.6,17.2,20.4,2016,19,2
30,33,3,2,-4,60.0,20.0,1.2,1.0,19.4,12.8,6.0,3.4,8.2,5.0,0.4,2.2,9.4,15.0,2016,19,2
31,16,2,1,12,40.0,0.0,1.6,0.8,13.8,10.2,4.0,2.4,3.8,4.4,1.6,2.8,11.4,17.0,2016,19,2
20,9,0,1,8,20.0,60.0,1.0,1.6,10.0,17.0,2.8,5.8,5.0,5.4,1.2,1.2,12.4,8.6,2016,20,0
32,7,4,0,-4,20.0,20.0,1.2,0.4,9.8,6.4,3.4,1.4,4.0,2.6,1.8,1.8,16.8,24.6,2016,21,2
7,18,1,2,14,60.0,80.0,1.6,2.2,11.8,15.8,3.4,5.6,4.0,5.6,1.0,1.0,15.4,11.6,2016,26,0
9,30,2,1,7,80.0,40.0,3.2,1.6,17.0,17.0,7.0,5.6,6.4,6.4,0.4,0.6,8.2,10.4,2016,26,2
14,32,1,1,4,20.0,20.0,0.6,1.0,7.4,11.0,2.2,3.6,2.8,4.8,2.0,1.2,21.2,11.4,2016,26,1
16,20,2,2,-17,60.0,0.0,1.8,0.6,11.6,7.8,3.8,2.4,5.4,3.4,0.8,1.0,12.2,15.4,2016,26,1
17,28,2,0,-9,80.0,20.0,3.4,0.6,21.4,8.2,10.0,2.2,5.2,2.8,0.8,1.2,7.6,21.4,2016,26,2
29,10,5,4,-3,0.0,40.0,1.0,1.8,8.8,16.2,3.2,4.4,3.0,7.0,2.0,2.0,16.6,13.4,2016,26,2
0,4,3,1,-14,60.0,20.0,1.8,0.8,14.2,10.2,4.0,2.4,7.0,5.0,0.8,1.8,10.8,17.0,2016,27,2
19,33,1,1,-2,20.0,20.0,1.4,1.2,20.6,13.6,7.0,3.4,10.8,5.8,1.0,2.4,9.4,14.6,2016,27,1
26,11,1,0,-5,40.0,20.0,1.0,1.0,16.2,11.4,5.6,4.2,5.6,3.6,0.8,1.8,9.6,14.4,2016,27,2
31,27,0,1,4,60.0,20.0,1.8,1.0,14.6,10.0,4.2,4.2,4.6,4.0,1.4,1.4,10.8,15.4,2016,27,0
10,26,3,0,9,20.0,20.0,1.6,1.2,13.2,13.0,4.8,5.6,6.4,4.4,1.8,1.0,12.0,11.8,2016,3,2
18,9,1,3,-6,40.0,60.0,2.0,1.4,20.0,17.0,7.0,5.6,8.2,5.0,0.8,1.0,5.8,9.8,2016,3,0
27,7,2,0,-9,40.0,0.0,1.2,0.2,15.2,6.2,4.0,1.2,6.2,2.8,1.4,2.6,12.6,24.6,2016,3,2
28,16,2,1,16,20.0,0.0,1.4,0.8,8.6,8.6,2.6,1.8,3.2,5.0,2.2,2.8,19.0,16.2,2016,3,2
30,29,5,0,-9,60.0,0.0,1.6,1.0,18.2,10.0,6.2,4.2,7.0,4.0,0.8,2.0,9.6,15.8,2016,3,2
32,31,3,1,1,40.0,40.0,1.8,1.2,10.8,10.0,3.8,4.6,3.4,4.2,1.4,2.0,15.2,16.2,2016,3,2
33,0,1,5,5,20.0,80.0,1.0,2.6,16.0,15.6,2.4,5.4,5.2,4.8,1.8,0.8,12.4,9.0,2016,3,0
4,17,4,3,8,60.0,60.0,1.8,1.8,15.2,15.2,4.8,5.2,7.8,6.0,0.6,1.0,12.2,8.2,2016,4,2
11,19,1,1,6,60.0,40.0,1.6,1.0,15.2,15.2,6.0,4.0,8.6,4.2,0.6,1.6,8.6,9.4,2016,4,1
20,14,1,0,0,20.0,0.0,0.8,0.6,10.0,9.8,2.6,3.4,3.6,5.0,1.2,3.2,12.6,20.0,2016,5,2
0,27,3,1,-7,60.0,40.0,2.0,1.2,14.0,11.2,4.2,4.2,6.4,4.2,0.8,1.2,10.4,13.4,2016,10,2
7,4,3,2,2,60.0,20.0,1.6,0.8,11.2,10.0,4.0,2.4,4.0,6.2,1.2,2.2,17.4,15.4,2016,10,2
14,10,3,3,3,20.0,20.0,0.8,2.2,7.8,16.2,2.6,4.4,3.0,7.0,2.0,2.8,17.6,14.6,2016,10,1
16,18,4,2,-3,40.0,80.0,1.8,2.2,11.2,16.4,3.2,5.4,5.0,6.4,1.0,1.0,11.6,10.8,2016,10,2
29,28,3,0,-5,20.0,20.0,1.6,0.4,11.2,8.4,4.6,2.0,4.8,2.6,2.4,1.4,13.4,23.6,2016,10,2
31,11,3,2,2,60.0,0.0,1.6,0.4,14.0,10.0,3.4,2.6,4.6,3.2,1.0,2.0,11.6,15.6,2016,10,2
9,32,1,0,-4,80.0,20.0,3.0,1.2,14.4,10.8,6.0,3.6,5.2,5.0,0.6,1.2,9.4,11.0,2016,11,2
17,33,2,2,1,80.0,20.0,3.0,1.2,23.4,13.0,9.2,3.4,6.8,5.8,0.6,2.0,6.4,13.6,2016,11,1
19,30,1,0,2,20.0,20.0,1.4,1.0,21.2,15.4,8.0,5.2,11.6,6.4,0.8,1.0,7.0,9.2,2016,11,2
26,20,1,0,-12,60.0,0.0,1.0,1.0,16.4,7.6,5.6,2.4,5.6,3.2,0.6,1.4,11.2,15.0,2016,11,2
4,16,1,0,15,60.0,0.0,2.4,0.8,15.2,9.6,5.4,2.2,6.6,4.4,1.2,2.4,11.8,17.2,2016,13,2
11,0,2,1,9,40.0,80.0,1.6,3.0,13.6,17.4,5.4,6.0,8.0,4.8,0.8,0.8,9.0,8.2,2016,13,2
10,19,1,2,10,40.0,20.0,2.0,1.0,10.2,11.4,4.6,2.6,5.2,3.6,1.6,1.8,13.4,10.4,2016,14,0
18,31,2,0,-9,20.0,20.0,1.6,0.6,18.4,10.8,7.0,4.0,9.0,4.2,1.2,2.2,6.0,14.6,2016,14,2
20,17,0,3,10,40.0,60.0,0.8,2.2,10.8,14.6,2.6,5.2,5.0,6.8,0.8,1.6,11.4,8.4,2016,14,0
27,26,0,0,3,60.0,20.0,1.6,1.0,14.2,14.2,4.4,5.2,5.0,6.0,0.6,1.2,11.4,10.2,2016,14,1
28,9,0,1,7,40.0,80.0,1.8,1.6,10.8,13.4,3.4,5.0,2.8,3.2,1.8,0.8,18.4,11.4,2016,14,0
30,14,3,0,-15,80.0,0.0,2.4,0.4,21.6,8.8,8.4,3.2,7.0,4.6,0.6,3.2,7.2,20.6,2016,14,2
32,29,3,1,2,60.0,0.0,2.4,0.8,10.4,8.4,4.0,3.6,3.0,2.8,1.6,2.6,17.2,18.8,2016,14,2
33,7,1,0,-11,20.0,0.0,0.8,0.2,14.2,7.8,2.2,2.0,5.0,3.6,2.0,2.4,13.6,22.2,2016,14,2
10,9,0,1,5,20.0,100.0,1.4,1.8,8.6,15.4,3.6,5.8,3.4,4.0,1.8,0.2,14.4,10.2,2016,17,0
20,29,3,0,6,40.0,0.0,0.6,1.0,11.2,8.2,2.8,3.8,5.6,4.8,1.0,3.0,10.6,17.6,2016,17,2
27,16,2,2,8,60.0,0.0,1.4,0.6,12.8,10.0,4.6,2.4,4.4,5.4,0.4,1.8,12.6,15.8,2016,17,1
28,31,1,0,4,40.0,20.0,1.4,0.6,10.2,9.4,3.2,3.8,3.2,3.4,1.4,2.2,18.2,14.6,2016,17,2
32,19,0,2,9,60.0,40.0,2.2,1.2,11.4,11.6,3.6,3.4,2.6,3.8,1.4,1.4,14.2,9.6,2016,17,0
33,14,1,0,-11,40.0,0.0,1.0,0.2,15.6,10.4,3.4,4.0,5.0,5.2,1.4,2.8,11.6,19.6,2016,17,2
4,26,1,3,10,60.0,0.0,2.4,0.4,14.6,13.6,5.8,4.2,6.4,7.8,1.2,1.2,11.6,8.6,2016,18,0
18,0,2,1,2,20.0,60.0,1.2,2.4,17.0,14.4,6.0,4.8,9.0,4.6,1.2,1.0,5.8,9.8,2016,18,2
30,7,2,1,-15,80.0,0.0,2.8,0.2,20.8,8.0,8.4,2.0,5.2,3.6,0.6,2.0,8.0,23.4,2016,18,2
11,17,0,1,3,40.0,60.0,1.4,2.4,14.2,15.0,5.0,5.0,8.4,6.4,0.8,1.4,9.4,7.6,2016,19,0
0,32,1,0,-12,60.0,20.0,2.0,1.0,15.4,10.2,4.4,3.2,6.0,4.0,1.0,1.2,11.0,11.0,2016,26,2
7,20,1,0,0,60.0,0.0,1.8,0.8,11.8,7.4,4.6,2.8,3.4,3.0,1.6,1.0,18.4,15.6,2016,26,2
9,4,3,0,-6,100.0,20.0,3.0,1.2,14.4,12.2,5.6,2.8,4.6,7.4,0.2,2.0,8.0,14.6,2016,26,2
14,18,0,3,14,20.0,60.0,1.2,2.0,9.6,16.6,3.4,5.4,3.4,7.2,1.8,1.6,15.6,10.2,2016,26,0
16,11,0,2,-10,40.0,0.0,2.0,0.8,10.4,9.6,3.2,3.0,4.2,3.4,1.4,2.4,14.0,15.4,2016,26,0
19,28,3,1,-12,20.0,20.0,0.8,0.4,21.0,9.4,7.6,2.0,10.6,3.2,0.6,1.8,7.4,20.2,2016,26,2
29,33,1,4,5,40.0,20.0,2.0,1.2,11.4,9.8,4.6,3.0,5.8,5.4,1.8,1.6,12.0,15.6,2016,26,0
31,10,1,1,-2,60.0,0.0,1.6,2.2,14.2,15.0,3.6,4.8,4.0,7.4,1.2,3.0,10.8,15.4,2016,26,1
17,27,4,1,-1,60.0,40.0,2.4,1.2,20.6,11.4,7.4,4.4,6.4,4.6,0.8,1.0,7.4,14.8,2016,27,2
26,30,1,4,3,60.0,0.0,1.0,0.6,15.4,14.0,5.0,5.0,5.0,6.0,0.6,1.0,10.6,11.0,2016,28,0
14,11,2,2,7,20.0,20.0,1.2,1.0,10.0,10.6,3.4,3.2,3.2,4.0,2.0,2.2,14.4,13.0,2016,30,1
7,28,4,1,1,80.0,20.0,2.0,0.6,11.0,8.6,5.2,2.6,4.4,3.4,1.4,2.0,16.4,21.8,2016,31,2
9,27,4,2,1,100.0,40.0,3.0,1.2,14.0,11.2,5.2,3.6,4.0,4.6,0.2,1.6,8.4,14.0,2016,31,2
16,33,1,0,-6,40.0,20.0,2.0,1.8,10.0,10.2,3.4,3.6,4.2,5.0,1.8,1.8,13.4,16.0,2016,31,2
17,18,1,0,4,80.0,80.0,3.2,2.6,22.8,17.4,8.0,5.4,7.4,8.0,1.0,1.2,7.2,9.6,2016,31,2
19,20,2,1,-13,40.0,0.0,1.2,0.6,21.4,7.2,7.6,2.6,9.0,2.6,0.6,1.0,7.4,13.0,2016,31,2
26,32,1,2,-8,40.0,20.0,0.6,0.8,10.4,7.4,2.6,2.0,3.8,4.0,1.2,1.2,12.8,14.8,2016,31,0
29,4,0,3,-4,40.0,20.0,2.0,0.8,12.6,11.4,5.4,3.0,6.8,7.4,2.2,2.2,11.2,14.0,2016,31,0
0,10,2,0,-13,60.0,0.0,1.6,2.2,17.4,15.0,5.4,5.2,6.2,6.2,0.6,3.0,9.0,14.6,2017,1,2
31,30,1,4,10,60.0,20.0,1.4,1.2,12.6,13.4,2.8,4.4,4.6,6.4,1.0,1.0,10.6,11.2,2017,1,0
11,26,3,0,5,40.0,20.0,1.2,1.0,12.8,14.2,4.6,4.8,6.6,7.4,0.8,1.4,9.6,8.8,2017,2,2
18,7,2,1,-14,40.0,0.0,1.4,0.2,16.0,7.8,5.4,2.2,8.0,3.2,1.2,1.8,6.4,22.6,2017,2,2
20,16,0,0,17,60.0,0.0,1.2,1.0,11.2,11.8,3.0,4.0,5.4,6.2,0.8,1.6,12.6,15.8,2017,2,1
28,17,2,2,9,60.0,60.0,1.4,2.2,11.2,13.6,3.6,4.6,2.8,5.6,1.2,1.2,16.6,7.2,2017,2,1
32,14,3,1,-4,60.0,0.0,2.0,0.0,11.8,11.4,3.0,4.2,2.0,5.6,1.6,1.8,12.2,18.8,2017,2,2
33,19,0,2,2,60.0,60.0,1.0,1.6,15.4,12.2,4.2,4.2,6.2,4.2,1.2,1.4,13.0,9.8,2017,2,0
4,0,3,3,14,40.0,40.0,1.4,2.4,12.2,12.0,4.8,4.4,6.8,3.6,1.6,1.4,12.2,10.6,2017,3,1
10,29,1,2,3,20.0,0.0,1.4,0.6,7.4,8.4,3.4,3.0,3.0,5.2,1.8,3.0,14.6,16.4,2017,3,0
27,31,2,0,-4,40.0,0.0,1.4,0.4,12.4,10.4,4.8,4.2,5.0,4.4,0.8,2.4,13.2,15.0,2017,3,2
30,9,2,0,-7,80.0,100.0,2.8,1.6,24.2,13.6,8.8,5.2,6.6,3.2,0.8,0.2,6.6,9.8,2017,4,2
7,26,1,0,12,80.0,20.0,2.4,0.8,12.4,15.4,5.8,5.0,5.2,8.4,1.4,1.8,14.6,9.4,2017,14,2
14,4,3,1,2,20.0,40.0,1.6,1.4,10.8,10.6,3.8,3.6,3.2,6.6,2.0,1.8,16.0,14.8,2017,14,2
16,9,0,3,-9,40.0,80.0,1.6,1.2,9.0,13.2,3.4,4.2,4.0,3.8,1.6,0.6,13.8,9.8,2017,14,0
28,27,1,3,8,60.0,20.0,1.6,1.2,12.6,9.8,4.4,2.8,3.2,3.8,0.8,2.4,16.6,15.8,2017,14,0
29,0,0,4,10,40.0,20.0,2.0,2.2,13.2,10.6,5.4,3.8,6.2,3.4,2.8,1.8,11.4,12.4,2017,14,0
30,32,4,0,-11,100.0,40.0,3.0,1.0,21.6,7.6,8.2,2.4,5.2,4.2,0.6,1.0,7.6,12.6,2017,14,2
31,20,0,0,-5,40.0,0.0,1.4,0.8,9.4,6.8,3.2,2.2,3.2,2.4,1.8,1.4,12.8,17.6,2017,14,1
33,10,3,0,-8,40.0,0.0,0.8,2.0,13.0,11.8,4.0,4.6,5.4,5.4,1.6,2.8,13.6,15.6,2017,14,2
11,18,4,0,7,40.0,60.0,1.4,1.8,12.8,15.0,4.6,4.2,7.0,7.8,0.8,1.4,9.4,8.8,2017,15,2
19,17,1,1,-3,60.0,40.0,1.6,1.8,20.4,14.4,7.8,5.6,7.6,6.0,0.8,1.2,7.8,7.8,2017,15,1
4,31,2,2,3,40.0,0.0,2.0,0.4,13.0,10.2,5.8,4.2,6.2,5.2,2.2,2.8,11.8,16.2,2017,21,1
10,11,0,1,4,20.0,20.0,1.2,1.2,7.4,10.6,2.8,3.0,3.2,3.4,1.4,2.2,13.4,13.8,2017,21,0
17,29,2,3,-4,80.0,20.0,3.0,0.8,19.6,7.8,6.8,2.6,7.6,5.4,0.8,2.6,7.8,14.4,2017,21,0
18,30,2,2,1,60.0,40.0,1.6,2.0,16.0,14.0,5.4,4.8,7.6,6.2,1.2,1.2,7.4,10.8,2017,21,1
20,33,1,3,11,40.0,20.0,0.8,1.8,11.0,12.6,2.6,4.0,5.0,4.8,0.8,1.6,11.6,15.0,2017,21,0
27,19,1,1,4,40.0,80.0,1.2,2.0,12.4,11.6,5.0,4.4,5.2,3.0,0.6,0.6,12.2,8.6,2017,21,1
32,28,2,0,-3,80.0,20.0,2.6,0.8,11.6,8.8,3.8,2.8,3.2,3.4,1.0,2.6,11.4,21.0,2017,21,2
0,7,2,1,-16,80.0,0.0,2.0,0.4,20.0,8.6,5.8,2.6,6.2,4.6,0.6,2.2,8.2,18.0,2017,22,2
9,14,2,0,-8,100.0,0.0,3.0,0.2,14.8,13.2,5.4,5.0,4.6,7.0,0.6,2.2,6.2,16.0,2017,22,2
26,16,3,0,5,40.0,0.0,0.8,0.8,10.6,12.6,2.6,4.6,4.0,6.4,1.2,1.4,11.6,13.2,2017,22,2
0,31,1,2,-11,100.0,0.0,2.2,0.6,21.8,10.0,7.0,3.2,6.8,5.4,0.6,2.0,8.8,13.6,2017,31,0
4,10,0,2,1,40.0,0.0,2.2,1.6,11.6,10.6,5.4,3.8,5.6,4.4,2.2,2.8,12.0,15.6,2017,31,0
7,16,1,0,17,80.0,0.0,2.0,0.6,11.4,12.8,5.0,4.6,4.8,5.6,1.0,1.6,15.4,15.2,2017,31,2
17,9,1,1,-2,60.0,80.0,2.2,1.6,17.2,12.2,4.4,4.2,7.6,4.2,1.2,0.6,6.8,8.8,2017,31,1
20,32,1,1,4,40.0,20.0,1.0,0.6,10.8,6.0,2.8,1.4,6.0,3.0,1.2,1.6,11.6,15.8,2017,31,1
28,30,0,0,14,40.0,40.0,1.2,2.2,13.2,13.2,4.2,4.6,3.8,6.6,1.4,1.4,16.0,11.2,2017,31,1
29,26,2,1,6,40.0,20.0,1.8,0.6,14.4,15.6,5.8,4.6,6.4,7.8,3.0,1.6,12.4,10.0,2017,31,2
19,14,0,0,-13,60.0,0.0,1.6,0.2,19.8,11.6,7.4,4.4,6.6,6.8,0.8,2.0,9.4,15.6,2017,1,1
27,11,1,1,-2,40.0,40.0,1.4,1.4,10.8,13.6,4.0,4.6,4.8,4.4,0.6,1.2,15.4,11.2,2017,1,1
33,18,0,4,3,60.0,40.0,1.2,1.4,14.0,15.6,4.2,4.4,4.6,7.6,1.4,2.0,13.2,8.2,2017,1,0
9,0,3,1,8,100.0,40.0,2.4,2.8,12.4,12.4,4.6,4.8,5.6,3.0,0.6,1.6,7.8,12.4,2017,4,2
10,28,0,4,-2,20.0,0.0,1.0,0.4,7.2,8.8,2.8,2.6,4.4,3.8,1.2,2.8,14.6,19.4,2017,4,0
11,4,6,3,-5,60.0,20.0,2.0,1.4,11.2,10.4,4.2,4.4,5.6,6.8,0.6,2.4,11.0,14.8,2017,4,2
14,17,2,0,10,20.0,40.0,1.8,2.0,12.4,14.0,4.0,6.0,3.8,5.8,2.0,1.4,13.8,9.0,2017,4,2
26,33,1,3,-1,60.0,40.0,1.4,2.0,14.0,13.0,4.0,4.4,5.2,4.8,1.2,1.2,10.8,14.4,2017,4,0
30,20,1,0,-15,100.0,0.0,3.2,0.6,23.0,6.8,9.2,1.8,6.0,2.2,0.2,1.2,6.0,15.0,2017,4,2
31,7,2,1,-5,20.0,0.0,1.0,0.6,9.8,10.2,3.6,3.6,3.0,4.8,1.6,1.8,11.8,19.6,2017,4,2
32,27,1,0,5,80.0,40.0,2.2,1.6,11.2,10.2,3.6,3.2,2.6,3.4,1.0,2.4,12.2,16.8,2017,4,2
16,19,0,3,-4,40.0,60.0,1.4,1.6,9.4,14.8,3.4,5.4,3.6,4.4,1.8,0.6,13.2,8.6,2017,5,0
18,29,2,1,-8,60.0,40.0,1.8,1.2,14.4,8.0,5.4,2.6,7.0,5.4,1.4,2.8,7.6,14.8,2017,5,2
0,14,2,0,-16,80.0,0.0,1.8,0.2,22.6,11.6,7.4,4.4,8.0,5.6,0.8,1.8,9.0,15.4,2017,11,2
17,30,2,0,5,40.0,40.0,2.0,2.0,13.2,13.6,3.6,4.0,6.4,7.4,1.4,1.0,7.2,10.0,2017,11,2
19,31,2,0,-8,60.0,20.0,1.4,0.8,19.4,8.6,7.0,3.4,6.4,5.6,0.6,1.6,9.4,15.4,2017,11,2
20,11,0,0,7,20.0,40.0,1.0,1.6,9.8,13.8,2.6,5.4,4.2,5.0,1.4,1.2,13.6,10.6,2017,11,1
27,10,1,0,-6,20.0,20.0,1.2,1.2,11.6,10.4,4.6,3.8,5.0,3.8,0.8,1.8,15.4,14.0,2017,11,2
28,26,0,4,11,20.0,20.0,0.8,0.8,9.4,14.2,3.2,4.4,3.6,6.8,1.2,1.4,15.4,10.4,2017,11,0
33,32,2,2,-7,60.0,20.0,1.0,0.6,13.2,7.0,3.8,2.0,4.4,2.2,1.2,1.6,11.6,16.0,2017,11,1
7,9,1,1,8,100.0,60.0,2.0,1.2,14.2,11.8,4.6,3.8,5.8,4.4,0.6,0.6,13.8,7.4,2017,12,1
29,16,2,0,11,40.0,0.0,1.2,0.4,13.0,12.0,5.0,4.6,5.4,5.2,2.4,1.4,12.0,15.6,2017,12,2
4,18,0,2,12,20.0,40.0,1.4,1.8,11.2,13.6,4.2,4.2,5.2,6.8,2.0,1.8,12.2,7.4,2017,13,0
9,29,3,1,-2,100.0,40.0,2.6,1.4,13.2,8.6,4.8,3.0,7.0,6.0,0.6,2.2,7.2,12.6,2017,25,2
10,20,1,0,-3,0.0,0.0,0.4,0.2,9.6,7.2,3.8,1.4,4.8,2.0,2.0,1.0,13.2,16.2,2017,25,2
11,28,2,0,-6,80.0,20.0,3.0,1.2,11.6,9.6,5.0,3.8,5.2,3.2,1.0,2.4,12.6,18.2,2017,25,2
14,7,1,1,0,40.0,0.0,2.0,0.8,11.8,9.6,4.0,4.2,3.6,4.2,1.8,1.8,16.0,20.8,2017,25,1
31,33,1,1,6,40.0,60.0,1.4,2.4,10.8,13.0,4.6,4.8,3.0,4.4,1.6,1.2,11.2,15.2,2017,25,1
32,4,2,1,-2,80.0,20.0,1.8,1.8,12.2,12.2,3.8,5.4,3.0,6.4,0.8,3.0,11.2,14.6,2017,25,2
30,27,4,0,-6,100.0,20.0,2.4,1.4,20.8,9.8,7.2,3.4,7.2,4.0,0.2,2.6,7.4,17.8,2017,26,2
16,17,3,1,-7,40.0,40.0,1.0,1.4,9.4,16.4,3.0,6.4,5.2,7.0,2.0,1.0,15.0,8.0,2017,27,2
16,14,3,1,-17,40.0,0.0,0.8,0.2,10.0,11.4,3.2,4.2,5.6,6.2,1.8,1.6,14.6,13.4,2017,4,2
17,0,3,1,6,60.0,20.0,2.0,2.0,13.0,10.4,4.8,3.8,6.2,5.2,1.0,2.0,7.2,13.0,2017,4,2
19,4,1,1,-11,60.0,20.0,1.6,1.6,20.8,11.2,8.2,5.4,6.8,5.4,0.6,2.8,8.8,14.0,2017,4,1
27,20,2,0,-9,40.0,0.0,1.4,0.2,12.0,8.2,4.8,1.8,5.4,2.0,0.8,1.0,13.6,16.4,2017,4,2
29,7,3,2,-6,40.0,0.0,1.0,1.0,12.2,10.0,4.8,4.4,5.4,4.6,2.4,1.8,11.6,19.8,2017,4,2
31,26,3,4,7,20.0,40.0,1.0,1.6,10.4,14.2,3.6,5.2,3.4,5.0,1.4,1.4,11.6,10.6,2017,4,0
32,10,0,2,-1,80.0,20.0,1.6,0.6,12.2,8.8,3.8,2.8,4.6,3.4,0.8,1.4,12.0,12.4,2017,4,0
28,18,0,2,13,20.0,60.0,0.8,1.8,9.0,13.2,2.8,4.4,3.8,6.0,1.8,1.0,14.6,6.4,2017,5,0
30,11,3,2,-8,100.0,40.0,2.6,1.2,19.6,13.0,7.2,5.2,7.8,4.6,0.2,0.6,6.4,10.2,2017,5,2
33,9,1,2,-3,40.0,40.0,1.2,1.2,12.4,10.6,3.2,3.0,4.6,3.6,1.6,0.8,11.6,7.0,2017,6,0
18,27,0,0,-5,80.0,20.0,2.0,1.2,15.0,8.4,5.4,3.0,7.2,3.6,1.0,2.8,6.4,17.8,2017,8,1
4,33,3,2,9,0.0,60.0,1.2,2.2,10.4,14.2,3.8,4.6,5.0,4.8,2.4,1.0,13.2,13.4,2017,11,2
11,32,3,0,-3,80.0,20.0,3.0,1.0,12.8,7.4,5.8,2.4,5.6,3.0,0.8,1.8,12.8,16.8,2017,11,2
14,29,2,1,6,40.0,40.0,1.6,1.4,11.8,7.6,3.0,2.6,4.0,4.0,1.4,2.2,15.2,13.2,2017,11,2
17,7,2,1,-10,60.0,0.0,1.8,1.2,12.6,10.2,5.0,4.8,6.4,4.6,1.0,2.0,7.4,18.4,2017,12,2
4,29,2,0,4,20.0,40.0,1.6,1.6,12.6,7.0,4.6,2.8,4.6,3.8,2.2,2.0,13.4,14.2,2017,18,2
10,31,1,0,2,20.0,20.0,0.4,0.8,11.4,9.4,3.8,3.6,5.4,5.4,1.6,1.6,12.2,17.2,2017,18,2
11,14,4,0,-7,100.0,0.0,3.6,0.4,14.8,10.2,6.6,4.0,6.2,5.8,0.6,2.0,11.6,13.2,2017,18,2
27,9,1,2,-1,60.0,40.0,1.4,1.4,11.4,9.8,5.0,2.6,4.8,3.8,0.4,1.0,12.4,8.0,2017,18,0
28,7,0,0,-1,0.0,0.0,0.6,1.2,8.8,10.2,2.6,4.4,4.2,3.2,2.2,2.0,15.6,17.6,2017,18,1
32,0,3,1,12,80.0,20.0,1.6,2.0,12.4,10.0,3.8,3.8,5.2,5.2,0.8,2.2,12.0,13.8,2017,18,2
33,16,2,3,6,20.0,0.0,1.2,0.4,11.0,11.4,2.4,4.0,3.8,3.6,2.0,1.6,10.2,15.8,2017,18,0
18,17,1,1,-4,60.0,20.0,1.6,1.0,14.8,16.8,4.2,7.0,7.8,9.0,1.0,1.6,6.4,9.0,2017,19,1
20,19,1,3,13,20.0,80.0,1.0,2.0,10.0,15.8,2.6,6.8,4.2,4.4,0.8,0.4,12.0,8.2,2017,19,0
30,26,2,1,-3,100.0,40.0,2.8,1.8,17.6,15.4,6.8,5.8,7.0,5.2,0.4,1.8,7.0,11.8,2017,19,2
7,30,0,2,15,80.0,40.0,1.6,2.0,12.2,12.6,4.0,3.6,5.2,6.4,0.4,1.2,13.0,10.4,2017,1,0
9,10,1,2,-5,100.0,40.0,3.0,0.8,14.0,8.8,5.4,2.8,8.0,3.8,0.8,1.2,6.6,12.8,2017,1,0
14,33,2,1,11,60.0,40.0,2.0,1.8,12.8,14.4,3.8,4.6,3.6,5.2,1.0,1.4,14.2,14.8,2017,1,2
16,27,2,0,-8,60.0,20.0,1.4,1.0,12.0,8.2,3.8,3.0,7.0,3.4,1.6,2.0,15.0,16.2,2017,1,2
17,11,3,1,-3,60.0,20.0,2.0,1.2,13.6,13.0,5.4,5.4,7.8,4.2,1.2,1.2,7.8,12.8,2017,1,2
19,32,0,0,-9,40.0,20.0,1.2,1.0,19.6,7.8,7.8,2.6,8.8,3.2,0.6,2.2,8.0,14.8,2017,1,1
26,4,0,0,-10,40.0,20.0,1.4,1.8,14.8,10.4,4.0,5.0,4.8,4.8,1.8,2.4,9.4,15.2,2017,1,1
31,28,1,0,-4,20.0,20.0,1.4,1.2,11.8,9.4,3.8,3.6,3.2,3.6,2.0,2.2,13.6,19.4,2017,1,2
0,18,2,2,-2,80.0,60.0,1.6,1.6,21.8,12.8,7.6,4.6,7.2,5.4,0.6,1.0,8.4,6.6,2017,2,1
29,20,0,0,-6,60.0,0.0,1.4,0.2,14.0,8.2,5.4,1.8,5.6,1.6,2.0,1.2,10.0,17.8,2017,2,1
7,27,1,0,9,60.0,20.0,1.4,0.6,13.6,9.2,3.6,3.0,4.4,3.6,0.8,1.6,15.2,17.2,2017,4,2
16,28,2,0,-16,60.0,20.0,1.6,1.0,14.2,10.2,5.0,3.4,7.6,4.4,1.6,1.8,12.0,18.8,2017,4,2
19,11,1,1,-6,20.0,20.0,0.8,1.0,16.8,10.8,6.0,4.8,7.6,3.8,0.4,1.4,6.8,12.2,2017,4,1
31,32,2,0,-1,40.0,0.0,1.4,0.6,15.2,7.0,5.4,2.2,5.8,2.8,1.2,2.0,12.0,16.4,2017,4,2
0,33,3,0,-5,60.0,40.0,1.8,2.0,18.2,11.8,6.0,4.4,6.6,4.8,1.0,1.6,10.6,13.8,2017,5,2
9,18,2,1,6,80.0,60.0,2.6,2.0,16.0,13.8,6.8,5.2,8.8,5.8,1.2,1.2,6.8,7.2,2017,5,2
14,20,4,2,0,80.0,0.0,2.0,0.0,11.6,8.0,3.6,1.6,3.6,1.8,0.8,0.8,12.6,14.4,2017,5,2
17,4,2,2,-8,80.0,0.0,2.2,1.2,12.4,10.6,5.6,4.4,7.0,4.8,0.8,2.4,8.4,15.2,2017,5,1
26,10,3,1,-9,20.0,60.0,1.2,1.2,14.8,9.0,4.2,2.6,5.2,3.6,1.8,1.0,10.6,13.2,2017,5,2
29,30,1,3,9,60.0,40.0,1.4,1.6,14.2,13.0,5.0,4.0,7.0,5.8,1.4,1.0,9.4,11.2,2017,5,0
4,9,1,3,6,40.0,60.0,1.4,1.8,12.6,11.6,4.6,3.6,4.2,4.8,1.6,0.8,12.6,7.2,2017,8,0
18,14,3,1,-14,40.0,0.0,1.4,0.2,14.6,8.0,3.8,2.8,8.0,5.6,1.0,2.2,7.8,14.4,2017,8,2
20,7,0,0,0,0.0,0.0,0.6,1.0,10.0,11.0,2.4,3.6,5.2,3.4,1.4,1.6,12.0,15.6,2017,8,1
27,17,1,2,1,40.0,0.0,1.2,1.0,9.0,17.2,4.2,7.0,4.4,9.4,0.8,1.8,14.6,10.4,2017,8,0
30,31,4,0,-10,100.0,20.0,2.8,0.8,18.2,8.8,7.6,3.2,7.8,3.6,0.6,1.6,6.4,16.2,2017,8,2
32,26,0,1,8,80.0,40.0,1.6,2.0,13.2,14.6,4.4,5.8,4.6,3.8,0.8,1.6,10.8,10.8,2017,8,0
33,29,1,0,-5,20.0,20.0,1.6,1.2,13.4,6.8,3.4,2.2,4.6,3.6,2.2,2.2,9.8,15.2,2017,8,2
11,16,4,2,10,100.0,20.0,3.8,0.6,14.2,10.8,7.0,3.4,5.2,2.8,0.6,1.6,10.4,16.6,2017,9,2
28,19,0,3,12,0.0,80.0,0.2,2.2,9.6,15.4,2.6,6.8,4.4,3.4,1.8,0.4,14.8,9.0,2017,9,0
10,0,3,0,13,40.0,20.0,0.6,2.0,11.6,11.0,3.4,4.0,5.0,6.0,1.4,2.4,10.8,13.4,2017,10,2
10,16,2,2,14,60.0,20.0,1.0,1.0,13.6,10.0,4.0,3.4,5.2,3.6,1.0,2.4,10.8,17.2,2017,15,1
11,7,3,1,-7,100.0,0.0,3.8,0.8,15.4,10.2,7.6,2.6,5.4,2.8,1.0,1.2,9.0,14.8,2017,15,2
26,18,0,3,2,40.0,60.0,1.6,2.2,18.0,14.6,5.6,5.6,7.0,6.4,1.2,0.8,10.6,8.0,2017,15,0
27,14,3,1,-9,40.0,0.0,1.2,0.4,9.6,7.4,4.8,2.2,5.2,4.8,1.0,2.4,12.4,17.2,2017,15,2
28,33,2,2,10,0.0,20.0,0.0,1.4,8.6,10.6,2.8,3.8,4.2,3.8,1.8,2.0,15.6,15.8,2017,15,1
30,4,4,0,-13,100.0,0.0,2.8,1.4,17.8,10.4,6.6,3.6,7.6,4.2,0.6,2.2,7.4,16.4,2017,15,2
31,29,1,0,1,60.0,0.0,1.8,0.6,14.6,6.4,4.8,1.8,6.2,3.6,1.2,2.0,14.6,14.8,2017,15,2
19,9,2,0,-5,20.0,60.0,0.8,1.8,18.6,13.0,6.0,4.0,7.8,4.6,0.4,1.0,6.4,8.2,2017,16,2
32,17,0,1,6,60.0,20.0,1.2,1.0,13.8,15.8,4.6,4.8,5.8,10.0,1.0,1.6,11.0,10.2,2017,16,0
20,0,1,2,16,0.0,20.0,0.6,1.4,10.6,10.4,3.2,3.8,5.6,6.2,1.4,2.4,11.4,14.4,2017,17,0
4,20,4,0,-2,40.0,0.0,1.2,0.4,12.0,9.4,3.8,2.2,3.2,2.4,1.8,1.6,13.6,15.4,2017,22,2
14,31,2,0,5,80.0,20.0,2.2,0.8,12.2,8.6,4.0,3.2,4.4,3.4,1.0,2.0,13.4,16.6,2017,22,2
29,27,2,0,3,60.0,0.0,1.6,0.0,12.6,9.4,4.6,2.2,7.4,4.2,1.2,1.6,10.2,15.8,2017,22,2
33,11,0,0,-4,20.0,0.0,1.2,1.0,13.4,9.8,4.0,4.0,5.0,3.4,2.2,1.6,8.6,14.2,2017,22,1
7,19,0,2,13,60.0,80.0,0.8,2.4,11.8,17.0,3.0,7.6,3.8,3.8,0.6,0.4,16.0,8.8,2017,23,0
17,10,1,2,-7,80.0,60.0,2.4,1.4,15.0,10.4,6.6,3.0,7.8,5.4,1.0,1.0,8.2,15.4,2017,23,0
9,26,4,2,4,80.0,60.0,2.2,2.2,14.4,12.6,6.2,5.4,7.6,3.0,1.0,1.4,9.2,12.4,2017,25,2
0,16,1,0,1,60.0,20.0,2.0,1.4,18.0,9.0,6.2,3.4,6.0,4.2,1.0,2.2,10.6,16.2,2017,26,2
10,30,0,1,12,60.0,40.0,1.4,1.4,15.0,12.8,4.4,4.4,5.2,6.6,1.2,1.0,8.8,10.8,2017,26,0
20,28,1,0,1,0.0,20.0,0.6,0.8,11.0,11.0,3.8,3.4,4.6,5.2,1.2,1.4,11.2,19.4,2017,26,2
18,19,0,0,-1,40.0,80.0,1.6,2.4,16.4,16.8,4.6,7.6,7.8,4.2,1.0,0.4,6.8,8.8,2017,27,1
10,7,0,2,-3,60.0,0.0,1.4,0.8,12.0,10.8,2.8,3.2,4.4,3.6,0.6,1.6,10.4,17.6,2017,29,0
26,14,0,0,-12,40.0,0.0,1.4,0.6,17.6,9.0,5.6,2.4,6.0,6.0,1.4,3.0,12.8,17.0,2017,29,1
27,33,0,0,2,60.0,0.0,1.6,1.2,9.6,10.8,4.2,3.6,4.8,3.6,1.0,2.2,12.4,14.4,2017,29,1
28,4,0,1,1,0.0,0.0,0.4,0.8,10.8,7.8,3.4,2.2,5.4,2.8,2.2,1.8,14.2,18.2,2017,29,0
32,16,0,1,13,40.0,20.0,1.0,1.4,12.0,7.8,4.2,3.0,5.6,4.0,1.2,2.2,11.6,13.8,2017,29,0
11,9,0,3,1,100.0,60.0,3.2,1.6,18.2,12.4,7.0,3.6,5.8,4.6,0.6,1.2,8.0,8.6,2017,30,0
19,29,1,1,-7,40.0,0.0,1.2,0.4,17.4,8.2,5.4,2.2,6.6,3.4,0.4,1.8,6.2,14.4,2017,30,1
20,18,2,2,14,20.0,60.0,0.6,2.0,10.0,16.0,3.6,5.8,4.4,7.2,1.0,0.8,10.0,8.4,2017,30,1
30,0,2,0,1,100.0,20.0,3.4,1.0,19.2,10.0,8.4,3.4,8.0,6.6,0.6,2.6,6.8,14.6,2017,30,2
31,17,0,1,5,60.0,40.0,1.6,1.0,14.4,16.2,4.8,4.4,6.8,9.4,1.0,1.4,15.0,9.8,2017,1,0
33,30,1,0,4,20.0,60.0,1.2,1.2,15.2,15.2,4.4,4.8,6.2,8.0,1.4,0.6,7.2,8.6,2017,5,2
4,27,2,2,7,60.0,0.0,2.0,0.0,14.0,8.8,5.4,2.4,3.6,3.8,1.4,1.8,12.4,14.6,2017,6,1
7,32,2,2,4,40.0,0.0,0.6,0.6,11.6,10.0,2.4,2.6,4.0,4.0,1.0,1.6,14.4,14.0,2017,6,1
14,28,0,2,1,80.0,20.0,2.2,0.8,12.4,11.2,3.8,3.6,5.0,5.4,1.0,1.2,11.6,17.8,2017,6,0
16,31,3,0,-12,80.0,20.0,2.0,0.4,16.6,9.2,6.2,3.0,8.0,4.0,1.0,2.0,13.4,15.2,2017,6,2
18,10,5,0,-11,40.0,60.0,1.2,1.4,16.8,9.6,4.4,2.8,8.2,5.4,0.6,1.2,6.2,16.2,2017,6,2
29,11,1,0,1,60.0,0.0,1.6,0.8,12.4,7.8,4.8,3.0,8.6,3.2,1.0,1.4,10.0,14.4,2017,6,2
0,19,2,0,-3,60.0,80.0,1.8,2.2,15.6,12.4,5.6,6.2,6.4,3.6,0.8,0.2,9.4,11.4,2017,7,2
17,26,0,0,2,60.0,60.0,2.2,2.4,14.4,13.0,5.0,5.8,6.6,3.6,1.4,1.8,8.2,13.6,2017,7,1
9,20,3,0,-8,80.0,0.0,2.6,0.4,16.0,8.8,6.6,2.6,7.0,2.6,1.4,2.2,9.8,16.0,2017,8,2
26,0,0,2,4,20.0,20.0,0.8,0.8,15.8,10.6,4.6,3.2,5.8,5.0,1.4,2.4,12.4,16.0,2017,10,0
11,31,1,0,-2,80.0,0.0,2.8,0.0,16.6,10.0,6.2,3.2,4.2,3.2,1.2,2.4,8.2,13.4,2017,12,2
32,9,0,1,4,20.0,80.0,0.6,2.0,12.6,12.0,4.2,4.2,5.0,5.2,1.2,1.0,10.4,9.8,2017,12,0
4,7,2,1,-2,60.0,20.0,2.4,0.8,15.4,11.4,5.6,3.0,3.0,4.0,1.4,1.0,11.8,16.0,2017,13,2
18,16,2,1,3,40.0,40.0,1.8,1.6,18.6,7.2,5.8,3.0,8.0,4.6,0.4,1.8,6.4,15.0,2017,13,2
20,26,1,2,12,20.0,40.0,1.0,1.6,11.0,10.8,4.2,4.2,4.2,4.4,1.4,1.8,13.0,15.8,2017,13,0
27,0,1,4,7,40.0,40.0,1.4,1.0,12.0,11.4,4.2,3.4,4.8,5.4,1.0,1.8,13.6,15.2,2017,13,0
28,29,0,2,5,0.0,0.0,0.4,0.4,13.0,10.0,4.2,2.6,5.4,3.6,1.6,1.4,14.2,13.6,2017,13,0
10,14,4,0,-3,40.0,0.0,1.2,0.6,12.0,9.0,3.2,1.8,6.4,5.6,1.0,2.6,10.0,15.8,2017,14,2
30,19,2,1,-2,100.0,60.0,3.0,1.6,19.0,11.4,8.8,5.2,9.2,4.8,0.6,0.6,8.2,11.0,2017,14,2
33,17,0,4,-1,40.0,60.0,1.0,1.2,14.6,14.2,4.6,5.0,5.4,7.4,1.0,1.0,7.8,10.2,2017,14,0
9,31,4,3,-3,80.0,0.0,2.6,0.0,17.6,11.0,6.8,3.0,6.6,4.6,1.2,2.2,8.4,12.0,2017,15,2
0,28,2,0,-15,80.0,20.0,2.0,0.4,13.4,11.6,5.4,3.2,5.6,6.0,0.4,1.2,9.4,16.8,2017,16,2
18,32,3,1,-10,60.0,0.0,2.2,0.8,19.6,9.0,6.6,2.2,8.2,5.2,0.6,1.8,7.2,14.6,2017,16,2
26,19,0,0,1,20.0,40.0,0.6,1.2,14.4,10.2,3.8,4.4,6.8,4.8,1.2,0.8,13.4,11.8,2017,17,1
16,30,1,6,-2,100.0,60.0,2.6,1.2,16.6,14.6,7.0,5.2,8.0,7.0,0.4,0.8,13.2,10.6,2017,18,0
0,11,3,1,-9,80.0,0.0,2.0,0.8,17.2,8.0,6.6,2.8,8.4,3.8,0.4,1.6,8.8,14.4,2017,21,2
7,33,1,2,11,20.0,0.0,0.8,1.0,9.6,10.6,2.6,4.0,3.0,3.0,1.4,2.0,14.0,16.4,2017,21,0
9,28,5,1,-7,80.0,20.0,2.8,0.4,19.2,10.8,7.6,3.4,6.6,5.4,1.6,1.2,9.6,20.0,2017,21,2
14,30,1,7,15,80.0,80.0,2.0,2.4,12.6,18.4,4.8,7.2,5.2,7.2,1.2,0.6,12.0,9.6,2017,21,0
16,4,1,1,-15,80.0,20.0,2.2,0.8,16.4,8.4,6.6,2.8,7.8,2.6,1.4,1.4,15.0,19.0,2017,21,1
17,20,3,0,-10,40.0,0.0,1.6,0.4,14.2,7.0,5.2,2.0,5.4,2.4,1.2,2.6,7.6,17.2,2017,21,2
19,10,2,0,-10,20.0,60.0,1.0,1.4,15.4,9.4,4.4,3.0,6.6,5.0,0.6,2.0,6.8,20.0,2017,21,2
26,27,0,1,-3,20.0,0.0,0.6,0.4,15.0,10.6,4.2,2.4,7.0,4.2,1.2,1.4,13.2,12.8,2017,21,0
29,32,2,1,-2,60.0,0.0,1.4,0.6,12.2,8.4,4.8,2.0,9.0,4.4,1.0,2.0,9.8,15.6,2017,21,2
31,18,0,5,9,60.0,40.0,1.4,2.0,14.4,17.0,5.0,5.6,6.6,8.0,1.0,1.2,14.8,10.2,2017,21,0
0,16,4,3,-7,100.0,20.0,2.2,1.2,19.0,6.8,7.8,2.8,8.6,4.2,0.2,1.8,10.4,14.4,2017,11,2
9,7,2,3,-15,100.0,20.0,3.6,0.8,20.0,12.0,7.0,3.4,7.0,4.0,1.4,1.0,9.4,17.6,2017,12,0
11,27,1,0,-6,80.0,20.0,2.4,0.6,16.4,12.4,6.4,2.6,5.2,6.0,1.2,1.4,10.0,13.2,2017,12,2
26,29,0,0,-7,0.0,20.0,0.0,0.6,12.8,8.4,3.6,2.6,5.6,3.0,1.2,1.0,12.6,13.2,2017,12,1
31,17,3,3,13,60.0,80.0,0.8,1.8,12.4,16.0,4.8,5.8,6.2,6.2,1.2,0.4,13.8,9.6,2017,12,1
32,4,1,0,1,20.0,20.0,0.6,0.8,11.8,9.8,4.4,3.4,5.0,2.4,1.0,1.4,13.2,19.2,2017,12,2
19,33,4,0,-5,40.0,20.0,1.2,1.0,13.2,10.4,3.4,3.4,4.2,2.8,0.4,1.6,7.4,14.0,2017,13,2
21,30,0,2,16,60.0,80.0,2.2,3.4,12.6,18.4,6.4,8.6,3.4,6.4,0.6,0.8,12.0,9.0,2017,13,0
4,31,0,2,-8,60.0,0.0,2.2,0.6,14.8,11.6,5.0,3.2,3.4,4.8,1.2,2.8,11.6,15.4,2017,19,0
7,32,0,1,6,20.0,0.0,0.8,0.8,10.2,10.6,2.0,2.6,3.2,4.0,1.6,1.8,14.2,14.8,2017,19,0
17,10,1,0,-10,40.0,40.0,1.8,1.0,17.2,8.6,6.6,2.4,3.8,5.2,1.0,2.4,7.2,19.6,2017,19,2
26,33,3,2,-3,0.0,20.0,0.0,0.8,17.0,9.8,3.8,2.8,7.6,2.0,0.6,2.0,9.8,17.0,2017,19,2
27,0,1,0,8,20.0,60.0,1.2,1.6,11.4,11.2,3.4,4.2,5.0,5.6,1.8,1.4,14.0,14.8,2017,19,2
29,19,0,4,9,60.0,20.0,1.2,0.6,10.0,8.8,3.2,2.8,8.6,4.4,0.8,0.8,11.8,13.4,2017,19,0
30,9,1,2,1,100.0,80.0,2.8,1.8,17.8,15.0,8.8,4.4,9.4,6.0,0.4,0.8,8.2,9.0,2017,20,0
18,11,1,1,-4,80.0,0.0,2.6,0.6,21.2,10.8,8.0,3.4,7.8,4.6,0.6,1.6,5.6,13.8,2017,21,1
4,18,1,2,6,40.0,60.0,1.8,2.6,13.6,17.2,4.2,5.8,4.6,8.6,1.6,0.8,13.4,8.8,2017,26,0
10,29,0,2,-1,20.0,20.0,1.2,0.6,12.4,7.2,3.6,2.4,7.8,2.2,1.6,0.6,10.0,16.6,2017,26,0
19,16,2,0,-6,60.0,20.0,2.0,1.4,14.0,6.8,4.0,2.6,5.2,3.8,0.4,1.8,8.6,17.4,2017,26,2
21,33,3,0,7,60.0,20.0,2.0,1.2,10.4,11.6,5.4,4.0,4.0,2.4,0.8,2.0,12.8,15.6,2017,26,2
9,11,2,0,-6,80.0,0.0,3.6,0.6,21.8,10.4,7.4,3.0,8.2,4.2,1.8,1.2,8.0,15.6,2017,27,2
17,0,4,0,-1,40.0,60.0,1.4,1.6,19.8,12.6,8.0,4.8,4.2,5.8,0.8,1.0,6.2,13.6,2017,27,2
30,7,1,1,-14,80.0,40.0,2.6,1.4,19.0,10.6,8.8,3.8,11.2,4.0,0.6,1.4,8.4,18.6,2017,27,1
32,27,1,1,-3,20.0,20.0,0.2,0.6,12.6,12.2,4.0,2.4,5.8,6.6,0.8,1.2,12.8,10.4,2017,27,1
0,4,3,0,-4,100.0,20.0,2.4,0.8,20.2,9.2,8.2,3.2,9.4,2.2,0.8,1.6,10.2,19.6,2017,9,2
11,30,0,3,5,80.0,80.0,1.8,3.2,15.4,18.4,5.6,8.2,5.4,6.4,1.2,0.6,10.6,9.4,2017,9,0
16,9,1,2,11,60.0,80.0,1.8,1.8,15.4,12.8,5.4,3.4,6.8,4.4,1.4,0.8,14.0,11.6,2017,9,0
18,17,5,0,-1,60.0,80.0,2.2,2.2,20.4,16.2,7.8,6.0,7.8,5.2,0.6,0.8,5.8,8.8,2017,9,2
26,31,0,2,-9,20.0,20.0,0.6,1.0,17.6,13.8,4.4,4.2,7.8,4.8,1.0,2.0,11.2,12.8,2017,9,0
27,19,2,2,7,40.0,20.0,1.2,1.0,12.6,9.8,4.0,3.2,4.4,4.8,1.4,0.8,13.6,13.0,2017,9,1
7,10,1,0,2,20.0,20.0,0.8,0.6,11.6,7.8,1.6,2.0,3.6,5.0,1.4,2.4,12.0,19.4,2017,10,2
29,21,0,1,-3,60.0,0.0,1.2,1.0,8.2,9.2,2.8,3.8,7.0,3.8,1.6,1.8,13.6,11.0,2017,10,0
10,26,0,1,6,20.0,40.0,0.8,1.0,12.6,9.2,3.4,2.8,6.4,4.6,1.6,1.0,10.2,16.2,2017,16,0
17,7,1,1,-12,60.0,40.0,1.8,1.6,19.4,11.8,8.4,4.0,3.6,4.8,0.4,1.6,6.4,21.8,2017,16,1
21,27,2,1,5,60.0,20.0,2.0,0.8,11.2,12.4,5.6,2.4,4.8,6.4,0.8,1.2,12.2,11.0,2017,16,2
30,29,0,0,-13,60.0,40.0,2.0,1.0,20.8,7.8,8.6,2.8,11.8,1.8,0.8,0.4,9.4,17.0,2017,16,1
31,18,0,6,14,20.0,80.0,0.8,2.8,9.4,17.6,3.2,6.0,3.8,7.8,1.8,0.6,14.0,8.6,2017,16,0
32,33,0,0,-1,20.0,20.0,0.4,0.8,11.2,11.8,3.2,4.0,6.4,3.2,0.8,2.2,14.0,16.0,2017,16,1
9,0,0,0,-4,80.0,40.0,3.2,1.2,22.0,11.8,7.4,4.0,8.2,5.6,1.4,1.6,7.0,14.6,2017,17,1
19,11,4,0,-1,80.0,0.0,2.2,0.4,14.8,9.6,4.8,2.2,5.8,3.8,0.2,1.4,8.6,15.6,2017,17,2
11,4,2,1,-2,60.0,20.0,1.0,0.4,15.4,9.2,4.4,3.2,6.0,2.4,1.4,1.8,12.4,19.0,2017,23,2
16,17,2,3,8,40.0,60.0,1.6,1.8,13.2,15.4,4.2,5.8,6.2,4.2,1.8,1.6,14.2,9.6,2017,23,0
18,10,5,0,-11,80.0,20.0,3.2,0.4,19.2,9.0,8.0,2.4,8.0,5.4,0.6,2.0,7.2,15.2,2017,23,2
26,19,0,1,2,20.0,20.0,0.6,1.4,16.6,12.8,4.0,4.6,7.6,6.2,1.0,1.2,11.4,11.2,2017,23,0
27,9,0,4,12,40.0,80.0,1.4,1.6,12.8,13.0,4.2,3.6,4.4,5.4,1.4,0.8,14.4,10.8,2017,23,0
29,31,1,2,-2,60.0,40.0,1.0,1.4,9.4,13.6,3.4,4.4,7.4,4.2,1.2,1.6,13.2,13.0,2017,23,0
33,30,2,3,9,60.0,80.0,0.8,3.6,14.2,17.8,4.0,8.6,5.8,4.8,0.8,0.6,11.0,10.6,2017,23,0
0,32,2,0,-5,100.0,20.0,2.8,1.2,21.2,10.4,9.0,2.8,9.0,4.8,0.8,2.0,10.2,15.8,2017,25,2
4,16,0,0,-3,40.0,20.0,1.4,1.2,12.0,8.4,3.2,2.6,4.6,4.0,1.6,1.8,15.0,19.4,2017,30,1
9,18,0,1,-2,60.0,80.0,2.6,3.4,20.4,19.6,6.8,7.0,7.6,8.4,1.4,0.6,8.8,8.4,2017,30,0
19,10,4,0,-8,80.0,0.0,2.6,0.0,16.2,8.6,5.6,1.8,6.4,5.2,0.2,2.8,9.0,17.4,2017,30,2
27,26,2,1,5,20.0,40.0,0.8,1.0,12.6,9.8,3.8,3.0,4.8,5.0,2.0,1.0,13.0,15.6,2017,30,2
32,31,2,2,-7,20.0,60.0,0.4,1.8,11.0,12.4,3.0,3.8,6.0,4.8,0.6,1.2,12.8,12.8,2017,30,1
33,29,1,0,-4,40.0,40.0,1.0,1.0,13.4,6.0,3.6,2.0,5.8,1.6,1.4,0.2,13.2,19.2,2017,30,2
11,7,0,1,-9,60.0,40.0,0.8,1.6,12.0,10.2,3.8,3.6,5.6,3.8,1.4,1.2,11.4,23.0,2017,1,0
21,17,1,1,14,80.0,60.0,2.2,2.2,13.0,17.0,5.6,6.6,5.2,4.6,0.8,2.0,13.0,10.6,2017,1,1
7,33,1,1,5,20.0,20.0,0.8,0.8,10.4,11.2,2.0,3.4,3.6,3.2,1.0,2.2,13.0,13.4,2017,14,1
10,9,2,1,13,20.0,100.0,0.8,2.4,14.2,13.4,3.8,4.4,7.0,4.8,1.6,0.4,9.2,11.6,2017,14,2
17,19,0,0,-2,60.0,40.0,1.8,1.6,23.6,12.6,10.0,4.6,5.2,5.2,0.2,0.8,6.0,12.2,2017,14,1
18,27,7,2,-10,80.0,20.0,3.2,1.0,19.0,13.2,7.4,2.6,7.8,6.6,0.6,1.2,7.2,11.8,2017,14,2
30,4,1,0,-7,40.0,20.0,1.2,0.6,21.2,9.8,7.4,3.8,11.4,3.4,0.8,1.4,9.2,16.6,2017,14,2
31,0,2,1,12,0.0,40.0,0.6,1.2,7.8,11.6,2.0,3.6,3.2,4.8,3.0,1.2,17.0,13.2,2017,14,2
26,21,2,2,-10,20.0,20.0,0.6,0.6,16.0,12.2,3.6,4.8,7.8,5.0,1.2,0.8,11.0,7.8,2017,15,1
16,32,1,1,2,20.0,20.0,1.4,0.8,13.4,9.6,4.6,2.8,4.8,4.0,2.4,2.0,16.0,16.2,2017,16,1
9,31,4,2,-16,40.0,60.0,1.8,2.2,16.4,12.6,5.4,4.0,6.8,4.4,1.0,1.4,10.4,11.6,2017,21,2
18,7,3,0,-13,80.0,40.0,4.2,1.4,19.6,9.4,8.6,3.4,7.0,3.6,0.8,1.2,6.4,24.6,2017,21,2
21,10,1,0,4,60.0,0.0,2.2,0.0,12.6,8.8,5.8,1.6,4.6,5.6,1.0,2.6,14.6,15.8,2017,21,2
26,32,1,0,-2,20.0,20.0,1.0,0.8,15.6,9.6,2.8,2.6,7.6,4.0,1.4,1.6,12.0,14.2,2017,21,2
27,4,1,2,4,40.0,0.0,1.2,0.4,12.2,7.8,4.2,2.6,4.8,3.4,2.2,1.6,14.8,16.8,2017,21,0
29,16,1,2,3,40.0,0.0,1.0,1.0,9.0,8.8,2.6,2.6,5.4,3.8,1.6,1.8,12.8,20.0,2017,21,0
11,0,2,5,2,60.0,20.0,0.8,1.0,14.2,11.2,3.8,4.0,7.0,4.8,1.0,1.6,10.2,12.6,2017,22,0
30,17,4,1,-2,40.0,40.0,1.0,2.2,20.8,18.0,6.4,5.4,10.4,4.6,0.8,2.2,7.8,10.4,2017,22,2
0,29,2,1,-10,100.0,40.0,2.8,0.8,20.4,4.8,9.2,1.4,7.2,1.4,0.8,0.2,10.2,18.6,2017,28,2
4,9,0,1,8,40.0,80.0,1.0,2.0,13.4,14.2,3.6,4.4,6.0,5.6,1.2,0.8,13.8,12.0,2017,28,0
10,33,2,2,3,40.0,0.0,1.2,0.6,14.0,10.0,3.8,3.8,5.2,3.0,1.4,2.2,10.4,15.6,2017,28,1
19,30,1,0,4,100.0,100.0,3.2,3.8,17.4,16.2,5.8,7.6,6.6,4.6,0.0,0.6,7.8,8.8,2017,28,2
31,27,0,1,4,20.0,20.0,1.0,1.0,8.2,11.4,2.0,2.2,3.0,5.2,3.0,2.2,16.4,13.4,2017,28,0
32,18,2,3,7,20.0,100.0,0.8,3.2,9.6,18.6,3.0,7.4,6.4,7.8,0.8,0.2,14.6,6.4,2017,28,0
16,11,2,0,5,20.0,0.0,1.4,0.6,13.2,11.2,4.2,3.6,4.8,2.4,1.4,2.2,11.8,16.4,2017,29,2
7,21,1,0,-2,20.0,20.0,0.6,0.6,11.6,14.8,2.2,5.2,4.0,5.8,0.8,0.8,12.4,7.6,2017,30,2
13,32,1,0,8,40.0,20.0,0.8,0.6,9.8,7.8,3.2,2.0,5.6,3.8,1.2,1.4,10.4,15.8,2017,4,2
21,4,0,1,9,60.0,20.0,1.4,0.6,10.2,7.2,4.4,2.4,4.6,3.8,0.8,1.6,13.2,14.6,2017,4,0
26,7,0,1,-8,40.0,40.0,1.2,1.2,13.8,7.8,3.6,2.8,6.6,4.4,1.4,1.4,12.6,24.0,2017,4,0
27,16,2,2,1,40.0,20.0,1.2,1.2,12.2,9.2,3.8,3.0,5.0,4.4,1.8,1.6,14.2,20.4,2017,4,1
29,6,0,1,-3,20.0,20.0,0.8,0.8,10.4,9.2,3.0,2.4,5.4,5.0,1.8,1.2,11.8,15.6,2017,4,0
33,17,1,4,7,40.0,20.0,1.0,1.6,12.8,15.2,3.2,4.6,6.0,4.4,2.0,3.0,12.8,11.2,2017,4,0
9,19,1,0,-5,40.0,40.0,1.6,1.6,13.6,11.8,5.4,4.8,5.8,6.0,1.2,0.8,12.2,10.8,2017,5,2
11,31,3,2,-10,40.0,60.0,1.0,2.0,12.8,14.0,3.2,4.4,5.2,5.0,2.0,1.4,13.4,9.6,2017,5,2
18,0,3,1,-2,80.0,20.0,4.2,1.2,18.4,15.2,8.6,5.6,6.4,5.0,0.6,1.8,6.6,12.2,2017,5,2
30,10,1,0,-12,40.0,0.0,1.4,0.0,20.8,9.6,6.2,1.4,9.4,5.4,0.8,2.4,8.6,15.4,2017,5,2
0,30,2,0,3,100.0,80.0,2.6,2.4,20.4,15.0,8.4,5.6,7.4,4.6,0.8,0.6,6.6,9.0,2017,18,2
4,13,4,0,-9,20.0,20.0,0.6,0.6,11.2,7.0,2.6,2.4,5.6,4.2,1.2,1.4,14.6,12.2,2017,18,2
7,29,2,0,1,40.0,20.0,0.6,0.6,12.2,5.0,3.0,1.2,4.6,1.0,0.4,0.6,12.0,19.4,2017,18,2
10,11,2,2,7,20.0,0.0,0.8,0.4,15.4,10.0,4.8,2.6,6.8,3.2,1.8,2.0,9.8,14.8,2017,18,1
16,18,0,2,9,40.0,100.0,1.6,2.8,10.8,18.6,3.8,6.6,3.6,7.2,1.2,0.6,13.0,6.4,2017,18,0
17,26,3,0,-4,60.0,40.0,1.8,1.0,22.2,12.0,9.0,3.0,7.2,5.0,0.2,0.8,4.8,13.6,2017,18,2
19,21,4,1,-12,100.0,20.0,3.0,0.6,17.8,15.4,6.0,5.6,7.2,5.4,0.0,1.0,9.2,9.6,2017,18,2
32,9,0,4,9,20.0,80.0,1.2,2.0,9.4,13.0,3.4,4.4,5.6,5.0,1.2,0.8,12.8,12.0,2017,18,0
31,33,2,0,6,20.0,0.0,1.0,1.0,9.6,9.4,1.4,4.0,3.8,3.2,2.2,1.8,14.6,15.0,2017,19,2
6,27,2,2,5,40.0,20.0,1.2,1.0,8.8,9.8,3.2,2.0,3.2,3.4,1.0,2.2,12.4,13.2,2017,20,1
33,16,1,1,-1,40.0,20.0,1.2,1.0,12.0,10.8,2.8,3.2,5.6,5.6,2.0,1.2,10.6,17.2,2017,24,1
10,27,2,1,1,20.0,20.0,1.2,1.4,15.8,10.6,5.4,3.0,6.2,3.4,1.6,2.4,9.8,13.2,2017,25,2
17,9,1,1,3,60.0,80.0,2.2,2.4,21.8,13.4,8.0,5.4,8.4,5.2,0.2,0.6,5.0,9.8,2017,25,1
19,6,1,0,-12,100.0,40.0,3.0,1.0,16.6,9.2,6.2,2.4,7.2,6.0,0.2,0.8,9.8,15.2,2017,25,2
21,31,0,3,1,60.0,40.0,1.4,2.0,12.2,12.4,4.6,3.6,5.8,5.0,0.6,2.0,12.8,10.4,2017,25,0
29,4,0,0,6,20.0,40.0,0.8,0.8,11.6,8.6,3.2,3.2,6.4,5.2,1.2,1.4,9.4,14.6,2017,25,1
30,32,1,1,-8,60.0,0.0,1.4,0.4,19.6,8.0,5.4,2.4,8.6,3.8,0.4,1.6,9.0,13.2,2017,25,1
7,0,0,1,11,60.0,20.0,1.0,1.4,11.4,12.8,4.4,5.0,5.2,4.2,0.2,2.2,13.0,11.8,2017,26,0
13,18,1,2,15,40.0,100.0,0.8,2.8,9.8,18.2,3.2,6.6,4.8,6.6,1.2,0.6,9.6,5.6,2017,26,0
26,11,4,1,1,20.0,0.0,0.6,0.6,13.6,10.2,3.2,3.2,7.0,3.8,1.2,2.2,10.4,14.2,2017,26,2
6,10,0,0,4,40.0,0.0,1.6,0.0,9.4,11.0,3.4,1.8,3.8,6.8,1.0,2.4,12.2,13.2,2017,28,1
16,30,2,1,10,20.0,60.0,1.2,2.0,8.4,14.2,3.0,5.2,2.6,4.0,1.6,1.0,14.4,10.6,2017,28,2
31,19,2,4,11,40.0,20.0,0.8,0.8,11.2,10.4,2.0,3.6,3.8,6.4,1.6,1.0,13.8,13.2,2017,28,0
32,21,2,2,-8,0.0,20.0,1.0,0.8,7.6,15.2,2.6,5.6,4.6,5.6,2.0,1.6,13.2,11.4,2017,28,1
0,13,5,0,-13,100.0,0.0,2.2,0.0,17.8,9.4,7.4,1.8,7.0,4.6,0.2,2.2,8.2,11.6,2017,29,2
4,7,1,2,-7,40.0,40.0,1.4,0.8,12.2,6.8,3.2,2.0,5.6,3.6,0.8,1.0,14.8,22.8,2017,29,0
9,29,1,0,-14,60.0,20.0,1.4,0.6,13.4,6.8,5.8,1.4,5.0,2.2,0.6,1.0,12.2,16.8,2017,29,2
11,33,4,0,-4,40.0,0.0,1.4,0.6,13.0,8.2,3.4,3.6,4.4,3.0,2.4,1.6,13.8,15.6,2017,29,2
18,26,2,1,-5,100.0,20.0,4.6,0.6,16.4,10.2,8.4,2.2,6.0,4.8,0.6,1.2,6.4,15.0,2017,29,2
27,17,0,3,9,20.0,40.0,1.4,1.8,12.2,15.4,4.4,5.0,5.4,4.4,2.2,2.6,13.4,10.6,2017,29,0
0,19,1,3,-1,100.0,40.0,2.6,1.2,18.6,9.8,7.0,3.4,6.4,5.2,0.2,1.0,8.2,13.6,2017,2,0
6,17,1,5,14,20.0,60.0,1.0,2.4,9.0,16.2,3.0,5.8,5.4,5.6,0.8,1.6,11.8,10.0,2017,2,0
9,21,3,1,-17,60.0,0.0,1.2,1.0,14.0,14.8,6.4,4.8,6.8,5.8,0.6,2.0,11.2,11.0,2017,2,2
11,13,2,0,-11,60.0,0.0,2.2,0.0,12.2,8.8,4.2,1.8,3.4,4.4,1.8,2.8,12.2,12.0,2017,2,2
16,7,1,0,-4,40.0,60.0,1.4,1.0,8.2,6.2,3.4,2.2,3.0,3.4,1.4,1.0,14.8,19.2,2017,2,2
27,29,2,1,-2,20.0,0.0,1.0,0.2,12.2,5.8,3.6,0.8,5.4,2.2,2.4,1.2,12.6,17.8,2017,2,2
31,30,1,1,15,40.0,40.0,1.2,1.6,12.0,14.8,2.6,5.2,4.2,5.2,2.4,1.4,13.6,9.6,2017,2,1
32,10,0,0,-4,0.0,0.0,1.2,0.0,7.2,8.4,3.0,1.6,2.8,5.2,2.2,2.2,12.8,14.4,2017,2,1
4,26,1,1,1,40.0,20.0,1.4,0.8,12.4,10.4,3.0,2.0,6.0,5.0,0.8,1.6,13.0,17.0,2017,3,1
18,33,2,1,-8,100.0,0.0,4.0,0.6,19.0,8.0,9.4,3.6,5.6,3.2,0.8,1.8,5.8,14.0,2017,3,2
7,31,1,0,-1,40.0,40.0,0.8,2.2,12.2,12.4,4.4,3.8,5.6,4.8,0.4,2.0,11.8,11.0,2017,9,2
10,4,2,2,5,40.0,40.0,1.6,0.8,14.6,9.0,5.8,3.8,7.0,5.6,1.4,0.8,10.2,13.2,2017,9,1
13,6,2,0,0,40.0,40.0,1.0,1.0,7.4,7.6,2.0,2.4,4.4,3.8,1.6,1.0,11.2,16.6,2017,9,2
21,16,2,3,6,40.0,20.0,0.8,1.2,11.4,10.0,3.4,2.8,5.6,6.0,1.2,1.0,13.6,14.4,2017,9,0
29,32,1,0,5,20.0,0.0,0.8,0.4,11.6,6.6,2.6,2.2,5.8,2.6,1.0,1.2,8.0,15.6,2017,9,2
30,27,5,1,-11,60.0,20.0,1.4,1.4,18.8,9.2,5.4,3.2,8.2,3.0,0.4,2.6,7.4,13.2,2017,9,2
33,9,1,0,10,20.0,60.0,1.0,2.2,9.8,12.4,3.0,4.8,4.6,5.0,2.2,0.6,10.0,11.4,2017,9,2
17,11,1,1,-3,40.0,0.0,1.6,0.8,21.4,9.8,6.8,3.6,9.0,3.6,0.4,2.6,5.6,14.0,2017,10,1
19,18,1,2,3,100.0,100.0,2.8,2.8,15.2,17.2,5.6,6.0,6.4,7.0,0.2,0.6,9.2,4.6,2017,10,0
26,0,1,1,3,40.0,40.0,1.4,1.6,15.2,14.6,4.0,5.4,7.0,4.6,1.0,1.4,9.0,9.8,2017,10,1
7,27,1,0,3,60.0,20.0,1.0,1.4,12.8,7.4,4.8,3.0,5.6,3.2,0.4,3.2,12.2,14.4,2017,12,2
10,31,2,1,-3,40.0,20.0,2.0,1.8,16.6,13.0,6.8,3.4,7.2,5.0,1.6,2.0,9.8,10.6,2017,12,2
13,9,1,3,17,60.0,40.0,1.2,1.4,8.2,14.8,2.6,4.4,4.4,5.6,1.4,0.8,10.6,9.8,2017,12,0
17,32,0,0,-6,40.0,0.0,1.6,0.4,19.0,6.6,5.6,1.8,9.0,2.4,0.4,1.0,5.2,16.0,2017,13,1
19,4,1,0,-3,80.0,40.0,2.2,1.0,13.6,9.6,5.2,4.0,6.0,5.0,0.6,0.8,10.6,15.6,2017,13,2
21,11,0,1,11,20.0,0.0,0.8,1.0,10.6,9.0,3.6,3.4,5.4,3.6,1.6,2.0,13.6,15.4,2017,13,0
26,16,1,4,-4,40.0,40.0,1.6,1.6,13.6,10.6,3.8,3.6,6.2,6.2,1.0,1.2,9.4,13.4,2017,13,0
29,18,0,4,12,40.0,100.0,0.8,2.0,13.2,14.4,2.6,5.4,6.0,6.4,0.6,0.8,7.8,4.8,2017,13,0
30,6,2,0,-16,80.0,40.0,2.4,0.8,17.6,7.2,6.0,2.4,8.4,3.2,0.6,1.0,7.4,17.4,2017,13,2
33,0,0,0,6,40.0,40.0,0.8,1.8,8.8,14.6,2.6,6.2,4.6,5.4,1.6,1.6,10.8,8.4,2017,13,1
0,21,1,0,-13,80.0,0.0,2.4,1.2,22.0,13.0,8.8,4.2,7.4,5.0,0.8,2.4,8.4,14.2,2017,16,2
6,7,0,0,2,0.0,60.0,1.0,0.8,8.8,8.0,2.8,2.2,5.4,4.4,1.8,1.0,10.8,15.4,2017,16,1
9,26,1,0,-7,80.0,0.0,1.8,0.8,16.0,10.8,7.4,2.0,8.0,4.8,0.8,1.8,10.6,17.4,2017,16,2
16,10,0,3,-2,60.0,0.0,1.2,0.0,9.0,9.4,2.6,2.0,4.4,6.2,0.8,1.2,13.0,13.4,2017,16,0
18,30,4,1,1,100.0,20.0,3.4,1.2,18.8,13.4,9.2,4.6,6.0,5.0,1.0,1.2,6.2,8.8,2017,16,2
27,33,0,3,2,40.0,0.0,1.4,0.8,11.6,7.6,3.8,4.2,4.8,3.4,1.8,2.2,13.2,17.6,2017,16,0
31,13,1,4,-1,40.0,0.0,1.4,0.0,11.8,8.0,2.8,2.0,5.0,4.6,1.4,3.2,9.6,12.2,2017,16,0
4,17,0,4,5,20.0,60.0,1.2,2.8,12.6,14.0,3.4,5.8,5.8,4.8,0.8,1.4,14.2,8.8,2017,17,0
32,19,1,2,4,0.0,40.0,1.2,1.6,10.0,9.6,4.0,3.4,3.0,4.6,2.2,1.2,13.0,17.4,2017,17,0
11,29,3,1,-8,60.0,0.0,2.2,0.4,11.0,7.0,4.2,1.4,3.0,3.2,1.6,1.6,11.6,14.6,2017,18,2
0,17,3,3,1,80.0,80.0,2.2,3.4,21.6,14.8,7.4,6.8,7.6,4.4,0.8,1.2,8.6,8.4,2017,22,1
6,31,1,0,1,0.0,20.0,0.8,1.6,8.8,11.4,2.6,3.2,5.6,5.0,1.6,2.0,10.4,11.6,2017,23,2
7,30,0,3,14,80.0,0.0,1.0,0.6,10.8,12.0,4.2,3.6,5.4,3.8,0.2,2.0,13.4,11.6,2017,23,0
11,9,0,0,6,80.0,60.0,2.8,1.8,8.8,14.2,4.8,4.4,2.4,4.6,1.6,0.6,12.2,8.4,2017,23,1
16,19,2,2,6,60.0,60.0,1.0,2.0,9.0,10.0,2.4,3.8,4.8,4.6,1.2,1.4,14.6,16.0,2017,23,1
18,4,4,0,-6,100.0,40.0,2.8,1.0,18.8,11.4,9.2,5.2,6.0,5.8,0.8,0.8,6.6,13.8,2017,23,2
26,13,1,1,-10,40.0,20.0,1.4,0.8,13.6,9.6,4.2,3.4,7.4,5.4,1.4,3.0,8.8,13.4,2017,23,1
27,32,3,1,3,20.0,0.0,1.0,0.2,11.6,6.8,2.6,1.8,5.2,3.6,2.2,0.8,11.8,16.6,2017,23,2
29,10,1,1,1,20.0,20.0,0.4,0.6,13.2,10.8,2.6,3.0,5.4,6.0,1.4,0.4,11.0,12.0,2017,23,1
33,21,2,3,-7,20.0,0.0,0.6,0.8,8.2,11.2,1.8,3.6,4.4,4.4,1.6,2.2,14.0,16.4,2017,23,0
4,33,3,3,-2,20.0,20.0,1.2,1.2,10.0,8.8,3.0,4.4,4.8,4.4,1.6,2.0,16.8,17.0,2017,26,1
9,6,2,0,-17,100.0,40.0,2.0,0.8,20.0,6.8,8.6,3.0,8.8,2.6,0.6,1.0,8.4,17.4,2017,26,2
13,27,1,1,5,60.0,20.0,1.4,1.0,8.4,9.2,2.8,4.2,3.8,4.0,1.2,2.0,10.2,12.4,2017,26,1
17,29,5,0,-11,40.0,0.0,1.6,0.6,18.0,7.4,5.6,1.8,8.6,3.6,0.4,2.0,5.2,15.2,2017,26,2
19,7,2,2,-10,80.0,40.0,1.6,0.6,11.8,9.2,4.2,3.0,5.6,4.2,0.6,1.0,12.2,13.2,2017,26,1
30,26,5,2,-6,80.0,0.0,2.6,0.6,19.0,7.8,6.4,1.8,8.6,4.4,0.6,1.6,7.8,18.8,2017,26,2
31,16,2,1,5,20.0,60.0,1.2,2.4,12.2,12.2,3.0,5.6,6.2,7.0,2.0,1.4,10.8,12.0,2017,26,2
32,11,0,0,3,0.0,20.0,1.0,1.0,10.6,7.8,4.2,3.0,2.8,3.6,2.2,1.8,11.6,16.2,2017,26,1
21,18,0,1,15,20.0,100.0,0.6,2.6,12.2,15.6,3.4,6.2,6.0,5.8,1.6,0.8,11.6,5.4,2017,27,0
10,0,2,3,9,40.0,40.0,2.0,1.6,16.6,17.2,6.6,5.6,7.0,5.8,1.6,1.2,8.2,7.4,2017,28,0
4,11,2,1,2,20.0,20.0,1.8,1.0,13.8,6.0,4.8,3.2,5.2,2.0,2.0,1.4,15.2,17.8,2017,30,2
9,27,5,0,-12,100.0,0.0,1.6,1.0,22.2,11.0,8.6,5.2,10.2,4.8,0.2,2.2,6.8,13.4,2017,30,2
13,7,0,0,2,40.0,40.0,1.2,1.0,11.0,8.6,3.8,3.4,4.6,3.6,1.2,0.8,11.4,14.8,2017,30,1
17,16,2,1,-8,40.0,40.0,2.0,2.2,19.2,12.2,5.8,5.4,7.6,7.4,0.4,1.6,6.4,10.4,2017,30,2
19,26,0,0,-2,60.0,0.0,1.8,0.8,14.2,9.8,4.8,2.8,6.8,4.6,1.0,2.4,10.2,20.6,2017,30,1
21,6,0,0,0,0.0,20.0,0.4,0.2,12.0,7.0,3.2,2.2,6.0,2.2,1.8,1.4,14.0,19.2,2017,30,1
31,29,1,2,2,40.0,0.0,1.6,0.4,11.8,8.0,3.2,2.2,6.2,3.6,2.0,2.6,11.8,16.2,2017,30,0
10,18,0,0,11,40.0,100.0,2.0,2.2,16.0,17.0,5.2,6.4,5.8,7.0,1.8,0.4,10.2,5.4,2017,31,1
32,0,1,1,5,0.0,40.0,0.6,1.2,12.8,14.4,4.0,4.6,4.6,5.2,1.6,1.2,10.0,9.0,2017,31,1
6,4,2,2,9,20.0,20.0,0.8,0.6,10.2,11.0,2.8,4.8,6.4,6.4,1.4,1.4,11.8,14.6,2018,1,1
7,17,1,2,12,60.0,80.0,0.8,3.8,9.4,15.2,3.6,7.2,5.2,5.0,0.8,1.0,14.6,7.8,2018,1,0
11,19,0,2,1,80.0,60.0,2.4,2.2,8.2,12.0,4.2,4.4,2.8,4.4,0.6,1.4,11.2,17.2,2018,1,0
16,13,3,0,-6,40.0,20.0,1.0,1.0,9.4,11.4,2.4,4.0,5.0,5.2,1.6,2.6,15.2,12.6,2018,1,2
27,21,0,1,-5,40.0,20.0,1.4,1.4,11.4,11.0,3.2,3.4,3.8,4.4,2.0,2.4,13.8,17.8,2018,1,0
18,31,3,1,-14,100.0,20.0,3.0,1.2,18.6,10.8,8.2,2.4,6.0,4.6,0.8,1.4,6.4,11.6,2018,2,2
26,10,1,2,-6,20.0,20.0,1.4,0.8,12.0,11.4,4.2,4.0,7.6,5.6,1.6,0.4,9.4,12.0,2018,2,0
29,30,0,2,13,20.0,20.0,0.4,1.2,10.8,13.0,2.2,4.4,5.2,4.0,1.2,1.8,11.4,10.4,2018,2,0
33,32,2,1,1,20.0,0.0,1.0,0.4,8.8,8.8,2.6,2.8,3.6,5.2,1.6,1.2,14.8,14.4,2018,2,2
0,9,2,2,4,60.0,40.0,2.4,1.6,20.4,15.6,7.2,5.0,8.0,5.0,1.2,0.6,10.6,8.0,2018,3,1
30,33,1,1,-9,80.0,20.0,2.8,1.4,19.4,9.6,6.6,5.0,8.6,4.8,0.8,2.2,8.6,18.4,2018,4,1
9,16,0,0,-11,100.0,40.0,2.4,2.0,22.8,10.8,9.4,4.8,10.8,5.6,0.2,1.6,5.0,11.6,2018,13,1
10,7,1,0,-2,40.0,20.0,1.6,0.8,14.8,9.8,4.0,4.0,5.4,4.2,1.4,0.8,11.6,12.8,2018,13,2
13,33,1,4,7,20.0,20.0,1.0,1.6,10.2,8.2,3.4,4.0,5.0,4.8,1.2,2.0,11.8,21.2,2018,13,0
21,29,1,1,3,0.0,20.0,0.4,0.8,11.0,7.2,2.8,2.8,4.4,4.0,1.6,2.4,12.8,14.8,2018,13,1
30,11,4,0,-5,60.0,20.0,2.8,0.8,23.2,5.6,7.8,2.4,8.0,2.0,1.0,1.4,7.0,18.4,2018,13,2
31,26,2,2,9,20.0,0.0,1.4,0.8,10.2,10.4,2.6,3.4,5.8,5.6,2.4,1.8,11.6,19.4,2018,13,1
32,6,2,0,-8,0.0,0.0,0.8,0.0,14.2,8.0,4.2,2.4,5.0,2.0,1.0,1.4,10.6,19.0,2018,13,2
4,0,2,1,4,20.0,40.0,1.4,1.2,15.4,16.0,5.2,4.8,4.4,5.4,2.2,0.8,12.4,10.0,2018,14,2
17,18,4,3,1,40.0,80.0,1.8,1.8,18.4,17.6,5.4,6.4,7.0,7.2,0.6,0.4,6.8,7.0,2018,14,2
19,27,3,0,-7,40.0,0.0,1.0,0.6,14.0,8.6,4.0,4.2,6.6,3.4,0.8,2.8,9.4,15.8,2018,15,2
0,10,4,1,-9,40.0,40.0,2.4,1.2,20.4,11.4,7.4,4.2,8.6,5.2,1.6,0.4,11.6,11.6,2018,20,2
6,9,0,4,17,20.0,20.0,0.8,1.2,11.4,17.2,3.4,4.8,6.2,5.8,1.4,1.0,14.4,9.4,2018,20,0
7,19,0,1,10,40.0,80.0,0.6,2.6,8.8,14.2,3.0,5.2,4.2,4.2,1.2,1.2,15.8,16.0,2018,20,0
11,32,1,1,-3,60.0,0.0,1.8,0.6,8.6,9.0,3.2,2.8,3.6,5.0,0.6,1.4,13.2,15.6,2018,20,1
16,31,2,0,-5,60.0,20.0,1.6,1.0,11.2,10.0,3.4,2.6,5.6,3.8,1.2,1.4,14.0,13.0,2018,20,2
18,21,3,1,-15,100.0,40.0,3.0,1.4,20.2,11.4,8.6,3.6,6.8,4.6,0.8,1.6,6.6,16.8,2018,20,2
27,13,2,0,-5,40.0,20.0,1.0,1.0,11.4,8.6,2.6,3.6,5.0,3.2,1.8,2.4,13.8,12.6,2018,20,2
33,4,1,1,2,40.0,0.0,1.2,0.8,10.2,13.0,3.4,5.2,3.8,7.0,1.0,1.8,13.8,14.4,2018,20,1
26,30,1,1,6,20.0,40.0,1.6,1.6,11.4,12.6,4.2,4.6,6.6,4.2,1.8,1.4,10.6,9.2,2018,21,1
29,17,1,0,11,20.0,80.0,0.4,3.4,10.0,16.0,2.0,6.8,4.8,6.2,1.4,1.0,12.8,9.2,2018,22,2
13,17,0,3,14,20.0,60.0,1.0,2.8,11.0,17.4,3.8,6.2,5.8,6.2,1.6,1.2,10.6,7.8,2018,30,0
29,0,3,1,10,40.0,20.0,0.6,1.2,8.6,15.0,2.2,5.0,4.6,5.4,1.4,1.2,15.2,11.0,2018,30,2
33,10,1,1,-3,40.0,40.0,1.2,1.4,11.0,11.2,3.4,4.4,4.0,6.2,1.0,1.2,14.0,12.8,2018,30,1
9,4,0,3,-8,80.0,0.0,2.2,1.0,22.0,12.8,8.8,4.8,9.0,6.6,0.2,2.0,7.4,14.8,2018,31,0
11,16,2,1,-5,40.0,40.0,1.2,1.8,8.8,12.2,3.0,4.6,3.2,5.2,0.8,1.4,14.8,13.4,2018,31,2
18,32,3,0,-7,100.0,0.0,3.2,0.6,19.2,11.0,8.0,3.4,9.2,5.6,0.8,1.4,6.4,12.6,2018,31,2
21,7,1,1,2,0.0,0.0,0.6,0.4,11.0,9.4,3.2,3.6,4.0,3.4,1.2,0.8,12.0,14.2,2018,31,1
26,6,1,1,-10,0.0,0.0,1.0,0.0,10.0,9.0,4.0,2.2,5.6,3.2,1.8,1.6,13.0,19.0,2018,31,1
27,31,0,0,-4,60.0,0.0,1.4,0.4,11.6,9.8,3.6,2.4,4.6,4.2,1.2,1.8,12.2,12.4,2018,31,1
30,19,2,0,-4,80.0,80.0,3.4,2.0,22.4,13.6,8.8,4.2,7.0,4.0,0.8,0.8,7.4,16.2,2018,31,2
0,11,5,1,-2,40.0,20.0,2.2,0.6,19.4,6.0,8.0,2.0,8.2,2.2,1.8,1.4,12.0,19.0,2018,3,2
4,27,2,1,-4,40.0,0.0,1.6,0.4,16.0,9.0,5.8,4.6,4.4,3.2,2.0,3.0,12.8,17.8,2018,3,2
6,33,3,1,7,20.0,40.0,0.8,2.4,11.4,8.4,3.2,4.6,5.2,4.2,2.2,1.4,15.2,21.2,2018,3,2
7,18,1,1,13,40.0,60.0,0.6,2.0,9.8,17.0,3.0,6.2,4.2,7.0,1.2,1.0,14.8,9.4,2018,3,1
16,29,1,1,-3,60.0,20.0,1.6,1.0,11.6,8.4,3.6,3.8,5.6,4.8,1.0,2.4,12.6,13.0,2018,3,1
19,13,2,0,-12,40.0,20.0,1.4,1.0,15.0,8.4,5.0,3.8,6.8,3.2,0.8,1.8,10.0,10.6,2018,3,2
32,26,2,3,2,20.0,0.0,0.8,1.0,15.6,11.0,4.2,3.8,6.6,5.4,0.6,1.8,10.4,17.4,2018,3,0
10,21,1,1,-4,40.0,40.0,1.4,1.2,16.2,9.8,3.4,3.6,5.0,3.4,1.2,1.8,11.4,19.4,2018,4,1
17,30,2,2,2,60.0,40.0,2.4,1.6,18.4,12.4,6.0,3.8,6.6,4.2,1.0,1.2,6.8,9.8,2018,4,1
31,9,4,1,16,20.0,40.0,1.4,1.8,11.0,17.8,2.8,6.2,5.8,4.8,2.0,0.8,10.6,8.2,2018,5,2
11,10,3,1,-7,40.0,40.0,1.2,1.6,9.4,11.0,3.0,4.6,3.8,5.4,1.0,1.4,15.4,10.4,2018,10,2
18,16,5,1,-9,100.0,20.0,3.4,1.4,18.2,11.2,8.4,3.8,9.0,5.2,0.6,1.4,5.6,13.2,2018,10,2
27,6,1,1,-5,40.0,0.0,1.0,0.2,11.8,9.4,3.8,2.2,4.6,3.4,1.0,1.4,12.6,18.8,2018,10,1
29,7,1,0,-1,40.0,0.0,1.0,0.6,7.4,8.8,2.4,3.2,4.2,2.8,1.6,0.8,15.6,13.8,2018,10,2
30,0,1,0,-3,80.0,20.0,2.8,1.2,22.8,14.6,7.8,4.6,5.8,5.0,0.6,1.6,7.8,12.2,2018,10,2
33,31,2,0,-6,20.0,0.0,1.2,0.4,11.6,10.0,3.6,2.4,4.2,4.4,1.2,1.6,12.0,13.0,2018,10,2
13,4,4,1,9,0.0,20.0,0.6,1.2,8.2,12.8,2.8,4.8,4.4,7.0,2.2,1.6,12.0,14.2,2018,11,2
21,19,1,0,12,0.0,60.0,0.4,1.4,11.8,13.2,3.2,4.0,4.2,4.4,0.8,1.0,11.6,14.0,2018,11,2
26,17,0,2,4,0.0,60.0,1.0,2.4,12.4,17.8,4.0,6.4,6.2,6.6,1.8,1.0,12.6,7.6,2018,11,0
9,32,3,0,-9,60.0,0.0,1.6,0.6,21.6,10.2,8.0,3.4,8.4,5.2,0.6,1.8,8.0,12.8,2018,12,2
4,21,2,2,-9,60.0,40.0,1.8,1.2,15.8,10.4,6.4,4.8,5.0,3.8,2.0,1.4,12.4,19.0,2018,24,1
6,29,4,1,3,40.0,20.0,1.2,1.0,14.4,7.0,3.8,3.4,5.6,4.2,1.4,2.2,13.6,13.6,2018,24,2
7,26,1,1,8,20.0,20.0,0.6,1.4,9.8,10.6,2.6,4.0,4.2,6.0,1.4,2.0,16.6,16.0,2018,24,1
16,27,1,1,-1,40.0,0.0,1.6,0.4,11.0,10.8,4.0,4.8,4.2,2.2,1.2,2.4,10.4,16.8,2018,24,1
17,33,4,1,-7,60.0,40.0,2.6,2.4,15.6,7.8,6.0,4.0,4.8,3.6,1.2,1.6,8.8,20.6,2018,24,2
31,11,1,0,10,40.0,20.0,2.0,0.6,14.0,7.6,4.0,2.0,5.6,3.2,2.0,2.2,10.4,17.4,2018,24,2
32,13,1,2,-8,20.0,20.0,1.2,1.0,13.4,8.2,3.6,3.2,7.0,2.6,1.2,1.8,11.0,12.6,2018,24,0
10,30,0,1,12,40.0,40.0,1.2,1.8,15.6,13.4,3.0,4.6,4.8,5.2,1.0,1.4,11.4,10.4,2018,25,0
19,9,2,1,5,60.0,40.0,1.6,2.0,16.6,15.4,5.4,6.4,7.4,4.6,0.4,1.4,8.0,11.4,2018,25,2
0,18,0,3,2,60.0,40.0,3.0,1.8,15.8,18.2,6.4,6.2,6.6,8.0,1.4,1.0,12.6,9.4,2018,1,0
7,11,2,1,9,0.0,0.0,0.6,0.4,9.6,7.6,2.8,1.6,4.4,4.0,1.6,2.4,16.4,16.8,2018,3,2
16,4,1,1,3,40.0,20.0,1.8,1.4,12.6,11.4,5.4,3.8,5.6,6.4,0.8,2.2,9.0,15.4,2018,3,1
17,21,2,0,-14,80.0,40.0,3.4,1.6,17.0,11.4,7.4,5.2,5.4,3.0,1.4,1.6,9.0,18.0,2018,3,2
26,27,0,0,-5,0.0,0.0,0.8,0.6,11.2,9.2,4.0,3.8,5.0,1.6,1.4,2.4,12.6,18.6,2018,3,1
29,33,4,1,4,60.0,20.0,1.2,2.0,8.4,6.4,2.6,3.4,4.8,2.2,0.8,2.4,13.6,21.4,2018,3,2
30,13,2,0,-16,80.0,20.0,2.6,0.6,21.4,8.4,7.4,2.8,5.8,1.8,0.6,1.8,7.6,12.0,2018,3,2
31,32,1,0,7,60.0,0.0,2.0,0.6,14.0,10.6,4.4,3.4,5.2,5.2,1.2,2.4,8.8,14.0,2018,3,2
6,0,2,1,13,60.0,20.0,2.0,1.2,15.2,11.4,4.4,4.2,4.6,4.0,1.6,1.8,13.6,14.6,2018,4,2
18,9,1,0,2,100.0,20.0,3.6,1.6,18.0,15.8,8.4,6.8,9.6,4.8,0.6,1.6,4.6,12.0,2018,4,2
10,19,2,3,8,20.0,40.0,0.8,1.0,13.8,14.2,2.8,4.6,4.4,5.8,1.0,1.0,12.8,13.6,2018,5,0
9,10,2,1,-13,60.0,20.0,2.0,1.2,20.8,11.6,8.0,4.2,8.4,6.0,0.6,2.0,8.4,10.4,2018,10,2
11,6,2,0,-11,40.0,0.0,1.2,0.4,9.2,10.8,2.6,2.6,4.2,3.8,1.0,1.2,17.0,16.8,2018,10,2
13,29,0,0,3,20.0,20.0,1.2,1.0,9.8,7.6,3.2,3.0,4.6,4.6,1.8,2.4,11.0,14.4,2018,10,1
19,17,2,1,2,60.0,60.0,1.8,2.0,16.8,16.8,6.0,5.8,7.2,6.2,0.6,1.0,8.0,7.6,2018,10,2
21,26,3,0,10,20.0,20.0,0.6,1.6,10.6,12.0,3.0,4.8,3.4,6.2,0.6,2.0,12.8,13.0,2018,10,2
32,16,1,4,-2,20.0,0.0,1.2,0.8,13.0,8.4,3.2,2.0,7.0,3.8,1.2,2.2,12.6,14.6,2018,10,0
33,7,0,3,-5,40.0,0.0,1.6,0.6,12.0,9.2,4.4,2.2,5.6,2.8,1.2,1.0,9.8,13.8,2018,10,0
0,31,3,0,-12,40.0,0.0,2.8,0.2,13.2,10.8,6.4,2.8,6.4,4.6,2.0,1.6,12.4,11.8,2018,11,2
4,30,1,4,7,60.0,60.0,2.2,1.8,18.2,14.8,7.0,5.0,6.2,7.6,1.6,0.6,11.2,7.4,2018,11,0
27,18,0,2,10,40.0,40.0,1.2,1.6,11.4,15.4,4.4,5.2,4.6,7.2,0.6,1.0,12.6,10.0,2018,12,0
4,32,2,1,-1,60.0,0.0,1.8,0.4,15.8,9.0,5.6,2.4,5.6,4.2,1.8,2.0,11.6,15.2,2018,17,2
13,10,0,2,4,20.0,20.0,1.0,1.2,12.2,10.8,2.4,3.6,5.4,6.0,1.6,2.2,8.0,14.4,2018,17,0
17,31,5,0,-13,80.0,0.0,2.8,0.2,15.4,10.4,6.2,3.4,6.2,5.6,1.4,2.0,9.0,11.2,2018,17,2
27,11,1,2,6,20.0,0.0,0.6,0.6,10.2,8.2,3.4,1.8,5.0,4.4,0.8,2.8,12.6,17.6,2018,17,0
6,16,0,2,6,60.0,20.0,2.2,1.4,15.0,9.0,5.0,2.2,4.6,3.4,1.8,2.0,14.0,13.6,2018,31,0
10,17,1,2,10,20.0,60.0,0.8,1.6,12.6,16.8,3.2,4.4,4.0,7.2,1.0,0.8,13.0,6.4,2018,31,0
11,18,1,3,4,60.0,40.0,1.6,1.8,10.8,14.4,3.2,5.2,5.8,7.6,1.0,1.0,14.0,9.4,2018,31,0
19,29,2,0,-9,80.0,20.0,1.8,1.0,13.2,6.2,5.2,2.2,5.0,4.2,0.4,1.4,10.2,16.0,2018,31,2
21,13,1,0,0,40.0,20.0,1.2,0.4,10.8,7.0,3.6,2.8,3.2,1.8,0.4,2.0,9.6,12.6,2018,31,2
31,4,2,2,8,60.0,20.0,1.8,1.6,14.8,12.0,5.0,4.2,4.4,5.4,1.0,1.6,8.4,17.2,2018,31,1
32,7,1,2,-6,20.0,20.0,1.4,0.8,10.8,10.0,3.0,2.6,6.4,2.6,2.0,0.6,14.0,11.8,2018,31,0
33,26,3,0,3,40.0,20.0,1.2,1.2,10.8,10.0,4.0,4.0,5.4,5.8,1.2,1.6,9.0,11.2,2018,31,2
0,27,3,0,-8,60.0,0.0,2.8,0.4,13.2,8.6,7.0,3.0,5.8,1.4,1.4,2.2,11.8,18.6,2018,1,2
9,30,1,3,-1,60.0,60.0,2.0,2.0,21.2,13.6,8.6,5.0,8.2,7.8,0.8,0.8,8.6,9.2,2018,1,0
4,10,2,2,-5,60.0,20.0,1.8,1.2,15.4,12.0,5.2,4.0,5.4,6.0,1.8,2.0,12.6,13.6,2018,7,1
6,13,1,1,0,60.0,20.0,1.8,0.4,15.0,6.6,4.4,2.6,4.8,2.2,1.8,1.6,10.0,14.0,2018,7,1
11,17,0,0,3,60.0,60.0,1.8,1.6,9.6,16.2,3.6,4.6,5.0,6.6,1.2,0.8,13.4,5.0,2018,7,1
16,21,1,2,-6,40.0,20.0,1.6,1.0,15.0,10.6,5.6,4.8,7.4,3.0,0.6,1.6,6.8,17.0,2018,7,0
18,19,2,3,-3,100.0,60.0,3.0,1.2,17.8,13.8,8.0,5.0,9.8,6.0,0.6,1.0,4.2,13.4,2018,7,0
27,30,1,2,11,20.0,60.0,0.8,2.2,9.8,13.6,3.4,5.4,3.2,7.8,1.0,1.0,13.2,10.4,2018,7,0
31,7,1,2,1,60.0,40.0,2.0,1.2,16.2,10.0,5.2,2.6,5.6,3.0,1.0,0.8,9.2,12.8,2018,7,0
32,29,1,1,-5,20.0,0.0,1.4,0.6,9.6,5.0,3.0,1.8,5.6,3.2,2.2,1.6,13.4,16.4,2018,7,1
0,26,3,2,-3,80.0,20.0,3.0,1.2,15.2,10.2,8.0,3.4,5.0,6.2,1.0,2.2,9.6,10.8,2018,8,2
9,33,1,1,-10,40.0,20.0,1.2,1.6,19.8,5.8,7.0,2.8,7.8,2.4,1.4,2.6,10.8,18.0,2018,8,1
7,16,2,1,4,20.0,40.0,1.0,1.6,12.8,8.8,4.0,2.8,5.6,3.4,1.2,1.6,14.8,13.2,2018,14,2
10,6,3,2,-4,20.0,0.0,1.0,0.4,11.8,11.2,3.6,3.2,3.4,4.2,1.4,1.2,13.2,14.4,2018,14,2
13,31,1,0,1,20.0,0.0,1.0,0.0,12.8,9.8,2.6,2.8,5.2,5.6,2.0,2.4,9.2,10.4,2018,14,2
17,4,3,0,-5,80.0,20.0,3.4,1.6,14.6,9.4,7.0,3.8,6.0,3.8,1.2,1.6,8.4,17.4,2018,14,2
26,9,2,3,7,0.0,20.0,0.6,1.6,12.4,11.4,4.0,5.2,6.2,3.8,1.2,1.8,13.0,13.6,2018,14,0
29,11,1,1,8,80.0,20.0,1.8,0.8,8.8,10.4,3.8,3.4,4.4,5.4,0.8,2.6,12.4,15.6,2018,14,1
30,18,1,3,-1,80.0,60.0,2.0,2.4,21.2,15.0,7.4,5.2,6.8,8.2,0.2,1.2,5.0,8.6,2018,14,0
19,32,0,1,-4,100.0,0.0,2.2,0.4,12.4,9.2,5.6,3.0,3.6,3.8,0.4,2.0,9.2,16.0,2018,15,0
21,0,2,1,13,60.0,0.0,1.4,0.8,12.2,11.2,3.8,3.8,3.2,5.4,0.4,1.8,8.4,14.0,2018,15,2
33,27,1,1,-2,40.0,0.0,1.4,0.4,10.8,10.0,4.0,3.2,5.8,2.4,1.0,1.8,8.8,19.2,2018,16,1
6,30,1,1,16,60.0,80.0,2.0,2.4,15.6,13.2,4.6,5.8,4.8,6.6,1.2,1.0,10.0,10.4,2018,17,1
4,19,0,2,3,40.0,60.0,1.8,1.4,16.8,10.6,5.2,4.6,6.8,5.6,2.0,1.4,12.8,15.0,2018,18,0
7,9,1,2,15,40.0,40.0,1.2,1.8,11.8,11.0,3.8,5.0,5.8,3.6,1.0,1.8,14.0,12.8,2018,19,0
16,26,0,0,4,20.0,20.0,1.2,1.2,14.4,11.2,4.8,4.2,8.0,6.6,1.0,2.4,7.2,10.2,2018,19,1
31,10,0,0,3,60.0,20.0,1.8,1.4,15.8,12.8,5.4,4.2,6.8,4.6,1.0,1.6,8.6,14.4,2018,21,1
32,17,2,2,6,0.0,60.0,1.2,1.6,9.6,14.0,2.8,4.4,4.8,5.2,2.4,0.6,12.2,5.6,2018,21,1
0,33,4,1,-6,80.0,20.0,2.8,1.6,14.6,6.2,7.4,3.0,5.6,3.4,1.2,2.6,10.8,16.4,2018,22,2
18,29,5,0,-12,80.0,0.0,2.8,0.6,18.4,4.8,7.8,1.0,9.6,2.4,1.0,1.6,3.8,17.0,2018,22,2
27,7,1,1,-3,0.0,60.0,0.6,1.6,9.6,9.8,3.0,3.0,3.8,2.8,1.4,0.8,15.0,12.2,2018,22,1
11,21,1,0,-11,60.0,20.0,1.6,1.2,9.0,9.4,3.0,4.4,5.6,3.0,1.0,1.8,12.4,16.4,2018,23,2
7,6,0,0,-2,40.0,0.0,1.4,0.8,10.2,11.6,3.8,3.2,5.4,4.2,1.2,1.8,14.8,15.2,2018,28,1
10,16,5,0,2,20.0,40.0,1.4,1.8,11.4,9.0,4.8,3.8,3.8,4.4,1.8,2.0,14.0,11.4,2018,28,2
13,11,0,2,11,40.0,20.0,1.0,1.0,13.0,11.4,2.4,4.0,5.6,5.4,1.2,2.0,8.4,15.0,2018,28,0
17,27,0,0,-9,80.0,0.0,3.2,0.6,15.4,10.0,7.0,3.6,6.4,2.4,0.6,1.4,7.4,18.8,2018,28,1
21,32,0,1,8,80.0,20.0,1.6,0.4,11.4,8.2,3.8,2.8,2.8,4.0,0.4,1.8,9.8,17.0,2018,28,0
26,4,2,1,-1,0.0,20.0,0.8,1.4,12.4,9.0,4.8,3.4,6.2,4.2,1.4,2.0,14.2,19.0,2018,28,2
29,9,0,1,14,80.0,40.0,2.0,1.4,10.6,11.4,5.0,4.0,4.4,3.4,0.6,2.0,12.4,11.8,2018,28,0
19,0,2,1,1,80.0,0.0,1.6,0.8,11.2,11.4,4.6,3.6,3.2,5.2,0.6,2.0,9.0,12.8,2018,29,2
33,18,1,4,8,40.0,80.0,1.4,2.4,12.0,16.2,4.4,5.6,6.6,8.4,1.0,0.6,9.4,7.0,2018,29,0
30,31,2,0,-15,80.0,0.0,2.0,0.0,16.6,8.4,6.4,2.6,6.4,5.8,0.6,2.2,7.8,10.4,2018,30,2
6,19,1,0,12,40.0,60.0,1.6,1.6,13.0,10.8,4.6,5.0,4.6,5.8,1.2,1.4,12.4,15.0,2018,4,2
4,29,1,0,-6,20.0,0.0,1.4,0.4,16.4,5.0,4.0,1.0,6.8,2.0,2.2,2.4,12.8,18.2,2018,5,2
11,26,1,1,-1,60.0,0.0,1.4,0.6,9.0,9.8,2.4,3.6,5.4,5.8,0.8,2.0,12.6,10.6,2018,5,1
16,33,0,2,1,0.0,0.0,0.8,1.0,14.8,6.8,4.4,2.6,9.4,4.0,1.0,3.2,6.2,18.8,2018,5,0
27,10,1,2,-1,0.0,20.0,0.8,1.2,9.0,12.2,2.8,3.8,4.0,4.6,1.6,1.4,15.8,15.6,2018,5,0
31,21,2,1,-1,40.0,20.0,1.0,1.0,14.4,10.0,4.6,4.0,6.4,4.2,0.8,1.4,8.4,14.0,2018,5,2
32,30,1,0,8,0.0,80.0,1.2,2.2,10.4,13.8,3.4,5.8,5.2,6.0,2.2,0.8,11.4,10.2,2018,5,2
0,7,5,0,-11,80.0,60.0,2.6,1.6,15.6,10.8,7.6,4.0,6.4,3.6,1.2,0.8,10.8,11.0,2018,6,2
9,17,1,0,-3,40.0,40.0,1.4,1.4,21.0,13.0,6.8,3.6,8.6,5.2,1.6,1.0,9.0,7.2,2018,6,2
18,13,0,0,-15,80.0,20.0,3.2,0.6,18.0,8.2,8.4,3.0,7.0,2.4,0.8,1.4,3.4,14.4,2018,6,1
29,26,0,1,7,60.0,0.0,1.8,0.6,12.0,9.4,5.2,3.4,4.0,5.6,0.8,2.0,10.4,10.6,2018,8,0
9,13,1,1,-17,60.0,20.0,1.6,0.6,19.2,8.4,6.6,3.6,7.6,2.2,1.0,1.0,8.8,14.2,2018,9,1
16,0,3,1,7,0.0,0.0,0.6,0.8,14.8,10.6,3.8,3.6,10.4,4.2,1.2,2.0,8.2,13.6,2018,9,2
18,6,3,1,-15,60.0,0.0,2.6,0.8,17.2,10.8,6.8,3.2,7.2,3.8,0.8,1.4,3.8,14.2,2018,9,2
30,21,1,0,-16,80.0,20.0,1.6,1.0,15.2,9.6,5.0,2.6,6.6,4.0,0.6,1.6,9.0,12.0,2018,9,2
33,19,0,0,5,40.0,60.0,1.4,1.6,11.2,12.8,4.0,5.0,5.6,6.4,1.6,1.2,11.4,12.8,2018,10,1
7,4,1,2,7,40.0,0.0,1.2,1.0,10.6,9.6,4.0,3.8,5.4,4.8,1.0,2.4,12.6,17.6,2018,13,0
10,32,2,0,4,40.0,40.0,2.2,0.6,10.2,9.4,5.4,3.0,4.4,4.0,1.6,1.2,13.0,16.6,2018,13,2
13,0,0,1,13,40.0,0.0,1.0,0.8,13.8,11.6,2.6,4.2,6.2,4.8,1.0,2.0,7.0,15.0,2018,13,0
17,6,4,0,-14,80.0,0.0,2.8,0.8,17.6,10.2,6.8,3.4,7.6,4.0,0.2,1.8,5.8,14.4,2018,13,2
19,31,1,0,-11,80.0,0.0,1.6,0.0,11.4,8.6,3.8,3.2,4.0,4.6,0.8,2.6,9.8,10.8,2018,13,2
21,9,3,0,17,80.0,60.0,1.4,1.4,12.0,12.2,3.4,4.0,2.4,3.4,0.4,1.2,9.4,9.6,2018,13,2
26,18,0,1,5,20.0,100.0,1.0,3.0,13.2,16.0,5.2,5.6,6.8,7.2,1.4,0.6,13.6,6.2,2018,13,0
29,27,1,2,2,40.0,0.0,1.2,0.4,11.8,8.4,5.0,3.0,4.6,2.6,0.8,1.0,11.2,19.8,2018,13,0
30,16,5,4,-10,80.0,40.0,1.4,1.6,13.0,8.6,5.2,3.8,6.6,3.8,0.6,2.6,10.6,12.6,2018,13,2
33,11,3,1,4,20.0,40.0,1.0,1.2,11.4,10.6,3.6,4.6,4.2,4.8,1.6,1.0,12.4,13.8,2018,13,2
19,16,2,1,-7,80.0,40.0,1.4,2.2,10.8,11.4,3.0,5.2,4.6,4.2,0.6,2.6,8.4,11.6,2018,10,2
4,8,2,0,-6,40.0,20.0,1.2,1.0,15.4,9.8,4.0,3.2,7.4,4.4,1.8,2.4,12.2,19.4,2018,11,2
12,10,0,2,7,40.0,40.0,1.4,1.4,14.8,11.6,4.4,3.4,7.0,4.6,1.4,1.0,12.4,14.8,2018,11,0
13,9,0,3,11,20.0,60.0,0.2,1.2,14.4,10.6,2.4,3.0,7.2,3.0,1.0,1.4,7.4,10.8,2018,11,0
21,30,1,2,7,80.0,60.0,1.8,2.0,13.2,14.6,4.0,6.0,3.2,5.2,0.4,1.0,8.0,11.0,2018,11,0
31,6,2,0,-1,40.0,0.0,1.2,0.6,14.0,7.8,5.2,2.4,5.6,3.8,1.0,2.4,8.8,15.8,2018,11,2
35,11,2,2,10,0.0,40.0,0.4,1.4,8.8,12.0,4.4,5.6,6.6,5.0,2.6,1.4,17.2,14.2,2018,11,1
0,18,0,2,5,100.0,100.0,3.6,2.6,16.8,16.8,8.2,5.0,6.0,9.4,0.6,0.6,10.2,5.8,2018,12,0
17,33,4,0,-9,80.0,20.0,2.8,1.2,17.8,8.6,6.6,3.0,7.4,4.4,0.0,2.6,4.8,17.2,2018,12,2
26,7,0,0,10,20.0,60.0,0.8,1.6,11.2,9.4,5.2,4.2,5.6,4.2,1.4,1.6,14.4,11.8,2018,12,1
8,21,0,0,8,20.0,20.0,1.6,0.6,12.8,9.4,4.8,2.4,7.2,4.6,2.6,1.4,17.6,10.6,2018,18,1
9,0,3,2,-1,40.0,20.0,1.2,1.0,19.6,12.2,6.0,4.8,7.8,5.2,1.2,1.8,7.8,15.0,2018,18,2
11,26,2,1,-9,40.0,20.0,1.0,0.8,8.6,10.8,2.0,4.6,4.4,5.6,0.8,1.4,11.6,11.4,2018,18,2
16,35,2,0,-9,20.0,0.0,1.0,1.6,14.8,11.2,4.0,7.0,9.0,5.0,1.2,2.2,9.8,13.6,2018,18,2
30,12,3,1,-15,80.0,20.0,2.2,1.0,12.2,11.4,5.2,4.0,5.4,5.0,1.4,3.2,12.6,18.0,2018,18,2
33,4,1,2,1,40.0,20.0,1.6,1.2,11.8,11.4,3.6,4.4,4.4,5.2,1.2,1.8,13.8,17.0,2018,18,0
6,19,3,2,13,40.0,60.0,1.0,1.6,12.0,13.4,4.4,5.0,5.0,5.6,1.0,1.0,13.4,12.6,2018,19,2
7,31,1,3,-7,40.0,0.0,1.2,0.0,11.2,7.8,4.2,3.0,5.4,4.2,1.2,2.4,13.2,10.6,2018,19,0
18,13,6,1,-15,60.0,0.0,2.2,0.4,17.2,5.8,6.0,2.6,6.4,1.6,0.8,1.0,4.6,16.6,2018,19,2
10,17,0,2,7,60.0,20.0,2.6,1.0,11.4,11.8,5.8,3.8,4.8,5.2,1.4,1.2,11.6,8.4,2018,20,0
0,33,3,1,-7,80.0,20.0,3.0,1.0,16.4,8.2,7.4,2.6,5.6,4.8,1.0,2.6,11.4,16.6,2018,25,2
4,11,2,2,4,60.0,40.0,1.4,1.6,15.0,11.2,4.2,5.8,8.0,5.4,1.0,1.4,11.8,12.2,2018,25,1
13,8,0,0,-2,20.0,20.0,0.2,0.8,9.6,9.8,1.8,2.8,5.2,4.2,1.6,2.4,10.0,18.0,2018,25,1
17,6,1,0,-11,80.0,0.0,3.2,0.6,18.6,7.0,7.6,1.6,6.8,3.6,0.0,2.4,4.4,17.0,2018,25,2
26,16,1,2,8,20.0,20.0,0.8,1.6,13.6,11.2,5.0,4.8,6.6,4.0,1.0,2.8,14.4,12.0,2018,25,0
35,18,1,1,17,0.0,100.0,0.8,2.6,9.6,16.8,4.6,5.4,6.4,9.2,2.0,0.6,14.0,7.0,2018,25,1
12,7,4,2,11,20.0,40.0,1.2,1.0,15.4,11.2,5.0,4.6,6.2,5.0,1.8,1.6,12.0,12.8,2018,26,2
21,9,1,2,5,60.0,80.0,1.4,1.8,14.8,12.6,3.4,3.8,3.4,3.6,0.8,1.2,9.8,9.4,2018,26,0
31,10,2,1,3,40.0,60.0,1.4,1.6,14.8,11.8,5.4,4.8,6.4,5.0,1.0,0.6,8.2,12.4,2018,26,2
19,30,0,3,-1,80.0,60.0,1.4,1.6,11.4,15.2,3.8,5.4,4.8,5.2,0.6,1.0,8.2,11.2,2018,27,0
6,12,2,2,-3,40.0,20.0,1.2,1.0,10.6,10.6,3.8,3.4,4.4,4.2,1.2,3.2,12.2,19.2,2018,1,1
9,4,2,0,-7,40.0,40.0,1.4,1.4,19.0,12.2,6.0,4.8,6.4,5.8,1.4,1.8,9.0,14.6,2018,1,2
10,26,0,2,-6,60.0,20.0,2.2,1.0,11.0,12.0,5.4,5.4,5.4,4.8,1.2,1.2,11.4,11.4,2018,1,0
11,13,1,1,-8,40.0,0.0,1.0,0.6,8.6,6.2,2.8,2.2,2.8,2.0,1.0,1.8,12.6,20.0,2018,1,1
16,17,1,2,5,40.0,40.0,1.2,1.2,11.4,12.2,3.6,4.6,6.6,4.0,1.0,0.8,10.4,9.0,2018,1,0
18,21,2,1,-9,60.0,20.0,3.2,0.6,21.0,10.4,8.2,3.2,7.4,5.0,1.0,1.0,5.0,10.2,2018,1,2
33,35,0,1,-5,20.0,0.0,1.2,1.4,11.4,11.4,3.6,6.4,4.6,5.8,1.6,2.2,14.4,11.8,2018,1,0
7,19,0,2,5,20.0,40.0,1.0,1.4,8.6,11.8,3.2,4.0,4.4,5.2,1.6,1.2,13.0,11.8,2018,2,0
8,0,2,3,12,0.0,20.0,1.0,1.2,11.4,12.2,3.2,4.6,6.8,3.2,2.4,2.0,17.2,17.2,2018,2,0
31,30,2,1,11,60.0,60.0,1.4,1.6,14.2,14.6,5.4,5.0,6.2,4.6,0.8,0.8,7.4,13.0,2018,2,2
4,16,4,2,3,40.0,20.0,1.4,1.6,15.0,11.6,4.2,5.0,8.6,4.4,1.2,3.0,11.8,11.2,2018,15,2
9,8,4,1,-13,60.0,20.0,1.6,0.2,21.0,10.4,6.4,2.6,6.8,5.4,0.8,1.8,8.2,15.8,2018,15,2
13,10,0,1,5,20.0,40.0,0.2,1.4,9.4,10.2,1.6,4.2,5.8,4.2,1.2,1.0,9.4,13.8,2018,15,0
18,12,3,0,-17,80.0,20.0,3.2,1.4,21.8,11.4,8.6,4.4,6.6,4.0,0.6,2.6,4.6,17.8,2018,15,2
21,0,1,2,4,40.0,40.0,1.4,1.6,12.4,12.6,3.2,6.2,3.6,4.0,1.2,2.0,12.0,18.4,2018,15,0
30,17,1,2,-1,80.0,40.0,2.4,1.2,14.2,11.0,6.0,4.2,4.8,3.6,1.6,0.8,14.0,10.2,2018,15,0
31,19,1,2,12,80.0,40.0,1.6,1.2,12.8,15.0,5.0,5.0,4.6,5.4,0.6,0.8,8.2,9.6,2018,15,0
11,33,1,3,-5,40.0,20.0,1.0,1.0,9.6,9.4,2.6,3.2,3.2,4.2,0.6,2.4,10.8,18.2,2018,16,0
35,7,1,0,11,0.0,20.0,0.6,1.0,9.0,11.4,3.4,4.2,4.8,4.6,1.6,2.2,13.8,16.2,2018,16,2
26,6,2,2,2,20.0,0.0,1.0,0.2,12.2,5.8,4.8,1.4,5.6,3.4,1.4,2.0,13.6,18.4,2018,17,1
6,30,1,2,12,40.0,40.0,1.6,1.4,10.6,13.8,4.2,4.6,4.6,6.0,1.2,1.0,13.0,12.4,2018,22,0
7,4,4,0,-5,0.0,40.0,0.6,1.0,8.8,11.2,3.0,3.8,4.0,6.2,1.8,1.8,14.2,16.2,2018,22,2
8,18,0,5,17,0.0,80.0,0.8,2.2,12.4,16.8,3.2,5.8,6.6,8.8,1.8,0.6,16.8,8.0,2018,22,0
10,21,0,0,1,60.0,0.0,2.0,0.4,13.8,9.4,6.0,2.8,6.0,4.0,1.2,1.2,12.0,13.4,2018,22,1
12,31,1,1,4,40.0,20.0,1.8,0.6,15.8,7.4,5.8,3.4,6.4,2.8,1.6,2.0,11.6,10.0,2018,22,1
16,13,3,1,-7,40.0,0.0,1.2,0.8,12.2,7.2,4.4,3.4,6.0,2.0,1.0,1.8,10.8,18.6,2018,22,2
17,26,3,0,-13,80.0,40.0,2.4,1.0,20.4,12.8,7.2,5.0,7.2,4.4,0.0,0.6,4.8,12.8,2018,22,2
19,35,1,1,-16,60.0,20.0,1.0,1.4,13.8,12.6,3.8,6.6,5.2,5.0,1.2,1.8,9.4,11.6,2018,22,1
0,11,2,0,-2,80.0,20.0,3.0,1.6,15.0,10.0,7.2,4.6,6.4,4.0,1.2,1.6,12.4,13.8,2018,23,2
33,9,0,0,8,20.0,80.0,1.0,1.6,10.4,12.2,3.0,3.4,3.4,3.2,1.6,1.0,15.2,8.6,2018,23,1
0,31,2,0,-8,80.0,20.0,2.8,0.8,14.2,8.8,6.8,4.4,5.8,4.2,0.8,1.2,11.2,10.4,2018,29,2
9,17,1,1,1,80.0,60.0,2.2,1.6,20.0,12.4,6.6,5.6,5.8,4.0,0.8,1.0,8.4,11.2,2018,29,1
11,12,3,0,-10,40.0,0.0,1.2,1.0,11.6,10.0,3.2,3.4,3.4,3.4,1.2,3.0,10.6,21.0,2018,29,2
13,30,0,2,13,0.0,60.0,0.0,1.6,10.6,13.8,1.8,4.8,5.0,6.6,1.4,1.0,10.0,12.4,2018,29,0
18,6,2,0,-14,80.0,0.0,2.8,0.6,23.6,6.4,8.0,2.0,7.6,3.4,0.6,2.4,5.6,19.2,2018,29,2
21,16,0,2,1,20.0,20.0,1.2,1.8,11.6,11.4,2.8,5.4,5.2,4.0,1.4,3.4,11.4,11.6,2018,29,0
33,19,3,1,11,20.0,40.0,0.8,1.2,10.8,14.2,3.0,5.4,3.6,6.0,0.8,1.0,14.8,9.8,2018,29,2
35,26,2,0,1,20.0,40.0,0.8,1.0,13.2,13.0,3.6,4.8,5.2,4.6,1.0,1.2,13.2,13.0,2018,29,2
8,7,1,2,11,0.0,0.0,0.8,0.6,10.2,11.4,2.8,3.8,4.8,4.8,2.2,2.2,18.4,19.4,2018,30,0
4,10,2,1,1,60.0,60.0,1.8,1.2,13.0,9.0,4.2,3.4,7.2,4.2,1.2,0.6,12.0,12.8,2018,1,2
6,33,1,0,2,40.0,40.0,1.6,1.4,9.6,10.2,4.2,3.6,4.6,3.4,1.4,2.4,13.4,16.8,2018,5,2
7,13,1,1,-9,20.0,0.0,1.2,0.8,10.2,6.2,3.6,2.8,4.0,1.6,1.4,2.2,14.8,19.6,2018,6,1
10,35,0,1,-7,40.0,20.0,1.4,1.6,14.0,12.4,5.2,6.6,6.8,5.0,0.8,2.0,10.8,11.6,2018,6,0
16,11,1,2,1,60.0,20.0,1.8,1.4,13.6,9.4,5.4,5.2,4.4,5.2,1.2,1.8,11.4,12.2,2018,6,0
19,21,3,2,-8,60.0,0.0,1.2,0.4,14.0,8.8,4.2,3.0,5.4,3.8,1.2,1.0,9.6,14.8,2018,6,2
30,8,1,0,-15,80.0,0.0,2.4,0.2,14.8,10.4,6.0,2.2,4.8,5.2,1.4,2.6,14.0,15.6,2018,6,2
31,4,0,4,2,80.0,40.0,1.8,1.0,12.8,13.8,5.2,4.6,5.0,6.8,1.0,2.0,8.8,14.6,2018,6,0
12,0,1,5,12,20.0,60.0,1.8,1.8,16.0,13.4,5.8,6.0,6.4,4.8,1.8,1.8,11.2,15.8,2018,7,0
17,18,0,0,3,80.0,80.0,2.4,2.6,18.8,17.6,6.6,6.6,6.8,9.2,0.0,0.4,5.0,6.8,2018,7,1
26,9,0,3,12,20.0,60.0,1.0,1.2,13.0,12.4,4.4,3.6,5.0,4.4,1.2,0.8,12.6,8.8,2018,7,0
4,26,0,0,-5,80.0,40.0,2.2,0.8,12.6,14.2,4.8,5.0,6.2,5.0,1.0,1.4,11.4,14.0,2018,20,1
8,12,4,2,0,0.0,0.0,0.8,0.8,11.4,9.0,3.0,2.6,4.4,2.6,2.4,3.0,16.2,22.0,2018,20,2
9,19,2,2,3,60.0,40.0,2.2,1.4,19.6,12.8,6.6,5.6,6.0,6.6,1.0,1.4,9.0,9.2,2018,20,1
13,17,0,1,12,0.0,60.0,0.0,1.4,10.6,13.2,2.4,6.2,4.8,4.0,1.4,0.8,10.6,10.6,2018,20,0
18,7,5,0,-6,100.0,20.0,3.2,0.8,26.2,8.8,9.2,2.8,7.6,3.6,0.6,2.2,5.4,21.6,2018,20,2
21,6,0,1,-5,20.0,0.0,1.2,0.4,9.4,6.0,2.6,1.6,5.2,3.4,1.6,2.2,12.0,21.0,2018,20,0
33,30,0,1,10,40.0,80.0,1.4,2.0,10.6,12.2,3.2,5.0,4.2,4.8,1.0,0.8,13.4,12.4,2018,20,0
35,31,0,2,4,40.0,20.0,1.2,0.8,14.6,10.6,4.0,4.8,5.4,4.2,0.6,1.4,13.2,10.4,2018,20,0
11,10,2,0,-3,40.0,60.0,1.6,1.4,13.6,9.8,4.2,3.6,5.0,4.2,1.2,1.0,10.0,12.2,2018,21,2
0,16,3,1,-3,80.0,40.0,2.4,2.2,12.0,12.6,5.6,6.2,5.4,5.4,0.6,2.4,11.6,9.8,2018,22,2
6,35,1,0,-3,60.0,40.0,1.6,1.0,9.8,10.8,4.0,5.2,4.4,4.4,1.2,1.2,13.6,11.8,2018,27,2
12,4,0,3,6,20.0,60.0,1.6,1.6,18.2,13.0,6.0,4.6,5.8,6.6,2.4,1.6,11.4,14.6,2018,27,0
16,33,1,1,-4,60.0,40.0,2.0,1.2,12.6,11.4,5.4,3.6,3.2,4.0,1.2,1.8,12.2,14.6,2018,27,1
17,8,4,1,-14,80.0,0.0,2.4,0.2,16.2,10.8,6.6,3.2,5.4,4.6,0.0,2.0,5.2,15.2,2018,27,2
26,21,0,0,7,0.0,0.0,0.6,0.6,13.2,9.6,4.4,4.4,4.8,4.0,1.6,1.2,14.0,16.2,2018,27,1
31,13,3,0,-2,60.0,0.0,1.4,1.0,13.4,9.0,4.0,2.6,6.6,3.4,1.6,2.4,9.0,17.8,2018,27,2
7,9,0,4,2,20.0,60.0,1.4,1.6,9.4,14.4,3.4,4.2,3.6,6.4,1.6,0.8,16.8,9.8,2018,28,0
10,0,2,2,5,20.0,80.0,0.4,2.6,13.2,12.4,4.2,6.0,6.4,4.0,1.0,1.4,11.0,16.2,2018,28,1
19,11,2,1,-6,60.0,20.0,1.4,1.4,14.2,11.4,5.6,5.8,5.6,6.6,1.4,2.0,10.6,12.0,2018,28,2
30,18,0,1,2,80.0,60.0,2.2,1.8,16.0,15.0,6.8,5.6,5.2,9.0,1.4,0.2,13.0,7.4,2018,29,0
0,17,1,1,2,80.0,80.0,2.0,1.6,12.6,13.4,5.2,5.6,5.8,4.6,0.8,0.6,12.0,10.8,2018,3,1
4,19,1,2,10,60.0,40.0,2.0,1.8,12.0,11.0,4.2,5.2,5.2,6.0,1.0,1.8,10.6,11.6,2018,3,0
8,16,0,1,9,20.0,40.0,1.4,1.6,13.8,11.0,3.2,4.8,4.6,5.4,2.4,2.0,12.4,10.8,2018,3,0
11,6,3,1,-7,60.0,20.0,1.8,0.6,15.8,7.2,4.4,1.8,6.4,3.2,1.0,1.4,9.2,22.0,2018,3,2
21,31,1,0,-4,0.0,40.0,0.6,1.2,11.6,9.8,2.6,4.4,6.4,4.6,1.8,1.0,12.4,9.8,2018,3,2
33,7,4,2,6,20.0,20.0,0.8,0.8,10.2,8.6,3.2,2.4,5.0,2.8,1.0,2.2,12.6,23.2,2018,3,2
35,30,2,3,15,40.0,80.0,1.2,1.8,15.2,11.2,4.0,4.4,6.4,5.0,1.0,0.6,11.4,12.0,2018,3,0
9,10,3,1,-6,60.0,40.0,2.4,1.0,19.4,8.6,6.8,3.8,5.2,3.8,1.2,1.2,9.8,14.8,2018,4,2
18,26,6,1,-16,100.0,20.0,3.6,0.6,27.2,13.2,9.8,4.2,8.8,4.6,0.4,1.4,5.2,13.8,2018,4,2
13,12,1,0,-2,0.0,0.0,0.0,1.0,9.6,8.8,2.0,3.0,3.8,2.4,1.4,3.0,11.0,21.8,2018,5,2
8,6,2,1,3,20.0,20.0,1.4,0.8,13.6,7.0,3.4,2.4,4.8,3.6,2.6,1.6,12.6,21.0,2018,10,2
10,30,0,1,8,0.0,80.0,0.4,1.8,14.2,11.4,3.8,5.0,6.8,4.8,1.4,1.0,11.0,10.6,2018,10,0
13,33,1,1,3,20.0,20.0,0.2,1.0,10.4,11.0,2.2,3.6,4.4,3.4,0.8,2.0,9.8,16.2,2018,10,1
16,7,0,0,2,40.0,20.0,1.6,1.2,13.0,6.6,4.8,1.8,3.6,2.6,1.2,3.0,11.6,24.0,2018,10,1
21,4,2,1,-2,20.0,60.0,0.6,1.8,10.6,12.2,2.6,4.6,7.4,6.0,1.4,1.4,12.6,14.4,2018,10,2
26,31,1,1,3,0.0,40.0,0.6,1.2,16.0,11.6,4.6,4.0,6.0,5.4,1.4,1.0,12.6,10.4,2018,10,1
0,35,1,1,-12,80.0,40.0,2.2,0.6,13.2,13.8,5.4,5.2,6.4,6.0,0.6,0.8,11.2,9.4,2018,11,1
9,11,0,0,-3,60.0,20.0,2.4,1.4,17.6,11.4,5.8,5.6,5.0,6.2,1.0,1.8,8.2,11.8,2018,11,1
17,12,2,0,-14,80.0,0.0,2.4,0.8,15.6,8.2,5.8,2.6,5.6,2.8,0.2,2.6,5.2,18.8,2018,11,2
18,19,3,1,-1,100.0,60.0,3.6,1.8,24.4,12.8,8.6,6.2,7.6,6.0,0.4,1.4,6.6,14.0,2018,11,2
6,16,1,1,6,60.0,60.0,1.6,1.6,8.0,11.0,3.4,5.0,3.6,6.8,1.2,1.6,15.4,11.4,2018,24,1
11,8,1,0,-10,60.0,0.0,2.0,0.4,16.0,8.0,3.6,2.8,7.2,3.4,1.0,2.2,7.2,14.6,2018,24,2
12,26,3,2,1,20.0,20.0,1.2,0.6,17.4,12.6,5.2,4.6,5.6,4.4,2.6,2.2,10.8,14.8,2018,24,2
19,10,0,0,-9,60.0,20.0,1.6,0.8,15.6,8.0,7.4,2.4,6.0,3.2,1.6,1.8,12.0,14.8,2018,24,1
30,9,3,1,-2,60.0,80.0,2.0,2.4,14.6,18.0,5.6,5.4,4.6,6.8,1.6,0.2,12.8,8.0,2018,24,2
31,17,0,3,10,60.0,60.0,1.6,1.4,12.0,12.8,4.2,5.2,5.6,4.8,1.6,0.8,10.4,11.6,2018,24,0
33,18,0,4,12,40.0,60.0,1.4,1.8,12.4,15.0,4.2,6.4,5.8,7.8,1.0,0.2,11.4,6.6,2018,24,0
4,0,1,2,6,40.0,60.0,1.8,2.8,13.2,12.0,4.8,5.6,5.6,4.0,1.4,1.8,12.2,15.8,2018,25,0
35,13,0,2,2,40.0,0.0,1.2,0.8,16.2,11.0,4.6,3.6,6.8,4.0,1.2,2.8,12.2,15.8,2018,25,0
7,21,1,2,-3,20.0,0.0,1.2,0.6,8.4,8.0,2.8,3.8,3.0,3.6,2.0,1.0,18.4,18.4,2018,26,0
8,35,2,1,0,40.0,40.0,1.4,0.8,14.8,14.0,4.0,5.6,5.0,4.6,2.2,0.6,10.6,10.2,2018,30,2
10,7,2,0,4,0.0,20.0,0.4,0.8,14.8,5.4,4.2,1.6,7.6,2.0,1.2,2.2,10.0,23.4,2018,1,2
13,6,1,2,1,20.0,20.0,0.4,1.0,12.4,7.2,3.4,2.6,4.0,2.8,1.0,1.8,9.4,20.6,2018,1,0
16,31,2,0,-5,20.0,20.0,1.2,0.8,16.2,12.2,5.4,4.0,5.8,6.2,1.2,1.0,10.6,11.6,2018,1,2
18,4,3,1,-11,100.0,40.0,3.8,1.6,23.0,12.6,8.0,4.4,7.8,7.2,0.4,1.6,7.2,15.8,2018,1,2
21,33,0,3,-3,40.0,20.0,0.8,1.2,13.0,12.4,3.4,4.2,8.0,3.8,1.2,1.4,12.4,15.6,2018,1,0
26,19,2,2,15,0.0,40.0,0.8,1.6,15.2,9.8,4.8,4.6,5.8,5.2,1.6,2.0,11.8,15.6,2018,1,1
0,30,4,2,3,60.0,100.0,1.8,1.8,11.8,11.4,4.0,5.0,6.6,4.0,0.6,0.6,11.0,11.4,2018,2,2
9,12,2,0,-13,40.0,0.0,2.0,0.4,15.8,7.8,5.4,2.2,4.6,3.2,1.0,2.6,7.8,19.8,2018,2,2
17,11,1,0,-4,80.0,20.0,2.0,1.0,16.0,11.4,5.6,4.8,5.8,6.0,0.2,1.4,5.8,12.6,2018,2,2
4,13,2,1,-4,40.0,20.0,1.6,1.0,12.0,12.8,4.8,4.6,5.4,4.4,1.4,1.6,14.0,11.8,2018,4,2
6,10,3,1,4,40.0,20.0,1.2,0.6,9.6,8.8,3.4,2.2,4.2,3.2,1.0,1.4,15.2,14.6,2018,4,2
31,18,1,2,13,40.0,60.0,1.2,2.2,10.4,13.4,3.4,6.0,5.4,6.2,2.0,0.2,10.6,6.6,2018,4,0
33,8,3,1,-5,40.0,0.0,1.4,0.4,11.6,7.4,3.8,2.8,6.6,3.2,1.6,2.0,10.2,15.4,2018,4,2
7,17,1,3,3,20.0,60.0,1.2,1.6,9.6,12.8,3.0,5.8,3.0,5.0,1.8,0.6,20.0,10.2,2018,5,0
11,21,1,1,-2,80.0,20.0,2.0,1.0,17.0,9.0,5.0,3.2,7.8,3.6,0.8,1.2,6.8,18.8,2018,5,1
12,16,1,1,9,40.0,40.0,1.8,1.4,16.4,11.0,5.0,4.6,5.0,6.4,2.6,1.6,12.6,12.0,2018,5,1
19,0,2,2,-4,40.0,80.0,1.2,2.8,16.4,13.0,7.2,5.2,7.6,5.4,1.4,1.4,12.0,13.2,2018,5,1
30,26,3,1,-14,60.0,0.0,1.6,0.6,15.4,12.6,6.2,5.0,4.6,4.6,1.0,2.8,12.2,12.8,2018,5,2
35,9,2,1,13,40.0,60.0,1.0,2.0,16.4,18.0,4.8,5.0,6.4,6.6,1.4,0.8,11.4,10.4,2018,5,2
0,13,1,0,-10,60.0,20.0,2.2,1.0,14.4,15.6,4.4,4.6,7.2,5.4,1.0,1.8,11.4,10.8,2018,8,2
4,17,0,4,8,40.0,60.0,1.2,1.8,11.2,13.0,4.2,6.2,5.4,6.0,1.2,0.6,15.8,10.0,2018,8,0
7,6,1,0,-8,20.0,40.0,1.4,1.0,9.8,7.6,3.8,3.0,3.6,3.2,2.0,1.6,19.4,19.2,2018,8,2
8,26,1,0,1,60.0,0.0,1.8,0.8,17.8,14.8,4.2,5.8,6.2,5.0,1.4,2.8,9.4,13.0,2018,8,2
9,18,2,0,4,40.0,80.0,1.6,2.4,15.4,12.8,5.8,6.2,4.4,6.6,0.8,0.2,8.4,6.6,2018,8,2
16,30,0,2,6,40.0,80.0,1.4,1.8,15.2,10.4,5.0,4.8,5.8,3.6,0.8,1.2,10.2,14.2,2018,8,0
19,12,4,1,-16,40.0,0.0,1.6,0.4,13.8,7.8,7.6,2.4,7.4,3.6,1.2,2.4,12.0,17.4,2018,8,2
33,10,3,2,2,60.0,0.0,2.0,0.6,13.8,11.0,5.8,2.8,8.4,3.6,1.8,2.0,8.6,13.4,2018,8,2
21,35,1,2,-8,40.0,20.0,0.6,0.8,15.4,14.0,3.8,5.2,7.4,5.0,1.4,1.0,11.4,11.0,2018,9,0
11,31,2,2,-6,80.0,20.0,2.0,0.6,17.6,11.6,4.8,2.8,9.8,6.2,0.4,1.2,6.6,10.0,2018,10,1
10,16,1,0,2,20.0,40.0,0.8,1.2,16.6,10.8,4.8,4.0,8.2,6.8,0.8,1.0,7.0,15.0,2018,15,2
12,33,0,2,5,20.0,40.0,1.2,1.6,16.4,11.2,4.0,4.0,5.8,4.0,2.4,0.8,12.8,15.4,2018,15,0
13,21,0,1,6,20.0,20.0,0.6,1.0,10.8,10.0,3.4,3.8,3.4,4.0,1.2,1.0,10.8,17.8,2018,15,0
18,11,3,1,-7,100.0,20.0,3.8,0.6,20.6,11.0,7.4,4.8,7.4,5.8,0.6,1.2,6.2,12.4,2018,15,2
30,7,1,0,-4,60.0,20.0,1.6,0.8,13.0,4.8,5.6,1.2,5.2,2.0,1.0,2.4,13.8,23.2,2018,15,2
31,8,3,2,-4,20.0,0.0,1.0,0.6,11.2,6.4,4.2,3.0,5.4,2.6,2.2,2.6,11.4,17.8,2018,15,2
35,4,2,0,6,40.0,40.0,1.2,1.8,11.6,11.8,3.8,4.4,5.0,6.8,1.6,1.8,13.4,14.2,2018,15,2
6,9,1,2,10,60.0,40.0,1.4,1.8,8.4,18.4,3.0,5.0,3.6,6.6,0.8,1.0,16.8,10.4,2018,16,0
17,19,3,1,2,80.0,20.0,2.0,1.6,14.8,10.2,4.6,4.4,5.8,4.6,0.2,2.2,6.4,16.0,2018,16,2
26,0,3,2,11,0.0,60.0,1.0,2.6,16.2,11.4,5.0,3.8,4.4,4.4,1.6,1.4,12.4,12.4,2018,16,2
35,17,0,2,14,40.0,80.0,1.2,2.4,10.6,12.4,3.2,5.8,4.4,6.4,1.6,0.4,12.6,9.6,2018,21,0
0,7,3,1,-1,60.0,0.0,2.0,0.4,15.4,5.0,4.4,0.8,7.4,2.2,1.0,2.4,10.0,22.4,2018,22,2
4,6,2,0,-3,20.0,40.0,0.8,1.0,10.6,9.6,3.6,3.0,6.0,4.0,1.8,1.4,15.8,16.4,2018,22,2
8,19,1,5,16,80.0,20.0,1.8,1.6,16.6,9.6,4.0,4.0,5.6,3.2,1.0,2.2,11.2,21.6,2018,22,0
9,16,0,1,-4,60.0,20.0,1.8,0.8,15.0,10.8,6.0,3.4,3.8,5.8,0.6,1.2,8.6,15.4,2018,22,0
13,26,1,3,-1,20.0,0.0,0.6,0.8,12.0,13.8,3.4,4.8,4.8,5.2,1.0,2.6,10.4,12.8,2018,22,0
18,10,2,3,-10,100.0,0.0,4.0,0.8,17.6,10.6,6.8,3.2,6.6,3.6,0.8,2.2,7.2,13.8,2018,22,0
21,12,0,0,-8,40.0,0.0,0.8,0.6,16.6,8.6,4.4,3.2,7.2,4.0,1.4,2.6,11.6,17.6,2018,22,1
33,31,0,2,-1,60.0,20.0,2.0,1.0,14.8,12.0,6.4,2.6,8.6,6.2,2.0,1.2,8.4,10.6,2018,22,0
11,30,2,6,5,60.0,80.0,1.8,1.8,16.2,9.8,4.6,4.0,8.6,4.6,0.8,1.2,8.4,14.6,2018,23,0
6,0,1,1,9,60.0,40.0,1.4,2.6,8.0,11.6,2.6,4.2,3.4,4.6,0.8,1.8,15.6,14.0,2018,26,1
7,11,1,5,-1,20.0,20.0,0.8,0.8,10.2,11.0,3.6,4.0,3.4,4.4,2.0,1.4,18.4,13.2,2018,26,0
10,8,0,0,-7,40.0,0.0,1.0,0.8,15.0,7.2,4.2,3.2,7.2,1.8,0.8,2.4,8.2,17.6,2018,26,1
12,35,1,1,0,20.0,40.0,1.0,1.0,16.6,14.4,4.2,4.8,5.4,5.4,2.6,1.0,11.8,10.4,2018,26,1
16,18,2,1,8,20.0,60.0,0.8,1.4,13.8,11.4,4.0,5.0,6.4,7.4,1.0,0.6,9.8,7.8,2018,26,2
17,21,4,0,-6,80.0,40.0,2.0,1.2,19.6,10.4,6.0,4.2,7.4,3.2,0.4,1.0,6.2,17.6,2018,26,2
19,13,3,1,-14,60.0,20.0,2.2,0.8,14.8,15.0,8.6,4.2,8.4,5.4,1.2,1.4,11.8,10.0,2018,26,2
30,4,5,0,-9,80.0,40.0,1.6,1.8,13.8,10.6,5.6,4.0,5.8,5.8,0.6,1.4,11.2,13.6,2018,26,2
31,9,1,2,9,40.0,60.0,1.4,2.2,11.8,17.0,4.8,4.4,5.2,5.2,2.2,1.2,11.6,10.4,2018,26,0
26,33,1,2,4,20.0,40.0,1.2,1.4,15.8,10.6,5.4,3.8,5.0,4.4,1.6,0.6,12.6,15.4,2018,27,0
6,11,1,0,7,40.0,20.0,1.4,1.4,8.6,10.2,2.4,3.6,3.8,3.8,1.0,1.4,13.6,13.8,2018,29,2
12,13,1,0,2,20.0,20.0,1.0,0.8,14.6,13.2,5.2,4.2,5.0,4.0,1.8,1.8,12.8,12.0,2018,29,2
16,8,0,1,-9,40.0,0.0,1.0,0.8,14.2,7.4,4.6,2.8,6.6,1.6,0.8,2.2,8.6,20.0,2018,29,0
17,0,5,1,-2,100.0,20.0,2.8,1.8,21.4,11.2,7.2,3.6,9.0,6.0,0.4,1.8,6.2,12.2,2018,29,2
30,35,1,3,-15,80.0,20.0,2.4,1.0,12.0,15.8,5.6,5.4,5.2,4.8,0.6,1.2,12.4,10.4,2018,29,0
31,21,1,1,4,40.0,40.0,1.6,0.8,11.0,9.0,4.8,3.0,3.8,2.4,1.8,1.2,11.6,17.2,2018,29,1
7,33,2,0,-6,20.0,60.0,0.8,1.8,11.2,10.4,3.8,4.0,4.2,3.6,2.8,0.6,17.2,15.8,2018,30,2
10,9,0,1,6,40.0,60.0,1.0,2.0,19.0,14.8,4.4,4.0,8.4,3.6,0.6,1.4,8.6,9.4,2018,30,0
19,4,4,1,-10,60.0,20.0,2.2,1.0,14.4,11.4,8.6,3.4,7.4,5.2,1.0,2.4,11.2,12.8,2018,30,2
26,18,1,3,16,20.0,60.0,1.4,1.6,15.0,12.4,5.2,5.4,5.0,7.6,1.4,1.0,11.6,8.4,2018,30,0
0,12,4,1,-12,60.0,0.0,2.0,0.2,13.6,7.6,4.4,2.8,6.4,3.2,1.0,1.8,9.8,15.0,2019,1,2
8,30,0,3,15,60.0,80.0,1.2,2.8,14.0,11.2,3.6,5.2,5.6,3.6,1.6,1.6,12.8,14.0,2019,1,0
11,16,0,1,-1,40.0,40.0,1.8,0.8,14.2,10.8,4.4,3.6,7.0,6.0,2.0,0.6,10.4,15.0,2019,1,0
4,31,3,3,-2,40.0,20.0,1.2,1.0,11.4,12.4,3.8,3.0,6.0,6.6,1.8,1.2,16.2,12.2,2019,2,1
9,26,0,0,-12,60.0,20.0,1.4,1.4,14.2,14.8,5.8,5.2,4.6,4.8,0.4,2.8,8.8,14.0,2019,2,1
13,7,1,2,9,20.0,0.0,0.8,0.6,12.6,5.4,4.2,1.2,6.0,2.6,1.4,2.0,10.8,19.6,2019,2,0
21,19,0,2,8,40.0,40.0,0.8,2.2,13.0,11.6,3.2,5.0,6.4,4.0,1.2,2.0,10.8,19.2,2019,2,0
33,6,2,2,-2,60.0,20.0,2.0,0.8,15.8,10.0,7.0,3.6,8.6,4.6,2.2,1.8,8.6,13.8,2019,2,1
35,10,0,2,7,40.0,20.0,1.2,1.4,10.8,10.2,4.0,3.2,3.0,2.6,1.6,2.2,13.8,13.6,2019,2,0
18,17,2,1,-3,80.0,80.0,3.4,2.6,16.6,13.2,5.8,6.6,7.2,7.6,1.4,0.4,7.2,9.2,2019,3,2
6,17,0,1,11,40.0,80.0,1.4,2.6,10.4,12.0,2.8,6.8,4.8,6.2,1.0,0.6,11.2,8.6,2019,12,0
7,12,2,1,-11,40.0,0.0,1.2,0.4,13.2,8.0,4.6,3.4,4.4,3.0,2.0,2.4,14.6,16.2,2019,12,2
8,13,0,0,2,60.0,20.0,1.2,0.8,13.0,12.4,3.8,3.8,5.4,4.0,2.0,1.4,12.8,12.4,2019,12,1
9,21,2,1,-5,40.0,40.0,0.8,1.0,14.6,9.4,5.8,3.4,5.2,3.2,0.2,1.4,8.6,15.2,2019,12,2
10,31,1,2,-3,40.0,20.0,0.6,1.6,16.6,11.4,3.8,3.4,7.8,5.2,0.4,1.6,9.6,15.2,2019,12,0
16,26,1,2,-8,40.0,20.0,0.8,1.2,13.2,13.6,4.6,4.4,7.0,4.4,0.8,1.6,8.8,13.8,2019,12,0
33,0,1,0,7,40.0,20.0,1.6,1.6,14.0,11.4,6.2,3.6,6.8,5.8,2.2,2.4,10.0,12.0,2019,12,2
11,4,2,0,-4,20.0,0.0,1.2,0.6,14.8,10.4,4.2,3.0,7.0,5.2,2.0,3.2,11.0,12.8,2019,13,2
30,19,0,1,1,80.0,40.0,2.6,2.2,13.2,11.2,6.0,4.8,5.8,3.4,1.0,1.8,12.0,18.4,2019,13,0
18,35,3,0,-17,80.0,40.0,2.6,1.6,14.8,13.0,5.0,4.8,6.8,4.2,1.4,1.2,6.2,12.0,2019,14,2
0,9,2,0,1,80.0,60.0,2.6,1.4,14.4,12.4,5.4,3.2,7.0,3.6,1.0,1.4,9.0,8.8,2019,19,2
4,33,2,0,-1,40.0,60.0,1.6,1.6,12.8,10.4,4.8,4.2,5.0,4.6,2.0,0.8,14.8,15.0,2019,19,2
17,10,4,3,-7,100.0,40.0,3.0,1.6,20.6,12.2,7.8,3.6,8.4,4.2,0.4,1.6,7.4,12.4,2019,19,2
19,6,2,1,-13,60.0,20.0,2.6,1.0,13.8,11.6,8.2,4.2,6.6,4.8,1.0,1.6,9.8,13.6,2019,19,2
21,8,3,0,-8,20.0,20.0,0.6,0.8,13.8,9.4,3.4,3.2,5.0,2.4,1.6,1.4,10.8,19.4,2019,19,2
26,11,2,1,9,20.0,20.0,1.6,1.2,11.6,10.0,5.2,3.2,4.2,4.2,2.0,1.2,13.2,13.2,2019,19,2
31,7,0,0,7,20.0,20.0,1.2,0.6,11.0,7.4,4.6,2.2,3.8,2.2,2.0,1.4,10.6,17.0,2019,19,1
35,16,4,3,9,40.0,40.0,0.8,0.8,9.4,9.8,2.8,3.4,2.6,4.6,1.4,0.6,15.2,16.2,2019,19,2
12,30,1,2,15,40.0,80.0,1.2,2.8,15.2,11.8,6.0,4.4,4.8,4.0,1.2,1.2,12.2,12.0,2019,20,0
13,18,0,3,15,0.0,60.0,0.8,2.0,12.4,12.6,4.2,5.4,6.0,8.0,1.8,1.2,12.6,8.6,2019,20,0
0,8,2,1,-12,100.0,20.0,2.8,0.8,15.0,9.8,5.8,3.2,5.8,3.8,0.8,1.8,9.2,19.4,2019,29,2
12,6,4,2,3,20.0,20.0,0.8,1.0,15.6,11.6,5.8,4.2,5.8,5.6,1.2,1.6,11.2,13.6,2019,29,2
13,11,0,1,8,0.0,20.0,0.6,1.4,10.4,10.2,3.2,3.4,5.2,4.4,2.2,1.6,12.6,12.4,2019,29,0
19,7,2,2,-5,80.0,20.0,3.0,0.6,15.4,8.4,8.2,2.6,5.8,3.4,1.2,1.4,8.6,14.4,2019,29,1
21,18,2,1,9,20.0,60.0,0.8,1.8,13.4,13.2,3.4,5.0,5.0,8.6,1.4,1.2,9.8,7.8,2019,29,2
35,33,3,0,5,60.0,60.0,1.6,1.4,9.4,9.8,3.6,3.4,3.0,4.0,1.6,1.0,15.6,14.0,2019,29,2
4,9,4,0,7,60.0,60.0,1.8,1.2,12.6,12.4,4.6,3.0,4.4,4.0,1.6,1.2,12.6,7.8,2019,30,2
17,16,1,1,-5,100.0,40.0,3.4,1.2,20.4,11.4,8.2,4.0,8.8,6.2,1.0,1.2,7.6,15.8,2019,30,1
26,10,1,1,6,40.0,40.0,1.8,2.2,11.0,11.4,5.2,3.8,4.2,4.2,2.0,2.4,12.2,13.8,2019,30,1
30,31,2,1,-11,60.0,40.0,2.0,1.8,13.8,12.2,6.4,2.6,6.4,5.4,1.0,1.6,12.0,15.4,2019,30,2
6,31,0,0,1,40.0,40.0,1.2,2.0,9.0,12.4,2.2,2.8,4.0,4.8,1.0,1.6,11.6,17.4,2019,2,1
7,26,1,1,-10,60.0,40.0,1.4,1.2,12.6,11.4,3.8,3.4,3.8,4.0,1.8,1.2,13.6,16.4,2019,2,1
8,4,2,0,6,40.0,0.0,0.8,0.4,9.6,10.8,2.6,3.6,5.2,5.0,1.8,3.2,14.2,12.2,2019,2,2
9,13,5,0,-11,60.0,0.0,1.2,0.4,13.6,12.4,6.2,3.0,5.8,5.0,0.4,1.4,9.2,10.6,2019,2,2
10,12,2,0,-7,40.0,0.0,0.8,0.6,17.4,8.8,4.2,3.6,7.2,3.6,0.6,2.4,10.6,14.4,2019,2,2
11,35,1,3,-10,20.0,40.0,1.4,1.4,14.6,11.2,3.2,3.8,6.6,4.0,2.0,1.6,12.8,14.8,2019,2,0
30,21,1,0,-7,60.0,20.0,1.8,0.8,14.6,7.8,5.4,3.2,6.6,3.2,1.0,1.6,10.2,14.4,2019,2,2
16,19,0,1,7,40.0,60.0,1.0,2.2,13.4,12.6,4.8,6.2,6.6,4.0,1.2,1.2,9.2,19.2,2019,3,0
18,0,3,1,-5,80.0,0.0,2.6,1.2,16.2,9.6,5.8,3.2,8.2,4.8,1.2,2.4,5.6,12.0,2019,3,2
33,17,1,1,9,60.0,80.0,1.8,2.2,14.4,12.0,6.6,6.0,6.6,6.6,1.4,0.6,10.4,9.0,2019,4,1
11,18,0,2,7,20.0,40.0,1.4,1.6,13.4,12.6,3.4,4.4,4.4,8.0,2.4,1.4,12.8,6.8,2019,6,0
6,7,1,3,8,20.0,20.0,0.6,1.0,11.4,8.8,2.4,3.4,4.6,3.6,0.8,1.4,9.0,14.2,2019,9,0
10,33,1,1,-2,40.0,40.0,0.8,0.8,15.0,9.2,3.6,2.6,7.4,3.6,0.6,1.6,11.4,14.8,2019,9,1
12,19,0,3,16,40.0,80.0,1.4,2.0,15.4,12.4,5.8,6.4,5.8,3.4,1.4,0.8,11.6,19.4,2019,9,0
13,0,1,2,10,0.0,0.0,0.4,1.0,11.0,8.6,3.2,2.8,5.4,4.4,2.0,2.6,11.8,13.8,2019,9,0
17,4,3,0,-8,80.0,0.0,3.4,0.2,19.2,11.8,8.2,3.8,8.6,5.6,1.2,3.0,6.8,11.4,2019,9,2
26,8,1,2,-1,40.0,20.0,1.6,0.8,10.4,11.8,4.8,2.6,4.2,4.4,1.8,1.6,13.0,19.0,2019,9,0
31,11,1,0,6,20.0,40.0,1.2,1.6,11.8,10.4,5.2,3.8,3.0,5.0,1.4,1.4,10.8,11.2,2019,9,2
18,9,6,0,-4,80.0,60.0,2.6,1.0,16.8,11.2,7.0,3.8,7.4,4.4,1.2,1.6,5.6,9.0,2019,10,2
30,16,3,1,-6,60.0,40.0,1.8,1.2,15.8,9.8,5.6,3.4,6.2,4.8,1.0,1.2,11.0,12.8,2019,10,2
35,21,1,1,8,60.0,20.0,1.8,0.6,12.2,7.8,5.0,2.6,3.8,3.4,1.4,1.6,13.0,14.8,2019,11,1
8,31,1,5,4,40.0,40.0,0.8,1.6,8.6,10.4,3.0,2.2,5.0,3.6,1.6,1.2,13.0,19.2,2019,22,0
33,12,3,1,-5,40.0,0.0,1.4,0.6,13.6,8.6,4.8,2.8,5.0,2.6,1.4,2.4,10.8,14.6,2019,22,2
4,35,1,1,-6,60.0,60.0,2.2,1.8,13.8,9.8,5.6,3.8,4.2,3.0,1.4,1.4,10.2,14.0,2019,23,1
7,30,2,1,4,60.0,80.0,1.4,3.0,13.6,12.4,3.8,5.0,3.6,4.8,1.4,1.4,12.0,12.2,2019,23,2
16,10,1,4,-2,20.0,40.0,0.6,2.2,15.4,10.8,5.4,3.4,7.2,4.8,1.4,2.0,9.6,14.6,2019,23,0
21,13,2,0,-6,40.0,0.0,1.2,0.2,11.4,8.8,3.0,2.2,3.8,3.8,1.0,2.0,10.8,14.0,2019,23,2
0,26,2,0,-11,100.0,40.0,2.4,1.2,13.6,9.8,5.2,3.2,5.0,3.2,0.6,0.8,10.8,16.8,2019,24,2
19,17,0,0,-2,80.0,60.0,3.0,1.8,19.0,10.6,8.6,4.8,7.2,5.8,1.2,0.6,8.0,9.6,2019,24,1
8,11,0,3,10,20.0,40.0,0.8,1.4,9.0,10.4,3.4,4.2,4.2,5.0,2.6,1.0,13.0,10.0,2019,26,0
13,35,1,0,-2,0.0,40.0,0.6,1.6,11.0,9.2,3.4,3.0,4.4,3.4,2.2,1.4,12.0,13.6,2019,26,2
16,6,2,1,-6,20.0,0.0,0.8,1.0,18.6,11.8,5.8,4.2,7.6,4.6,1.8,2.2,9.6,17.0,2019,26,2
21,7,2,0,3,60.0,40.0,1.4,1.6,14.8,9.8,4.6,4.4,5.4,3.6,0.6,1.4,8.8,14.4,2019,26,2
0,4,5,1,-6,100.0,0.0,2.6,0.2,13.2,11.6,5.6,3.6,4.8,6.0,0.6,3.2,11.6,13.6,2019,27,2
9,30,2,0,2,60.0,80.0,1.8,2.8,15.0,13.6,5.8,5.0,7.2,5.0,0.4,1.0,8.4,9.8,2019,27,2
10,19,1,3,9,20.0,100.0,0.8,2.4,18.4,14.2,4.4,7.4,8.6,3.8,0.8,0.2,10.2,15.2,2019,27,0
17,31,5,0,-10,80.0,40.0,3.4,2.2,16.0,10.6,7.8,2.6,7.6,3.4,1.0,1.4,8.0,18.6,2019,27,2
18,33,1,0,-12,80.0,20.0,3.2,0.6,17.2,9.2,7.8,2.8,6.6,3.6,1.0,1.8,6.2,16.6,2019,27,2
26,12,2,0,-1,20.0,0.0,1.2,0.6,10.8,8.2,4.8,3.0,5.0,2.0,1.8,2.2,11.6,14.8,2019,27,2
4,18,0,1,11,60.0,60.0,2.4,2.0,14.2,12.8,5.8,4.4,4.8,6.6,0.8,1.0,10.2,6.0,2019,2,0
6,13,1,0,-1,20.0,0.0,0.6,0.2,13.4,8.2,3.2,2.4,5.6,3.6,1.0,2.2,8.8,17.0,2019,2,2
7,10,1,3,-4,60.0,60.0,1.6,2.6,12.8,10.6,3.8,3.6,4.6,4.8,1.6,1.6,12.6,17.4,2019,2,0
19,26,3,2,-15,60.0,40.0,2.2,1.2,16.2,9.4,7.0,3.8,5.8,2.6,1.0,1.0,7.4,16.6,2019,2,2
30,0,1,1,-3,60.0,20.0,1.4,1.0,16.2,7.8,5.2,2.8,6.0,3.4,1.2,2.2,12.2,14.4,2019,2,1
33,21,2,0,3,40.0,0.0,1.4,0.6,15.2,8.0,5.0,2.2,6.4,3.4,1.2,1.8,10.8,16.2,2019,2,2
35,8,2,0,0,40.0,40.0,1.6,0.8,14.8,11.0,5.6,2.6,5.4,4.8,1.6,1.2,12.2,18.4,2019,2,2
11,17,0,0,4,20.0,40.0,1.0,1.0,11.8,10.0,2.6,4.2,4.2,6.0,2.4,0.6,12.8,9.2,2019,3,1
12,9,1,2,13,40.0,40.0,1.4,0.6,15.2,11.6,5.6,4.0,5.6,4.6,1.6,2.6,13.4,10.8,2019,3,0
31,16,2,1,5,40.0,40.0,1.2,1.4,11.0,11.4,4.2,4.8,4.0,5.8,1.0,1.6,9.6,13.6,2019,3,2
8,33,2,0,5,20.0,0.0,0.6,0.2,8.4,6.4,2.8,2.0,4.0,3.0,2.2,1.8,12.0,18.4,2019,9,2
10,6,1,2,-4,20.0,0.0,1.0,1.2,15.6,12.0,3.8,4.6,7.2,4.8,1.4,2.4,11.0,18.0,2019,9,0
13,4,0,2,4,20.0,0.0,0.6,0.4,10.8,11.4,3.0,3.8,3.4,6.0,1.6,3.2,10.8,14.8,2019,9,0
16,12,3,1,-9,20.0,0.0,0.8,0.6,20.4,10.2,5.4,3.4,7.8,2.8,1.8,2.6,10.4,15.8,2019,9,2
18,31,3,1,-13,100.0,40.0,3.0,1.6,17.4,9.4,8.2,2.6,6.4,3.8,0.4,1.8,5.6,17.4,2019,9,2
21,11,3,2,2,80.0,40.0,1.8,1.0,15.4,10.2,5.2,3.8,5.0,4.4,0.6,0.8,10.4,9.0,2019,9,2
26,30,2,1,14,40.0,60.0,1.4,2.4,11.4,14.0,4.6,4.6,5.6,4.4,1.4,1.4,11.2,9.8,2019,9,2
0,19,2,0,4,100.0,100.0,3.0,2.0,14.4,13.4,5.6,6.4,6.4,3.6,0.6,0.2,12.8,16.8,2019,10,2
9,35,1,1,-13,60.0,40.0,1.8,1.4,15.6,7.8,5.0,2.0,7.4,4.4,0.4,1.4,7.4,14.4,2019,10,1
17,7,4,2,-3,80.0,40.0,3.6,1.4,16.6,10.8,8.2,4.4,6.8,4.4,1.0,1.2,7.8,14.8,2019,10,2
4,21,2,2,2,40.0,0.0,2.0,0.6,11.4,10.2,5.2,2.2,3.6,4.2,1.0,1.4,12.8,15.0,2019,16,1
7,16,1,2,-2,60.0,20.0,1.6,1.4,14.2,12.6,3.8,4.6,5.2,5.8,1.2,2.0,12.0,11.4,2019,16,0
33,13,4,3,-3,60.0,0.0,1.8,0.0,13.6,7.4,4.4,2.8,4.6,3.6,0.8,1.8,12.0,16.4,2019,16,2
11,9,2,0,3,20.0,40.0,0.6,0.6,11.2,13.6,2.6,4.6,4.4,4.6,1.2,2.6,11.4,11.2,2019,17,2
12,17,1,2,14,40.0,20.0,1.4,0.6,15.4,9.0,4.8,3.6,6.2,5.4,1.8,0.6,14.6,8.4,2019,17,0
6,26,0,1,-2,40.0,20.0,0.6,1.0,13.6,8.0,3.4,3.2,6.0,3.6,0.8,1.4,8.6,16.6,2019,30,0
7,35,2,0,-11,40.0,20.0,1.4,1.0,13.4,6.0,3.2,1.4,6.0,3.0,1.6,1.4,11.6,16.8,2019,30,2
10,13,2,0,-5,20.0,0.0,1.2,0.6,17.8,8.6,4.4,2.8,8.2,4.6,1.6,2.4,9.4,16.8,2019,30,2
12,18,0,2,17,20.0,80.0,1.4,2.0,14.0,15.2,4.2,5.0,5.6,8.0,2.2,0.6,16.0,4.0,2019,30,0
16,4,2,0,-3,40.0,20.0,1.4,0.6,20.8,11.6,5.6,4.2,7.0,6.0,1.8,2.4,9.2,14.2,2019,30,2
19,31,2,1,-12,60.0,20.0,2.2,1.4,16.2,6.6,6.2,2.4,6.6,2.6,1.2,2.2,6.6,18.2,2019,30,2
33,11,0,2,5,80.0,40.0,2.2,1.4,14.2,9.0,4.2,3.6,5.4,3.6,1.0,1.2,12.4,10.6,2019,30,0
8,9,1,2,13,40.0,20.0,1.0,0.4,10.4,14.4,3.6,4.8,4.4,4.6,1.6,3.0,11.2,13.4,2019,31,0
17,30,2,1,1,80.0,40.0,3.4,1.4,18.2,13.8,7.2,4.0,7.2,6.2,1.2,1.4,6.8,10.2,2019,31,2
0,21,2,0,-4,100.0,0.0,2.6,0.8,14.0,11.0,4.4,2.6,5.8,4.2,0.4,1.6,13.8,14.6,2019,1,2
31,12,4,1,-4,40.0,0.0,1.0,0.6,8.8,9.6,3.6,3.2,3.2,3.2,0.8,2.4,10.4,16.2,2019,2,2
35,19,2,1,16,60.0,80.0,2.0,1.6,15.2,13.0,5.8,5.8,6.6,3.6,1.2,0.6,11.6,16.8,2019,2,2
9,6,3,0,-10,60.0,20.0,2.0,1.6,16.6,10.8,5.2,4.2,8.2,3.8,0.4,2.2,6.2,18.2,2019,3,2
18,8,2,0,-17,100.0,40.0,3.2,0.8,19.4,11.6,9.2,2.6,7.8,6.2,0.4,1.6,4.6,14.8,2019,3,2
30,10,2,0,-8,60.0,60.0,1.4,2.6,16.2,11.6,5.2,3.8,5.4,5.8,0.8,1.4,11.8,17.2,2019,3,2
26,17,1,3,13,60.0,40.0,1.6,0.8,12.8,10.8,4.6,3.8,5.2,7.2,1.0,0.4,11.6,8.0,2019,5,0
4,7,1,3,5,40.0,20.0,1.8,1.4,8.4,8.2,3.4,3.2,4.0,4.6,0.8,1.8,13.0,17.6,2019,6,0
13,16,1,4,7,20.0,20.0,0.4,1.6,10.6,12.8,2.8,4.6,3.6,5.4,1.6,2.2,9.2,10.6,2019,6,0
21,10,0,1,-1,100.0,40.0,2.4,2.2,16.4,9.2,6.0,3.2,6.4,4.2,0.6,1.8,8.6,20.6,2019,6,0
11,0,1,0,2,40.0,20.0,1.0,1.0,10.8,8.2,3.8,2.8,3.8,2.4,1.0,2.2,13.0,14.0,2019,7,2
9,33,2,0,-8,80.0,0.0,2.6,0.2,16.6,6.0,4.8,1.6,8.2,3.0,0.4,1.8,5.6,18.2,2019,8,2
16,21,0,1,-1,60.0,0.0,1.6,0.6,19.8,9.8,5.2,2.4,6.2,3.6,1.4,1.6,9.2,14.0,2019,12,0
6,4,0,5,3,20.0,20.0,0.4,0.6,14.2,10.0,3.0,3.2,6.0,4.4,1.0,2.4,7.6,14.8,2019,13,0
7,8,2,0,-11,40.0,20.0,1.4,0.6,12.2,10.0,3.4,2.2,5.8,6.2,1.4,2.0,10.8,17.0,2019,13,2
12,11,2,0,10,20.0,60.0,1.2,1.6,12.6,11.0,3.4,5.0,4.2,4.2,2.2,0.8,18.0,9.0,2019,13,2
19,33,2,1,-11,60.0,0.0,1.8,0.2,15.6,6.0,5.6,1.8,6.4,3.2,1.2,1.8,9.2,19.4,2019,13,2
26,35,3,1,-1,40.0,20.0,1.4,1.0,12.8,7.0,4.0,1.6,5.2,3.8,1.4,1.2,13.6,13.0,2019,13,2
30,13,4,0,-13,80.0,0.0,1.8,0.6,17.2,8.8,5.0,3.4,5.6,3.6,0.6,2.8,10.2,20.0,2019,13,2
10,18,1,3,10,40.0,80.0,1.4,1.8,18.6,17.2,4.2,5.2,7.8,8.6,1.2,0.4,9.2,4.0,2019,14,0
17,9,2,0,-1,80.0,40.0,3.0,0.8,17.2,16.0,6.0,5.2,7.6,4.8,0.8,2.8,7.2,12.4,2019,14,2
31,0,0,1,8,60.0,20.0,1.6,0.8,9.8,8.0,4.6,2.8,3.8,3.0,0.6,1.4,11.8,15.6,2019,15,0
6,8,0,2,-3,20.0,20.0,0.4,0.6,14.4,11.0,3.2,2.4,6.4,5.0,1.8,1.8,8.4,16.6,2019,16,0
4,12,0,1,-6,20.0,0.0,1.6,0.6,8.4,10.6,3.0,3.8,4.2,2.8,1.4,2.8,13.4,17.0,2019,20,0
13,31,1,2,2,20.0,20.0,0.6,1.4,11.6,8.8,3.2,3.8,5.0,2.6,1.8,2.2,10.4,16.4,2019,20,0
18,30,1,0,-2,100.0,20.0,3.0,1.0,20.0,13.4,9.6,3.6,6.8,6.2,0.4,1.8,4.8,11.8,2019,20,2
21,26,3,1,-7,80.0,40.0,1.8,1.2,16.8,8.4,5.8,3.2,6.8,4.2,0.8,1.4,7.4,16.0,2019,20,2
33,16,2,2,4,60.0,40.0,2.0,1.8,12.6,13.2,3.8,5.2,4.8,4.6,1.4,1.6,13.6,10.2,2019,20,1
35,6,0,0,3,80.0,20.0,2.4,1.2,15.2,8.8,6.0,3.2,6.6,3.0,1.0,2.4,11.8,19.0,2019,20,1
0,10,2,3,-5,100.0,60.0,2.6,1.8,12.8,8.0,4.2,2.8,6.0,4.4,0.4,1.0,11.8,20.4,2019,21,0
8,17,0,2,14,40.0,40.0,1.2,1.2,11.4,12.2,4.2,4.2,4.2,6.8,2.0,0.6,12.6,8.8,2019,21,0
11,19,4,0,6,40.0,60.0,0.8,1.6,12.4,14.0,4.4,5.0,4.6,3.8,1.0,1.0,11.2,14.4,2019,21,2
9,7,2,2,-2,80.0,40.0,2.6,2.0,17.8,8.2,5.0,3.2,8.0,4.4,0.2,2.0,5.6,17.8,2019,22,1
30,6,1,0,-12,80.0,20.0,2.2,1.0,18.2,8.4,5.4,2.6,4.6,2.2,0.4,2.0,9.8,19.4,2019,23,2
31,26,1,1,-3,60.0,20.0,1.4,1.0,9.6,9.8,4.2,3.2,4.4,5.8,0.6,1.8,14.0,14.4,2019,23,1
19,18,0,2,1,60.0,80.0,1.8,1.8,14.4,18.8,5.4,5.6,5.8,9.6,1.2,0.6,11.4,4.4,2019,24,0
35,0,3,1,12,60.0,40.0,1.6,1.0,17.2,9.6,5.6,3.6,8.4,3.2,0.4,1.2,9.6,15.6,2019,24,2
17,13,5,0,-12,100.0,0.0,3.2,0.6,18.2,9.2,6.8,3.2,8.0,3.6,0.6,2.6,7.4,19.8,2019,26,2
6,21,1,1,5,20.0,20.0,0.4,0.8,13.0,10.4,2.8,3.0,6.0,3.6,2.2,1.4,9.4,12.2,2019,27,1
10,11,0,0,3,20.0,40.0,1.2,1.4,16.6,10.6,3.6,4.2,6.0,4.0,1.8,1.2,11.6,9.4,2019,27,1
12,8,1,0,0,20.0,40.0,0.8,0.8,10.2,9.2,3.0,2.6,3.6,4.4,1.8,1.4,16.6,16.4,2019,27,2
26,4,3,3,5,60.0,40.0,1.8,1.6,12.8,11.0,4.4,4.2,5.4,3.2,1.4,2.0,14.0,14.0,2019,27,1
30,33,0,1,-10,80.0,0.0,2.2,0.4,19.8,8.8,5.6,2.6,4.6,5.2,0.4,1.6,9.4,18.2,2019,27,0
31,35,1,2,-4,60.0,0.0,1.6,0.6,10.8,8.8,4.2,1.2,4.8,5.4,0.8,1.6,13.4,13.0,2019,27,0
7,18,0,1,6,60.0,100.0,1.6,2.0,12.0,18.0,3.6,5.8,6.6,8.2,1.2,0.2,11.6,5.6,2019,28,0
16,0,3,0,3,60.0,40.0,1.6,1.0,18.8,11.0,5.0,3.4,5.2,3.8,1.4,1.2,9.4,14.0,2019,28,2
19,9,1,1,-3,60.0,40.0,1.4,0.8,11.2,15.0,3.8,4.4,3.8,3.8,1.2,2.4,11.8,13.0,2019,28,1
11,7,2,0,1,60.0,40.0,1.4,2.0,12.8,8.2,5.2,3.0,6.0,4.0,0.4,2.0,11.0,16.6,2019,3,2
4,30,1,0,9,0.0,0.0,0.8,0.6,9.0,12.6,2.6,3.4,4.2,5.0,1.6,1.8,14.6,12.4,2019,4,2
8,10,2,3,7,20.0,80.0,0.8,2.2,10.4,8.2,3.6,3.6,4.0,3.4,2.4,1.2,14.2,20.2,2019,4,0
21,17,2,3,6,80.0,60.0,2.0,1.4,18.6,13.4,6.6,4.2,7.4,7.8,0.8,0.4,8.0,7.6,2019,4,0
33,26,3,0,-4,60.0,20.0,2.2,1.0,12.2,9.4,4.0,3.2,5.6,6.2,1.6,1.8,13.6,14.4,2019,4,2
35,12,1,0,0,60.0,20.0,1.6,0.8,15.4,12.4,4.4,4.8,8.4,4.0,0.6,2.4,11.0,16.6,2019,4,2
0,6,1,1,-9,80.0,20.0,2.6,0.6,12.2,6.6,4.4,1.6,6.8,2.6,0.8,1.4,11.2,20.4,2019,5,1
9,31,3,0,-9,60.0,40.0,2.0,1.8,17.6,10.0,5.4,5.0,7.8,3.0,0.6,2.4,5.8,14.8,2019,5,2
13,19,1,1,14,20.0,40.0,0.8,1.4,12.2,13.4,3.4,4.0,4.8,3.8,2.0,1.8,10.6,14.0,2019,5,1
18,16,1,0,-8,100.0,40.0,2.6,2.0,19.2,14.4,8.0,5.8,6.8,6.0,0.2,1.8,6.0,10.4,2019,6,2
6,18,1,4,14,20.0,100.0,0.4,1.8,11.6,20.0,2.0,6.4,5.6,8.2,1.8,0.2,9.4,5.2,2019,12,0
7,0,1,3,1,40.0,20.0,1.2,0.6,10.4,10.4,2.8,2.8,5.2,5.0,1.2,1.6,13.2,15.8,2019,12,0
10,4,5,3,-1,20.0,40.0,1.0,2.2,13.2,10.4,2.6,4.8,5.0,2.8,1.6,2.0,14.8,14.4,2019,12,2
12,21,0,4,8,40.0,20.0,1.0,0.8,8.8,10.4,2.8,2.6,4.6,4.2,1.2,1.4,16.2,9.6,2019,12,0
16,9,0,0,4,80.0,40.0,2.0,1.0,18.2,15.8,6.4,4.2,5.2,4.6,0.6,1.4,9.2,11.4,2019,12,1
17,35,2,0,-14,100.0,20.0,3.6,0.8,18.4,9.0,6.4,1.6,7.2,4.8,0.6,1.6,6.0,13.0,2019,12,2
19,8,0,2,-16,60.0,20.0,1.6,0.4,11.4,10.6,4.2,3.6,4.4,4.6,1.4,1.4,13.6,15.2,2019,12,0
26,13,1,1,1,60.0,0.0,2.2,0.6,14.4,9.6,4.4,3.2,5.6,4.4,1.6,3.2,14.6,18.2,2019,12,1
30,11,2,2,-5,60.0,40.0,1.6,1.4,20.2,13.2,5.4,4.0,4.6,5.6,0.4,1.0,8.6,9.6,2019,12,1
31,33,1,4,1,40.0,20.0,1.6,0.4,11.4,10.8,4.0,3.2,4.0,5.8,1.2,1.4,13.8,16.0,2019,12,0
17,22,4,1,-16,100.0,20.0,3.0,0.2,17.2,10.0,5.4,2.6,6.8,4.2,0.6,1.2,6.4,12.4,2019,9,2
33,18,0,5,9,60.0,100.0,2.2,2.4,11.4,19.4,3.8,6.8,3.6,6.6,1.4,0.4,14.2,6.4,2019,10,0
7,26,3,0,-1,40.0,20.0,1.2,1.0,9.6,9.6,3.0,2.6,4.4,6.8,1.2,2.0,14.6,15.4,2019,10,2
10,11,0,0,4,40.0,20.0,1.8,1.2,13.2,14.2,3.8,5.0,4.8,5.6,1.6,1.4,15.4,10.6,2019,10,1
31,6,0,3,-6,20.0,20.0,1.4,0.6,13.6,5.8,4.6,2.0,5.2,1.6,1.8,1.2,14.2,20.6,2019,10,0
30,1,3,1,-14,60.0,0.0,1.8,0.4,20.4,6.6,5.4,1.6,5.4,3.6,0.6,2.6,10.2,15.8,2019,10,2
16,35,0,0,2,60.0,20.0,1.6,0.8,16.2,9.0,6.4,2.0,5.2,4.0,0.4,1.8,9.0,12.6,2019,11,1
21,0,0,1,8,60.0,40.0,2.0,1.0,15.6,12.0,5.6,3.2,5.4,5.2,1.4,1.6,9.6,16.6,2019,11,0
19,9,4,0,3,40.0,20.0,1.0,0.6,13.4,14.6,5.0,3.6,4.8,4.8,1.4,1.2,15.0,10.8,2019,11,2
0,7,2,1,-10,60.0,20.0,2.4,1.4,13.8,7.4,5.2,2.2,8.8,3.6,1.0,2.2,11.4,17.4,2019,17,2
1,4,1,2,4,0.0,40.0,0.6,2.6,10.0,11.0,2.8,5.4,4.2,2.8,2.4,2.0,13.6,14.6,2019,17,0
6,33,1,1,7,0.0,40.0,0.4,1.2,10.2,13.6,1.6,4.8,4.8,5.8,2.6,1.4,12.2,15.4,2019,17,1
11,31,1,0,-3,80.0,20.0,1.8,0.8,16.0,10.6,6.2,4.2,6.6,3.6,0.0,2.8,9.0,15.6,2019,17,2
22,21,3,1,5,40.0,40.0,1.4,1.6,12.6,9.6,4.0,3.4,5.8,4.0,1.6,1.0,12.6,10.8,2019,17,2
26,17,1,2,14,40.0,80.0,2.0,2.0,13.6,14.2,4.2,4.8,5.0,7.0,1.8,0.8,13.8,9.2,2019,17,0
18,30,2,2,-3,100.0,0.0,1.6,0.4,20.0,11.4,7.2,3.2,8.6,5.0,0.2,1.6,5.0,14.4,2019,17,1
9,16,1,1,-6,60.0,40.0,2.2,1.8,19.2,11.8,7.0,4.4,8.6,4.2,0.6,1.4,7.0,11.8,2019,18,1
35,19,1,1,1,80.0,20.0,1.6,1.0,14.8,15.0,4.4,4.0,7.2,4.4,0.4,2.0,10.4,12.4,2019,19,1
1,11,2,0,10,0.0,20.0,0.8,0.8,12.2,14.8,3.8,5.0,5.2,5.6,2.4,0.8,12.2,8.0,2019,23,2
22,9,2,3,15,60.0,20.0,2.0,0.6,14.6,15.0,5.6,4.0,6.6,5.0,1.8,1.6,11.6,10.0,2019,24,0
6,26,0,2,1,0.0,20.0,0.6,0.6,10.6,10.6,2.2,2.6,5.2,6.8,2.6,2.0,12.2,14.2,2019,24,0
19,10,1,2,-6,40.0,60.0,1.4,1.4,14.0,10.2,5.0,4.0,4.8,3.6,1.2,1.4,14.6,17.8,2019,24,0
31,33,1,3,1,0.0,40.0,0.6,1.4,12.8,13.4,3.8,5.0,5.0,6.0,2.2,1.2,11.8,15.4,2019,24,0
17,0,3,1,-3,100.0,60.0,3.0,1.2,15.6,12.2,5.8,3.2,7.6,4.6,0.4,1.4,8.2,13.8,2019,24,2
4,18,1,3,13,20.0,100.0,1.0,3.0,13.6,17.4,3.8,7.2,5.0,4.6,1.4,0.4,11.8,6.4,2019,25,0
30,21,0,1,-9,60.0,40.0,2.0,1.4,21.4,9.2,4.8,3.2,6.6,3.8,0.8,1.2,10.6,11.8,2019,25,0
35,7,1,1,-8,60.0,20.0,1.4,1.6,13.4,8.6,3.6,2.8,6.6,3.6,0.6,2.2,9.8,18.2,2019,25,1
26,19,1,1,10,20.0,0.0,1.8,0.6,14.0,14.2,4.0,3.6,5.8,4.4,2.0,2.0,13.6,10.2,2019,31,1
10,1,1,0,-6,40.0,0.0,1.6,0.6,11.4,7.6,3.6,2.2,4.4,3.4,1.2,2.4,16.6,17.6,2019,31,2
16,4,3,1,-5,40.0,40.0,1.0,2.6,15.6,11.8,5.0,5.2,6.4,2.8,0.2,2.2,9.4,17.4,2019,31,2
18,6,4,0,-16,80.0,20.0,1.8,0.8,22.0,6.0,7.8,2.0,8.8,2.0,0.6,1.0,5.2,19.8,2019,31,2
21,31,1,1,2,40.0,20.0,1.6,0.8,15.0,11.2,5.4,4.0,5.6,4.2,1.6,2.0,8.8,14.2,2019,31,1
33,22,2,0,-8,40.0,20.0,1.8,0.4,10.4,10.8,3.6,3.0,3.6,4.6,2.4,1.8,13.6,13.4,2019,31,2
7,17,0,3,13,60.0,100.0,1.6,2.4,9.0,15.2,3.4,5.4,3.0,7.4,0.8,1.0,15.0,10.6,2019,31,0
11,35,3,2,1,100.0,20.0,2.0,0.6,17.0,10.2,6.0,2.2,6.8,4.6,0.0,1.6,8.6,11.2,2019,1,2
0,30,2,2,1,60.0,0.0,1.8,0.8,13.8,10.2,5.8,3.6,9.0,5.0,1.0,1.6,12.4,18.2,2019,1,1
17,21,3,1,-11,100.0,60.0,3.2,1.6,17.8,10.2,6.2,3.6,6.8,4.6,0.4,0.8,7.8,13.8,2019,14,2
6,7,1,1,2,0.0,20.0,0.6,1.4,11.4,10.6,2.6,3.2,6.0,3.6,2.0,1.6,11.8,17.0,2019,14,1
19,16,1,0,-3,20.0,40.0,1.2,1.8,15.6,11.6,4.8,4.2,5.8,4.4,1.4,1.2,12.0,12.4,2019,14,2
30,10,4,0,-8,40.0,80.0,1.2,1.8,20.4,10.2,4.2,4.4,7.0,3.4,1.0,1.2,10.8,17.0,2019,14,2
35,9,2,5,4,40.0,20.0,1.2,0.8,15.0,15.4,3.6,5.0,6.8,5.2,0.6,1.8,8.8,9.6,2019,14,0
22,18,3,2,17,40.0,100.0,1.8,3.0,13.2,17.2,5.4,7.0,5.6,3.8,2.0,0.4,13.6,7.0,2019,14,2
4,11,3,1,6,20.0,0.0,0.8,0.4,13.6,13.8,4.6,3.4,4.6,5.0,1.6,1.2,13.2,8.8,2019,15,2
31,0,2,2,6,0.0,40.0,0.8,1.2,15.2,10.2,3.8,2.6,5.4,4.6,2.6,2.0,11.2,16.6,2019,15,1
1,33,0,0,8,20.0,60.0,1.2,2.0,10.6,14.8,3.6,6.6,3.8,6.6,1.6,1.0,12.4,16.8,2019,16,1
26,4,1,3,2,20.0,40.0,1.8,2.8,13.8,11.8,4.2,5.2,4.8,3.6,1.6,2.4,14.4,16.4,2019,20,0
16,30,2,1,5,40.0,0.0,1.2,1.0,14.6,9.6,5.2,4.4,6.0,4.2,0.4,1.6,9.4,21.0,2019,21,2
7,22,2,0,-3,40.0,0.0,1.2,0.2,9.4,11.0,3.6,3.4,4.0,4.4,1.4,2.2,16.4,15.0,2019,21,2
18,31,8,0,-10,80.0,20.0,2.0,0.8,21.2,13.4,7.2,4.4,8.6,5.0,0.4,1.6,6.0,13.0,2019,21,2
21,6,0,0,-4,20.0,20.0,1.2,0.8,13.8,6.6,5.0,2.2,5.2,2.0,1.4,1.2,10.0,19.4,2019,21,1
10,35,1,1,5,40.0,20.0,1.4,1.0,12.0,10.2,3.6,3.0,6.0,5.0,1.2,1.8,15.6,13.2,2019,22,1
33,19,2,0,4,40.0,0.0,1.4,0.8,10.8,15.6,4.2,4.4,4.2,4.6,1.8,1.8,12.2,9.4,2019,22,2
0,1,3,2,-13,40.0,0.0,1.8,0.6,16.2,7.2,6.8,2.2,10.2,2.6,1.4,2.4,12.2,20.0,2019,22,2
9,17,1,2,1,40.0,100.0,2.0,2.6,16.8,15.0,7.0,5.6,6.0,6.2,1.0,0.8,10.0,10.6,2019,22,0
1,7,2,2,3,20.0,0.0,1.0,1.0,11.4,9.8,4.4,2.8,3.6,3.6,1.2,1.6,12.6,17.8,2019,28,1
4,33,2,2,4,40.0,60.0,1.2,1.8,14.2,13.8,5.4,6.0,5.4,5.2,1.2,0.6,13.8,16.0,2019,28,1
9,6,2,0,-14,20.0,20.0,1.8,0.8,16.2,8.8,6.0,2.8,5.8,2.4,1.4,1.2,9.4,17.2,2019,28,2
10,22,2,0,-6,40.0,0.0,1.4,0.2,13.2,10.6,3.8,3.0,6.8,4.2,0.8,2.4,14.4,15.0,2019,28,2
30,26,2,1,-12,40.0,40.0,1.8,0.8,17.2,10.6,4.2,3.8,6.6,5.8,1.0,1.4,11.8,14.2,2019,28,2
35,31,2,0,-4,40.0,20.0,1.6,0.6,12.8,10.4,3.4,3.6,5.4,4.8,1.6,2.8,10.8,17.0,2019,28,2
11,18,1,3,7,80.0,80.0,2.0,3.0,15.6,20.6,5.0,7.6,8.2,6.8,0.8,1.0,6.0,6.0,2019,28,0
16,21,5,0,-4,60.0,40.0,1.6,1.6,15.4,9.6,5.6,2.8,7.2,4.2,0.4,1.4,9.4,15.6,2019,29,2
19,0,1,1,1,40.0,40.0,1.4,1.4,15.2,10.0,5.6,3.2,6.2,3.8,1.0,1.8,12.2,20.6,2019,30,1
6,30,3,0,13,0.0,0.0,0.8,1.0,11.4,9.6,3.2,4.8,5.6,4.0,1.8,1.6,11.2,21.4,2019,5,2
7,11,1,0,7,40.0,0.0,1.2,0.6,9.2,15.0,3.4,4.2,3.8,5.8,1.4,1.4,15.8,9.0,2019,5,2
17,16,2,1,-7,100.0,20.0,3.4,1.0,19.0,9.8,6.6,3.0,7.0,5.2,0.6,1.2,8.2,12.4,2019,5,2
22,1,1,5,0,60.0,0.0,2.4,1.0,10.8,8.6,4.8,3.8,3.4,2.8,1.8,2.8,17.0,21.6,2019,5,0
33,10,1,2,-2,60.0,60.0,1.8,1.6,11.8,11.8,5.2,5.4,4.0,3.2,1.4,2.0,10.6,16.0,2019,5,0
0,4,1,0,-9,40.0,40.0,2.0,2.4,19.0,10.2,7.2,4.4,10.8,4.4,1.8,2.6,14.4,19.8,2019,6,2
18,35,0,2,-6,80.0,20.0,3.2,1.0,21.4,9.6,7.2,3.4,8.2,4.6,0.4,1.4,6.2,13.2,2019,6,0
26,9,1,4,13,0.0,40.0,1.4,1.8,16.2,17.2,4.2,5.6,4.8,5.8,2.0,1.8,12.2,8.8,2019,6,0
21,19,1,0,7,20.0,0.0,1.2,0.6,12.4,13.8,4.8,4.2,4.4,5.0,1.2,1.8,12.6,9.2,2019,6,2
11,33,2,0,-2,60.0,40.0,1.4,2.0,15.0,14.0,5.0,5.8,7.2,5.0,1.4,1.0,8.6,15.8,2019,19,2
1,6,2,1,1,20.0,20.0,1.0,0.8,11.4,9.2,3.6,2.8,3.8,2.2,0.8,1.4,11.2,16.2,2019,19,2
4,22,0,0,-4,40.0,0.0,1.6,0.2,13.8,10.2,5.4,3.0,6.0,4.6,1.4,2.6,13.8,15.2,2019,19,1
9,21,1,0,-10,40.0,40.0,1.8,1.4,16.6,8.4,6.2,2.6,4.8,3.4,1.0,2.2,9.8,16.4,2019,19,2
16,7,2,1,-6,60.0,0.0,2.0,1.0,13.2,10.6,4.2,2.8,7.4,4.0,0.4,1.6,8.8,16.6,2019,19,2
30,31,1,1,-7,60.0,0.0,2.2,0.2,16.2,11.0,4.2,3.4,7.4,5.6,1.0,3.0,11.4,15.6,2019,19,1
35,26,1,1,-9,40.0,40.0,1.4,0.8,11.8,11.8,3.2,4.2,4.6,6.2,1.4,1.6,11.4,13.0,2019,19,1
10,18,0,2,11,60.0,80.0,1.8,3.4,14.6,19.6,4.4,8.0,6.8,6.0,0.8,1.2,12.0,8.0,2019,19,0
19,17,1,1,4,40.0,100.0,1.4,2.2,17.0,12.6,5.4,4.8,6.6,5.0,1.0,0.8,11.0,12.0,2019,20,1
26,16,0,9,7,0.0,20.0,1.0,0.8,13.8,8.0,3.4,2.2,3.6,4.8,2.2,1.2,13.0,13.8,2019,25,0
18,1,3,0,-17,60.0,20.0,3.0,1.6,22.0,11.6,6.8,5.8,9.2,3.2,0.8,2.4,5.6,22.2,2019,26,2
6,11,3,2,9,20.0,0.0,1.2,0.6,13.0,12.8,4.0,4.0,5.0,5.6,1.6,1.6,11.0,9.2,2019,26,2
31,4,0,0,-3,0.0,40.0,0.8,1.8,18.0,10.4,4.6,3.8,6.8,4.8,2.4,2.2,11.2,17.8,2019,26,1
7,9,2,4,12,60.0,60.0,1.4,2.4,10.6,16.6,4.0,6.4,5.2,5.4,1.2,1.8,13.0,9.4,2019,26,0
21,35,1,1,6,20.0,20.0,0.8,1.0,11.8,8.8,4.0,3.0,4.4,3.8,1.0,1.2,12.0,14.8,2019,27,1
0,10,2,2,-7,60.0,60.0,1.8,1.4,19.0,10.0,6.6,4.8,12.0,3.0,1.2,1.8,13.2,15.4,2019,27,1
17,30,2,1,-2,100.0,0.0,2.8,1.0,18.4,9.2,6.8,4.6,7.0,4.0,0.8,2.0,7.6,21.8,2019,27,2
22,19,1,3,12,60.0,0.0,2.6,0.6,13.4,14.8,5.4,4.6,5.2,5.8,2.6,1.2,18.4,8.6,2019,27,0
4,19,1,0,8,20.0,20.0,1.4,1.0,12.0,14.4,4.6,5.4,5.2,6.4,1.4,1.2,13.6,9.2,2019,2,2
0,35,1,1,-2,60.0,20.0,2.0,1.2,18.0,10.0,6.2,3.6,11.2,4.8,1.4,1.0,13.0,14.8,2019,2,1
1,17,1,2,16,40.0,80.0,1.4,1.8,15.8,12.4,5.2,4.8,5.2,4.6,1.0,0.6,13.4,10.6,2019,2,0
6,22,2,0,-1,40.0,0.0,1.6,0.2,13.4,10.2,4.4,2.8,4.6,3.8,1.2,2.0,9.0,14.4,2019,2,2
18,26,2,1,-15,60.0,40.0,3.4,1.0,23.2,12.4,7.6,5.0,9.6,5.4,0.8,1.2,6.4,10.4,2019,2,2
25,7,3,0,3,40.0,0.0,0.6,1.2,12.0,12.2,2.8,3.4,8.0,4.6,0.8,1.6,10.4,16.4,2019,2,2
33,21,2,3,-3,40.0,20.0,1.2,0.6,10.4,6.8,5.0,1.4,4.8,2.4,1.6,2.4,9.6,16.4,2019,2,0
31,9,1,2,8,0.0,80.0,0.6,3.2,16.0,17.0,3.6,7.0,6.4,5.6,1.6,2.2,11.0,10.2,2019,2,0
10,16,0,2,3,40.0,40.0,0.8,2.6,12.6,11.6,3.2,4.8,6.2,6.2,0.6,1.0,13.0,11.2,2019,3,0
11,30,1,1,4,60.0,0.0,1.4,1.2,14.8,9.2,5.8,4.4,7.8,3.4,1.4,2.2,9.2,22.0,2019,3,1
22,31,0,2,7,40.0,0.0,2.0,0.4,11.8,9.4,4.8,3.2,4.4,4.8,2.8,2.6,20.2,14.2,2019,8,0
9,10,2,0,-9,40.0,40.0,1.4,1.2,16.0,7.8,6.0,4.2,5.8,3.0,1.0,1.8,7.8,14.8,2019,9,2
7,33,3,0,5,60.0,20.0,1.6,1.2,10.4,12.4,4.0,4.8,5.4,5.0,1.4,1.2,12.8,16.2,2019,9,2
21,4,2,1,-1,20.0,40.0,0.6,1.2,11.6,10.2,3.0,3.2,4.6,6.0,0.6,1.2,12.4,15.8,2019,9,2
26,11,1,2,8,0.0,0.0,0.8,0.6,13.0,11.4,3.4,3.4,3.2,5.8,3.8,1.8,16.0,8.6,2019,9,0
30,25,1,1,-14,60.0,20.0,2.0,1.2,16.4,7.4,4.0,2.6,8.2,4.4,0.8,0.8,9.4,12.4,2019,9,1
16,0,2,0,4,80.0,20.0,2.4,1.0,15.2,9.2,4.2,3.4,8.4,5.4,0.6,1.4,8.6,17.8,2019,9,2
19,6,3,1,-11,40.0,20.0,1.6,0.8,13.2,11.0,3.8,2.8,5.0,2.6,0.8,1.6,10.4,17.0,2019,10,2
35,1,2,1,-11,20.0,20.0,1.4,1.6,8.8,12.8,2.2,6.4,3.4,3.8,1.6,2.2,13.0,24.0,2019,10,2
17,18,3,1,1,100.0,80.0,2.8,3.0,20.0,19.8,8.4,8.2,7.8,6.4,1.0,1.0,8.4,8.2,2019,10,2
33,30,2,3,6,40.0,0.0,1.6,1.0,12.6,9.4,5.6,4.4,6.0,3.4,1.2,2.0,9.2,17.4,2019,23,0
0,26,2,2,-11,40.0,40.0,1.8,1.2,16.8,10.8,5.2,5.0,10.8,4.0,1.4,1.0,14.4,13.6,2019,23,1
4,35,1,2,7,40.0,20.0,1.4,1.4,11.8,13.4,5.2,4.8,5.4,6.0,1.2,1.2,15.0,13.8,2019,23,0
6,16,0,2,8,60.0,60.0,1.8,2.8,14.4,12.0,4.6,5.2,4.6,6.4,1.0,0.8,8.8,10.8,2019,23,0
10,17,1,2,10,40.0,80.0,0.8,1.8,13.8,14.4,3.4,4.8,6.0,4.8,1.0,0.6,13.8,8.8,2019,23,0
11,22,0,2,-10,40.0,0.0,1.4,0.0,13.8,9.2,6.0,1.8,8.0,4.0,1.6,1.6,8.4,15.6,2019,23,0
31,7,0,3,-4,0.0,0.0,0.8,1.0,16.2,9.8,3.6,2.4,5.6,4.4,1.4,1.8,13.2,15.8,2019,23,0
18,9,2,1,-2,80.0,100.0,3.4,3.6,22.4,16.6,6.4,7.6,10.4,5.8,0.6,1.6,6.4,10.4,2019,23,2
25,19,3,3,12,40.0,20.0,1.0,0.8,11.6,15.6,3.4,5.8,7.8,7.2,0.8,1.2,10.4,10.4,2019,24,1
1,21,2,0,5,40.0,40.0,1.4,1.0,12.4,7.2,4.2,2.6,3.6,2.0,1.0,2.2,16.0,16.6,2019,25,2
21,18,2,2,12,40.0,60.0,1.0,2.2,13.8,20.6,4.4,7.0,4.6,8.8,0.6,1.6,14.0,9.6,2019,30,1
7,10,0,2,3,60.0,40.0,1.6,1.2,11.2,7.2,5.6,3.6,7.2,2.2,1.4,2.0,12.0,16.4,2019,30,0
9,33,0,1,-7,60.0,20.0,1.6,1.0,17.8,12.2,6.0,5.0,6.4,4.6,0.8,1.6,6.0,15.8,2019,30,0
17,6,2,1,-15,100.0,0.0,2.6,0.4,19.4,11.2,8.0,2.6,6.4,2.6,1.0,2.2,9.6,19.0,2019,30,2
30,4,3,2,-10,40.0,20.0,1.6,1.0,13.6,11.0,3.6,3.0,6.2,5.8,0.8,1.4,10.8,15.4,2019,30,2
26,31,2,1,5,0.0,20.0,0.8,0.8,11.0,10.2,3.4,3.2,3.2,4.2,3.8,2.4,17.8,15.2,2019,30,2
22,0,2,2,13,20.0,0.0,1.4,0.8,12.2,9.2,4.2,3.2,5.0,5.6,3.0,1.8,20.6,19.8,2019,1,1
35,25,1,1,-11,40.0,20.0,1.6,1.2,11.0,8.6,2.8,2.8,3.8,4.4,1.6,0.8,13.8,13.2,2019,1,1
16,11,2,1,1,100.0,20.0,2.8,1.0,16.0,14.2,5.4,3.8,7.0,7.2,0.6,2.0,8.6,8.2,2019,1,2
19,1,2,2,-12,40.0,20.0,1.4,1.6,15.2,14.0,5.0,6.4,5.4,4.4,1.0,2.0,8.0,21.2,2019,1,1
10,4,1,0,-2,20.0,20.0,0.8,1.2,12.6,13.4,3.6,3.8,5.2,6.4,1.4,1.4,14.2,15.8,2019,3,2
7,18,1,4,14,60.0,40.0,1.6,2.0,12.8,21.6,6.0,7.8,7.0,9.8,1.2,1.8,10.4,8.8,2019,3,0
9,1,2,1,-15,60.0,20.0,1.2,2.0,19.0,13.8,6.2,6.6,7.6,5.8,0.6,2.2,5.4,20.0,2019,4,2
16,31,2,0,-2,100.0,20.0,2.6,0.8,16.6,8.8,5.6,3.2,7.0,4.6,0.6,2.6,9.2,14.8,2019,4,2
19,30,2,1,2,40.0,20.0,1.6,1.2,14.0,9.8,5.6,3.8,5.6,3.6,1.0,2.0,8.8,14.4,2019,4,2
26,22,2,1,-2,20.0,20.0,1.0,0.4,11.2,10.2,4.2,2.2,4.0,5.0,3.8,1.2,14.8,15.6,2019,4,2
35,33,2,0,-3,40.0,20.0,1.6,0.6,10.2,10.0,3.0,3.8,4.4,3.8,1.6,1.4,13.0,15.0,2019,4,2
17,11,5,2,-6,100.0,20.0,2.4,1.2,17.4,14.0,8.4,4.2,6.0,6.8,1.0,2.0,10.2,10.0,2019,4,2
25,21,0,2,5,40.0,20.0,1.4,0.8,12.4,7.8,4.4,3.0,7.6,2.0,1.0,2.6,10.6,16.6,2019,5,0
0,6,1,2,-12,40.0,0.0,1.8,0.6,14.0,12.4,4.6,3.2,9.8,3.4,1.4,1.8,16.0,19.0,2019,5,0
11,9,3,1,5,20.0,80.0,0.8,3.2,14.4,14.2,6.2,6.4,8.0,4.6,1.6,1.6,9.4,12.2,2019,7,2
4,17,0,3,12,40.0,80.0,1.4,1.6,11.6,13.8,4.2,4.2,5.6,5.6,1.0,0.8,14.6,10.6,2019,7,0
30,7,5,0,-11,60.0,20.0,2.2,1.4,13.2,9.4,4.2,2.6,5.8,4.8,1.0,1.6,13.2,15.4,2019,7,2
31,10,0,0,-1,0.0,40.0,0.6,1.2,14.6,7.6,3.8,3.4,5.4,3.2,1.4,1.8,12.2,15.0,2019,7,1
18,19,1,2,-5,80.0,20.0,3.0,1.2,22.4,13.6,6.0,5.2,10.4,7.2,0.8,1.6,7.4,10.8,2019,7,0
1,16,1,4,9,40.0,60.0,1.4,2.8,14.4,13.8,5.2,6.6,5.8,7.0,1.0,0.6,15.8,10.6,2019,8,0
21,26,2,1,-3,40.0,20.0,1.2,1.2,12.4,12.6,4.0,5.4,3.6,4.6,0.8,1.4,16.2,13.6,2019,8,2
22,25,1,2,0,20.0,20.0,1.4,1.0,14.0,8.8,4.8,3.2,6.2,4.0,2.8,0.6,19.2,13.2,2019,8,0
6,35,2,2,10,60.0,40.0,1.8,1.4,13.4,15.2,4.0,5.2,4.2,6.4,1.0,0.8,10.2,12.6,2019,8,1
33,0,1,3,5,20.0,0.0,1.6,1.0,11.2,10.6,4.8,4.0,5.0,7.2,1.8,1.6,10.6,17.8,2019,9,0
17,31,2,0,-9,100.0,20.0,2.8,0.8,15.4,8.6,7.6,2.6,5.0,4.2,1.2,1.4,11.0,11.6,2019,14,2
7,21,1,0,2,40.0,40.0,1.4,1.0,11.0,7.4,5.2,3.6,6.2,2.0,2.0,2.0,11.6,15.0,2019,14,2
9,4,0,1,-11,80.0,0.0,1.4,0.6,21.4,13.4,7.6,3.8,8.2,7.2,0.4,1.4,6.0,12.2,2019,14,0
16,22,1,1,-9,100.0,20.0,2.6,0.6,15.8,10.0,5.4,2.4,6.8,4.6,0.4,1.2,7.8,15.8,2019,14,1
25,1,2,0,0,40.0,20.0,1.4,1.8,11.6,12.8,4.8,5.4,6.8,6.0,1.2,2.0,9.6,20.8,2019,14,2
26,33,0,1,6,40.0,20.0,1.2,0.6,9.0,8.6,4.0,4.2,4.4,3.8,3.4,1.8,15.6,15.6,2019,14,0
19,11,1,1,-2,40.0,20.0,1.8,1.4,14.4,13.6,6.0,4.0,5.8,6.6,1.2,2.4,8.6,9.6,2019,15,1
35,30,1,2,3,60.0,20.0,1.6,1.2,10.6,9.2,3.6,4.0,4.0,3.8,0.6,2.0,11.2,13.6,2019,15,0
0,18,0,3,4,20.0,60.0,1.4,2.4,12.2,20.0,4.4,7.8,9.8,7.8,1.4,1.4,17.2,8.2,2019,15,0
10,6,1,1,-5,40.0,20.0,0.8,1.0,11.4,13.2,3.2,4.4,5.2,4.6,1.2,2.0,12.6,19.2,2019,16,1
11,0,0,0,3,40.0,20.0,1.4,1.2,13.8,10.6,7.0,3.8,5.8,7.6,1.4,1.4,12.0,13.8,2019,21,1
1,26,1,3,2,40.0,0.0,1.6,1.2,15.4,14.2,4.6,4.8,7.0,5.8,1.8,1.8,17.8,12.6,2019,21,0
4,7,0,1,-1,20.0,20.0,0.8,1.2,9.6,9.4,3.0,2.6,4.4,3.8,1.4,2.4,16.0,15.2,2019,21,0
6,25,0,1,-1,60.0,20.0,2.0,1.0,13.2,10.2,3.8,3.6,4.2,3.6,1.2,0.8,11.4,12.8,2019,21,0
21,10,1,0,1,60.0,40.0,1.6,1.2,12.6,6.0,4.4,2.2,3.2,3.0,1.0,1.0,16.8,15.0,2019,21,2
22,35,1,2,11,0.0,40.0,1.0,1.6,15.4,15.0,5.0,5.4,7.4,5.8,2.8,1.0,16.0,12.6,2019,21,0
18,16,3,1,-8,60.0,80.0,1.6,3.6,21.2,16.6,4.8,7.6,12.6,6.2,1.2,0.6,8.6,11.6,2019,21,2
31,19,2,0,5,0.0,40.0,0.2,1.6,11.0,14.0,3.0,6.0,5.2,6.4,1.0,1.4,10.8,13.6,2019,22,2
30,9,0,2,1,60.0,60.0,2.4,2.4,13.2,14.2,4.6,6.0,5.2,4.6,1.0,1.8,12.4,12.6,2019,22,0
30,6,2,1,-13,40.0,20.0,2.0,1.2,12.4,14.6,4.0,6.2,4.6,5.6,1.2,1.8,12.2,16.6,2019,26,2
1,22,1,0,0,40.0,20.0,1.4,0.8,16.0,10.0,5.2,2.4,7.0,4.4,2.0,1.0,19.2,16.4,2019,26,2
4,0,1,1,9,20.0,20.0,0.4,1.0,7.6,9.8,2.0,3.2,4.0,7.0,1.2,1.2,13.0,12.4,2019,26,1
9,26,0,2,-13,60.0,20.0,1.0,1.6,20.2,14.8,6.6,5.2,9.0,5.6,0.6,1.6,6.6,14.6,2019,26,0
10,33,2,1,2,20.0,40.0,0.6,0.4,10.6,7.4,3.4,3.8,4.8,4.2,1.4,1.4,13.6,15.2,2019,26,2
11,7,1,0,-7,40.0,40.0,1.2,1.0,13.2,7.8,5.4,2.2,5.8,4.2,0.8,2.0,9.2,12.6,2019,26,2
25,31,1,1,7,60.0,20.0,1.8,0.8,10.6,7.4,5.0,2.0,6.2,3.6,1.0,1.4,8.0,13.6,2019,26,1
19,21,4,1,-7,40.0,40.0,1.8,1.0,16.0,8.6,6.8,3.6,5.4,2.6,1.2,1.2,8.2,13.8,2019,26,2
16,17,0,4,7,80.0,80.0,1.8,1.8,16.8,16.8,5.4,5.4,7.4,5.4,0.6,0.6,9.2,8.6,2019,26,0
35,18,3,2,6,40.0,60.0,1.4,2.4,13.0,18.8,4.2,7.4,6.0,8.0,1.0,1.2,10.2,7.0,2019,27,2
6,4,2,0,3,40.0,20.0,1.4,0.8,11.6,13.6,3.0,3.8,4.2,7.0,1.4,1.2,11.2,13.4,2019,28,2
21,11,1,2,5,60.0,20.0,1.6,1.6,11.8,13.0,4.6,4.2,3.2,5.8,1.0,2.4,17.6,12.6,2019,28,0
26,10,1,1,4,40.0,20.0,1.0,0.8,9.2,7.8,3.8,2.2,4.8,3.6,2.8,1.0,15.2,14.8,2019,28,1
31,1,3,0,-7,20.0,0.0,0.6,0.8,11.6,10.0,3.2,3.0,4.4,5.2,1.0,2.2,12.4,18.0,2019,28,2
22,30,2,2,14,0.0,40.0,1.0,1.6,13.8,9.4,5.4,4.4,6.0,3.4,2.2,1.6,14.4,13.8,2019,28,1
33,16,1,2,1,0.0,80.0,1.4,3.6,11.8,17.2,4.4,7.8,5.2,5.2,2.4,0.8,10.8,12.6,2019,28,0
7,19,0,2,9,40.0,40.0,1.4,1.6,10.6,15.0,5.4,7.0,5.6,6.2,2.0,1.6,11.2,13.4,2019,28,0
0,9,1,2,2,0.0,60.0,1.2,2.0,11.0,14.2,4.2,5.2,7.6,4.8,2.0,1.6,18.0,11.6,2019,29,0
17,35,1,0,-5,100.0,40.0,2.8,1.6,15.0,16.4,7.2,5.8,5.4,7.8,1.0,1.2,12.2,11.6,2019,29,2
18,25,2,0,-17,80.0,40.0,2.2,1.2,22.2,9.8,6.8,3.4,12.0,2.8,1.0,0.8,8.2,13.0,2019,29,2
6,9,1,1,14,40.0,60.0,1.2,1.6,13.2,13.6,3.4,4.6,6.0,4.2,1.0,1.4,11.2,10.4,2020,1,1
7,1,1,2,-3,40.0,0.0,1.0,0.8,9.6,10.0,4.6,2.4,5.6,4.4,1.6,2.2,10.8,17.0,2020,1,0
21,16,0,3,4,60.0,80.0,1.6,2.2,13.2,14.8,5.2,6.4,3.6,4.8,1.2,1.0,19.4,14.2,2020,1,0
26,30,1,0,12,40.0,40.0,1.2,1.8,10.8,10.2,4.2,5.0,6.8,4.0,1.2,1.6,11.2,10.6,2020,1,2
31,35,2,1,4,40.0,40.0,1.2,1.4,14.2,15.8,3.8,5.2,4.6,7.8,1.0,1.2,11.6,11.0,2020,1,2
18,11,2,1,-7,80.0,40.0,2.0,1.6,20.4,15.4,5.8,4.8,11.0,6.4,1.0,2.0,7.6,15.0,2020,1,2
22,10,1,1,6,0.0,20.0,1.2,0.6,12.8,6.8,5.2,1.8,6.6,3.4,2.0,0.8,13.2,14.6,2020,1,1
33,4,4,0,-4,0.0,20.0,1.4,0.8,12.8,12.6,4.4,3.2,5.8,5.4,2.4,1.6,12.0,15.2,2020,1,2
0,19,2,0,-1,0.0,40.0,1.0,1.4,9.4,13.6,3.4,5.8,5.6,5.0,2.0,1.4,18.6,13.0,2020,1,2
17,25,2,0,-16,100.0,40.0,2.6,1.0,12.8,9.4,5.2,2.6,4.8,3.0,0.8,1.0,12.0,13.8,2020,2,2
25,33,1,0,8,40.0,40.0,1.8,0.6,12.2,7.8,5.4,3.4,6.6,5.0,1.2,1.4,7.2,14.0,2020,10,2
10,0,1,1,7,40.0,20.0,1.0,1.2,11.8,11.4,3.8,3.0,6.0,5.2,1.2,1.2,11.4,13.2,2020,11,1
9,7,3,0,-12,40.0,40.0,0.8,0.8,19.0,6.4,5.6,1.4,8.4,3.8,1.0,1.8,6.6,13.0,2020,11,2
11,6,1,0,-9,40.0,20.0,1.0,1.2,13.6,12.8,4.4,6.2,5.6,5.0,0.8,1.8,8.8,14.0,2020,11,2
16,26,1,2,-7,60.0,40.0,1.4,1.8,13.6,13.0,4.8,4.8,6.0,5.2,1.2,1.4,9.6,15.8,2020,11,0
19,22,4,0,-12,60.0,20.0,2.4,0.8,19.0,11.2,8.4,3.4,5.8,4.6,1.2,1.2,7.6,16.4,2020,11,2
35,21,1,1,-6,60.0,40.0,1.8,1.2,16.2,9.0,5.6,4.0,6.4,2.6,1.2,1.8,8.8,15.0,2020,11,1
30,17,0,1,2,60.0,80.0,2.2,2.4,12.2,16.6,4.6,5.8,4.2,6.0,1.2,0.6,13.0,6.8,2020,11,0
4,31,0,3,3,20.0,20.0,0.6,0.8,7.8,7.0,2.4,2.0,4.4,3.4,1.4,1.4,14.4,14.4,2020,12,0
1,18,1,6,17,40.0,40.0,1.2,2.4,13.4,16.0,4.0,6.0,6.6,6.6,1.8,1.8,18.4,9.6,2020,12,0
31,30,0,0,7,60.0,40.0,1.4,1.6,13.6,11.6,3.8,5.6,5.2,5.4,0.8,1.6,11.6,11.6,2020,18,1
0,25,1,1,-13,20.0,40.0,1.2,0.8,9.4,7.2,3.4,2.2,4.2,3.0,1.8,1.2,15.6,14.2,2020,18,1
6,1,1,1,-1,20.0,20.0,1.0,1.0,12.2,9.6,3.4,2.8,5.4,4.6,1.2,2.0,13.0,17.6,2020,18,1
18,10,2,2,-11,80.0,20.0,2.0,0.8,18.4,8.6,6.4,2.2,8.2,4.4,1.0,0.6,8.4,13.0,2020,18,1
22,4,1,0,4,0.0,20.0,1.4,0.6,12.4,10.0,5.0,3.0,5.0,5.0,1.8,2.0,13.2,14.0,2020,18,2
26,35,2,3,9,60.0,40.0,1.2,1.4,12.4,14.0,4.2,4.4,7.0,7.4,0.8,1.4,8.6,10.8,2020,18,0
33,11,1,1,2,20.0,20.0,2.0,1.4,13.2,12.0,5.0,4.2,5.6,5.8,2.2,2.2,10.6,17.4,2020,18,1
21,9,1,0,10,40.0,40.0,1.2,1.4,10.2,13.6,3.8,3.6,3.4,3.6,1.6,1.4,19.6,11.2,2020,18,2
7,16,2,1,6,20.0,80.0,0.6,2.4,10.8,15.4,2.4,7.4,5.0,4.6,2.0,1.0,11.6,12.8,2020,19,2
17,19,2,0,-4,100.0,40.0,2.4,1.4,14.2,12.6,5.6,5.8,5.6,3.8,0.6,1.6,9.0,12.6,2020,19,2
1,31,2,1,7,40.0,20.0,1.2,1.0,13.8,8.2,3.8,2.8,6.6,3.6,2.6,1.4,17.8,13.0,2020,21,2
4,6,3,1,-3,0.0,20.0,0.4,1.0,7.4,13.4,1.4,6.2,4.6,5.2,2.0,1.4,15.0,12.6,2020,21,2
10,26,0,2,-4,40.0,60.0,1.2,2.0,10.6,15.6,3.8,6.2,5.2,6.0,1.0,1.2,10.0,11.6,2020,21,0
11,21,2,2,-5,60.0,20.0,1.0,0.8,15.0,7.6,5.0,2.4,5.4,2.4,0.6,1.6,9.8,13.6,2020,21,1
25,18,0,1,17,40.0,60.0,1.4,3.4,12.2,16.8,4.8,7.8,6.6,4.8,1.2,1.4,7.4,8.6,2020,21,0
9,0,2,2,-2,40.0,20.0,1.0,1.4,18.0,11.2,6.2,3.6,9.0,5.2,1.0,1.0,7.4,10.6,2020,21,1
16,33,4,1,-1,40.0,40.0,1.2,0.6,10.8,7.8,4.4,3.0,5.4,4.8,1.6,1.0,11.2,13.8,2020,22,2
30,22,2,1,-14,60.0,20.0,2.0,0.8,11.6,11.4,4.4,4.0,4.2,4.4,1.2,1.6,12.8,14.8,2020,22,2
19,7,0,2,-9,60.0,40.0,2.6,0.8,17.4,6.6,7.4,1.8,5.6,3.2,1.0,1.8,8.0,14.0,2020,22,0
35,17,1,2,5,40.0,100.0,1.6,2.4,14.6,17.2,5.4,6.4,6.2,6.4,1.2,0.4,7.2,8.2,2020,23,0
33,17,0,2,8,20.0,100.0,1.8,2.4,12.4,14.8,5.0,6.4,5.6,5.2,1.8,0.4,10.4,9.2,2020,29,0
16,9,2,2,6,40.0,40.0,1.6,1.2,11.4,15.2,4.8,4.0,6.0,5.2,1.6,1.2,10.2,9.6,2020,1,1
4,1,2,1,-4,20.0,20.0,0.8,0.8,7.8,9.4,1.6,2.8,4.6,3.6,1.8,1.8,15.8,16.4,2020,1,2
10,25,0,1,-6,40.0,40.0,1.0,0.8,8.6,7.8,2.6,2.2,3.4,3.6,1.0,1.2,10.6,13.8,2020,1,0
17,26,4,0,-14,100.0,80.0,2.4,2.0,14.4,14.4,5.2,6.2,7.0,6.0,0.4,0.8,8.4,10.4,2020,1,2
21,22,0,0,-5,60.0,0.0,1.0,0.6,10.4,11.2,3.6,3.4,3.4,3.6,1.2,2.0,18.6,14.0,2020,1,1
31,11,2,3,3,60.0,20.0,1.4,1.4,13.6,12.0,3.4,4.2,4.4,6.2,0.2,2.0,12.8,16.6,2020,1,0
33,6,3,3,-7,20.0,20.0,1.4,1.0,11.6,15.2,5.0,6.8,5.6,5.8,1.6,1.6,10.0,11.8,2020,1,1
19,35,0,0,-1,60.0,40.0,2.2,1.6,19.0,12.2,7.6,3.8,4.8,6.2,1.0,1.6,7.2,11.2,2020,1,1
7,0,0,0,10,40.0,20.0,1.0,1.4,9.4,8.4,2.6,2.6,4.8,3.8,1.8,1.0,13.8,11.4,2020,2,1
30,18,2,0,3,60.0,80.0,1.8,3.2,11.4,15.6,4.0,7.0,4.8,5.4,1.0,1.0,11.2,8.2,2020,2,2
11,10,3,1,-4,60.0,0.0,1.4,0.8,14.8,8.2,5.2,2.4,5.2,3.6,0.6,1.0,8.8,15.0,2020,8,2
6,31,1,1,6,20.0,20.0,1.2,1.0,12.8,8.6,3.8,2.6,4.8,2.8,1.0,1.4,10.8,14.0,2020,8,1
25,4,2,1,4,40.0,20.0,0.8,0.2,10.6,7.2,3.4,2.4,6.4,4.4,0.8,1.6,8.8,14.2,2020,9,2
35,16,0,0,-2,40.0,60.0,1.6,2.2,14.0,15.2,5.4,7.2,5.2,4.2,1.4,1.4,8.0,13.0,2020,14,1
26,7,1,2,1,40.0,40.0,1.2,0.6,12.4,5.4,4.0,1.2,6.0,2.6,1.2,1.8,9.0,15.8,2020,15,0
22,17,0,1,16,20.0,100.0,1.2,2.4,12.6,15.0,4.4,6.6,4.4,5.0,1.4,0.2,11.2,7.4,2020,15,0
1,30,2,3,14,40.0,20.0,1.2,1.0,13.6,12.0,3.2,5.4,5.6,4.6,2.8,1.2,17.2,12.4,2020,16,0
0,21,4,0,-8,20.0,20.0,1.0,1.2,9.2,7.0,3.2,1.8,3.8,2.0,1.6,1.6,13.8,13.6,2020,16,2
9,19,0,2,-3,40.0,40.0,1.4,0.8,18.0,12.2,6.6,5.6,10.6,4.2,1.2,1.4,6.8,13.4,2020,17,0
18,33,2,0,-9,60.0,20.0,2.0,0.6,20.4,8.0,6.8,2.6,9.4,5.8,1.2,1.8,7.2,13.8,2020,19,2
9,30,2,1,-1,20.0,40.0,1.0,1.4,16.4,15.0,5.0,6.4,10.6,5.4,1.4,1.2,6.8,13.6,2020,22,2
7,4,3,0,1,40.0,20.0,0.8,0.4,11.6,8.0,2.6,2.2,5.2,3.4,1.0,1.8,13.0,16.0,2020,22,2
10,21,1,0,-1,20.0,0.0,0.8,0.8,9.8,7.8,2.8,1.4,4.0,3.0,1.2,2.4,11.4,14.0,2020,22,2
25,6,1,1,1,60.0,0.0,1.2,1.2,11.2,15.0,3.4,6.2,6.4,5.2,0.6,2.0,9.6,11.8,2020,22,1
26,1,2,0,-2,20.0,20.0,1.0,0.8,11.6,11.2,3.4,3.2,5.6,4.2,1.4,1.8,8.8,14.6,2020,22,2
16,18,0,1,8,20.0,60.0,1.6,2.4,11.8,15.8,4.4,6.4,5.4,5.4,2.0,1.2,10.8,8.0,2020,22,0
19,31,3,0,-5,40.0,20.0,1.8,1.2,19.6,8.8,7.2,2.8,4.8,2.8,0.8,1.2,8.4,13.6,2020,23,2
35,22,3,0,-11,20.0,0.0,1.2,0.4,14.4,13.0,4.6,3.6,5.6,5.8,1.4,1.6,8.6,14.2,2020,23,2
0,11,3,2,-3,40.0,40.0,1.6,1.6,9.8,12.0,3.6,4.4,3.0,5.8,1.2,1.4,11.8,16.6,2020,23,2
17,33,3,2,-8,100.0,20.0,2.2,0.6,15.4,7.4,6.0,2.0,7.2,5.2,0.0,1.8,9.4,15.2,2020,24,2
22,16,1,0,9,20.0,40.0,1.0,1.4,10.8,12.4,3.8,6.2,3.0,3.2,1.2,1.2,12.8,13.0,2020,28,2
6,10,0,1,5,20.0,0.0,1.0,1.0,12.2,9.6,3.4,2.8,4.8,4.4,0.8,1.6,9.2,15.2,2020,29,0
4,9,2,2,11,40.0,40.0,1.2,1.4,10.4,13.6,2.8,3.8,4.6,5.4,1.4,1.0,15.2,9.8,2020,29,1
21,7,0,0,-2,40.0,60.0,0.6,1.0,11.0,5.8,3.4,2.2,4.4,3.0,1.0,1.0,18.6,15.2,2020,29,1
33,26,3,1,-6,20.0,80.0,1.8,1.8,11.8,14.0,5.4,6.2,5.6,5.8,1.6,1.2,11.8,11.2,2020,29,2
31,17,3,0,9,60.0,100.0,1.8,2.0,13.2,14.2,3.2,6.0,4.0,5.8,0.8,0.2,14.6,7.8,2020,29,2
11,19,1,1,2,60.0,40.0,1.4,0.8,15.0,11.8,5.4,4.8,5.8,5.2,0.6,1.2,7.8,12.4,2020,1,1
30,35,2,3,-3,60.0,40.0,1.2,1.2,9.4,12.4,3.2,3.4,5.0,6.6,1.0,1.2,13.4,11.6,2020,1,0
17,4,2,1,-12,100.0,0.0,2.4,0.2,17.2,8.2,6.2,2.6,9.2,3.2,0.4,2.4,9.2,15.6,2020,7,2
0,33,1,0,-5,60.0,0.0,2.2,0.8,10.4,6.6,4.2,2.0,3.6,5.2,1.0,2.4,12.4,18.0,2020,7,2
10,31,1,0,1,40.0,20.0,0.8,1.2,11.2,8.6,3.8,2.8,4.8,3.2,1.0,1.4,10.0,14.6,2020,7,2
25,22,1,0,0,40.0,0.0,1.0,0.2,12.6,12.2,3.4,3.8,8.2,5.2,0.8,2.0,9.6,14.4,2020,7,2
26,21,0,1,3,40.0,0.0,1.4,0.8,15.0,7.6,4.8,1.8,6.4,3.4,1.2,2.4,7.4,16.2,2020,7,0
35,6,0,0,-10,40.0,0.0,1.6,1.2,14.6,13.6,4.8,4.6,4.2,4.2,1.0,2.0,8.0,12.4,2020,7,1
7,30,1,1,11,40.0,20.0,1.2,1.2,13.4,14.2,3.8,6.0,5.8,6.0,1.0,1.4,13.6,13.4,2020,7,1
9,11,4,0,-5,40.0,40.0,1.4,1.8,16.2,13.8,5.4,4.8,9.4,5.4,1.4,1.8,5.6,13.6,2020,8,2
19,18,2,0,5,60.0,60.0,2.2,2.0,19.0,16.6,7.4,6.4,4.2,6.2,0.6,1.2,8.2,8.8,2020,8,2
16,1,4,0,-9,20.0,20.0,1.4,0.8,10.2,10.4,4.0,3.4,3.6,5.0,2.0,1.8,12.4,18.8,2020,9,2
1,25,0,0,0,40.0,40.0,1.4,0.6,14.2,8.0,3.6,2.2,6.4,4.4,2.6,1.0,17.2,13.6,2020,17,1
18,0,3,0,-4,80.0,0.0,2.2,0.8,20.0,9.0,7.2,2.4,7.4,4.6,0.8,0.8,5.6,12.2,2020,17,2
22,26,0,3,2,40.0,60.0,1.0,1.4,10.4,12.6,3.6,5.0,3.6,6.6,0.8,1.6,13.8,10.2,2020,19,0
30,19,1,1,-2,60.0,40.0,1.6,1.0,11.0,11.2,4.0,4.2,5.2,5.8,1.2,1.0,13.6,13.4,2020,19,1
31,16,1,1,2,60.0,40.0,2.0,1.2,13.8,15.2,3.6,6.6,4.0,4.4,0.8,0.8,12.6,10.6,2020,20,1
6,0,2,1,12,20.0,0.0,1.0,0.8,15.2,8.4,4.6,2.0,5.6,4.2,0.8,1.4,10.2,14.4,2020,20,2
33,35,0,2,3,40.0,40.0,2.2,1.4,11.8,12.4,6.0,3.4,5.4,5.4,1.4,1.4,11.2,11.6,2020,20,0
4,10,0,2,2,40.0,20.0,1.6,1.2,11.6,8.8,3.8,2.6,4.6,4.8,1.6,1.4,19.4,18.4,2020,20,0
21,25,3,0,-5,20.0,20.0,0.4,0.4,13.6,7.6,3.6,2.0,5.8,4.6,1.0,1.0,17.0,14.6,2020,21,2
1,9,1,2,15,40.0,20.0,1.2,1.4,13.2,15.6,3.6,4.4,7.4,7.2,2.0,1.4,14.8,10.6,2020,21,0
11,17,0,0,6,60.0,80.0,1.6,1.2,16.4,12.6,6.4,5.0,7.4,5.2,0.8,0.8,9.4,10.0,2020,21,1
18,7,5,0,-14,80.0,40.0,2.2,0.8,19.4,7.0,7.2,2.2,7.2,3.4,0.6,1.0,5.2,18.8,2020,22,2
16,6,0,0,-8,40.0,0.0,2.2,1.0,12.6,12.8,5.4,3.8,5.0,3.8,1.2,1.6,10.2,12.4,2020,23,1
30,33,2,0,-6,40.0,0.0,1.4,0.6,10.8,7.4,3.6,2.8,4.8,5.4,1.2,2.2,13.8,17.2,2020,23,2
19,25,3,0,-12,60.0,20.0,1.8,0.4,17.0,7.4,6.6,2.2,3.6,4.4,0.4,1.2,8.2,13.8,2020,24,2
21,1,1,1,-5,40.0,20.0,0.8,0.8,12.0,9.0,4.2,3.2,5.2,4.4,0.6,2.0,14.0,17.8,2020,24,1
22,11,0,1,10,40.0,20.0,0.6,1.4,11.2,10.0,3.4,3.2,4.6,4.0,1.0,2.4,15.2,13.0,2020,24,0
35,4,1,0,-7,20.0,0.0,1.0,0.4,12.8,7.4,3.4,3.0,4.0,3.6,0.6,2.4,8.0,15.2,2020,24,2
17,10,4,0,-10,100.0,40.0,2.6,1.4,18.0,9.2,6.8,2.6,10.0,4.8,0.6,1.2,8.4,18.0,2020,24,2
7,31,1,0,4,40.0,20.0,1.4,1.0,16.0,9.6,5.2,3.2,5.4,4.6,0.8,1.4,13.4,13.4,2020,25,2
26,0,0,2,11,40.0,0.0,1.2,0.8,13.4,7.6,4.4,2.8,5.0,5.0,1.2,1.6,9.2,13.8,2020,25,0
9,18,2,1,2,60.0,60.0,2.2,1.6,17.6,16.6,7.0,6.2,9.0,8.2,1.0,1.0,5.2,7.2,2020,25,2
1,35,0,1,11,20.0,60.0,1.2,1.8,12.6,12.4,4.0,4.2,6.8,5.6,2.4,1.2,15.4,11.0,2020,27,0
31,26,1,3,-5,40.0,60.0,1.6,1.6,11.4,16.0,3.2,6.2,3.2,7.8,1.0,1.6,13.4,10.0,2020,28,0
10,7,0,1,-3,40.0,40.0,0.6,0.8,10.6,6.0,3.6,2.2,5.0,3.2,0.8,1.8,10.0,18.4,2020,29,0
6,19,0,3,11,20.0,20.0,1.0,0.8,13.8,10.8,4.4,4.4,5.8,6.2,1.0,1.2,10.8,13.8,2020,30,0
0,22,4,0,-13,80.0,0.0,2.2,0.2,10.8,11.4,4.2,3.6,4.4,4.6,0.6,2.0,12.6,14.2,2020,1,2
4,21,1,4,1,40.0,20.0,1.4,0.8,11.6,9.0,3.2,2.8,5.2,5.0,1.8,1.6,17.4,13.0,2020,1,0
11,16,2,1,-1,40.0,20.0,1.4,1.0,14.0,15.6,6.0,5.4,5.6,4.8,0.8,0.8,10.2,9.4,2020,1,2
33,9,3,2,7,20.0,20.0,1.4,1.4,10.4,16.8,5.0,4.6,4.6,8.6,1.8,1.4,12.6,10.8,2020,1,2
25,30,3,1,14,60.0,20.0,1.0,1.0,11.4,13.8,3.4,5.0,8.4,5.8,0.6,1.2,11.0,16.6,2020,2,2
18,17,4,0,-1,80.0,60.0,2.8,1.0,20.0,12.0,7.8,4.2,6.2,5.8,0.6,0.8,3.8,9.0,2020,2,2
22,6,0,1,1,40.0,0.0,0.4,1.0,10.0,13.0,2.8,3.8,5.4,4.6,1.0,1.4,15.2,11.8,2020,4,0
16,10,3,0,-3,40.0,40.0,2.0,1.2,13.8,7.4,4.8,2.0,5.8,3.8,0.8,1.8,9.0,19.2,2020,4,2
19,4,5,2,-8,60.0,0.0,1.6,0.4,17.4,7.6,6.6,2.6,4.8,4.0,0.4,1.8,7.4,14.4,2020,4,2
35,0,0,2,2,40.0,20.0,1.0,1.0,13.0,8.2,3.0,3.0,4.2,5.4,0.4,1.4,7.8,15.0,2020,4,0
9,31,3,0,-8,60.0,0.0,2.0,0.4,17.0,8.0,7.4,2.8,8.0,5.0,1.2,1.6,6.0,13.2,2020,4,2
7,25,1,1,-3,60.0,20.0,1.4,0.4,13.8,7.6,6.0,2.0,4.0,4.6,0.4,1.4,13.2,13.0,2020,5,1
21,33,2,2,3,40.0,0.0,1.0,0.6,13.6,8.0,4.4,2.8,5.6,5.6,0.2,2.4,13.4,17.6,2020,5,1
17,1,2,0,-16,100.0,0.0,3.0,0.6,18.4,9.6,6.8,2.4,9.6,5.4,0.6,2.0,8.4,16.4,2020,5,2
26,18,1,0,15,20.0,40.0,1.0,0.6,13.4,14.4,4.4,4.2,4.6,8.8,1.6,1.2,9.0,8.8,2020,5,2
30,11,1,0,-4,60.0,40.0,1.8,1.4,11.0,11.0,3.6,3.8,5.8,3.8,1.0,2.0,13.2,11.6,2020,6,2
10,9,2,3,9,40.0,20.0,0.4,1.6,12.8,17.0,3.8,4.8,6.6,8.6,0.8,1.8,10.2,9.6,2020,7,0
31,22,2,1,-7,20.0,0.0,1.4,0.2,11.2,11.4,2.6,3.4,3.4,4.6,1.4,2.0,12.4,14.2,2020,7,2
0,16,1,1,-4,80.0,0.0,2.6,0.6,11.4,15.2,5.0,4.0,5.4,4.8,0.6,1.2,12.2,9.8,2020,7,1
18,21,5,0,-12,80.0,40.0,3.2,1.4,19.6,10.4,7.6,4.0,6.2,5.2,0.4,1.6,4.6,13.6,2020,8,2
25,35,1,0,11,60.0,80.0,1.4,1.8,10.2,11.0,3.8,3.8,7.2,4.6,0.8,0.8,11.4,11.4,2020,8,2
33,7,0,1,-5,40.0,60.0,1.8,1.0,10.0,6.2,4.6,2.6,3.6,2.8,2.0,1.2,13.8,18.2,2020,8,0
6,17,1,3,15,20.0,40.0,0.8,0.6,12.2,11.6,3.8,3.6,5.6,5.6,1.4,1.4,10.0,9.8,2020,8,0
4,30,0,0,10,40.0,20.0,1.6,1.2,12.0,13.4,3.2,4.4,5.4,5.2,2.0,1.6,16.2,15.6,2020,9,1
11,26,1,1,-8,40.0,60.0,1.6,1.8,12.6,15.0,5.2,5.6,5.4,7.6,1.0,1.6,11.4,10.6,2020,9,1
1,19,0,3,12,20.0,40.0,1.0,1.4,13.4,11.2,4.0,4.8,6.8,6.4,1.4,0.8,12.8,13.4,2020,9,0
22,33,0,4,8,20.0,0.0,0.2,0.8,9.2,10.2,2.0,3.8,4.6,4.8,1.2,2.0,15.6,16.0,2020,11,0
31,21,2,1,-2,40.0,40.0,1.8,1.0,10.0,10.0,3.0,3.8,3.6,4.6,1.6,2.2,11.4,14.8,2020,11,2
17,7,1,1,-13,100.0,60.0,3.0,0.8,16.4,6.8,6.6,3.0,8.8,3.0,0.6,1.2,8.4,17.6,2020,11,1
25,9,3,0,15,80.0,40.0,1.6,2.2,10.8,16.0,4.2,5.2,7.4,8.4,0.6,2.0,9.0,10.8,2020,11,2
6,18,0,5,16,20.0,20.0,0.8,0.4,12.6,16.0,3.8,4.4,6.2,8.8,1.8,1.4,12.2,9.6,2020,11,0
35,11,3,0,-1,40.0,40.0,0.8,1.2,13.0,11.0,2.6,3.8,4.4,3.8,0.4,2.0,6.8,11.6,2020,12,2
1,10,2,0,6,0.0,40.0,0.6,0.8,12.0,7.8,3.2,1.6,6.2,4.8,1.8,2.0,14.0,17.2,2020,12,2
30,0,2,1,-1,60.0,40.0,1.6,1.0,10.6,9.4,3.4,3.6,5.4,5.4,0.8,1.0,13.0,13.2,2020,12,2
4,16,4,1,5,20.0,0.0,1.0,0.6,11.6,14.2,3.0,3.4,6.0,4.0,1.8,1.0,13.8,10.4,2020,12,2
19,26,2,2,-10,80.0,40.0,2.6,1.6,16.4,15.4,7.2,5.2,5.4,7.0,0.4,1.8,7.8,11.6,2020,13,1
9,22,1,0,-15,80.0,0.0,2.2,0.2,17.4,11.4,7.6,3.6,5.6,4.6,0.8,2.0,7.0,13.2,2020,14,2
7,35,1,1,8,40.0,60.0,1.2,1.2,14.0,10.6,5.8,3.2,3.8,4.2,0.4,0.6,11.6,10.6,2020,15,1
18,4,2,1,-13,100.0,0.0,3.8,0.8,19.2,7.8,8.2,2.6,5.0,3.6,0.0,2.6,4.8,15.0,2020,15,2
21,30,1,3,9,20.0,20.0,1.2,1.2,14.4,11.8,4.8,3.4,6.6,7.0,0.6,1.6,13.0,14.4,2020,15,0
0,17,2,1,3,80.0,40.0,2.6,0.8,11.4,12.8,5.6,4.2,6.6,6.2,0.6,1.6,12.4,10.8,2020,15,2
11,1,1,1,-10,40.0,0.0,1.4,0.4,11.4,9.8,4.4,2.4,4.8,5.6,0.8,2.2,13.2,15.6,2020,16,1
16,25,2,0,-9,40.0,20.0,1.8,0.4,13.0,7.2,4.0,1.8,5.0,5.4,0.6,1.4,9.2,12.6,2020,16,2
10,19,0,2,6,40.0,60.0,0.8,2.0,14.2,12.2,4.6,5.2,8.0,6.4,1.0,0.4,10.0,12.0,2020,16,0
26,6,1,1,-1,40.0,20.0,0.8,1.0,12.8,10.4,4.2,2.6,4.8,3.4,1.0,0.8,12.6,12.0,2020,16,1
33,31,3,1,-1,40.0,0.0,1.8,0.2,12.8,7.8,4.8,3.0,5.0,5.0,1.8,1.8,12.8,14.2,2020,17,2
22,7,0,2,3,20.0,40.0,0.2,0.6,10.4,6.2,2.2,2.2,4.4,3.6,1.8,1.2,16.0,20.2,2020,18,0
4,26,0,2,-2,20.0,40.0,1.4,2.0,10.4,13.8,2.6,5.4,6.2,6.0,1.8,1.4,12.8,10.0,2020,19,0
30,16,3,0,-5,60.0,0.0,1.6,0.8,13.0,15.0,4.6,3.8,6.2,5.2,1.0,1.8,12.0,9.4,2020,19,2
6,21,0,0,4,20.0,40.0,0.6,1.2,11.2,9.6,3.4,4.2,6.0,4.2,2.6,1.8,16.4,15.2,2020,20,1
25,11,0,1,10,80.0,20.0,1.8,0.6,9.4,9.8,3.8,3.2,6.6,3.4,0.4,2.2,10.0,12.2,2020,20,0
35,10,2,0,-5,60.0,40.0,1.4,0.6,12.8,7.6,3.4,2.2,4.0,3.8,0.4,1.8,6.2,16.8,2020,20,2
31,18,0,4,10,60.0,40.0,1.8,1.4,11.2,17.6,3.6,5.0,3.2,9.0,1.2,1.0,10.6,9.6,2020,21,0
1,0,1,0,13,20.0,40.0,0.6,1.2,10.8,9.4,4.2,4.0,4.8,5.0,1.2,1.4,11.2,13.2,2020,21,2
19,33,1,1,-4,80.0,20.0,3.0,1.6,15.0,13.4,7.0,5.2,5.4,5.8,0.8,1.6,6.8,14.2,2020,22,1
17,9,5,3,-1,80.0,40.0,2.4,1.8,17.8,17.6,6.6,5.4,10.0,8.4,0.8,2.2,6.2,9.8,2020,22,2
0,31,3,2,-6,80.0,0.0,2.2,0.2,9.0,9.6,4.6,3.2,6.0,5.2,0.8,2.2,15.2,14.2,2020,26,2
7,6,1,2,-2,40.0,20.0,1.4,0.6,12.8,8.6,5.6,1.8,3.4,2.6,0.6,0.4,11.8,13.8,2020,26,0
9,35,2,0,-4,100.0,60.0,2.4,1.4,18.4,10.6,8.6,3.6,5.4,4.6,0.4,0.8,5.6,9.4,2020,26,2
10,30,1,1,8,40.0,20.0,0.8,1.2,14.2,8.8,5.0,2.4,6.6,6.4,1.2,1.4,11.4,15.2,2020,26,1
11,4,1,3,-6,20.0,0.0,1.0,0.8,10.4,8.8,3.0,2.8,5.0,3.8,0.8,2.6,14.2,13.4,2020,26,0
16,19,0,2,3,60.0,60.0,1.8,2.0,13.2,13.8,4.6,5.6,6.0,6.2,0.2,0.4,8.8,11.2,2020,26,0
18,22,5,0,-17,100.0,0.0,3.8,0.2,16.8,8.0,7.6,2.8,4.4,2.4,0.2,2.2,7.2,14.6,2020,26,2
21,17,1,3,11,20.0,20.0,1.4,0.8,15.8,14.2,5.0,4.6,6.0,7.4,1.2,2.0,10.8,10.4,2020,26,0
26,25,3,1,-2,40.0,0.0,0.8,0.2,15.0,6.2,5.0,1.4,5.6,5.4,0.8,1.8,12.8,13.0,2020,26,2
33,1,1,1,-8,60.0,0.0,1.8,0.4,12.4,9.2,4.4,1.6,6.0,5.0,1.4,2.0,11.8,14.2,2020,26,1
12,0,0,3,10,40.0,40.0,0.8,1.2,9.6,10.2,2.2,4.0,4.6,6.4,1.6,1.0,14.8,10.8,2020,12,0
10,26,1,0,3,20.0,60.0,0.8,2.2,13.2,15.0,3.6,6.6,6.6,5.4,1.4,0.8,11.2,9.4,2020,12,2
33,21,0,2,3,40.0,40.0,1.4,1.2,11.6,10.4,3.2,4.0,5.2,4.6,1.4,1.6,12.4,13.8,2020,12,0
32,16,0,3,13,20.0,0.0,1.2,0.8,10.2,16.0,3.0,4.2,5.0,6.4,1.8,2.2,11.8,8.6,2020,13,0
30,11,0,1,-6,80.0,40.0,1.8,0.4,11.8,7.4,4.2,2.6,6.2,3.0,0.4,1.6,14.0,12.0,2020,13,0
6,9,1,3,11,20.0,40.0,0.6,2.0,8.6,15.0,2.4,5.2,6.2,5.6,2.4,2.8,16.4,10.0,2020,14,0
25,35,0,2,2,80.0,40.0,1.6,0.8,8.2,8.8,3.2,3.0,5.6,4.2,0.4,0.8,9.4,9.0,2020,14,0
11,32,5,2,-6,20.0,40.0,1.0,0.6,9.8,9.2,3.0,3.0,2.8,3.0,1.2,1.0,14.0,14.8,2020,19,2
19,10,1,3,-11,60.0,20.0,2.6,0.4,13.0,6.6,6.0,2.2,5.2,2.8,1.0,2.2,7.8,14.2,2020,19,0
0,33,2,1,-8,80.0,20.0,2.2,1.4,9.8,14.4,4.8,5.0,5.6,4.8,0.8,1.2,15.6,11.4,2020,19,2
26,30,2,5,5,40.0,20.0,1.0,1.2,12.0,9.2,4.0,2.2,5.6,5.8,1.0,1.2,13.0,14.4,2020,20,0
21,6,0,3,-2,20.0,40.0,1.6,0.8,12.2,9.8,4.6,2.2,4.2,3.6,1.8,0.4,12.0,13.6,2020,20,0
9,17,0,2,3,100.0,40.0,2.4,1.4,17.2,15.6,7.8,5.6,5.4,7.2,0.2,1.6,5.6,8.2,2020,20,0
16,7,4,2,-5,60.0,60.0,1.8,1.0,14.0,9.2,4.6,3.6,6.0,3.8,0.4,1.2,6.6,17.2,2020,20,2
1,25,1,0,8,40.0,0.0,0.8,0.4,9.6,6.2,3.6,1.8,4.0,4.8,1.2,2.4,11.6,12.8,2020,21,2
35,18,1,3,5,60.0,40.0,1.2,2.0,11.2,19.2,3.2,5.6,4.2,9.2,0.4,1.0,6.4,8.0,2020,21,0
6,19,2,3,12,0.0,80.0,0.4,2.2,9.4,12.4,2.0,5.2,5.0,5.2,2.8,0.2,15.8,10.8,2020,26,0
10,11,1,2,2,20.0,60.0,0.8,0.6,12.2,9.8,3.6,3.2,6.4,3.4,1.4,0.8,11.0,10.4,2020,26,0
32,9,3,3,14,20.0,40.0,1.0,2.2,10.4,13.2,2.8,5.2,4.0,4.2,1.6,2.8,11.6,11.0,2020,26,1
7,26,0,1,-1,20.0,40.0,1.0,1.6,12.2,12.4,4.0,5.8,3.2,4.6,1.0,1.0,12.2,8.6,2020,26,0
30,21,1,1,-7,80.0,40.0,1.6,1.4,11.6,10.6,4.6,3.0,5.8,4.4,0.4,1.6,14.6,15.6,2020,27,1
18,16,2,5,-3,100.0,20.0,4.2,1.2,19.0,15.6,7.2,5.2,5.2,6.0,0.2,2.0,7.6,8.4,2020,27,0
33,35,4,0,9,40.0,40.0,1.4,0.8,13.2,9.0,3.4,2.6,5.8,3.8,1.4,0.8,13.4,9.4,2020,27,2
12,1,0,3,1,40.0,0.0,0.6,0.6,9.2,11.0,2.2,2.2,4.8,5.2,1.8,1.8,14.2,10.6,2020,28,0
17,0,3,1,-7,80.0,60.0,3.2,1.6,16.4,10.2,6.6,4.0,8.0,5.6,1.4,0.6,6.8,10.0,2020,28,2
9,10,4,0,-10,80.0,20.0,1.6,0.6,14.8,8.0,6.2,2.8,4.4,2.6,0.6,2.4,8.6,14.4,2020,3,2
11,6,4,2,-3,40.0,60.0,2.0,1.4,11.4,11.0,3.8,3.2,4.8,3.8,1.6,0.4,13.2,12.6,2020,3,2
21,7,3,1,3,0.0,60.0,1.0,1.4,11.0,12.2,3.0,4.6,5.2,4.4,2.4,1.0,13.2,16.2,2020,3,2
16,33,0,3,-11,60.0,20.0,1.8,1.6,13.8,14.4,4.4,4.4,7.2,4.4,0.8,1.4,9.0,11.0,2020,4,0
26,32,2,0,-7,40.0,40.0,1.4,1.0,13.6,8.6,4.8,3.4,5.2,2.0,1.8,1.8,12.0,15.2,2020,4,2
0,25,2,1,-1,80.0,0.0,2.4,0.4,9.4,5.6,5.0,1.8,5.8,4.8,1.0,2.0,15.6,14.0,2020,4,2
35,12,1,0,-11,60.0,20.0,1.4,1.2,11.0,12.0,3.2,4.6,4.6,4.0,1.0,2.4,7.8,15.4,2020,4,2
19,30,1,6,-3,40.0,40.0,2.4,2.0,13.2,8.4,5.6,3.0,6.6,5.2,1.6,1.4,9.2,13.0,2020,4,0
1,17,7,2,16,60.0,60.0,0.8,1.8,11.6,17.2,3.2,6.2,5.6,8.2,0.8,1.6,8.6,7.4,2020,4,2
11,17,2,2,11,40.0,60.0,2.4,2.2,12.2,17.8,4.6,7.2,4.8,9.0,1.8,2.2,12.4,8.2,2020,17,1
9,26,3,3,-7,80.0,40.0,2.0,1.2,15.2,11.2,5.4,4.6,5.0,4.4,0.4,0.8,7.2,9.0,2020,17,1
18,0,1,0,-6,80.0,40.0,3.6,1.4,18.4,9.0,6.8,3.6,5.2,5.0,1.2,1.2,8.8,11.8,2020,17,2
21,19,1,4,10,20.0,100.0,1.4,2.6,10.4,11.4,3.4,4.6,4.6,4.2,2.4,0.4,11.8,12.4,2020,17,0
25,12,1,1,-9,40.0,20.0,0.8,1.0,9.4,12.8,2.6,4.4,6.8,3.4,0.8,2.0,10.8,14.6,2020,18,1
10,6,1,1,-1,20.0,60.0,1.0,1.8,10.4,11.2,3.0,3.4,6.0,4.4,1.6,1.2,11.4,12.6,2020,18,1
30,33,3,3,-10,60.0,40.0,1.4,2.2,13.2,15.2,6.2,5.2,6.0,4.4,0.6,1.0,13.8,8.8,2020,18,1
16,1,0,1,-12,60.0,20.0,1.8,1.2,12.4,12.6,4.0,3.0,7.2,5.8,1.4,1.0,9.8,10.8,2020,18,0
32,7,0,0,8,20.0,40.0,1.4,1.4,10.6,12.0,2.8,4.4,4.4,5.0,1.8,1.6,13.8,14.8,2020,19,1
33,18,1,1,14,40.0,60.0,1.6,2.6,14.2,23.0,4.0,7.0,5.6,8.8,1.0,0.6,12.2,7.0,2020,24,1
12,10,1,2,4,40.0,20.0,0.6,0.6,11.4,8.2,2.8,2.8,5.8,3.6,2.0,2.4,11.8,13.6,2020,24,0
19,9,0,0,-1,20.0,40.0,2.0,2.4,11.2,14.2,4.8,6.0,5.0,5.4,2.8,2.8,12.8,10.8,2020,24,1
17,25,2,1,-8,80.0,0.0,3.0,0.6,16.4,6.0,6.8,2.0,8.2,4.6,1.6,1.8,7.0,12.2,2020,24,2
26,11,2,0,-1,60.0,60.0,1.8,0.8,13.8,9.4,5.6,3.2,5.4,3.6,1.4,1.0,11.0,10.2,2020,25,2
35,21,1,1,-6,60.0,20.0,1.4,0.8,11.8,9.4,3.8,1.8,4.6,4.6,1.0,1.6,9.0,17.8,2020,25,1
0,16,0,1,3,80.0,40.0,2.0,2.0,8.0,14.0,4.4,6.0,5.0,5.8,1.2,2.0,15.2,10.2,2020,25,0
6,32,1,1,-3,0.0,40.0,0.8,0.8,11.4,7.4,2.6,2.6,5.6,1.8,2.8,1.8,14.8,14.4,2020,26,1
7,30,0,1,4,20.0,60.0,0.8,3.0,10.0,11.0,2.8,4.2,4.2,4.8,1.0,1.0,10.6,12.6,2020,26,0
35,10,2,0,-7,60.0,40.0,1.6,1.0,13.0,9.6,4.2,4.6,4.4,3.0,0.8,2.0,8.4,13.8,2020,30,2
25,18,0,1,7,20.0,60.0,0.8,2.8,10.0,20.6,3.2,7.2,6.0,8.2,1.0,0.6,12.6,6.6,2020,31,0
7,9,0,3,6,0.0,20.0,0.6,1.8,10.8,12.6,2.6,5.0,4.8,4.8,1.2,2.4,10.4,11.0,2020,31,0
17,33,2,1,-15,80.0,40.0,3.0,2.4,18.6,14.4,7.0,4.6,8.2,5.0,1.8,1.2,7.8,8.8,2020,31,2
1,26,3,4,6,80.0,40.0,2.2,1.6,13.6,10.4,5.8,5.0,6.2,3.8,1.0,1.2,12.2,9.0,2020,1,0
21,11,2,1,1,20.0,60.0,1.2,0.8,9.6,8.4,3.4,3.0,3.4,3.4,2.8,1.2,14.0,10.2,2020,1,2
19,0,0,1,-5,0.0,20.0,1.0,1.0,10.2,9.6,3.6,3.2,5.2,5.2,2.4,1.4,12.6,12.4,2020,1,0
30,6,2,1,-9,40.0,40.0,1.8,1.8,13.0,13.6,7.0,3.6,5.6,5.0,1.2,1.4,14.2,10.4,2020,1,2
12,32,2,0,0,20.0,20.0,0.4,0.8,12.2,7.2,2.4,2.4,5.2,1.4,2.4,2.0,13.0,12.6,2020,2,2
6,7,0,0,5,0.0,20.0,0.8,1.2,10.0,12.2,2.8,4.4,5.6,4.8,2.4,1.6,12.8,13.2,2020,6,1
26,21,2,0,-2,60.0,20.0,2.0,1.0,14.6,9.2,6.0,2.0,5.8,5.0,1.4,0.8,7.0,16.4,2020,6,2
11,19,1,3,9,40.0,100.0,2.6,2.8,12.2,14.6,4.8,6.2,4.6,4.6,2.0,0.6,13.4,12.2,2020,7,0
9,25,4,1,-5,60.0,0.0,2.0,0.6,13.2,6.6,4.6,1.8,5.2,3.4,1.0,2.0,8.4,13.8,2020,7,2
33,12,1,0,-2,40.0,20.0,1.8,1.0,11.2,12.4,3.4,4.2,4.0,3.6,1.0,1.4,13.4,13.6,2020,7,2
32,30,0,1,12,20.0,80.0,1.2,3.2,10.2,11.0,3.4,4.8,5.0,3.4,1.6,1.0,14.2,13.4,2020,8,0
16,35,1,0,-2,40.0,40.0,1.2,0.8,11.6,9.6,4.2,3.0,7.0,4.4,1.6,1.4,10.4,11.4,2020,8,2
18,17,1,1,1,80.0,40.0,3.0,2.0,18.2,18.4,6.6,7.2,5.8,8.0,1.2,2.4,8.8,8.0,2020,8,1
0,1,0,3,-9,80.0,40.0,1.8,1.2,8.2,11.8,3.8,3.4,4.8,5.4,1.2,0.8,13.8,10.4,2020,8,0
21,9,0,2,9,40.0,40.0,1.4,2.4,7.4,12.4,3.0,6.0,3.4,4.4,2.4,1.8,15.4,10.2,2020,21,0
1,6,1,2,2,60.0,40.0,2.4,1.8,15.0,12.8,6.0,3.6,7.4,5.6,1.8,1.6,12.2,8.0,2020,21,0
30,18,2,0,4,40.0,60.0,1.8,2.0,11.8,18.6,5.8,7.2,5.2,7.8,1.2,0.6,12.8,7.0,2020,21,2
19,32,1,0,-15,0.0,0.0,0.6,0.6,10.2,7.4,3.2,2.2,5.6,1.6,2.2,2.4,12.2,11.8,2020,21,2
12,11,2,3,6,20.0,60.0,0.6,1.0,13.2,10.2,3.2,3.4,4.2,3.8,2.4,1.0,12.4,9.6,2020,22,0
25,33,0,1,-7,0.0,20.0,0.2,1.8,9.2,11.4,2.6,3.8,5.6,4.2,1.2,1.6,12.8,8.4,2020,22,0
17,16,3,0,-4,100.0,80.0,3.2,2.6,15.8,12.0,6.2,6.0,6.0,5.6,1.8,1.2,7.4,10.6,2020,22,2
7,10,1,0,-4,0.0,40.0,0.4,1.0,10.0,10.0,1.8,4.0,4.8,4.0,1.6,2.0,11.2,14.4,2020,23,2
35,26,1,1,-4,60.0,60.0,1.4,2.0,13.2,10.4,3.8,4.8,4.8,2.8,0.8,1.4,9.4,11.2,2020,23,1
10,21,0,2,1,40.0,20.0,1.6,0.8,7.4,8.4,2.6,1.6,5.2,4.8,1.0,0.8,11.0,16.0,2020,27,0
6,17,1,1,14,0.0,40.0,0.8,2.0,13.2,15.6,3.4,6.2,6.2,5.8,1.4,2.2,8.4,8.8,2020,28,1
18,7,5,0,-8,60.0,20.0,2.2,1.0,15.0,11.8,5.2,4.2,4.4,4.2,1.4,1.4,9.6,12.4,2020,28,2
32,25,1,0,9,20.0,0.0,0.8,0.8,10.0,6.8,2.6,2.2,5.4,3.8,1.4,2.4,16.2,14.8,2020,28,2
26,19,2,3,8,80.0,100.0,2.2,2.8,13.4,14.4,6.4,6.0,5.8,4.0,1.2,0.8,5.8,11.8,2020,29,0
9,30,0,0,-2,60.0,80.0,2.6,2.8,12.8,13.2,5.2,4.8,4.8,3.8,1.2,0.8,9.2,11.4,2020,29,1
0,35,1,2,1,60.0,40.0,1.4,0.6,10.2,8.2,3.8,2.4,5.0,3.4,1.6,1.4,12.0,11.6,2020,29,0
16,12,1,2,-13,40.0,0.0,1.0,0.8,10.6,11.6,3.4,3.8,6.4,3.2,1.6,1.6,10.8,13.8,2020,30,0
33,1,2,1,-1,40.0,60.0,1.4,1.8,12.4,13.0,4.0,4.0,4.0,6.0,0.8,0.4,13.2,11.8,2020,30,2
7,11,1,1,-2,20.0,60.0,0.4,1.4,10.2,11.0,2.4,4.4,5.0,4.6,1.4,1.4,11.4,10.8,2020,5,1
18,12,2,0,-16,60.0,20.0,2.8,1.2,17.2,12.4,5.6,4.4,5.0,4.0,1.2,1.6,8.4,13.2,2020,5,2
33,19,1,3,13,60.0,100.0,1.6,3.0,11.6,14.0,4.2,6.2,4.6,4.4,0.8,1.2,13.8,11.2,2020,5,0
9,15,3,1,-14,40.0,60.0,2.2,1.8,13.2,16.4,5.2,6.2,4.8,4.0,1.2,1.6,9.2,14.6,2020,5,2
32,10,1,5,4,20.0,40.0,0.8,1.0,11.6,11.6,3.6,4.4,7.2,5.0,1.4,1.8,16.8,14.2,2020,6,0
25,16,1,2,4,0.0,80.0,0.2,2.6,9.4,9.4,3.6,5.6,4.6,3.6,1.2,1.2,14.8,14.0,2020,6,0
30,0,2,0,-2,40.0,40.0,1.6,1.0,11.2,8.8,5.6,3.2,4.4,3.6,1.2,0.8,12.4,14.4,2020,6,2
17,35,4,0,-6,100.0,60.0,2.8,1.0,18.6,9.4,7.4,3.2,6.8,3.6,1.2,1.2,7.6,12.0,2020,6,2
6,26,1,2,4,0.0,40.0,1.0,1.8,13.2,8.6,3.4,3.6,5.2,2.4,1.6,1.6,7.2,13.0,2020,7,0
15,33,1,2,2,20.0,40.0,1.2,1.8,14.2,12.0,4.8,3.8,7.0,4.8,1.8,1.4,12.6,8.0,2020,11,0
35,1,0,1,-10,40.0,60.0,1.2,1.8,15.0,13.2,4.6,5.0,5.2,6.4,1.0,0.6,9.4,11.2,2020,12,0
21,32,2,1,-5,40.0,0.0,1.2,0.6,8.4,7.4,2.8,2.4,4.4,1.6,2.2,2.2,15.4,13.0,2020,12,2
19,18,0,0,1,20.0,40.0,0.6,1.2,11.4,17.8,3.8,6.2,6.8,8.2,2.0,1.0,11.2,7.4,2020,12,1
11,9,1,0,8,40.0,60.0,2.4,2.2,12.2,13.2,5.4,5.6,5.0,5.2,2.0,0.8,15.0,9.8,2020,12,2
26,25,3,0,2,60.0,0.0,2.0,0.6,12.8,10.0,6.6,2.6,5.0,5.4,1.6,2.0,7.8,15.6,2020,13,2
10,30,1,1,8,40.0,80.0,1.4,2.6,7.2,12.8,2.8,4.6,5.2,4.0,1.2,0.6,12.4,11.4,2020,13,1
12,17,1,1,17,20.0,20.0,1.0,1.6,12.8,14.0,4.0,5.4,3.6,5.6,2.2,2.2,11.6,10.4,2020,13,1
0,7,0,1,-2,40.0,0.0,1.0,0.6,10.2,9.0,3.2,2.8,5.8,3.4,1.6,2.4,10.4,15.0,2020,13,0
16,6,3,0,-10,40.0,40.0,1.2,1.8,11.0,11.4,3.4,3.4,7.0,4.8,1.6,1.6,11.4,8.4,2020,13,2
35,9,2,1,3,40.0,40.0,1.0,1.6,16.2,13.2,5.8,5.2,5.4,5.8,0.6,0.8,9.2,9.0,2020,15,2
18,32,1,1,-16,60.0,0.0,2.2,0.4,14.2,8.8,4.8,2.2,5.0,2.0,1.2,1.6,8.6,12.0,2020,15,1
0,26,1,1,-3,20.0,60.0,0.6,2.2,12.4,8.8,3.8,3.2,7.0,2.4,1.6,1.6,9.6,14.4,2020,16,1
15,21,5,2,5,0.0,40.0,0.6,1.2,14.8,8.8,4.8,2.8,7.0,4.0,1.6,0.8,13.6,16.2,2020,16,2
16,11,0,2,-7,40.0,40.0,1.0,1.4,11.2,10.6,3.4,4.8,5.8,4.8,1.2,1.6,10.6,10.6,2020,16,0
12,6,0,0,3,20.0,20.0,1.2,1.2,13.8,11.2,4.6,3.0,4.4,5.6,1.8,2.2,11.4,10.2,2020,16,1
17,30,2,1,-5,100.0,60.0,2.8,1.8,16.4,13.8,7.4,4.6,5.8,5.0,0.6,0.4,8.2,11.8,2020,16,2
33,10,1,1,2,60.0,40.0,1.8,1.4,12.4,12.4,4.8,4.6,4.0,5.6,1.0,1.8,13.8,13.4,2020,16,1
1,7,0,0,7,40.0,20.0,2.4,0.4,16.4,7.8,6.2,2.2,8.2,3.4,2.2,1.6,12.2,15.8,2020,17,1
25,19,2,3,6,0.0,100.0,0.4,3.2,8.4,15.6,3.4,6.8,3.4,4.6,1.2,1.4,15.2,12.2,2020,17,0
10,17,0,7,13,20.0,0.0,1.4,1.4,9.4,12.8,3.2,5.4,4.6,5.0,1.4,2.4,13.4,11.4,2020,19,0
26,18,0,1,9,80.0,20.0,2.2,0.6,13.2,16.8,6.4,4.8,6.0,7.6,0.6,0.8,6.6,7.6,2020,19,0
11,0,2,1,4,40.0,20.0,1.6,0.4,10.6,8.4,4.8,2.4,4.0,4.8,1.6,1.2,15.8,14.6,2020,19,2
21,12,1,1,-5,60.0,20.0,1.6,0.6,9.6,10.8,4.2,3.4,3.8,4.0,1.8,1.2,15.4,14.4,2020,19,1
6,25,1,1,6,0.0,0.0,1.0,0.6,13.0,9.8,3.6,2.4,5.2,5.4,1.4,2.4,7.2,15.2,2020,20,1
30,16,0,2,1,60.0,80.0,2.0,2.4,10.6,9.4,5.2,5.0,4.0,3.6,1.0,1.4,11.6,13.4,2020,20,0
19,15,6,2,-15,20.0,60.0,0.4,1.4,11.0,16.8,3.4,6.2,5.8,4.8,1.4,1.4,10.2,14.8,2020,20,2
32,1,0,3,1,20.0,80.0,1.0,1.8,12.0,13.2,4.2,4.6,7.6,6.6,1.8,0.4,17.8,12.4,2020,20,0
7,35,2,1,3,20.0,40.0,0.4,0.6,9.2,9.0,2.6,3.0,5.4,3.8,1.2,2.0,11.2,12.4,2020,21,2
9,33,3,0,-12,60.0,60.0,2.8,2.0,16.8,13.0,6.8,4.8,6.2,5.0,1.0,1.2,7.2,9.2,2020,21,2
16,19,2,2,2,40.0,100.0,1.0,3.2,13.2,17.0,3.8,7.8,5.4,5.0,1.0,1.4,10.0,11.0,2020,26,1
1,10,3,0,3,20.0,40.0,2.2,1.6,18.2,13.2,7.2,5.0,8.4,5.2,2.2,1.2,12.6,11.8,2020,26,2
12,26,0,0,7,20.0,40.0,1.2,2.2,12.4,10.4,4.8,3.6,3.6,3.4,1.2,1.8,10.8,14.2,2020,26,1
0,9,3,1,4,0.0,40.0,0.4,1.2,13.0,11.4,3.6,3.8,7.0,5.2,1.6,0.6,11.0,9.6,2020,26,2
18,21,2,0,-11,60.0,20.0,2.0,1.2,16.2,7.8,5.2,3.2,7.0,3.4,0.4,1.8,8.2,18.2,2020,26,2
25,11,0,1,-3,0.0,40.0,0.8,1.4,8.0,10.8,3.8,5.0,3.6,4.8,1.6,1.4,14.6,11.8,2020,26,0
15,7,1,0,8,20.0,20.0,1.4,0.2,17.4,7.6,5.4,2.4,7.0,2.8,1.8,1.0,11.0,19.2,2020,27,2
33,6,2,2,1,40.0,20.0,1.2,0.8,11.2,10.8,3.8,3.2,4.8,5.2,1.2,1.4,13.2,9.8,2020,27,1
17,32,1,1,-17,100.0,0.0,2.6,0.6,15.6,8.8,8.0,2.0,5.8,2.2,0.6,1.4,9.0,14.6,2020,27,1
35,30,1,1,1,40.0,40.0,1.2,0.8,15.8,11.0,5.6,3.4,5.2,5.0,0.8,0.6,9.8,14.2,2020,27,1
10,16,1,1,9,20.0,80.0,1.2,1.8,8.8,11.4,3.6,4.4,4.2,3.4,2.4,1.0,14.2,11.8,2020,28,1
9,1,1,1,-13,60.0,80.0,2.6,1.8,15.6,14.6,7.0,5.6,5.6,7.4,1.0,0.4,7.6,9.4,2020,28,1
6,0,0,1,7,0.0,20.0,0.8,0.4,13.6,10.2,3.6,2.2,6.6,4.8,1.0,1.0,6.8,12.2,2020,29,0
7,25,1,0,1,40.0,0.0,0.8,0.6,9.2,9.6,3.0,2.6,4.0,5.0,1.2,2.2,13.2,18.2,2020,29,2
26,33,0,0,-5,60.0,40.0,1.8,1.4,12.4,11.4,5.6,3.6,6.2,5.0,0.8,1.8,7.8,10.6,2020,29,1
32,15,0,5,0,20.0,40.0,0.4,1.6,10.4,16.8,3.8,5.0,7.2,6.0,1.8,2.6,17.2,17.2,2020,29,0
19,35,1,0,-4,40.0,40.0,1.4,0.8,15.2,9.8,5.8,3.2,7.6,4.6,0.6,1.6,9.2,11.4,2020,29,2
21,17,0,0,12,40.0,20.0,1.2,2.4,10.0,12.8,4.2,5.4,3.6,4.4,1.8,1.0,16.2,8.8,2020,30,1
11,33,0,1,-4,40.0,40.0,1.2,0.8,10.2,10.4,4.0,3.4,4.2,4.2,1.4,1.2,16.2,10.0,2021,1,0
19,1,2,1,-14,60.0,60.0,1.6,1.8,14.6,14.6,5.6,5.2,6.2,6.8,0.6,0.6,9.8,10.4,2021,1,2
30,15,3,0,-12,60.0,40.0,1.8,2.0,7.6,14.2,3.4,4.4,3.0,7.0,1.2,2.6,13.8,15.6,2021,2,2
10,25,2,0,5,20.0,0.0,1.2,0.4,9.4,8.4,3.6,2.8,4.2,5.4,2.4,2.0,13.6,15.8,2021,2,2
6,35,3,3,8,0.0,20.0,0.6,0.6,15.2,10.2,3.4,3.6,6.4,4.4,1.0,1.8,7.2,11.0,2021,2,1
32,0,0,4,10,20.0,40.0,0.4,0.6,8.6,10.2,2.8,2.2,6.2,4.4,2.8,0.8,18.2,12.2,2021,2,0
21,16,1,2,8,40.0,60.0,1.0,1.8,10.2,13.6,3.8,4.6,4.6,3.8,1.0,1.2,12.8,10.2,2021,3,0
9,18,1,3,2,60.0,40.0,2.2,0.6,16.6,14.4,7.0,5.4,6.6,6.8,0.6,0.6,7.0,7.0,2021,3,0
26,17,1,0,10,40.0,20.0,1.4,2.0,11.6,10.6,5.0,4.6,6.2,5.8,0.8,0.6,8.2,8.2,2021,4,2
25,21,1,0,-4,0.0,20.0,0.6,1.0,8.0,8.0,3.0,3.4,4.4,3.2,1.6,2.0,13.0,15.8,2021,12,2
7,19,0,1,7,60.0,80.0,1.0,2.8,7.6,13.2,2.8,5.8,3.8,3.6,1.0,1.6,12.8,11.6,2021,12,0
35,11,1,2,-5,40.0,60.0,1.2,1.6,14.8,11.0,6.2,5.2,6.6,4.4,0.8,1.0,10.0,11.4,2021,12,0
18,6,1,0,-13,60.0,20.0,2.2,1.0,15.8,9.4,5.4,3.4,7.2,5.0,0.4,1.6,7.4,11.8,2021,13,2
30,12,1,1,-12,80.0,20.0,1.8,0.8,9.4,11.0,3.6,3.8,3.0,5.4,0.6,1.2,14.8,14.0,2021,13,1
0,10,0,0,-6,20.0,20.0,1.0,1.2,13.6,13.0,4.2,4.2,6.6,5.2,1.6,1.6,13.6,12.8,2021,14,1
35,32,2,3,-11,20.0,0.0,1.0,0.6,14.2,8.0,5.8,2.0,6.4,2.4,1.2,1.4,8.8,17.0,2021,16,0
15,6,0,1,3,40.0,20.0,1.6,0.8,17.0,9.2,5.8,3.2,6.2,4.8,1.6,1.4,12.4,13.2,2021,16,0
33,7,1,0,6,40.0,20.0,1.4,0.2,12.2,8.6,4.2,2.8,5.4,4.8,1.4,1.2,13.0,18.8,2021,16,2
12,9,0,1,14,20.0,40.0,1.0,1.4,11.2,14.0,4.4,4.2,4.0,5.8,0.8,1.2,8.6,9.8,2021,16,0
16,26,2,0,-6,40.0,40.0,1.4,1.6,13.0,8.4,3.2,2.8,6.0,3.6,1.2,1.2,9.8,14.0,2021,16,2
25,30,1,3,3,20.0,20.0,0.8,0.8,10.4,10.4,3.6,3.4,5.0,4.4,1.4,0.8,11.2,13.8,2021,17,0
17,19,0,0,-2,80.0,80.0,2.4,2.4,15.6,13.2,7.4,6.2,6.0,4.0,0.6,1.4,7.4,12.4,2021,17,1
18,10,4,0,-12,80.0,20.0,2.2,1.2,17.6,13.2,6.2,4.2,8.6,4.6,0.2,1.2,6.4,12.0,2021,17,2
0,21,3,0,-5,20.0,20.0,1.0,0.8,13.2,8.4,4.6,3.6,7.4,3.0,1.0,2.0,13.0,16.0,2021,18,2
33,32,2,1,-2,40.0,20.0,1.4,1.2,12.0,8.4,3.6,2.8,5.0,2.0,1.4,1.4,12.4,19.0,2021,19,2
16,9,2,0,1,40.0,40.0,1.6,1.0,14.2,15.4,3.6,3.6,5.2,7.4,1.2,1.2,10.0,10.8,2021,19,2
18,1,2,0,-15,80.0,40.0,2.0,1.4,16.4,12.6,6.2,5.0,9.6,7.2,0.2,1.0,5.0,11.6,2021,20,2
12,19,1,2,15,0.0,60.0,0.6,1.8,10.6,11.8,3.8,5.8,3.2,2.8,1.0,1.0,10.8,13.8,2021,20,0
17,7,0,1,-9,60.0,20.0,2.0,0.2,17.2,9.8,7.0,3.0,7.2,5.0,0.4,1.4,8.2,18.0,2021,21,0
1,21,2,0,4,20.0,20.0,1.4,0.8,18.8,8.4,7.0,3.4,8.8,2.8,1.8,2.2,12.4,17.0,2021,23,2
10,33,2,3,-2,20.0,60.0,0.8,0.8,9.2,11.8,3.2,3.8,4.2,4.6,2.2,0.8,13.2,10.2,2021,26,0
21,15,1,2,-5,20.0,40.0,0.8,1.8,9.6,16.0,3.4,4.8,4.2,6.8,1.2,2.4,11.6,17.6,2021,26,0
26,0,1,3,3,40.0,40.0,1.2,1.2,10.0,13.0,4.0,4.2,4.8,4.8,0.8,0.8,10.8,12.0,2021,26,0
32,18,0,5,16,20.0,60.0,0.4,1.0,7.6,15.2,3.0,5.2,5.0,5.4,3.4,0.6,18.6,7.6,2021,26,0
7,1,3,2,-7,60.0,40.0,1.0,1.2,8.8,11.6,2.8,4.6,3.8,6.2,0.6,1.0,12.6,16.0,2021,27,2
9,35,0,0,-3,40.0,20.0,1.6,1.2,14.4,11.0,5.6,4.0,6.4,5.4,1.0,2.2,9.4,11.6,2021,27,1
6,12,0,0,-3,0.0,20.0,1.2,0.8,14.0,11.0,3.6,3.4,6.4,5.4,1.6,1.2,8.6,15.0,2021,27,1
11,16,1,1,7,40.0,60.0,0.8,1.4,10.0,13.4,3.4,3.6,4.8,4.4,1.2,1.2,14.0,9.6,2021,27,1
19,25,1,2,-6,80.0,0.0,2.0,0.2,16.8,8.6,7.0,2.6,6.0,5.2,0.6,1.6,9.4,13.6,2021,27,0
30,17,1,3,5,60.0,20.0,1.6,1.8,10.6,12.0,4.2,4.2,3.4,7.4,0.6,0.6,16.6,8.2,2021,28,0
11,21,0,2,-1,40.0,0.0,0.8,0.4,10.2,7.0,3.6,2.2,4.8,3.0,0.8,2.6,15.2,17.4,2021,30,0
10,35,1,0,7,20.0,0.0,1.2,0.8,8.0,9.6,3.2,3.0,3.4,4.8,2.4,2.0,13.8,11.8,2021,30,2
18,25,1,0,-7,80.0,20.0,2.0,0.6,18.8,5.4,6.8,2.2,11.0,3.8,0.2,1.6,6.0,13.4,2021,30,2
32,12,2,2,0,0.0,20.0,0.2,0.8,5.0,10.4,2.0,3.4,2.8,4.4,4.4,1.0,18.0,15.0,2021,30,1
0,19,0,0,5,40.0,60.0,1.4,1.6,14.6,11.8,5.4,5.6,7.2,3.6,0.6,1.0,11.6,12.4,2021,30,1
26,1,0,1,-6,40.0,20.0,1.0,1.4,10.6,12.6,4.0,6.2,4.6,5.4,0.8,1.6,9.6,14.8,2021,30,0
9,7,2,0,-6,40.0,40.0,1.6,0.4,14.6,9.2,6.0,3.6,8.4,4.2,1.0,0.4,9.2,19.6,2021,31,2
16,15,1,3,-13,60.0,40.0,1.8,2.0,12.6,13.2,4.2,3.8,5.2,7.4,0.8,2.6,9.8,19.0,2021,31,0
33,17,1,3,15,40.0,40.0,1.4,2.2,13.6,13.6,4.4,5.2,5.0,7.2,1.4,0.6,10.4,6.6,2021,31,0
6,30,1,0,9,0.0,20.0,1.0,1.2,15.0,9.4,4.0,3.4,7.6,4.6,1.4,1.0,9.4,14.4,2021,31,2
25,32,2,1,-9,20.0,20.0,1.0,1.4,11.6,8.2,3.6,2.8,5.6,1.8,1.8,1.6,11.0,18.4,2021,2,2
35,0,2,1,-1,20.0,60.0,1.2,1.8,14.8,13.0,5.2,4.8,7.2,5.2,1.6,1.0,9.8,9.6,2021,2,2
19,26,9,0,-8,60.0,20.0,2.0,0.8,16.6,8.2,6.4,2.6,5.8,4.4,1.0,1.0,9.0,13.4,2021,2,2
21,10,1,2,-1,20.0,20.0,1.0,1.2,12.4,10.6,4.2,3.2,4.6,3.4,1.2,1.8,10.6,12.6,2021,2,0
7,18,0,2,8,60.0,60.0,1.4,1.8,8.8,15.6,3.0,5.0,3.4,6.0,1.0,0.6,13.2,7.4,2021,3,0
12,16,0,2,13,0.0,60.0,0.4,1.6,10.2,15.0,3.6,4.0,3.2,6.0,0.8,0.8,12.0,6.4,2021,3,0
15,11,1,2,6,40.0,80.0,1.4,1.8,16.2,9.0,5.4,5.0,5.2,4.6,1.0,0.8,11.8,11.6,2021,3,0
1,33,1,3,1,40.0,60.0,1.8,1.2,19.2,12.2,7.2,4.6,8.6,4.2,1.2,1.2,8.4,9.6,2021,3,0
17,6,0,1,-14,40.0,20.0,1.4,0.6,17.8,9.2,5.6,3.0,7.6,4.6,0.6,1.2,7.2,11.6,2021,3,0
30,9,0,1,2,40.0,20.0,1.4,0.6,10.4,14.4,4.2,4.0,3.6,7.2,1.2,1.6,15.0,10.8,2021,4,0
1,0,1,0,9,40.0,60.0,1.4,2.0,17.2,12.6,5.6,5.0,7.8,4.6,1.0,1.0,10.6,10.6,2021,6,2
7,6,1,1,-5,60.0,40.0,1.2,0.8,7.6,9.4,2.4,3.0,2.0,4.2,1.2,0.6,14.0,10.8,2021,6,1
21,26,3,2,2,0.0,20.0,0.8,0.6,14.2,7.4,3.8,2.4,5.6,4.2,1.4,2.6,9.2,14.2,2021,6,2
12,33,0,0,2,0.0,60.0,0.2,1.4,9.8,12.4,2.8,5.0,3.0,3.6,1.0,1.2,11.4,8.8,2021,6,1
19,11,3,3,-9,80.0,80.0,3.8,1.6,19.2,9.2,8.8,4.8,6.0,3.8,1.0,0.6,7.8,12.0,2021,6,1
30,32,2,0,-12,20.0,20.0,1.0,1.4,10.6,7.2,4.0,3.0,3.4,1.6,1.4,1.6,16.4,18.8,2021,7,2
35,16,0,0,2,40.0,60.0,1.6,1.6,13.8,14.2,5.2,4.2,8.0,5.4,1.6,0.6,9.0,7.2,2021,7,1
17,18,1,4,-1,20.0,80.0,0.6,2.2,17.8,14.6,4.6,5.2,8.0,4.6,0.8,0.2,8.0,7.0,2021,7,0
25,9,1,2,5,40.0,40.0,1.2,0.8,13.6,16.0,4.6,3.8,6.2,7.4,1.6,1.4,10.0,10.4,2021,7,0
15,10,2,0,4,40.0,20.0,1.6,0.6,14.4,8.2,6.0,2.6,5.6,2.4,1.4,1.8,12.0,15.0,2021,8,2
16,17,3,1,4,40.0,60.0,1.4,2.6,13.2,14.0,4.6,5.0,4.6,6.6,1.4,0.6,9.0,6.2,2021,13,2
10,7,0,3,4,40.0,20.0,1.2,0.2,7.0,7.4,2.6,3.2,2.8,3.8,2.2,0.8,12.2,19.8,2021,13,0
18,30,3,0,-4,100.0,20.0,2.0,1.2,15.6,10.0,6.4,4.0,10.4,4.4,0.0,1.2,5.8,15.0,2021,13,2
6,1,0,0,-2,20.0,20.0,1.0,1.0,15.8,10.4,4.2,5.0,8.6,4.2,1.0,1.6,9.0,18.6,2021,13,1
26,35,1,2,4,20.0,0.0,0.4,0.8,11.4,9.0,3.8,3.2,4.4,4.8,1.0,1.4,10.6,11.8,2021,14,0
32,19,1,1,15,0.0,40.0,0.4,1.0,4.2,11.8,1.8,4.6,2.4,4.4,3.8,0.6,16.8,13.4,2021,14,1
0,15,4,2,-10,40.0,60.0,1.4,2.4,14.4,13.2,4.8,4.6,5.4,7.4,0.4,2.2,12.4,18.0,2021,14,2
11,12,0,2,-6,40.0,0.0,0.8,0.8,9.4,10.8,2.6,3.8,5.4,4.0,1.0,1.2,13.2,12.8,2021,14,0
33,25,3,0,7,40.0,20.0,1.4,0.6,11.4,5.6,3.6,2.4,5.2,3.0,1.4,1.2,10.2,12.2,2021,15,2
9,21,2,0,-9,40.0,20.0,1.4,0.4,13.8,7.6,5.4,2.0,7.6,4.6,0.8,1.6,7.8,14.6,2021,15,2
7,12,1,1,-8,40.0,20.0,1.0,1.2,9.6,12.0,3.0,4.2,3.4,4.2,1.2,0.8,13.0,11.0,2021,17,1
11,18,1,3,10,20.0,100.0,0.6,3.0,9.0,14.4,2.2,5.8,5.2,4.2,1.4,0.4,13.6,6.4,2021,17,0
35,15,1,0,-11,20.0,60.0,1.2,2.4,14.0,11.6,4.6,5.0,8.6,5.8,1.4,1.8,9.0,15.4,2021,19,2
26,9,1,1,7,20.0,60.0,0.6,1.0,11.0,15.2,3.8,3.8,4.0,7.8,1.2,1.2,10.4,9.6,2021,20,1
7,32,0,0,-8,20.0,20.0,1.0,1.2,10.2,7.0,3.0,3.0,3.8,1.2,1.4,1.8,13.2,16.2,2021,20,1
17,11,0,2,-11,0.0,80.0,0.4,2.0,16.0,7.8,3.0,4.2,7.8,3.2,1.4,1.0,8.0,13.2,2021,20,0
12,25,1,0,9,0.0,20.0,0.2,0.4,12.0,6.2,2.4,2.8,4.2,4.0,1.0,1.6,11.2,10.6,2021,20,2
33,30,2,1,10,60.0,20.0,1.8,1.0,12.2,8.6,5.0,3.4,5.6,3.4,1.2,1.6,10.2,14.8,2021,21,2
1,16,1,2,12,60.0,40.0,1.4,1.2,16.6,13.4,6.4,4.0,6.0,5.2,0.6,0.6,12.0,8.2,2021,21,0
0,18,0,1,6,60.0,100.0,2.0,3.4,15.2,15.4,5.0,6.2,5.8,5.0,0.6,0.6,11.6,5.2,2021,21,0
19,21,3,1,-10,60.0,20.0,3.2,0.4,16.8,8.2,7.0,2.4,4.8,5.0,1.2,1.6,5.6,16.0,2021,21,2
6,10,1,2,1,20.0,20.0,0.8,0.4,16.8,8.2,5.0,2.8,7.6,2.4,0.8,2.0,8.8,16.6,2021,22,0
15,26,3,0,7,60.0,0.0,1.8,0.6,15.2,8.2,6.0,2.8,5.6,5.0,1.0,3.0,9.8,13.0,2021,23,2
18,33,2,1,-14,100.0,60.0,2.2,1.4,16.4,12.8,6.4,5.2,9.8,3.4,0.0,0.6,5.8,10.6,2021,27,2
32,6,1,0,3,0.0,40.0,0.6,1.0,5.4,9.6,2.2,2.6,3.0,4.0,3.4,0.8,15.0,13.0,2021,27,2
15,1,0,1,1,60.0,20.0,1.4,0.8,12.4,9.2,5.4,4.8,4.6,3.8,0.6,1.4,10.4,20.6,2021,27,0
21,35,1,1,6,20.0,20.0,1.2,1.0,13.0,8.0,3.6,3.4,5.2,4.6,1.6,1.2,9.8,11.2,2021,27,1
10,12,0,0,-4,40.0,20.0,1.2,1.2,8.6,11.4,2.6,4.0,3.2,3.4,1.4,0.8,12.6,10.2,2021,28,1
16,0,1,3,-3,60.0,60.0,2.0,1.8,12.6,12.8,5.4,5.2,4.2,5.4,1.2,0.8,9.8,11.2,2021,28,0
30,7,4,0,-4,40.0,40.0,1.4,0.8,11.6,9.4,4.6,3.2,4.0,4.4,1.0,0.8,13.8,17.0,2021,28,2
9,19,0,0,1,40.0,40.0,1.2,0.8,15.2,12.0,5.0,5.2,8.6,5.4,0.8,0.4,8.6,12.8,2021,28,1
25,17,0,2,8,40.0,40.0,1.0,1.4,12.8,14.2,4.0,4.2,5.2,8.2,1.4,1.2,9.0,7.4,2021,28,0
11,26,1,0,1,0.0,0.0,0.4,0.4,7.8,8.2,2.2,3.2,4.4,4.4,1.8,3.4,14.2,13.4,2021,1,2
18,35,4,1,-5,100.0,20.0,2.4,1.2,15.2,9.0,5.8,3.2,9.0,5.2,0.2,1.2,6.6,12.8,2021,2,2
7,16,1,1,5,20.0,60.0,1.0,1.4,9.2,13.2,3.2,4.8,4.2,5.8,1.2,0.6,12.6,9.6,2021,3,1
25,1,1,0,-8,40.0,40.0,1.0,0.8,12.4,10.0,4.0,4.6,4.8,2.8,1.6,1.0,10.8,19.4,2021,3,2
10,19,0,0,11,40.0,20.0,1.0,0.6,8.4,11.6,2.4,4.6,3.0,5.4,1.2,0.4,12.4,14.2,2021,3,1
12,30,0,1,12,20.0,20.0,0.4,1.0,13.0,11.0,3.6,3.8,4.2,4.0,1.0,1.6,11.4,12.2,2021,4,0
32,11,0,1,6,20.0,80.0,0.8,2.0,5.8,7.4,2.4,4.2,3.8,2.4,2.4,1.0,15.2,13.4,2021,4,0
17,9,0,1,-3,0.0,60.0,0.2,1.0,15.6,13.2,3.8,3.8,7.6,7.2,1.6,0.8,8.8,7.4,2021,4,0
7,0,1,1,2,0.0,60.0,0.6,2.2,9.6,13.0,3.6,5.4,4.8,6.0,1.0,1.0,12.0,10.2,2021,6,1
25,26,0,2,-2,40.0,0.0,1.0,0.4,10.8,9.4,3.6,3.0,4.2,5.8,1.6,3.6,12.6,12.8,2021,6,0
1,35,0,0,10,60.0,20.0,1.6,0.8,13.4,8.0,5.4,2.6,5.2,4.0,1.0,1.4,14.0,14.6,2021,6,1
6,16,1,2,10,20.0,40.0,1.0,1.2,19.2,14.4,5.6,5.0,9.2,6.2,1.0,0.6,7.2,10.4,2021,6,0
32,21,0,0,5,20.0,20.0,0.8,0.6,6.6,8.8,2.4,3.0,3.8,5.4,1.8,2.0,13.2,15.6,2021,7,1
17,12,0,1,-17,0.0,20.0,0.2,1.0,13.6,11.6,3.4,4.0,7.2,3.0,1.8,0.6,9.4,7.8,2021,7,0
18,19,0,2,-1,100.0,20.0,2.4,0.6,17.0,12.2,6.6,4.0,8.8,6.0,0.4,0.4,7.4,12.4,2021,7,0
30,10,4,1,-8,40.0,40.0,1.6,0.8,10.8,6.2,4.6,2.0,4.0,1.6,1.0,1.6,12.2,17.4,2021,7,2
9,11,2,0,-8,40.0,80.0,1.0,2.0,15.6,8.2,5.2,4.2,7.0,2.4,0.6,1.0,8.8,13.6,2021,8,2
33,15,2,0,-2,80.0,40.0,1.8,1.4,10.8,12.4,5.0,5.2,5.6,5.6,1.0,2.0,11.6,17.6,2021,8,2
18,26,5,2,-9,80.0,20.0,2.0,0.8,16.0,10.8,6.0,3.4,6.8,5.4,0.8,3.2,6.8,11.2,2021,10,2
21,1,1,1,-4,20.0,40.0,1.4,0.8,15.2,11.0,4.6,4.6,4.8,3.8,1.8,0.8,10.4,15.6,2021,12,1
15,9,0,0,14,40.0,60.0,1.2,1.0,12.8,11.2,5.2,3.6,5.2,5.2,0.8,0.8,9.4,6.8,2021,13,1
10,32,1,0,-4,20.0,20.0,0.6,1.0,8.2,8.0,2.0,3.0,3.2,1.6,1.2,1.6,13.2,14.0,2021,13,2
11,7,1,2,2,20.0,40.0,0.6,0.8,7.2,8.6,2.0,2.6,4.2,2.8,1.6,1.4,13.8,18.0,2021,13,0
12,18,0,3,16,20.0,100.0,0.4,3.0,13.2,14.8,3.6,5.6,4.8,5.0,1.0,0.4,9.0,4.8,2021,13,0
26,6,1,2,-4,20.0,40.0,0.8,0.6,10.2,10.0,3.4,3.0,3.8,4.0,1.4,0.6,10.6,12.0,2021,14,0
16,25,5,0,-4,60.0,20.0,1.8,0.4,12.2,5.6,5.6,2.6,3.6,3.8,1.4,1.6,10.4,12.6,2021,14,2
0,30,2,1,2,40.0,40.0,1.4,1.0,13.6,11.6,3.8,3.6,4.6,3.8,0.6,1.4,10.8,12.2,2021,14,2
19,33,1,0,-13,60.0,60.0,3.6,1.6,17.6,13.0,7.8,5.2,5.6,3.2,1.4,1.0,5.8,11.0,2021,14,2
35,17,0,1,6,40.0,60.0,1.2,1.8,14.8,15.2,4.4,5.0,8.2,6.4,1.2,1.2,11.4,7.4,2021,15,0
12,15,1,2,0,20.0,40.0,0.2,1.4,11.4,12.2,2.6,4.6,5.2,5.8,1.2,1.8,7.6,16.8,2021,19,0
6,21,3,0,2,20.0,20.0,0.6,0.6,18.0,9.8,5.2,3.8,9.4,6.4,0.8,1.4,6.6,14.2,2021,20,2
33,0,3,3,8,80.0,40.0,2.0,1.6,11.0,11.8,5.2,3.6,5.4,5.8,1.0,1.2,13.0,10.6,2021,21,1
1,30,0,2,11,40.0,20.0,1.0,0.6,11.0,10.0,3.6,3.2,5.4,3.0,1.0,1.6,13.4,11.8,2021,21,0
9,32,2,5,-14,60.0,0.0,1.2,0.4,17.6,8.0,6.6,2.2,7.4,2.0,0.0,1.4,6.6,10.6,2021,3,0
15,25,2,1,9,40.0,20.0,1.2,0.4,12.8,4.4,5.6,2.2,5.8,2.8,0.6,2.2,11.0,14.6,2021,3,2
16,18,0,2,3,60.0,100.0,2.4,2.6,12.8,12.8,6.6,5.6,5.0,3.8,1.4,0.4,9.0,4.6,2021,3,0
0,17,0,3,7,60.0,80.0,1.8,2.0,14.0,14.2,3.6,5.6,4.4,4.8,0.8,1.0,9.6,8.0,2021,3,0
26,7,3,2,1,0.0,60.0,0.8,1.2,10.6,9.4,3.6,3.2,4.4,2.8,1.8,1.4,8.8,17.8,2021,4,2
21,30,2,2,7,20.0,40.0,1.4,1.0,16.0,10.2,4.8,3.0,4.6,4.2,1.6,1.4,11.6,10.2,2021,4,1
1,12,3,1,-1,20.0,40.0,0.6,1.2,9.8,11.6,2.8,4.0,5.4,3.8,1.4,0.6,13.8,7.8,2021,4,2
19,6,2,1,-12,60.0,60.0,3.4,1.0,16.8,10.6,6.8,4.0,5.8,4.2,1.2,0.6,6.2,10.6,2021,4,2
11,10,1,1,-2,20.0,40.0,0.6,1.0,8.4,4.8,2.4,1.8,4.6,2.0,1.8,2.4,12.8,17.6,2021,5,1
35,33,2,3,-9,40.0,40.0,1.0,1.4,14.4,12.2,4.8,4.2,7.6,3.0,1.0,1.2,12.8,12.0,2021,5,0
12,35,0,1,11,20.0,20.0,0.4,0.8,12.4,9.2,3.6,3.0,6.8,4.4,1.2,1.4,8.4,13.6,2021,9,0
18,15,1,2,-16,80.0,40.0,2.8,1.4,17.4,13.0,7.0,5.0,5.8,6.2,1.2,1.8,8.2,15.0,2021,10,0
17,1,2,1,-16,0.0,40.0,0.2,0.6,11.4,10.4,2.8,3.8,6.6,3.4,1.8,0.4,10.2,16.0,2021,10,2
10,9,1,4,10,40.0,60.0,0.4,1.0,8.2,12.4,2.2,4.2,3.2,5.6,0.6,0.4,12.2,6.6,2021,10,0
7,21,1,2,-3,0.0,20.0,0.8,0.6,11.0,9.0,4.6,3.8,5.0,5.8,0.8,1.6,11.6,13.6,2021,11,0
33,16,3,2,11,60.0,60.0,2.2,1.4,11.2,12.2,5.0,4.6,5.4,5.2,1.4,0.6,15.0,10.2,2021,11,2
30,19,1,3,3,60.0,20.0,2.2,0.6,10.2,10.8,4.4,4.2,3.0,4.8,1.0,0.2,10.2,14.6,2021,11,0
25,0,0,3,1,40.0,20.0,0.8,1.6,9.4,13.2,3.0,4.0,4.6,5.8,1.4,1.6,12.8,11.0,2021,11,0
32,26,3,0,7,20.0,20.0,0.8,1.2,8.4,12.4,2.8,4.4,5.0,5.8,0.8,2.4,11.4,9.8,2021,12,2
6,11,0,0,3,40.0,60.0,1.2,1.6,17.0,8.6,5.4,3.8,8.0,2.0,0.8,1.2,5.2,15.0,2021,12,1
11,30,2,2,6,20.0,40.0,0.8,1.4,9.2,11.0,3.2,3.4,3.8,4.4,1.6,1.2,12.8,11.6,2021,16,1
21,33,3,2,-3,20.0,40.0,1.6,1.4,16.0,10.6,5.0,4.0,4.2,2.6,1.6,1.2,12.0,14.8,2021,17,2
35,25,1,0,-2,40.0,0.0,1.0,0.2,13.8,5.2,4.6,1.8,6.2,3.8,1.0,2.4,12.2,16.0,2021,17,2
0,12,1,1,-10,40.0,40.0,1.2,1.0,10.6,12.2,2.8,4.0,3.2,4.0,1.4,0.8,12.0,9.6,2021,18,1
19,7,3,1,-7,80.0,40.0,3.6,1.4,16.6,9.6,7.4,3.4,5.4,4.2,1.0,2.0,6.2,17.2,2021,18,2
15,17,1,1,17,60.0,80.0,1.4,2.0,14.2,14.6,5.8,5.6,5.4,4.8,0.4,0.8,10.8,8.0,2021,19,1
9,6,0,0,-11,60.0,40.0,1.6,1.0,18.4,10.2,7.2,4.2,6.8,5.0,1.0,1.0,8.6,12.2,2021,20,1
30,26,2,1,-5,60.0,20.0,2.2,0.8,12.0,12.4,4.6,4.2,4.2,6.4,1.0,2.4,9.8,11.6,2021,21,2
1,18,1,2,15,40.0,100.0,1.0,2.6,10.8,11.6,3.2,5.2,4.8,3.4,1.0,0.4,12.8,5.2,2021,21,0
16,32,3,0,-13,40.0,20.0,2.0,1.2,12.2,9.6,5.8,3.2,4.0,2.4,1.8,1.4,9.4,11.4,2021,22,2
0,11,0,1,-4,40.0,40.0,1.4,1.2,10.8,8.2,3.2,2.8,4.6,2.4,1.6,1.0,9.8,16.4,2021,23,0
17,21,1,1,-12,20.0,20.0,0.6,0.6,13.8,8.4,4.6,4.2,6.8,4.0,1.8,1.8,9.4,16.2,2021,24,1
33,9,0,1,12,80.0,60.0,2.6,1.6,10.4,13.4,5.4,5.8,4.4,5.8,1.2,0.6,15.2,5.4,2021,24,0
25,6,1,0,-6,20.0,20.0,0.4,0.8,8.0,9.8,2.2,3.8,3.2,5.0,1.8,1.0,14.0,11.4,2021,24,2
35,7,0,4,-3,40.0,40.0,0.8,1.6,13.6,11.4,4.2,4.0,5.0,4.4,0.8,2.2,12.0,16.8,2021,25,0
15,19,0,0,15,40.0,40.0,1.2,1.2,13.2,10.4,5.4,5.0,6.4,4.4,0.6,0.4,12.6,13.6,2021,25,1
1,32,2,2,-1,20.0,20.0,1.0,1.0,10.0,8.8,2.2,2.6,4.4,2.6,1.4,1.6,12.6,12.0,2021,25,1
16,10,2,1,-9,60.0,40.0,2.4,1.2,12.0,7.0,5.6,3.0,4.2,2.6,1.2,1.8,8.6,18.0,2021,26,2
26,16,1,1,6,20.0,40.0,1.2,1.4,12.8,13.4,4.4,4.6,4.8,6.6,1.6,1.2,8.4,9.4,2021,30,1
10,18,0,2,12,20.0,100.0,0.4,2.2,6.2,12.6,2.0,4.8,3.0,5.4,1.4,0.4,15.6,5.2,2021,1,0
6,15,2,0,-3,20.0,40.0,1.0,1.2,18.4,11.8,5.0,4.0,8.2,6.0,0.8,1.8,5.2,17.2,2021,1,2
9,12,2,0,-14,40.0,20.0,1.2,0.8,16.0,10.4,6.4,3.6,6.0,3.4,1.0,1.0,10.6,11.8,2021,1,2
11,1,1,2,-5,20.0,20.0,1.2,0.6,11.4,10.6,4.2,4.0,4.0,3.2,1.6,0.8,12.8,16.6,2021,1,0
21,0,0,2,5,40.0,40.0,2.0,2.0,15.0,14.2,5.6,4.4,3.0,5.4,1.6,1.2,14.0,10.2,2021,2,0
30,25,4,0,-3,80.0,0.0,2.6,0.2,13.0,6.0,4.8,2.0,4.8,4.4,1.0,2.4,8.2,16.0,2021,2,2
32,35,1,1,11,40.0,40.0,1.0,1.0,10.4,9.4,3.4,2.8,5.6,4.0,0.4,1.2,11.8,14.2,2021,3,1
7,33,1,2,-6,0.0,20.0,0.8,1.2,11.8,9.8,4.0,3.2,6.0,3.6,1.0,1.6,11.6,16.2,2021,3,0
16,21,2,4,-8,60.0,20.0,2.2,0.8,12.4,7.8,5.4,4.2,5.2,3.6,1.2,1.6,6.4,17.0,2021,7,0
15,30,3,1,12,20.0,40.0,0.6,1.6,12.2,9.4,4.6,3.2,6.4,3.6,0.6,1.2,13.2,14.4,2021,8,2
25,10,0,2,-5,40.0,20.0,0.4,1.0,7.8,6.6,2.2,2.8,3.4,2.8,1.4,2.0,15.6,16.4,2021,8,0
18,9,1,2,-2,60.0,60.0,2.4,1.4,20.2,15.0,7.2,6.4,6.8,4.6,1.6,0.4,7.2,5.6,2021,8,0
17,26,2,0,-10,20.0,20.0,0.6,1.0,16.6,11.8,5.8,4.2,6.8,6.6,1.2,2.2,9.2,11.8,2021,8,2
35,6,2,1,-8,40.0,20.0,0.8,0.6,13.4,11.2,4.4,4.2,5.0,6.0,1.6,1.0,12.2,8.8,2021,9,2
1,19,1,3,14,20.0,40.0,1.2,1.0,12.6,11.6,4.0,4.4,5.2,4.6,1.4,0.2,11.4,13.4,2021,9,0
33,11,0,1,4,60.0,60.0,2.0,0.8,9.6,8.6,4.0,2.4,3.8,2.8,1.4,0.4,17.0,16.4,2021,9,0
0,32,3,1,-10,20.0,20.0,0.6,1.4,11.0,10.0,2.8,3.2,5.2,3.4,1.4,1.6,9.6,14.2,2021,9,2
12,7,0,2,8,20.0,40.0,0.4,1.8,11.2,11.0,3.8,4.6,6.0,4.6,1.4,2.2,8.2,16.6,2021,10,0
19,16,1,2,-2,80.0,40.0,2.4,1.6,15.2,15.4,6.4,5.8,6.0,8.2,1.2,1.4,7.6,7.8,2021,11,0
26,10,3,1,-3,20.0,40.0,1.4,1.4,9.8,9.2,4.0,3.8,3.4,4.4,1.6,1.6,11.4,14.4,2021,11,2
9,0,0,1,-4,40.0,60.0,1.2,2.4,14.2,15.2,6.4,4.8,4.2,5.4,1.0,1.0,10.6,8.8,2021,12,0
1,11,0,0,5,20.0,60.0,1.4,0.6,13.0,8.6,4.8,1.8,5.2,3.6,2.0,0.4,13.0,15.6,2021,13,1
19,17,2,4,2,80.0,60.0,2.0,1.6,13.2,15.2,5.6,6.0,5.6,5.4,1.0,0.8,8.8,8.8,2021,13,0
21,18,3,4,11,20.0,100.0,1.4,2.0,14.8,13.4,5.0,4.0,3.6,4.6,1.6,0.2,15.0,6.4,2021,14,0
7,15,0,4,-8,0.0,40.0,0.8,0.8,11.8,12.2,4.0,3.4,6.0,6.8,1.2,1.4,14.4,18.0,2021,15,0
26,12,3,1,-7,40.0,20.0,1.8,0.6,11.0,10.8,4.6,3.6,5.0,4.0,1.4,1.2,11.6,12.0,2021,15,2
6,33,1,1,-1,40.0,40.0,1.4,1.6,16.6,12.6,4.2,3.8,6.8,3.8,0.8,1.8,6.6,13.8,2021,15,1
10,1,3,2,-3,20.0,40.0,0.4,1.0,5.4,12.4,2.2,4.8,2.0,4.0,1.2,1.0,16.4,14.6,2021,16,2
30,35,2,0,-1,80.0,20.0,3.0,0.8,14.4,11.4,5.8,4.0,4.4,4.0,1.0,1.2,9.0,14.8,2021,16,2
32,17,1,2,17,40.0,80.0,1.0,2.2,11.0,15.6,3.6,6.8,5.8,3.8,0.4,0.6,13.8,10.2,2021,16,0
11,25,0,1,3,20.0,0.0,1.2,0.2,14.0,6.0,4.4,1.2,4.6,4.2,1.4,2.6,12.2,17.4,2021,16,0
19,12,1,1,-15,60.0,20.0,1.8,0.8,13.8,9.6,4.8,3.4,5.6,4.4,1.6,1.8,10.2,13.6,2021,18,1
26,15,0,2,-7,60.0,60.0,2.2,1.6,12.4,11.8,5.8,3.2,5.6,6.6,1.4,1.2,11.8,18.2,2021,18,0
6,18,3,2,13,40.0,100.0,1.4,2.6,13.6,13.4,3.6,4.6,4.8,5.0,0.6,0.8,9.0,7.2,2021,18,2
9,16,2,1,-1,40.0,40.0,1.2,1.6,14.4,14.6,6.2,5.0,5.4,7.4,1.2,1.4,9.4,6.4,2021,18,2
11,35,1,0,5,0.0,20.0,1.0,0.6,15.8,11.6,5.4,3.8,6.0,3.6,1.6,1.4,12.4,15.8,2021,19,2
21,25,1,0,4,20.0,20.0,1.8,0.4,13.2,7.2,4.6,1.4,3.8,4.2,2.2,2.4,15.2,17.6,2021,19,2
30,1,1,2,-11,80.0,20.0,2.6,1.2,16.0,14.4,7.0,5.0,5.8,4.4,1.0,1.6,10.0,16.6,2021,19,0
10,0,1,3,6,40.0,60.0,1.0,2.0,9.4,13.8,3.8,4.4,3.2,4.2,1.6,0.8,17.0,11.0,2021,19,0
7,17,0,3,9,0.0,80.0,0.8,2.2,13.8,17.6,4.6,6.4,6.2,5.8,2.0,0.8,15.6,10.6,2021,19,0
32,33,1,3,2,20.0,40.0,1.0,1.6,11.8,13.8,3.8,3.8,6.2,4.0,0.8,1.6,16.0,13.8,2021,19,0
0,6,2,0,-7,40.0,20.0,1.2,0.8,12.6,9.2,4.0,3.6,6.2,6.2,1.4,1.2,9.0,10.8,2021,23,2
1,9,2,1,13,20.0,80.0,1.4,1.6,14.0,15.6,5.0,6.8,6.0,3.8,1.6,0.4,14.2,8.0,2021,23,2
12,21,0,2,5,0.0,40.0,0.2,1.4,12.4,8.6,3.0,4.2,6.4,4.0,1.8,1.4,10.2,19.0,2021,23,0
15,32,3,1,0,40.0,20.0,1.2,1.6,12.8,10.4,5.4,2.8,6.6,3.6,0.6,2.2,13.6,16.0,2021,23,2
16,30,2,4,-1,60.0,20.0,2.4,1.6,15.8,9.8,6.6,3.4,6.6,4.6,1.4,1.8,6.8,15.4,2021,23,0
17,10,2,0,-13,40.0,20.0,1.0,1.2,16.4,10.8,5.8,4.2,7.0,6.0,0.8,2.0,9.8,12.0,2021,23,2
18,11,5,0,-10,40.0,40.0,2.2,0.4,21.4,9.4,7.4,2.2,7.2,3.2,1.8,0.4,7.8,16.0,2021,23,2
25,7,1,0,-1,40.0,60.0,0.4,2.2,7.6,11.8,1.8,5.0,3.6,4.6,1.4,1.4,16.6,17.6,2021,23,2
33,26,3,0,5,40.0,20.0,1.6,1.0,11.0,12.4,3.2,5.2,3.8,5.4,1.4,2.4,14.8,13.2,2021,23,2
35,19,1,2,4,40.0,60.0,1.0,1.6,13.6,13.0,4.6,5.0,5.6,5.0,1.8,0.4,9.6,12.0,2021,23,0
19,15,5,1,-7,40.0,80.0,1.8,2.0,13.4,11.4,5.2,4.2,5.6,6.4,1.8,0.8,10.4,18.6,2021,14,2
7,6,1,2,1,0.0,0.0,0.6,0.4,13.4,8.6,4.0,2.6,6.4,5.8,2.4,1.4,16.6,12.2,2021,14,0
9,10,3,0,-10,40.0,20.0,1.2,1.0,14.0,10.8,5.6,4.8,5.2,5.2,1.4,1.6,9.4,13.4,2021,14,2
11,26,3,1,-5,20.0,0.0,1.0,0.6,15.8,12.8,5.4,5.2,6.0,5.4,1.2,3.0,11.4,14.4,2021,14,2
16,35,1,0,-8,40.0,20.0,1.8,0.4,14.0,12.2,5.8,4.2,6.4,5.6,2.2,0.8,8.8,14.2,2021,14,2
31,1,3,2,7,40.0,40.0,1.2,1.6,8.8,15.2,2.6,5.0,2.6,4.0,2.0,1.6,14.4,16.8,2021,14,2
22,17,0,3,15,0.0,80.0,0.0,2.6,9.4,19.2,1.4,6.2,4.4,6.8,2.2,0.8,16.8,10.6,2021,14,0
21,33,2,4,6,40.0,60.0,1.8,2.2,14.0,16.6,5.0,5.6,4.4,5.0,2.0,1.6,14.4,13.6,2021,15,0
30,18,1,0,6,60.0,80.0,2.0,2.4,15.6,13.4,6.8,4.0,6.4,5.2,1.2,1.4,13.0,10.4,2021,15,2
17,7,2,0,-14,60.0,40.0,1.4,1.8,18.8,11.0,6.6,4.6,8.8,5.6,0.6,1.4,8.6,17.2,2021,21,2
1,21,2,0,-1,20.0,60.0,1.2,1.8,12.4,8.8,4.8,4.0,5.6,3.4,1.6,1.4,15.8,19.2,2021,21,2
15,11,2,2,-1,60.0,40.0,1.8,0.4,14.8,9.6,6.4,2.6,6.6,3.6,0.8,1.0,13.4,16.4,2021,21,1
18,22,5,0,-17,40.0,0.0,2.4,0.2,21.2,7.8,7.6,2.8,6.6,2.2,1.6,2.6,8.2,17.0,2021,21,2
6,31,2,0,-2,60.0,0.0,1.8,0.6,16.0,12.0,4.4,4.0,4.6,5.8,0.6,2.2,9.0,12.6,2021,21,2
26,19,1,1,13,60.0,80.0,2.0,2.0,14.2,12.6,5.6,5.6,5.6,4.2,1.4,0.6,13.2,13.2,2021,22,1
35,30,0,1,6,40.0,40.0,1.2,2.2,14.4,10.8,4.4,3.6,6.2,5.4,2.0,1.8,9.0,14.8,2021,22,0
0,9,0,2,4,40.0,60.0,1.2,1.6,13.2,18.0,4.4,7.2,7.2,5.2,1.2,0.8,8.8,7.8,2021,22,0
33,16,4,1,1,40.0,40.0,1.8,1.6,10.6,13.0,3.6,4.8,3.0,6.8,1.4,1.6,14.8,7.4,2021,23,2
18,0,5,0,-7,60.0,80.0,3.4,1.8,19.8,13.2,7.2,3.8,6.6,4.8,1.2,0.6,6.8,10.2,2021,28,2
6,11,0,2,6,60.0,40.0,1.6,0.8,16.4,11.4,3.8,4.0,5.4,4.0,0.6,1.4,10.4,15.2,2021,28,0
21,26,2,2,-3,40.0,0.0,1.8,0.4,13.0,11.8,4.4,4.6,4.4,6.0,2.4,2.6,13.8,13.8,2021,28,1
22,16,1,2,13,0.0,20.0,0.0,1.4,10.4,12.4,1.8,4.2,3.2,5.6,2.2,2.2,16.2,8.6,2021,28,0
33,10,2,2,-8,60.0,20.0,2.0,0.8,10.2,9.0,4.0,3.8,4.4,4.8,1.0,2.0,12.6,13.0,2021,28,1
17,9,1,1,-1,80.0,80.0,1.8,2.0,21.0,19.4,7.8,6.6,8.6,5.8,0.4,0.8,8.4,7.6,2021,28,1
7,15,1,1,8,0.0,60.0,0.6,1.8,14.4,10.8,3.6,4.0,7.4,5.8,2.6,1.6,16.4,19.2,2021,29,1
30,31,1,0,-11,80.0,0.0,2.0,0.6,15.8,12.0,6.8,3.4,5.6,4.6,0.6,2.4,14.2,13.2,2021,29,2
35,19,0,1,11,40.0,60.0,0.8,1.8,15.4,14.0,4.6,5.2,6.4,5.2,1.6,0.8,8.8,10.2,2021,29,0
10,30,3,0,7,20.0,40.0,1.0,2.0,10.4,10.6,4.2,4.2,3.6,4.6,2.2,1.8,16.4,18.2,2021,11,2
0,22,1,0,-10,40.0,0.0,1.2,0.2,13.8,5.6,4.6,1.8,8.8,1.4,1.0,3.4,10.0,18.2,2021,11,2
16,18,0,1,4,60.0,60.0,2.0,2.0,14.8,14.8,6.4,4.0,7.2,7.2,1.8,1.6,10.0,12.0,2021,11,0
19,21,4,1,-10,40.0,60.0,2.4,1.8,13.6,10.0,5.4,4.0,5.6,4.0,1.8,1.2,11.4,19.0,2021,11,2
26,33,0,0,9,40.0,60.0,1.6,2.4,11.0,16.4,4.4,6.2,5.8,5.8,1.2,1.6,14.8,13.0,2021,11,1
31,35,0,2,5,60.0,20.0,1.6,0.4,9.8,13.6,3.2,4.4,2.6,5.8,2.2,1.0,13.6,14.2,2021,11,0
9,1,3,0,-7,60.0,40.0,1.4,1.8,13.0,14.4,5.2,4.2,4.2,4.4,0.4,2.0,7.4,17.0,2021,11,2
15,17,0,3,6,40.0,80.0,1.8,2.6,13.6,19.8,5.6,6.4,7.2,8.6,1.0,0.8,15.0,12.8,2021,12,0
11,7,3,1,-7,40.0,40.0,1.4,1.4,15.6,11.4,5.2,4.2,6.6,5.0,1.2,1.2,10.0,17.8,2021,13,2
21,15,1,1,3,20.0,40.0,1.6,1.6,11.8,12.8,3.8,4.0,4.6,6.2,2.4,1.6,15.0,15.8,2021,17,1
7,0,0,1,9,0.0,60.0,0.6,1.2,12.0,10.6,3.4,2.8,5.8,4.0,2.4,1.6,16.8,13.8,2021,18,0
17,10,3,0,-11,60.0,20.0,1.6,1.0,21.2,10.0,7.2,3.8,9.6,5.0,0.4,2.0,7.8,13.2,2021,18,2
18,26,0,0,-14,60.0,0.0,3.4,0.8,21.4,13.4,7.2,5.0,8.4,4.8,0.8,2.4,4.8,12.8,2021,18,1
22,31,1,3,0,0.0,0.0,0.2,0.6,11.4,11.8,2.4,3.0,3.8,3.8,2.4,2.4,15.6,14.4,2021,18,0
1,11,3,0,1,40.0,40.0,1.2,1.0,9.4,12.6,3.4,4.8,4.4,4.4,1.0,1.4,14.8,15.2,2021,18,2
6,16,2,1,11,60.0,40.0,1.6,1.4,14.6,11.2,3.8,3.8,4.2,5.6,1.0,1.8,11.6,10.6,2021,19,2
33,19,1,2,4,40.0,60.0,1.8,1.4,12.2,13.6,4.0,4.4,5.2,5.6,1.0,0.6,11.4,10.8,2021,19,0
30,9,0,3,3,80.0,60.0,1.8,1.4,16.4,16.0,7.8,5.2,6.6,4.8,0.4,0.8,14.0,12.2,2021,19,0
9,18,0,1,3,80.0,60.0,2.0,1.8,14.0,17.2,5.2,5.0,5.0,6.6,0.4,1.4,8.8,11.6,2021,25,0
19,1,0,1,-9,40.0,40.0,2.6,1.6,14.4,16.2,5.0,4.4,5.4,6.6,1.8,2.2,11.8,14.8,2021,25,0
11,22,2,0,-8,60.0,0.0,1.6,0.2,14.8,6.0,5.0,1.6,6.2,1.8,1.0,2.8,9.8,21.6,2021,25,2
15,33,1,2,3,40.0,60.0,1.6,2.0,13.0,15.8,5.4,5.6,5.6,5.0,1.4,1.0,17.6,12.0,2021,25,0
16,7,2,2,-12,40.0,40.0,1.4,1.4,12.6,11.6,5.2,4.8,6.8,5.6,2.0,1.2,14.2,17.2,2021,25,1
31,21,1,1,6,60.0,40.0,1.4,1.6,9.4,10.4,3.6,3.6,2.8,4.0,2.0,1.8,14.2,18.4,2021,25,1
26,35,0,1,2,40.0,20.0,1.4,0.6,12.2,15.0,4.4,4.8,6.8,6.6,1.0,1.0,12.8,12.6,2021,26,0
0,30,3,1,1,60.0,40.0,1.2,1.6,16.2,8.8,5.0,3.4,8.2,4.4,0.8,2.0,11.4,17.4,2021,26,2
10,6,1,1,-2,40.0,40.0,1.4,0.8,13.8,9.0,4.8,3.6,5.2,6.4,1.4,1.2,12.2,12.0,2021,27,1
19,11,1,1,-8,40.0,20.0,2.4,0.8,19.2,13.0,5.6,4.4,5.8,4.0,1.6,2.0,10.8,16.0,2021,2,1
7,22,0,0,-1,0.0,0.0,0.4,0.0,14.0,5.6,3.4,1.4,6.4,2.0,2.2,2.8,15.0,22.0,2021,2,1
9,26,3,1,-11,60.0,0.0,1.6,0.6,13.2,13.4,4.2,4.4,5.6,4.8,0.6,2.0,9.8,14.0,2021,2,2
15,31,1,0,-9,40.0,20.0,1.8,1.2,14.8,12.8,5.8,4.0,6.2,4.8,1.8,2.0,18.4,12.6,2021,2,2
35,21,2,1,1,20.0,40.0,0.6,1.6,16.2,13.0,4.4,4.0,6.0,4.6,1.4,1.8,8.2,17.0,2021,2,2
6,0,0,0,8,60.0,60.0,1.6,1.0,13.6,9.4,3.8,2.4,4.6,3.2,1.2,1.6,12.2,16.4,2021,2,1
10,16,2,2,9,40.0,40.0,1.6,1.4,13.6,9.4,4.6,2.6,6.0,5.4,1.2,2.0,9.8,12.0,2021,3,1
30,1,2,1,-4,60.0,40.0,1.0,1.4,14.0,15.0,6.0,4.0,6.4,6.4,1.0,2.0,16.4,17.2,2021,3,2
17,18,2,2,2,80.0,60.0,2.0,1.6,21.8,16.2,7.4,5.2,10.4,8.0,0.2,1.4,9.0,10.8,2021,3,1
31,17,0,5,15,40.0,80.0,1.2,2.8,10.6,22.2,3.6,6.4,3.0,10.6,2.0,0.8,15.8,11.0,2021,16,0
1,35,2,3,-2,60.0,40.0,1.6,0.6,10.2,12.0,3.0,3.4,4.4,6.4,0.4,0.8,13.4,14.2,2021,16,0
16,19,4,2,3,20.0,80.0,1.4,1.8,14.4,13.8,5.2,5.6,7.0,6.6,2.2,0.8,15.2,12.2,2021,16,2
18,7,2,0,-16,60.0,20.0,3.2,1.0,19.2,10.6,6.0,4.0,8.2,5.4,0.4,1.6,6.4,19.2,2021,16,2
22,6,0,0,2,0.0,40.0,0.4,1.0,11.4,7.2,3.2,3.6,4.6,5.0,2.8,1.2,16.4,12.2,2021,16,1
26,15,1,0,6,20.0,40.0,0.8,1.8,13.2,15.0,4.4,5.4,5.4,5.4,1.0,1.4,11.6,15.8,2021,16,2
11,33,0,1,4,80.0,60.0,1.8,2.0,13.8,15.4,5.2,6.2,6.8,5.6,0.6,1.0,9.2,13.4,2021,17,0
21,30,2,3,5,20.0,40.0,1.8,1.4,14.2,8.4,5.0,3.6,4.8,4.6,2.2,2.2,15.6,16.2,2021,17,0
0,10,2,2,-6,80.0,0.0,1.8,0.6,15.8,8.4,5.8,2.6,7.6,3.8,0.8,2.6,11.8,16.8,2021,18,1
0,1,3,1,-3,60.0,40.0,1.6,1.2,16.2,14.0,5.6,3.6,7.6,6.6,1.0,1.8,11.2,16.0,2021,22,2
9,22,7,0,-14,80.0,0.0,2.2,0.0,13.4,7.2,5.0,1.8,5.2,2.8,0.6,2.6,10.0,20.4,2021,23,2
10,21,1,1,2,20.0,20.0,1.4,1.0,12.6,11.8,3.8,3.2,4.8,4.2,1.2,1.8,7.8,13.4,2021,23,1
11,31,2,5,-8,80.0,20.0,1.8,1.0,13.6,11.0,4.4,3.6,6.0,4.8,0.6,1.6,10.4,14.6,2021,23,0
15,35,1,1,-4,40.0,60.0,1.4,1.2,15.6,10.8,5.2,3.6,5.8,7.2,1.6,0.8,17.2,12.2,2021,23,1
26,7,2,2,-2,20.0,0.0,0.4,0.6,14.8,9.2,4.0,3.4,5.8,5.0,0.8,2.0,10.2,18.0,2021,23,1
6,18,1,4,15,60.0,40.0,1.4,1.2,15.8,15.6,3.8,4.6,5.6,7.8,1.0,1.2,10.8,9.8,2021,23,0
33,30,1,0,-1,40.0,60.0,2.2,1.8,14.4,9.0,5.4,3.8,6.0,5.2,1.4,2.0,12.2,14.4,2021,24,2
19,17,0,5,-1,40.0,80.0,2.2,3.4,18.2,20.8,6.2,6.8,6.6,9.8,1.0,0.6,9.8,10.2,2021,24,0
16,0,0,2,-3,40.0,40.0,1.8,0.8,13.8,10.0,5.6,2.4,6.0,4.0,1.8,1.6,16.0,16.8,2021,30,0
17,6,2,2,-13,60.0,40.0,2.0,0.8,20.2,8.4,7.0,3.6,9.4,4.8,0.6,0.8,9.0,12.0,2021,30,1
18,10,0,2,-13,80.0,0.0,3.4,0.8,19.0,8.0,6.4,3.0,8.2,3.0,0.0,2.4,5.4,17.6,2021,30,0
21,9,0,3,8,20.0,60.0,1.6,1.6,13.4,15.2,4.2,5.2,4.4,7.2,2.0,0.6,15.4,12.2,2021,30,0
31,26,0,1,3,20.0,0.0,0.8,0.8,8.4,12.2,3.0,3.6,2.8,4.4,2.8,2.2,18.0,15.2,2021,30,0
30,19,0,3,5,60.0,60.0,1.0,1.6,12.6,13.8,5.0,5.4,5.4,6.0,1.2,1.4,16.2,14.4,2021,30,0
22,15,1,2,9,0.0,20.0,0.4,1.0,12.2,12.4,3.4,4.2,6.0,4.0,2.0,1.6,14.8,16.4,2021,31,0
1,33,1,4,5,60.0,80.0,2.0,2.0,10.4,15.6,3.6,6.4,3.8,6.8,1.0,0.8,12.2,14.4,2021,31,0
35,11,2,1,3,20.0,20.0,0.6,1.0,14.4,12.4,3.8,3.8,4.0,4.0,1.4,2.2,8.8,16.0,2021,1,2
26,1,1,0,4,20.0,20.0,0.8,1.0,14.4,12.0,4.2,3.6,6.2,6.4,0.8,2.2,9.0,18.4,2021,5,2
19,18,0,2,1,40.0,60.0,2.0,1.6,18.0,18.6,5.8,6.6,6.6,8.4,1.8,0.8,12.0,8.0,2021,6,0
5,22,1,2,0,20.0,0.0,1.2,0.0,11.8,6.8,4.0,1.2,3.8,2.8,1.4,3.0,11.4,18.8,2021,6,0
9,7,1,1,-13,80.0,0.0,3.2,1.0,14.6,9.0,6.4,3.8,5.0,3.6,0.4,2.2,9.2,18.8,2021,6,1
10,35,2,0,1,20.0,60.0,1.4,1.4,13.2,10.6,3.2,3.8,4.2,5.4,0.8,0.8,7.8,13.0,2021,6,2
6,21,1,1,4,40.0,0.0,1.0,0.8,14.0,11.0,3.6,2.8,6.0,4.8,1.4,2.0,13.8,13.6,2021,6,1
0,31,1,0,-10,60.0,40.0,1.8,1.6,17.4,11.2,6.4,4.0,6.8,4.2,1.2,1.4,12.2,15.0,2021,7,2
11,30,0,0,3,60.0,40.0,2.0,1.0,13.8,8.2,4.4,3.8,5.2,4.6,1.6,1.8,12.6,15.0,2021,7,1
15,16,1,1,4,20.0,40.0,1.0,1.6,15.8,9.4,4.2,3.6,5.4,4.6,1.6,2.0,16.0,14.4,2021,7,1
33,17,3,2,3,40.0,80.0,1.8,3.8,14.2,20.6,4.8,7.8,6.0,9.0,1.4,0.6,10.2,10.6,2021,7,2
16,9,0,3,1,40.0,80.0,1.4,2.0,15.0,14.4,6.0,5.0,5.8,5.8,1.4,0.2,15.6,12.2,2021,20,0
1,6,2,0,-5,40.0,40.0,1.8,1.2,11.0,9.2,3.6,4.6,4.0,4.8,1.6,0.8,11.8,11.6,2021,20,2
7,10,3,3,3,20.0,20.0,1.0,1.2,14.6,8.6,3.8,2.8,6.6,3.0,1.0,2.0,12.2,16.6,2021,20,1
21,5,3,3,-6,0.0,40.0,1.4,1.2,11.4,11.4,3.4,3.8,3.4,3.4,2.6,1.0,17.0,11.6,2021,20,1
22,26,2,1,3,0.0,20.0,0.6,1.0,13.8,11.2,3.6,2.8,5.8,5.4,2.0,1.6,12.8,14.4,2021,20,2
31,19,4,1,16,20.0,60.0,0.8,1.8,10.0,14.0,3.8,5.4,3.8,6.0,2.2,1.2,15.2,13.4,2021,20,2
35,33,1,0,7,40.0,80.0,0.8,2.2,13.6,15.6,3.8,6.4,3.6,6.4,1.2,0.8,9.8,13.4,2021,20,2
17,0,4,0,-5,40.0,40.0,2.0,0.6,19.2,10.6,6.6,2.8,7.6,3.8,1.0,1.4,9.8,17.6,2021,20,2
18,11,3,0,-9,60.0,20.0,2.4,1.2,17.6,13.6,4.8,4.2,8.2,3.6,0.4,1.6,5.4,13.8,2021,21,2
30,15,2,1,-2,60.0,20.0,0.8,1.0,12.4,12.0,4.2,4.0,6.6,3.0,1.4,1.8,14.2,15.6,2021,21,2
0,21,2,0,-4,80.0,0.0,2.0,1.0,19.0,10.4,7.0,2.8,5.8,5.0,0.8,1.8,9.2,14.4,2021,27,2
10,1,1,2,3,40.0,20.0,1.8,0.6,14.4,12.6,4.0,3.8,4.4,7.2,0.8,1.8,5.8,17.6,2021,27,0
17,26,4,0,-12,40.0,20.0,2.4,1.0,17.6,13.4,6.6,3.2,7.2,5.2,1.0,1.4,9.0,13.2,2021,27,2
22,35,0,0,5,20.0,60.0,1.0,1.4,12.6,8.0,3.8,3.6,6.2,5.8,1.6,1.0,12.4,13.8,2021,27,1
6,15,0,0,7,20.0,20.0,0.8,1.0,14.2,13.6,4.0,4.8,5.0,3.8,1.6,1.2,13.0,15.0,2021,27,1
5,11,1,0,8,0.0,20.0,1.0,0.8,14.0,11.0,4.8,2.8,4.6,2.8,1.8,1.8,8.8,13.8,2021,28,2
16,31,4,2,-13,20.0,40.0,1.2,1.6,14.0,10.6,5.6,4.0,5.4,4.2,2.0,1.2,15.4,15.2,2021,28,2
18,33,2,1,-5,60.0,60.0,2.0,1.4,17.8,15.6,5.4,5.2,8.4,5.8,0.4,0.6,6.0,13.0,2021,28,2
9,19,1,1,2,60.0,60.0,2.8,1.8,17.0,12.8,6.0,5.2,6.8,5.2,0.6,1.8,9.4,15.8,2021,28,1
21,22,1,1,-6,0.0,20.0,1.6,0.4,12.6,8.4,4.6,2.2,3.6,3.0,2.4,2.2,17.4,19.4,2021,30,1
15,10,1,0,-5,20.0,20.0,0.8,1.8,16.0,11.4,4.4,4.2,5.8,3.8,1.4,2.0,14.4,17.0,2021,30,2
26,16,2,2,10,40.0,40.0,0.8,1.6,14.6,10.2,4.2,4.0,6.8,5.6,0.6,1.4,8.8,15.4,2021,1,1
31,9,1,2,14,20.0,80.0,1.0,2.2,11.4,13.2,3.8,5.4,5.2,5.2,2.0,0.2,14.8,11.8,2021,1,0
33,6,1,1,-10,40.0,20.0,1.6,0.8,13.0,7.6,4.0,3.4,4.6,5.0,1.6,1.0,12.4,10.6,2021,1,1
35,7,0,0,-4,60.0,0.0,1.0,1.2,11.6,8.2,3.6,3.6,4.0,3.2,1.0,2.0,9.8,18.4,2021,1,1
1,18,1,2,10,40.0,80.0,1.8,2.0,10.8,18.2,4.2,6.8,4.4,8.0,1.6,0.6,11.2,6.4,2021,1,0
11,17,1,4,7,40.0,60.0,1.4,3.6,13.4,20.0,3.6,7.2,4.8,7.2,1.4,1.2,13.0,9.2,2021,1,0
30,5,2,0,-11,60.0,40.0,1.0,1.8,12.4,10.6,4.4,4.0,6.8,2.8,1.6,1.6,14.2,14.8,2021,2,2
19,0,3,2,-6,20.0,40.0,1.0,0.6,15.8,7.2,4.4,2.6,5.8,3.0,2.0,1.8,13.2,19.8,2021,2,2
33,9,3,2,2,40.0,100.0,1.4,2.4,13.0,13.6,4.4,5.6,5.4,4.6,1.4,0.2,12.4,9.6,2021,4,2
21,7,1,0,-5,0.0,0.0,1.4,1.0,12.4,7.2,3.8,2.6,3.2,3.0,2.2,1.4,16.2,18.8,2021,4,2
26,6,1,1,-1,40.0,0.0,1.2,0.8,15.4,8.6,5.0,3.6,6.2,4.8,1.0,1.2,9.2,12.0,2021,4,1
35,17,0,1,10,60.0,60.0,1.0,3.8,11.8,17.2,2.8,6.8,4.0,7.2,0.8,1.4,9.0,9.0,2021,4,0
31,18,1,3,17,20.0,80.0,1.2,2.2,12.8,16.6,4.6,6.6,5.2,8.6,2.0,0.8,13.6,7.0,2021,4,0
15,5,2,2,-9,40.0,40.0,1.0,1.6,17.2,10.0,4.2,4.0,6.8,3.4,0.8,1.8,10.2,15.6,2021,5,1
19,10,1,0,-12,20.0,20.0,0.8,1.4,14.4,11.4,5.0,4.0,5.0,4.0,2.2,1.8,14.2,17.2,2021,5,2
30,22,3,0,-11,60.0,20.0,1.2,0.6,11.6,9.6,4.0,3.2,7.0,3.2,1.6,2.2,13.6,15.2,2021,5,2
1,16,2,1,6,40.0,20.0,1.8,1.6,11.2,11.4,3.8,4.6,4.6,4.6,1.8,1.6,12.8,15.6,2021,5,2
11,0,2,1,2,20.0,40.0,1.0,1.0,12.2,10.4,2.8,4.2,4.6,4.6,2.0,1.4,14.0,17.6,2021,6,2
5,31,2,1,0,20.0,40.0,1.2,2.0,13.8,12.0,5.4,4.6,5.0,4.8,1.6,1.8,10.8,15.8,2021,10,2
18,35,1,0,-12,60.0,40.0,1.4,1.0,16.6,6.2,5.2,3.0,7.2,4.8,0.6,1.0,6.8,15.4,2021,11,2
0,26,3,0,-7,80.0,20.0,2.2,0.6,17.8,10.4,6.8,2.6,5.0,5.8,0.8,1.8,9.0,15.2,2021,11,2
9,15,3,2,-5,40.0,20.0,2.4,0.8,19.4,13.4,6.4,5.2,9.0,3.0,0.8,1.0,6.4,16.6,2021,11,2
17,1,1,0,-8,60.0,40.0,3.0,1.0,16.8,11.0,6.4,3.2,5.8,5.6,0.8,1.4,9.2,16.8,2021,11,2
22,19,0,1,16,20.0,40.0,0.8,1.8,12.6,11.4,3.8,5.0,5.2,4.2,1.2,2.0,11.6,17.6,2021,11,0
7,33,0,0,11,20.0,60.0,1.4,1.6,14.8,14.0,5.0,5.2,5.8,5.8,1.2,1.0,13.0,14.6,2021,12,1
16,21,4,0,-7,40.0,0.0,2.0,0.8,16.4,9.8,7.0,3.2,6.0,5.2,2.2,1.4,13.6,15.0,2021,12,2
10,11,3,1,4,20.0,0.0,1.4,0.4,12.4,11.0,3.8,2.8,4.2,2.4,1.2,2.0,7.4,12.2,2021,12,2
22,1,0,2,7,20.0,20.0,0.6,0.8,12.4,10.4,3.8,2.6,6.0,5.2,0.8,1.6,11.8,15.2,2021,14,0
18,15,7,0,-8,80.0,20.0,1.6,1.0,17.8,11.4,7.0,4.4,8.4,2.4,0.6,1.4,5.2,16.4,2021,14,2
6,35,0,1,3,20.0,20.0,0.8,0.8,15.4,5.6,4.2,2.6,5.4,4.0,1.2,1.2,12.4,16.6,2021,15,0
10,26,2,2,-1,40.0,20.0,1.8,0.6,14.2,10.6,4.4,3.4,4.6,6.4,1.2,2.4,8.2,14.6,2021,15,1
0,33,2,0,2,80.0,40.0,2.2,1.2,18.4,13.2,6.4,4.4,6.0,5.2,0.6,0.8,9.2,13.4,2021,15,2
9,11,1,1,-6,60.0,0.0,3.0,0.6,21.6,11.2,7.6,3.8,9.2,2.0,1.0,2.0,5.8,12.6,2021,16,1
17,21,3,1,-9,60.0,0.0,2.6,0.6,15.8,8.2,5.4,2.6,6.0,5.2,0.8,2.0,7.4,13.6,2021,16,2
15,0,1,4,1,40.0,20.0,1.2,1.0,16.8,9.8,4.4,4.2,6.8,4.6,0.8,1.8,8.0,16.2,2021,18,0
21,18,0,4,11,20.0,80.0,1.4,2.6,12.8,18.8,3.2,8.4,4.4,8.2,2.0,1.0,13.8,8.2,2021,19,0
35,9,0,0,9,60.0,80.0,1.0,2.2,10.2,13.4,3.0,5.0,3.6,4.2,0.6,0.8,10.6,10.2,2021,19,1
30,17,2,2,4,80.0,80.0,1.8,3.4,13.4,17.4,5.0,6.6,7.2,6.6,1.0,0.8,11.6,7.2,2021,19,1
18,16,6,3,-4,80.0,20.0,2.6,1.6,21.0,11.0,8.8,5.0,8.4,4.0,0.6,1.6,5.0,15.8,2021,26,2
22,0,0,5,10,20.0,40.0,0.6,1.8,10.8,12.4,3.8,6.2,5.8,4.4,1.2,2.0,13.0,13.8,2021,26,0
30,10,3,0,-7,60.0,20.0,1.8,1.4,12.0,10.4,4.4,4.0,7.4,4.2,1.2,1.4,12.4,15.4,2021,26,2
33,26,2,3,-9,60.0,20.0,1.8,0.8,12.6,12.4,4.6,3.8,5.2,7.2,1.4,2.2,12.8,12.4,2021,26,0
1,9,1,3,7,40.0,60.0,1.6,2.0,10.8,14.0,4.0,5.0,4.2,5.0,2.0,0.8,13.0,7.6,2021,26,0
6,5,2,0,-2,0.0,20.0,0.4,1.6,15.4,10.0,3.6,4.0,6.0,3.2,1.2,2.2,11.2,16.0,2021,26,2
21,19,1,1,10,20.0,40.0,1.0,1.6,12.4,10.6,3.2,4.0,4.6,3.2,2.2,1.8,14.6,17.2,2021,27,1
10,22,3,0,-4,40.0,20.0,1.8,0.6,12.4,9.6,4.8,3.0,5.2,3.2,1.2,2.4,9.4,16.4,2021,28,2
26,30,1,1,8,40.0,20.0,1.4,0.8,14.6,8.2,4.6,2.6,6.4,4.2,1.0,1.8,11.0,12.4,2021,28,1
31,33,1,4,12,20.0,20.0,1.2,1.0,12.0,11.4,4.6,3.8,5.2,3.8,2.4,1.2,14.8,14.6,2021,28,0
16,17,1,0,2,60.0,60.0,2.4,2.8,13.6,17.2,7.0,6.2,5.2,5.6,1.8,1.2,14.2,8.0,2021,28,2
9,6,1,1,-12,40.0,0.0,2.6,0.8,22.2,9.8,7.8,3.6,9.2,4.2,1.0,1.2,5.6,13.2,2021,29,1
5,18,0,1,17,40.0,100.0,1.0,3.0,14.2,20.0,5.6,9.2,6.2,8.6,1.2,0.6,8.8,8.0,2021,29,0
19,7,3,1,-15,40.0,0.0,1.0,0.6,12.0,7.4,4.8,2.2,5.8,2.8,2.0,1.2,14.4,18.2,2021,30,2
0,18,1,2,7,100.0,100.0,2.2,2.4,19.2,17.8,6.8,7.0,5.8,8.4,0.2,0.4,8.8,7.2,2022,1,0
31,30,0,1,11,20.0,20.0,1.4,1.0,13.6,12.0,5.2,4.6,5.8,5.2,2.2,1.4,13.6,10.6,2022,1,0
10,33,2,3,8,60.0,20.0,2.2,1.0,13.2,9.8,5.4,3.2,6.2,3.6,1.0,1.2,10.6,15.6,2022,1,0
5,1,2,1,7,40.0,40.0,1.0,1.0,12.0,11.0,4.6,3.2,5.8,5.6,1.2,1.2,10.2,13.2,2022,2,2
11,6,2,3,-6,20.0,0.0,1.0,1.0,12.2,11.2,3.0,4.2,4.0,5.0,2.2,1.4,14.0,12.4,2022,2,0
15,7,3,1,-8,20.0,0.0,1.2,0.8,14.6,8.0,4.0,2.4,5.8,3.4,1.6,1.4,11.2,18.8,2022,2,2
9,17,2,2,1,20.0,40.0,1.4,1.8,19.8,17.6,6.2,5.4,10.2,7.4,1.2,1.4,8.6,6.8,2022,2,1
19,35,0,1,-11,60.0,20.0,1.4,0.4,13.0,5.4,4.8,2.8,5.2,3.4,2.0,0.8,14.0,16.2,2022,3,0
26,5,4,1,-3,20.0,0.0,1.4,1.2,12.6,10.6,4.0,4.0,5.4,3.8,1.2,2.4,14.6,15.4,2022,11,2
33,22,2,0,-12,60.0,20.0,2.0,0.6,11.2,10.0,4.6,3.2,5.0,3.8,1.6,3.0,12.4,17.4,2022,12,2
6,10,1,1,2,20.0,20.0,0.8,1.0,14.2,9.4,4.2,2.8,5.6,3.8,1.2,1.6,12.8,15.4,2022,14,1
18,9,1,0,-3,100.0,60.0,3.8,2.0,21.6,12.2,10.0,4.6,9.8,5.6,0.8,1.0,6.2,8.0,2022,15,2
21,31,1,1,-6,20.0,20.0,1.2,1.6,13.8,10.8,4.6,3.4,5.0,3.6,1.8,2.0,13.4,16.2,2022,15,1
22,11,2,1,8,20.0,0.0,0.4,0.6,8.8,9.8,3.6,4.0,5.4,2.0,1.8,2.0,13.6,14.6,2022,15,2
35,26,3,1,-2,40.0,20.0,0.6,1.2,9.6,12.2,2.6,4.8,4.4,6.0,0.4,2.6,10.6,12.6,2022,15,2
1,19,2,2,9,40.0,40.0,1.4,1.4,9.6,9.6,3.2,3.6,3.4,3.4,2.0,1.2,13.2,15.4,2022,15,1
17,5,3,0,-15,80.0,0.0,2.8,1.2,19.2,9.2,6.2,3.8,7.6,3.8,0.6,2.6,5.8,14.8,2022,16,2
33,15,2,3,-3,60.0,20.0,2.2,1.0,11.2,12.0,4.8,5.0,6.8,2.6,1.6,2.6,12.4,18.8,2022,16,0
6,9,1,1,12,20.0,40.0,0.8,1.4,16.0,9.8,4.0,3.4,6.0,4.8,0.6,1.2,8.8,9.4,2022,18,1
16,30,2,3,-2,60.0,40.0,1.8,1.0,10.4,14.2,5.0,5.6,4.6,5.8,1.4,0.8,14.8,9.4,2022,19,0
5,19,1,3,16,60.0,20.0,1.2,1.2,11.0,10.2,4.4,4.0,4.6,4.2,1.0,1.6,11.4,16.2,2022,19,0
31,22,0,3,0,20.0,20.0,1.4,0.6,12.8,10.8,5.2,3.6,5.4,4.2,2.2,2.0,15.4,15.4,2022,21,0
11,1,0,1,-1,20.0,40.0,1.4,1.0,12.6,12.2,3.8,3.4,4.2,6.2,2.6,1.0,13.2,10.8,2022,22,0
5,35,1,2,5,60.0,40.0,1.2,0.4,10.8,7.6,4.6,3.2,4.6,4.4,1.2,0.6,12.2,14.4,2022,22,0
15,21,0,1,-3,40.0,0.0,1.6,0.6,15.4,7.4,4.6,2.6,6.4,4.4,1.6,2.2,11.2,16.8,2022,22,0
19,33,1,0,-4,60.0,40.0,1.4,1.6,12.4,10.2,4.4,3.6,4.6,3.2,1.2,1.4,14.0,17.0,2022,22,2
26,18,1,1,14,40.0,100.0,1.8,2.4,11.8,17.6,4.4,6.4,5.2,7.6,1.0,0.6,13.8,7.6,2022,22,1
0,7,0,0,-9,80.0,0.0,1.8,0.6,16.2,7.8,5.4,1.8,5.4,3.6,0.4,1.6,9.8,20.0,2022,23,1
10,17,1,3,11,40.0,40.0,2.2,1.8,15.0,16.4,5.4,5.6,7.2,8.4,1.6,1.2,11.8,8.4,2022,23,0
16,6,1,1,-11,60.0,20.0,2.2,1.2,10.0,11.8,4.2,4.0,3.8,5.4,1.6,1.4,18.4,13.0,2022,23,1
9,30,2,0,-3,20.0,40.0,1.6,1.0,17.8,16.8,6.6,6.8,8.6,5.6,1.4,0.8,9.6,10.8,2022,23,2
7,31,0,0,-1,20.0,20.0,1.2,1.8,14.2,13.4,4.6,4.2,6.0,4.2,1.0,2.0,13.8,14.6,2022,5,1
21,11,3,1,2,20.0,0.0,0.8,0.6,11.6,9.4,3.0,4.0,4.2,3.0,1.4,2.0,15.0,15.4,2022,8,2
33,31,1,0,-12,40.0,0.0,2.0,0.8,12.8,11.6,5.2,3.6,7.0,4.6,1.8,1.6,12.8,14.2,2022,8,2
7,19,1,1,15,20.0,40.0,1.2,1.6,13.2,11.0,4.4,4.4,5.2,5.4,0.8,1.0,13.4,15.8,2022,8,1
18,5,2,0,-17,100.0,0.0,3.4,0.6,20.4,8.4,9.8,3.2,10.2,3.4,0.8,2.6,6.2,15.6,2022,9,2
22,10,1,1,4,20.0,0.0,0.4,0.8,10.0,8.4,3.4,2.4,6.0,3.6,1.8,1.8,12.6,16.4,2022,9,1
30,26,2,3,-8,80.0,20.0,2.4,1.2,13.6,11.4,5.6,5.8,6.2,6.6,0.6,2.8,11.2,12.8,2022,9,0
1,15,3,3,2,40.0,20.0,1.6,1.2,10.4,13.0,4.4,4.8,3.4,3.2,1.6,2.8,11.6,19.0,2022,9,1
17,16,2,0,-2,100.0,20.0,3.0,1.8,21.8,12.0,8.2,5.6,8.4,4.2,0.2,2.4,5.2,15.6,2022,10,2
35,0,0,1,5,40.0,40.0,0.8,2.4,9.4,13.8,2.8,6.4,4.0,4.2,0.4,2.0,10.4,11.4,2022,10,0
19,26,1,1,-13,80.0,40.0,1.6,1.8,15.0,14.6,4.8,7.2,5.0,6.8,0.8,2.4,12.0,10.4,2022,12,1
5,10,0,0,4,40.0,0.0,1.2,0.4,11.8,7.4,4.0,1.8,5.2,3.6,1.6,1.4,10.8,14.4,2022,12,1
11,15,3,0,1,20.0,20.0,1.0,1.6,12.6,12.6,3.2,5.0,5.4,3.8,1.8,3.0,10.8,18.8,2022,12,2
31,6,0,2,2,0.0,20.0,0.6,1.4,11.8,13.4,4.6,4.6,4.6,5.0,2.6,1.2,15.0,14.2,2022,12,0
22,18,0,4,17,20.0,80.0,0.6,2.2,8.2,18.2,2.8,6.0,6.0,7.6,2.0,0.6,14.2,7.2,2022,12,0
7,17,0,1,14,20.0,40.0,1.4,1.6,12.2,16.2,4.2,5.6,3.8,7.2,1.0,1.2,15.8,8.4,2022,13,0
21,1,1,0,1,40.0,60.0,1.2,1.2,13.8,11.0,4.6,3.4,5.0,5.0,1.4,0.8,14.0,12.0,2022,13,2
30,35,0,2,-6,60.0,60.0,2.4,0.8,12.6,8.2,5.4,3.2,5.8,3.8,1.0,0.4,12.2,14.0,2022,13,0
16,33,2,2,-1,60.0,40.0,2.4,1.4,12.2,10.4,4.6,3.2,4.0,3.0,1.2,1.2,18.0,16.8,2022,13,1
19,6,2,0,-14,60.0,40.0,1.2,1.6,14.6,13.8,4.4,5.2,4.6,5.0,0.6,1.0,11.2,13.2,2022,15,2
33,21,1,1,-6,60.0,20.0,2.0,0.6,11.8,9.2,4.6,2.8,6.2,4.4,1.6,2.0,12.2,16.4,2022,19,1
0,5,2,1,-10,60.0,0.0,1.6,0.6,17.4,8.4,5.2,3.2,7.0,3.0,0.4,2.6,10.4,16.4,2022,19,2
1,31,0,1,-7,20.0,0.0,1.8,0.8,11.0,11.4,4.2,3.6,3.6,5.4,2.2,1.6,13.6,13.2,2022,19,0
6,7,0,3,-1,20.0,0.0,0.8,0.4,15.2,8.8,3.4,1.6,6.6,4.0,0.6,1.4,10.6,19.0,2022,19,0
10,9,0,1,10,40.0,20.0,2.2,1.2,15.0,11.2,5.8,3.2,6.2,6.2,1.8,1.2,12.8,8.8,2022,19,0
17,22,3,1,-15,100.0,20.0,2.6,0.8,22.4,10.4,8.6,3.0,8.6,4.0,0.2,1.8,5.2,14.6,2022,19,2
26,11,2,0,5,20.0,0.0,1.8,0.8,11.4,10.8,4.4,4.4,3.6,3.2,1.2,2.0,15.0,16.0,2022,19,2
18,30,2,3,-6,100.0,40.0,3.4,1.0,19.6,16.6,9.4,6.6,10.4,5.4,0.6,1.0,6.4,11.2,2022,19,0
15,19,2,4,7,40.0,40.0,1.4,1.6,14.4,14.8,4.4,5.0,5.6,7.0,1.6,1.0,12.4,12.8,2022,20,0
35,16,2,1,8,20.0,0.0,0.6,1.4,9.4,11.0,2.6,4.6,4.0,5.0,0.6,2.6,11.2,17.0,2022,20,2
7,30,1,0,10,0.0,60.0,0.8,1.6,10.8,16.2,4.0,7.6,4.0,5.0,1.0,1.4,15.8,13.0,2022,23,2
31,10,1,4,4,0.0,0.0,0.4,0.4,11.0,6.8,3.6,2.2,4.2,4.6,2.6,1.2,15.6,13.2,2022,23,0
17,15,6,0,-6,100.0,20.0,2.4,1.6,24.2,11.8,9.0,4.2,9.4,4.2,0.4,3.6,5.0,19.0,2022,23,2
0,35,2,1,-5,60.0,80.0,1.6,1.2,17.4,9.4,5.6,4.2,9.0,3.8,0.6,0.4,9.8,14.6,2022,24,2
26,22,2,0,-3,40.0,20.0,1.8,0.8,12.2,8.4,5.2,2.0,4.0,3.8,0.8,2.2,13.8,18.6,2022,25,2
15,30,0,4,2,20.0,60.0,1.6,1.4,14.6,14.4,5.0,5.8,4.8,5.0,2.4,1.4,13.6,14.2,2022,26,0
5,21,0,2,6,20.0,20.0,0.8,0.6,10.8,10.8,3.4,3.2,4.2,4.8,1.4,2.0,10.8,15.8,2022,26,0
10,7,1,1,-3,20.0,20.0,1.6,1.0,13.0,9.6,4.6,2.2,5.4,3.8,1.8,1.4,12.2,18.0,2022,26,1
19,31,0,0,-16,60.0,20.0,1.4,0.6,15.2,9.8,5.2,3.4,4.8,5.2,0.6,0.8,11.6,13.6,2022,26,1
6,1,0,2,5,20.0,40.0,0.8,0.8,13.4,11.2,2.8,3.0,6.2,5.6,1.2,0.8,10.4,12.4,2022,26,0
11,18,0,1,9,40.0,80.0,1.6,2.4,14.4,17.4,4.8,5.2,5.6,7.8,1.8,0.4,10.6,6.6,2022,26,0
33,35,1,0,-7,40.0,80.0,1.6,1.4,11.8,10.2,4.2,4.4,6.6,4.4,1.4,0.6,11.2,15.0,2022,27,2
7,16,0,2,12,20.0,0.0,0.4,1.4,10.8,12.6,3.0,5.4,4.0,6.0,0.4,2.8,14.6,15.6,2022,1,0
16,15,1,0,-4,40.0,20.0,2.0,1.2,11.2,10.0,3.4,3.6,3.4,3.8,1.2,4.2,16.4,20.4,2022,5,2
1,26,4,0,-4,20.0,40.0,1.6,2.0,13.2,15.0,3.8,6.8,4.8,6.0,2.0,2.0,11.8,9.8,2022,5,2
7,9,0,4,13,20.0,40.0,0.4,1.0,10.8,9.2,3.2,2.4,4.0,5.2,0.8,0.6,15.8,8.0,2022,5,0
21,6,2,1,-4,40.0,40.0,1.2,1.4,12.0,13.0,4.2,5.0,3.6,5.0,1.4,1.2,14.2,14.2,2022,5,2
22,5,1,3,0,20.0,0.0,0.6,0.4,7.6,7.8,2.4,3.0,5.2,2.8,2.6,2.6,16.0,18.6,2022,5,0
35,10,0,2,-1,40.0,20.0,1.0,1.2,8.4,6.6,2.8,2.8,4.4,4.2,0.8,1.2,13.4,11.6,2022,5,0
17,33,1,0,-3,100.0,40.0,3.4,1.8,24.8,8.8,11.0,3.2,8.0,3.0,0.4,1.6,4.8,17.6,2022,5,2
31,0,2,3,10,0.0,60.0,0.4,2.6,10.4,15.2,3.0,6.2,4.4,4.8,2.8,1.2,11.8,10.6,2022,6,0
18,19,4,1,-1,80.0,40.0,3.6,2.2,19.0,15.2,8.2,5.8,9.6,6.4,1.2,1.4,7.2,13.8,2022,6,2
30,11,5,0,-3,40.0,0.0,2.0,0.8,13.8,9.8,5.6,3.4,5.0,3.4,1.4,2.2,13.2,18.6,2022,7,2
22,9,1,3,14,20.0,60.0,0.8,1.8,9.2,9.8,3.2,3.2,4.8,3.8,2.8,0.6,14.6,8.4,2022,10,0
26,21,1,2,3,60.0,40.0,2.0,1.0,14.8,14.2,6.2,4.4,5.4,5.2,0.6,1.6,12.6,12.2,2022,10,0
35,31,4,0,-5,40.0,20.0,1.0,0.4,10.2,10.6,3.6,3.4,5.4,5.4,1.0,0.4,12.4,15.2,2022,10,2
15,1,0,3,-2,20.0,60.0,1.2,1.2,15.8,12.2,4.4,3.8,4.4,5.4,2.8,0.6,14.8,10.8,2022,10,0
6,17,0,2,13,20.0,40.0,0.8,1.6,13.4,15.2,2.6,5.4,6.2,7.2,1.4,1.2,10.6,9.4,2022,12,0
5,7,2,0,1,20.0,20.0,0.8,1.2,10.8,8.6,3.2,2.2,4.8,4.0,1.6,1.4,13.6,16.4,2022,12,2
19,30,3,2,-5,40.0,60.0,0.8,2.0,16.0,13.2,4.6,6.2,4.2,4.8,0.4,1.4,11.6,16.8,2022,12,2
9,21,1,0,-8,40.0,60.0,1.8,1.4,16.0,13.4,6.8,4.6,7.6,5.0,1.2,1.0,10.2,13.4,2022,13,2
11,35,0,1,-3,40.0,60.0,1.4,1.2,14.0,11.4,4.8,3.6,5.6,4.6,1.2,0.8,10.0,15.2,2022,13,0
15,22,2,1,-9,20.0,20.0,1.0,0.8,14.8,8.0,4.2,2.0,4.8,4.2,2.6,2.0,13.6,20.6,2022,13,2
26,31,1,2,-3,60.0,20.0,2.0,0.2,15.8,8.8,6.8,2.4,7.2,4.6,0.8,1.0,10.0,14.8,2022,13,0
33,1,2,1,-5,60.0,60.0,1.4,1.4,12.2,11.8,4.0,4.4,5.2,4.4,0.8,0.6,11.8,10.2,2022,13,2
0,16,2,0,3,60.0,20.0,1.4,1.4,19.6,14.0,5.6,5.4,8.2,6.8,0.8,2.4,8.8,14.4,2022,13,2
10,18,0,0,13,20.0,80.0,1.4,1.8,13.4,16.4,4.2,5.4,5.6,7.4,1.6,0.4,10.2,6.8,2022,14,1
6,30,0,2,9,0.0,40.0,0.4,1.8,12.0,9.8,2.2,4.8,6.4,4.2,1.8,1.6,11.0,16.0,2022,16,0
0,17,0,2,5,60.0,60.0,1.4,1.6,19.6,15.2,5.6,6.0,7.6,7.6,0.8,0.8,8.6,9.0,2022,16,0
11,21,1,0,-2,20.0,60.0,1.0,1.2,13.4,14.0,4.2,4.6,6.0,5.4,1.2,0.6,10.8,10.4,2022,17,2
35,15,2,3,4,60.0,20.0,1.8,1.2,11.4,12.6,4.4,3.8,5.6,5.4,1.0,3.0,12.6,15.6,2022,18,0
1,0,0,1,3,20.0,80.0,2.0,2.8,13.4,15.0,4.8,5.4,5.0,4.2,1.8,1.0,11.6,10.4,2022,19,0
16,5,2,1,-13,40.0,20.0,1.4,1.0,11.0,6.6,3.2,3.0,3.6,2.0,1.2,2.4,17.8,18.6,2022,20,2
30,33,3,1,1,40.0,40.0,2.4,1.8,13.2,10.0,5.6,4.0,4.8,3.8,1.4,1.4,12.4,17.8,2022,20,2
32,34,1,2,-5,40.0,20.0,1.19656777963365,0.99656777963365,11.41029666109905,13.7519489148711,5.037754424029851,8.74851669450475,6.141652253772049,6.98283889816825,1.2,1.6068644407327002,12.2617799665943,13.03775442402985,2012,4,0
31,33,0,1,-10,40.0,40.0,1.4580186538023465,0.9419813461976534,18.216822115019554,11.589308461596872,10.143550961027376,5.726728846007822,7.294654230798436,3.305345769201564,1.3053457692015642,1.352672884600782,10.357233846387485,13.832074615209386,2014,3,0
15,15,0,2,6,40.0,80.0,1.7227651908203119,2.4455303816406238,14.102026259667973,17.71466015214842,5.561382595410156,6.129678167871091,6.813825954101559,7.8276519082031175,1.0,0.8,14.382121526562495,12.568295572460936,2021,10,0
10,18,0,2,-2,40.0,0.0,1.0077825926536406,0.4,11.377434691703963,7.692608642178802,3.53073913578212,2.3385217284357607,5.354086913743041,3.346304321089401,1.0077825926536406,2.184434814692719,13.953304444078157,16.084043579860275,2018,28,0
17,0,1,3,12,20.0,60.0,1.3353261870603887,1.6141304748241554,16.185869525175843,12.749456661884544,5.242391424472466,5.349456661884544,5.656521899296622,4.614130474824155,1.5211957122362332,1.5211957122362332,13.337499539522213,16.264673812939613,2016,5,0
11,30,0,1,6,20.0,0.0,0.9299547365285527,0.7400905269428946,10.509683155699868,9.820271580828685,2.470045263471447,2.8304073712430258,3.909683155699869,2.7400905269428946,1.4,1.6101357904143418,14.0,17.049773682642762,2015,20,0
1,32,0,3,4,60.0,80.0,2.02883535451822,2.0672824938758474,10.880589241970338,15.792235696788135,3.753788557430508,6.42883535451822,3.982623911948728,6.876894278715254,1.0192235696788134,0.7903882151605933,12.036599657730084,14.111646454817798,2020,30,0
20,17,0,5,-2,80.0,40.0,2.07119597577206,1.8,16.08478390308824,15.861025122090338,8.833929634679624,10.32880402422794,9.189829146318276,7.132221097862397,1.5796582926365543,1.2,8.793246219952733,11.41692463372899,2012,27,0
9,18,1,2,8,20.0,40.0,0.8226639225403906,1.0226639225403904,14.411925908590543,14.22266392254039,3.117294915565467,4.6453278450807804,4.943934140969372,5.845327845080781,1.0,0.954672154919219,12.165410168869066,13.237377239353751,2018,5,0
3,33,1,2,8,40.0,20.0,1.3478212753316572,1.2956425506633145,12.269608522015085,13.034748927321601,4.678212753316572,4.956536174005028,5.452178724668343,5.6347489273216,1.6174297973467422,1.2,15.57396597135177,13.434748927321602,2019,21,0
21,17,0,3,14,0.0,80.0,0.0122436322323078,2.593878183883846,9.467339977277692,19.175512735535385,1.448974528929231,6.203060908058077,4.427548172522693,6.784695459709615,2.1969390919419234,0.8,16.78163455165154,10.6,2021,14,0
17,9,1,3,-9,98.66872616158966,0.0,3.8801853545430696,0.8133127383841035,17.892880244450275,10.746440122225138,6.933127383841034,3.3065019070728274,6.7597528606092405,3.799691075761551,0.7600617848476898,2.186687261615897,7.213312738384103,13.866563691920518,2018,22,0
10,22,0,2,6,20.0,40.0,1.0004159535661037,1.0,11.99875213930169,9.2,3.7006239303491553,2.9002079767830518,6.299792023216948,4.098960116084741,1.4997920232169482,1.2004159535661036,12.204159535661036,13.795008557206756,2015,16,0
28,28,0,2,12,20.0,20.0,0.5842490206399751,1.015750979360025,10.155128427760088,13.552747061919925,2.6606225515999378,4.4,4.4630039174401,5.289743144479825,1.2,1.6157509793600249,13.24249020639975,10.4,2017,6,0
24,30,1,2,10,60.0,60.0,2.326414492240744,1.516036230601859,15.335855077592566,15.38868406207405,6.442450722842603,6.79055941464818,6.441513046555539,6.683963769398141,1.252828984481487,1.5367927538796282,10.727352168527808,13.69527970732409,2012,23,0
27,27,1,2,3,60.0,40.0,1.4304893013660518,0.7073190684880689,12.260978602732104,11.997573945172448,4.060978602732104,3.84512743834219,6.15487256165781,5.245127438342189,0.9231702328779827,1.1378083698541208,8.091467904098154,12.891467904098155,2015,12,0
29,8,1,3,-1,60.0,40.0,1.6336650372635457,1.0,17.609231455506574,10.067330074527092,10.355113283648606,5.867330074527091,7.454118171857968,4.233665037263545,0.6224433581756972,1.0,9.568325186317729,14.24289649277012,2012,19,0
11,18,0,2,0,80.0,60.0,2.4111496805749666,2.1665509582751006,8.71288530644846,11.944251597125167,4.322646486324632,4.377700638850067,3.0118439309243636,4.4668980834497996,0.6,1.3665509582751003,11.155401277700133,17.1665509582751,2017,1,0
20,18,0,1,12,60.0,60.0,2.0,2.173439786711001,17.40159680066501,16.36095808039901,5.532801066444996,5.040638720266005,6.506240853155997,6.332801066444996,1.106240853155997,1.6,10.693759146844004,11.826560213289,2014,11,0
14,22,0,3,3,60.0,80.0,2.2,1.5635964025539888,18.854561438978404,13.672543451748348,9.98210590161128,6.381842158467607,6.581754244086381,4.999912085618775,1.1272807194892023,0.3454385610215955,12.45464935335963,11.363684316935213,2012,18,0
7,29,0,1,7,20.0,20.0,0.23981014106352005,1.4805695768094398,11.55829126957168,11.32037971787296,3.92037971787296,3.1592405642540804,4.2,4.640759435745919,0.5194304231905602,2.4009492946824,13.32227830723776,15.083417460856639,2016,11,0
7,10,0,1,-4,40.0,0.0,0.8645663315234037,0.7354336684765963,9.658265326093614,10.218903016289367,2.793698994570211,3.4771683423829813,5.529132663046807,3.806301005429789,1.193698994570211,1.5873979891404217,12.296071358672348,13.510229646757441,2020,13,0
32,0,0,1,2,40.0,20.0,1.1706531833312266,1.0853265916656134,12.061407491678253,9.22391909998736,3.170653183331227,3.25597977499684,4.2,4.717387266675093,0.8266329583280667,1.4853265916656133,12.578289133274346,15.682612733324907,2017,2,0
22,11,1,2,5,60.0,20.0,1.6,1.6257000706467821,11.645799576119309,12.87149964676609,4.548599858706436,4.2,3.225700070646782,6.005600565174256,0.9485998587064359,2.168699364178962,17.47149964676609,12.034598445770795,2019,28,0
2,0,0,3,10,40.0,40.0,1.3510366586111977,1.6,11.732774939583983,15.902073317222396,4.490869140486392,5.6,5.3775916465279945,4.826554987916796,0.9510366586111977,1.2,9.011204176736003,10.320335036249611,2014,21,0
11,5,1,2,-4,20.0,0.0,0.9282557902975821,0.8923836854463731,11.948895266041538,11.23587210485121,3.0,4.128255790297582,3.892383685446373,5.179360524256045,2.0923836854463733,1.7228489436608803,13.426046322380657,12.830465258214508,2021,3,0
28,12,0,2,8,20.0,0.0,0.8244361979390562,0.6748120659796855,10.2,11.117670573207732,3.250375868040629,2.697744791756225,5.0,5.148120659796855,1.1740603298984271,2.5755638020609437,12.300751736081258,14.233457030914156,2018,15,0
8,32,0,2,6,20.0,0.0,1.0,0.7281707375085072,11.138048850102088,9.128170737508507,3.4563414750170143,2.271829262491493,4.892256106262761,3.307743893737239,1.8563414750170144,2.6359146312457464,14.928170737508507,21.20493905629679,2014,9,0
28,16,2,3,0,20.0,40.0,0.9302969543715576,1.6605939087431152,11.82138832322483,14.497030456284424,4.681982231967945,6.4637639581972905,5.418218273770655,5.3302969543715575,1.8697030456284425,1.4,13.242375634972461,11.051484771857789,2013,30,0
32,17,2,3,6,40.0,20.0,1.6413368719753492,1.3240106159260472,10.958663128024652,16.21459943246837,4.185400567531632,6.213368719753491,5.896042463704189,8.110641896172556,1.041336871975349,1.4,12.702726823580935,10.350748055433028,2012,5,0
4,24,1,3,8,0.0,40.0,0.3452077745357733,0.9643766763926802,10.947922254642268,10.778116618036599,2.7095844509284537,3.473961127321134,5.238337803713814,5.161662196286185,2.961662196286186,1.1095844509284536,11.942493294429278,12.901273469497523,2017,23,0
2,32,0,2,-8,40.0,0.0,1.5570821760583253,0.28583564788334964,18.840369218391334,7.484986112699902,7.127054401458128,2.499575232408276,6.042917823941675,4.370821760583252,0.7287534718250245,1.4,10.443767359125124,18.157931711241773,2015,10,0
27,4,0,1,-2,40.0,0.0,1.3245481833544048,0.5245481833544048,13.320933650189643,9.170030016898453,3.7018072665823807,2.84909636670881,6.170030016898453,4.645481833544048,2.0754518166455953,1.8490963667088096,13.803614533164762,17.04909636670881,2016,19,0
32,11,2,3,3,60.0,0.0,1.57662212061386,0.6311705058481869,14.737658988303627,13.267525350145206,5.937658988303626,5.314281108917486,4.592207373537953,6.32986636184158,0.6311705058481869,1.0623410116963738,14.475317976607252,11.379230408627073,2013,20,0
26,24,0,1,-4,40.0,20.0,1.4,1.247301553735157,11.705396892529686,11.992539900721479,3.352698446264843,3.4763492231324213,4.1053968925296855,4.552698446264843,1.6946031074703143,2.247301553735157,12.273015537351572,18.181746115662108,2016,1,0
31,17,0,3,10,0.0,20.0,1.0,0.9326891570222547,14.994202413200293,12.378742181734404,6.717228925556368,5.384539768534113,5.723026512356075,5.0653783140445094,2.3326891570222545,1.2,12.336554214888727,13.003865057866472,2014,19,0
22,31,1,2,-6,60.0,20.0,1.862289054152297,0.4065664187715547,14.560601487370672,9.69512114801007,5.6983124332183746,2.6754218916954065,6.373734324913781,4.668855472923851,0.6622890541522969,1.0,10.89512114801007,14.249156216609187,2019,10,0
22,3,1,2,12,0.0,20.0,0.6,1.477079324193113,11.293713917738017,10.785396620965566,3.5083172967724523,4.339555269351791,5.831237972579339,5.275048109682644,1.322920675806887,2.168762027420661,12.016634593544904,14.091682703227548,2017,15,0
7,32,0,1,9,40.0,20.0,1.3363227337945578,1.408968201383674,16.1901319420966,12.954259136561905,4.699550071740138,4.582063597232652,6.8269046041510215,5.145290935178232,1.4367726620544206,1.8816136689727898,12.973995252368702,13.217936402767348,2017,15,0
21,3,1,2,6,20.0,60.0,1.131875086107152,1.536249827785696,11.940624569464239,11.731875086107152,4.08124913892848,4.523125602750064,6.263750172214304,4.068124913892848,1.4,1.131875086107152,10.268124913892848,16.476874397249937,2015,16,0
12,17,2,3,6,40.0,40.0,1.3478610943528193,2.339305471764097,16.861499698350748,14.08636139600207,6.582888754822555,5.991444377411278,6.695722188705639,5.069250150824625,2.139305471764097,1.5478610943528195,13.521389056471806,12.478610943528194,2013,14,0
19,27,0,1,-6,80.0,30.079250914131876,2.1055475639892314,1.1039625457065938,17.10713258227187,11.308717600554505,5.503962545706594,3.8992074908586813,7.398414981717362,4.899207490858681,0.7007925091413187,1.5984149817173625,10.182564798890986,14.296037454293407,2014,25,0
30,20,0,1,4,60.0,80.0,1.7700465021687153,2.7685315695696726,12.81421928261612,16.968531569569674,4.4157342152151635,6.65990699566257,4.691375426092897,5.631468430430327,1.0771561434767758,0.6,12.385780717383879,7.96701663697063,2019,14,0
30,18,1,3,0,80.0,60.0,2.139334641781279,2.4,20.363992149312327,13.53698626129657,8.514677134250231,6.314677134250232,7.009001962671919,7.363992149312326,0.2696673208906395,1.339334641781279,6.114677134250231,10.481017664047265,2015,10,0
21,33,0,2,-3,40.0,20.0,0.7873296303711415,1.174659260742283,13.152044435546303,12.501362957030869,3.425340739257717,4.263351848144293,7.961988891113425,3.8760222177731514,1.2126703696288585,1.3746592607422827,12.336648151855707,15.308581498536252,2018,1,0
10,9,0,2,1,60.0,40.0,1.6,1.3764882039946122,15.631349061340517,15.243254693297416,9.564882039946124,8.6119056319569,6.168650938659483,6.113790081313579,0.9843254693297415,1.4,8.862698122681035,11.164582572037714,2012,29,0
7,22,1,2,-10,100.0,0.0,2.952302857088042,0.6835892063431157,20.04462666679457,10.250767619029347,6.916410793656884,3.2,6.716410793656884,4.647697142911959,0.6835892063431157,2.083589206343116,8.131286349255074,13.683589206343116,2017,27,0
21,28,0,3,-1,40.0,40.0,1.5805483309121486,1.4,16.141644992736445,13.941644992736446,5.3805483309121485,5.554612772128346,6.245387227871654,5.709225544256693,1.1935161103040495,0.6194516690878515,11.638903338175703,16.45087053699314,2014,1,0
29,10,0,2,5,80.0,40.0,2.1095943766496177,1.219188753299235,13.024726896445026,9.72324498680306,4.380811246700765,3.9616224934015305,4.767160636547322,4.865678726905355,0.7287831299488524,0.8383775065984698,11.405538143145792,10.328783129948853,2017,28,0
31,11,0,2,11,40.0,0.0,1.8306116230767526,0.9459174346151289,11.030611623076753,11.835703403843171,7.207140680768634,6.306116230767525,7.061223246153506,5.929587173075644,1.2846941884616236,1.4846941884616236,15.362247696154613,12.501024450001108,2012,22,0
27,18,1,3,10,60.0,40.0,1.7685202837499583,1.1137040567499916,10.278152737749892,13.15332697850015,3.2548162269999668,3.831479716250042,3.2040716027500586,5.094439148750125,0.9685202837499582,1.4862959432500082,12.474081134999832,9.686295943250009,2016,19,0
1,17,0,3,11,40.0,40.0,1.1696301698967662,1.0303698301032338,14.424075424741915,14.018883216083955,4.454445254845149,3.6911094903097017,5.345554745154851,6.29740389567102,1.0544452548451493,1.7759245752580846,9.267034065567785,10.284815084948383,2015,14,0
27,22,2,3,-3,40.0,40.0,1.161011346820216,1.1073408978801438,9.722022693640431,13.155954612719137,4.8293635915205755,7.702284163779065,5.614681795760288,5.277977306359568,0.8536704489400719,2.0389886531797843,12.975693142580504,16.2,2011,16,0
22,10,0,2,7,20.0,60.0,1.0,1.7489241082310139,13.059683025920876,11.52338616234652,5.348924108231014,3.778765621191452,6.0,4.276613837653479,1.3489241082310137,0.9744620541155069,10.323386162346521,17.297848216462025,2015,8,0
28,31,0,3,5,40.0,20.0,1.7999868406271162,1.2,11.800026318745768,10.000013159372884,5.050029608588988,3.850055927334756,5.6499901304703375,5.249990130470337,1.5499835507838955,1.6,10.949930913292361,15.04996381172457,2014,24,0
27,16,0,2,-1,80.0,20.0,2.0966528148126917,1.0644352098751277,14.97991688887615,13.703347185187308,5.393305629625384,3.683891197531218,5.922176049375639,6.335564790124872,0.632217604937564,1.6322176049375638,10.587238382718526,12.438284851844422,2014,13,0
21,29,1,2,0,20.0,40.0,0.7734233214419445,0.8265766785580556,12.065766785580557,9.081079857303333,3.7468466428838885,4.054503178745278,6.013963250093611,4.932883392790278,1.3468466428838888,1.320269964325833,11.170723678183613,15.836490463764168,2014,25,0
29,14,0,2,6,60.0,60.0,1.8876266615712454,1.4742400305725285,11.51034675328883,10.622720091717584,3.3257599694274713,3.298986707430038,4.811360045858792,3.586613369001283,1.2876266615712453,0.6247466768575095,14.752533231424906,12.466933154993583,2017,10,0
24,0,0,2,7,40.0,40.0,1.247719371958068,0.8954387439161361,13.477193719580681,11.438596859790339,5.47719371958068,5.011229323287156,6.056841884125796,3.2680712074129525,1.095438743916136,1.76140314020966,10.068071207412952,13.693331932796708,2013,9,0
4,28,0,2,9,0.0,40.0,0.4,1.4798447799002459,11.487751647840394,10.376279396179559,2.3280620880399017,4.287751647840393,5.8877516478403935,4.648217308139656,2.3122483521596067,1.4079068679401476,11.512248352159606,14.271161811461328,2020,18,0
28,17,0,2,10,20.0,60.0,0.9040364958210503,2.243945256268425,12.69596350417895,14.331835768805275,5.032291966568401,9.0,4.964127735373675,6.339908760447374,1.0959635041789497,0.5479817520894749,10.91210948746315,11.980273718657877,2013,29,0
10,31,0,1,0,40.0,20.0,0.7905889219231835,1.6,16.790588921923185,11.87647230480796,4.181177843846367,3.5905889219231835,7.704705539038408,5.247647230480796,0.4952944609615918,1.7429416914423879,9.933530613365571,14.818822156153633,2018,12,0
10,17,1,2,0,80.0,60.0,2.848908445529482,1.7288204406468128,15.004366217882072,15.057640881293626,9.457640881293626,8.684278212999402,4.879911995117331,6.417904895941634,1.3467253365884462,0.924454222764741,8.777728886176295,11.573362668294223,2011,23,0
13,23,0,3,6,80.0,80.0,1.8,2.4519415370572113,16.14805846294279,17.5450760423511,5.493134505293887,6.703883074114422,6.468654947061127,5.865672526469437,0.879403515881662,0.6,9.851941537057211,8.972538021175549,2018,18,0
21,30,0,2,4,20.0,40.0,0.998624476273231,1.0027510474535377,14.190371333912617,11.103438809316922,4.095185666956309,3.6,7.001375523726769,4.198624476273231,1.4979367144098465,1.3006877618633843,9.692434619502771,15.889683572049233,2015,21,0
24,17,1,3,13,20.0,40.0,1.033770851731522,2.044152765512319,14.519451272367027,15.644152765512318,4.766229148268478,5.732458296536956,5.4,4.766229148268478,1.5896180862192035,2.3558472344876815,12.301312555194567,10.47792361724384,2015,22,0
7,26,1,4,4,60.0,80.0,1.6809459301962757,1.8,16.319054069803723,10.633378488626072,6.207229942350279,5.309594767840968,8.957162209411173,5.076216279214897,0.6809459301962757,1.0214188952944134,8.16189186039255,13.23087819725717,2016,22,0
27,0,0,3,6,40.0,40.0,1.340009067702882,1.1399788420266086,11.740039293379155,11.639963729188473,4.060021157973392,3.6999546614855903,4.720012090270509,5.280018135405764,0.940009067702882,1.8199969774323728,13.280048361082036,14.820057428784919,2017,12,0
1,29,0,1,9,40.0,60.0,2.210697059349474,1.2641823560968426,13.0,19.03954410975789,6.128364712193686,7.992547068290528,4.906970593494737,8.157211762602104,1.6,0.8106970593494738,12.0,8.853485296747369,2013,20,0
10,30,0,2,5,40.0,40.0,1.2,1.4165834012467204,13.682917006233604,13.01658340124672,5.108791293143037,4.024875101870081,7.4839161912729555,5.2,1.0,0.8248751018700811,9.866333604986883,10.59170829937664,2016,23,0
19,16,0,3,-4,80.0,20.0,2.9248576593720617,0.9388572576382359,19.2714314409559,13.044570969447058,7.388572576382359,4.9860004017338255,8.005144349297067,7.138857257638236,0.9082858864573539,1.061142742361764,6.6559983930646975,12.202572174648534,2015,20,0
11,13,0,2,8,40.0,80.0,1.4,1.7290189619074559,14.567436123871484,10.703544914221059,4.974113771444736,4.716075847629823,5.341962076185088,4.95490519046272,1.0,0.8,12.793734533295618,11.24509480953728,2020,4,0
31,9,0,2,9,40.0,60.0,1.4,2.182720354050583,11.825919468924127,16.913601770252914,4.774080531075874,4.4863982297470875,5.225919468924126,5.3123176986712135,2.1481610621517477,1.1568008851264564,11.59136017702529,10.235843363480534,2018,25,0
29,1,0,1,-8,80.0,13.535398088486065,2.3414159235394427,0.806061942654582,19.513141560351794,9.294955732388049,6.418185827963746,3.153539808848606,6.082831847078885,4.6828318470788854,1.412123885309164,2.523230095575697,10.264646019115139,13.341415923539442,2014,12,0
6,22,0,2,-1,20.0,40.0,1.8825209496426423,1.7104874302144144,13.777646647498496,12.545445530929129,4.1440670388564556,4.434958100714715,7.261546089213814,5.034958100714715,1.7034958100714717,1.206991620142943,12.896504189928528,9.806991620142943,2018,17,0
15,31,0,1,5,80.0,60.0,1.8,2.0,13.504184605336917,15.005579473782555,4.608369210673834,6.101394868445639,5.025107632021502,5.402789736891278,0.501394868445639,1.0,8.608369210673834,12.216738421347667,2019,14,0
23,23,1,2,0,20.0,0.0,1.2166568822390518,1.3500293532828442,13.583343117760947,9.966803648653272,5.633313764478103,6.600117413131377,3.8999412934343116,3.7167155888047403,1.8,2.3666862355218963,16.066744942087585,20.683401824326637,2012,2,0
22,9,1,3,13,60.0,20.0,2.0550224883550885,0.6917041472584811,14.416591705483038,15.036681658903392,5.8384307828720505,4.366816589033924,6.508295852741519,5.036681658903392,1.7449775116449113,1.6,11.39825087603134,10.14672663561357,2018,23,0
18,33,0,1,-7,87.95118148197761,20.0,3.120488185180224,1.0,19.412204629505595,8.248299148063804,7.040976370360448,2.9229291110813427,7.56390548144179,4.281952740720895,0.5590236296395524,1.4,6.677070888918657,16.14193714833172,2017,4,0
28,18,0,1,10,20.0,60.0,1.0214812209383204,2.0677781685925196,12.57851877906168,13.80333450577756,5.971849767506563,9.0,5.375184273284121,6.046296947654199,0.9785187790616797,0.48925938953083986,11.264443662814962,12.8611091570374,2013,29,0
14,31,0,2,-9,60.0,20.0,1.8850911580096916,1.4723632629854626,13.204361893932159,13.889453051941851,4.612727895024229,4.612727895024229,6.817089788956388,4.485091158009692,0.8850911580096916,1.3574544209951542,9.510546948058149,11.085091158009691,2019,3,0
16,18,0,2,9,40.0,100.0,1.5569556343053523,2.756955634305352,10.929133097083945,18.3740170801031,3.735433451458028,6.535433451458028,3.7291330970839436,7.156955634305352,1.1677167257290142,0.610761091423662,12.720211622984788,6.313911268610704,2017,17,0
14,27,0,6,13,80.0,80.0,1.9562592100942404,2.2687776302827216,13.51855658802095,18.050073680753922,4.931222369717278,6.806332890848164,5.681148688963354,6.806332890848164,1.0687776302827214,0.6,11.387628941319367,9.381296050471203,2017,22,0
35,30,0,2,4,40.0,20.0,1.2453858408069791,0.7546141591930209,14.895007965245364,10.327684955158125,4.748866373315157,4.77730707959651,5.581543363227917,4.2,0.7361575224209376,1.5588504428244272,13.381543363227916,10.513464602017448,2017,19,0
7,15,0,1,0,20.0,20.0,0.6138141788625415,1.7171149268247512,11.765770146350498,11.68288507317525,4.586185821137458,3.7585574634123753,4.007212682938122,5.158557463412375,0.855256715450166,2.3033007479622096,14.234841040663206,15.01381417886254,2014,24,0
33,17,1,3,9,40.0,20.0,1.794849641706882,1.7845489251206461,10.861804299517416,13.297856807569241,7.117594267310112,7.820601433172472,7.727894983896348,7.020601433172472,1.2,1.3948496417068819,15.338195700482585,13.876391400965169,2012,9,0
6,15,0,2,-1,60.0,20.0,1.6,1.3959312420303291,14.195117490436393,12.585352471309184,3.814647528690815,4.6,5.210578770721145,5.796744993624263,1.1991862484060658,1.9983724968121317,12.003255006375737,11.423598796224091,2018,15,0
1,9,0,2,9,40.0,40.0,2.1553030762581202,1.4,12.72291654029017,9.7117423093547,7.79886384316154,5.2882576906453,6.81117423093547,5.9217803834517095,1.4,1.1888257690645299,13.72178038345171,14.422348461870941,2013,11,0
26,9,0,3,11,40.0,40.0,1.937035556791009,1.6948142227164036,15.337770672596843,16.420743109134385,5.3585137817312285,5.157778665925394,5.884442668149211,5.2629644432089915,1.6525928886417982,1.4422213340746053,10.65112265703013,10.673335997776183,2013,1,0
14,17,0,3,13,0.0,80.0,0.18163369193400444,2.4183663080659956,9.4,16.112227237121925,1.6724505379010066,5.745915770164989,4.672450537901007,6.073465232263982,2.4724505379010067,0.5275494620989933,16.34591577016499,10.690816845967003,2020,19,0
18,9,0,1,10,20.0,0.0,0.8,0.8823325935514779,11.188337032242611,7.940993341963301,3.7765011096727834,2.752829264533128,5.576501109672783,3.305831483878695,1.541166296775739,2.0,12.776328154860344,16.635507767709484,2017,9,0
30,19,0,2,11,80.0,40.0,1.6,1.187460777589654,12.65579894228102,14.805642052639637,4.943573499153443,4.93730388794827,4.631348056025865,5.362382332768962,0.593730388794827,0.8,8.237617667231037,9.58119116638448,2018,14,0
4,6,0,2,-3,20.0,20.0,0.5247879959299844,0.6,13.401696032560125,10.937606002035007,3.9487279755799065,3.460697965404867,6.524787995929985,5.124787995929984,1.6128180061050235,1.9247879959299845,8.96154598168493,17.16154598168493,2016,18,0
10,18,1,3,6,83.26072251525252,80.0,2.097821675457576,2.8043566490848484,15.958679476677776,19.42613989450909,5.652144503050504,7.6,7.971749423932323,6.767392774847474,0.8,0.9673927748474748,6.521715602440404,7.076038430033333,2017,28,0
30,15,0,2,0,0.0,80.0,1.2668687053108414,3.3869899284973464,12.359151437694466,15.948565829921908,4.2136161874351785,7.320727339119029,5.546141366191812,4.933737410621683,2.2668687053108414,0.8266262589378317,10.427232374870357,12.679878776813494,2019,26,0
6,17,0,1,13,40.0,40.0,1.232303847247203,1.1353923055055941,11.981469250449654,12.10308845825839,4.2969115417416095,4.006176916516782,4.329215388988812,6.47696152752797,1.9030884582583911,0.696911541741609,11.857011513314331,9.058430777977625,2018,19,0
6,13,0,4,8,40.0,60.0,0.8591268199624471,1.4591268199624472,9.921725574859176,12.744345114971836,3.347817049906118,5.3478170499061175,4.46259875489673,5.8295634099812235,0.9443451149718354,0.5147817049906118,14.266070689831013,8.5512889848404,2019,8,0
33,2,0,4,10,20.0,40.0,1.2664541494573816,2.243877731886351,13.465816597829527,16.42002621105961,7.487117912144847,9.99744979348858,6.267091701085237,6.243877731886351,1.8664541494573816,3.199362448372145,13.068366804340947,14.044515283514206,2013,3,0
33,32,0,2,2,40.0,20.0,1.0793303203908504,1.4033483980457482,13.393303203908504,13.616741990228741,3.758660640781701,4.67933032039085,5.4,5.044687757264048,0.8413393592182993,1.6413393592182992,12.234642563126803,11.848036155309796,2016,26,0
10,33,1,2,-1,17.837938175535534,20.0,1.5135175270214214,1.3783793817553551,18.935175270214213,11.583793817553554,4.178379381755356,3.9135175270214213,6.713517527021422,4.670276290532132,1.5351381452660662,1.4216206182446447,9.459447418935735,14.237826800691092,2016,4,0
19,16,0,3,0,20.0,80.0,0.6,2.1706790356615953,17.03765492720147,14.218827463600734,4.54135807132319,5.053395178307975,7.5601855349239235,4.687962893015215,0.8586419286768102,0.3172838573536204,8.35185157206086,7.4104935007376715,2020,7,0
29,18,0,4,9,60.0,20.0,1.394669532523043,0.7946695325230428,10.68134336383065,11.914712520368685,3.5893390650460857,3.092004298784564,6.4586351422465285,5.276012896353693,0.8,1.2866738313076072,12.384008597569128,12.523987103646308,2016,18,0
8,31,0,1,8,40.0,20.0,1.3533543855150945,1.4600631565452833,16.32715086684717,12.280505252362266,5.3067087710301895,3.8268350841207557,7.026835084120756,5.260063156545284,0.8932912289698112,2.2,10.720126313090567,14.299684217273583,2016,14,0
25,12,0,1,4,20.0,0.0,0.7674778331092871,0.7674778331092871,11.62356158142894,7.446349751008208,4.488605915210366,2.2186945827732174,4.246349751008208,3.6463497510082084,1.0512167496639306,2.5487832503360695,12.097566500672139,15.841482752352487,2016,16,0
11,9,0,2,4,40.0,20.0,0.6821168868065977,0.5452554087956015,10.797809496751617,8.090510817591202,2.7726277043978005,2.8547445912043985,5.3894155659670115,3.6273722956021994,2.0273722956021993,2.181021635182406,11.8547445912044,14.448541163668175,2020,22,0
31,30,0,3,9,60.0,20.0,1.4239280062723165,1.1042879749107333,12.265007912187567,13.423928006272316,2.847856012544633,4.4,4.3607199372768335,6.3282159811830505,1.1435680376339,1.0,10.95892009408475,11.55892009408475,2017,2,0
4,29,1,3,5,40.0,0.0,1.3420111162092472,0.4,12.85679635577455,15.33728145769018,6.457988883790753,6.489944418953764,7.821303690108674,6.526629612635842,1.5053259225271685,1.352662961263584,13.789348154945662,12.373966651372259,2012,2,0
3,34,0,1,-1,20.0,20.0,0.9815387412697093,1.1630774825394186,12.85845762222407,8.686158601585056,7.649236084124476,4.778464895236511,4.855383776190872,2.184612587302907,1.2,2.652309930157674,12.763077482539419,15.692306293651454,2012,11,0
32,23,1,2,3,60.0,20.0,1.9551332432927708,0.8448667567072294,10.363244504471485,10.147021982114055,4.073510991057027,4.118377747764257,3.408111261178716,4.391888738821284,0.8367554955285137,0.9346002701216882,10.608111261178715,14.191888738821284,2020,12,0
3,8,0,2,-9,40.0,0.0,1.4497817532996864,0.6700436493400627,12.388996065178558,11.839650805279499,3.899563506599373,3.4101309480201882,8.259039714518622,3.610130948020188,1.2599127013198745,1.5898690519798118,15.019388909239122,16.828646870458055,2019,8,0
7,18,0,2,9,40.0,40.0,1.63345504353344,1.6583637608833601,11.884002739433921,15.40854632618352,5.4,6.5914536738164795,6.06691008706688,6.842001369716961,1.88327247823328,1.48327247823328,11.37509128265008,11.940905977916,2019,26,0
14,30,0,1,-8,100.0,0.0,2.7780003855569384,0.6890001927784692,15.482668722970338,9.392666795185646,6.659667373521053,3.096333397592823,5.045000963892345,3.896333397592823,0.20733320481435388,2.4816669879641156,8.814666409628707,17.156000771113877,2016,16,0
10,16,1,2,1,40.0,80.0,1.8708173738288436,2.524402481975549,13.990439711608785,17.270817373828844,5.297609927902196,6.177987590122254,5.822012409877746,6.897609927902197,1.4,1.0755975180244508,13.253585108146705,12.8,2015,16,0
11,21,0,3,12,65.8983127140668,80.0,1.858983127140668,3.1050843642966597,14.01016872859332,19.246101237155994,4.517966254281336,7.764067491437328,6.328134982874656,6.3538987628440085,0.917966254281336,1.023050618577996,12.0,8.471865017125344,2018,19,0
2,19,0,2,3,60.0,80.0,1.5989793235442304,1.6507655073418273,17.196937970632693,12.450765507341828,10.646682801518748,7.952296522025482,8.854848213164907,5.7025516911394245,0.5989793235442303,0.5005103382278848,9.04260009569567,10.44770347797452,2011,21,0
14,26,0,3,5,20.0,60.0,1.4678989883923605,1.598151517411459,12.948737354904507,15.126555563842018,4.471595953569443,5.667898988392361,4.3376464593732615,5.726555563842017,2.2018484825885407,1.4660505058038196,14.260505058038197,12.878989883923605,2020,26,0
12,13,0,2,3,100.0,40.0,2.9213422133859255,1.2262192622046915,17.113109631102347,16.990245902362467,7.713109631102346,4.817986679921111,5.139328893307037,7.721342213385926,0.7213422133859255,1.252438524409383,8.814943649213207,9.24268442677185,2017,23,0
26,29,0,1,-1,20.0,0.0,0.5492635652253722,0.5014728695492555,14.086744174056701,10.194108521802978,4.098527130450744,2.602945739098511,6.3404263479298395,4.352209304323884,1.1492635652253722,1.4,12.540426347929838,12.546317826126861,2018,19,0
3,32,0,2,0,20.0,20.0,0.7620808347125668,0.9620808347125669,9.744970016550802,7.8104041735628345,4.669131685975936,3.2156062603442512,4.562080834712567,2.832717078506016,1.3189595826437166,1.9672829214939838,13.751676661149734,14.8862425041377,2016,11,0
9,31,0,2,-8,60.0,20.0,1.4571784201640086,1.3428838151230065,14.999875529425971,12.42877591594305,4.82852697479499,4.228589210082005,8.057053949589978,4.3142946050410025,0.6285892100820043,1.314294605041002,10.114170134466972,14.856742773154904,2018,3,0
0,18,0,2,6,100.0,100.0,2.562636594725064,2.451805227817866,18.578337266185603,17.54097386091067,7.162636594725064,6.481947721821337,5.8518052278178665,8.659026139089333,0.3036104556357327,0.45180522781786636,9.162636594725065,6.837363405274935,2020,3,0
19,5,1,3,-1,20.0,0.0,0.6931220587565713,0.539683088134857,8.67090367570057,8.591537499430856,2.539683088134857,3.279366176269714,4.920633823730286,3.312171323161142,2.5068779412434288,2.320633823730286,15.534389706217144,17.156608089273146,2022,4,0
34,7,1,2,13,40.0,40.0,1.8936742111260159,1.2,15.164558070375339,14.832929126005418,9.30381298525474,8.422790351876692,6.258232281501355,5.564558070375338,1.5645580703753388,0.6708838592493227,14.174696844504062,13.103812985254741,2012,2,0
18,34,0,1,-11,60.0,20.0,1.4511576686113403,0.5023153372226808,12.795369325554638,6.934730058340213,4.493053988331957,2.9023153372226806,5.097684662777319,3.758103680279383,1.5907386511092767,0.8511576686113405,13.641896319720617,15.432634970829893,2020,3,0
31,9,0,1,1,40.0,20.0,1.2724157708387636,0.7913763437418546,9.762078854193819,11.91210753135589,3.753455197935673,3.617247312516291,3.8551684583224732,6.243118281290727,1.0724157708387636,1.4724157708387637,14.489663083355055,11.055168458322473,2021,4,0
32,2,0,4,5,20.0,80.0,0.952498705741506,2.457496117224518,13.577433992816808,13.652446935401747,2.4,5.114992234449036,4.867490940190542,4.229984468898072,1.942503882775482,0.8475012942584941,13.065018119618916,10.045028473686868,2017,3,0
14,18,1,3,14,20.0,60.0,0.9600891571488099,2.1199554214255953,10.199777107127975,15.64035662859524,3.63991084285119,5.759866264276785,4.59955421425595,5.76053494289286,1.680044578574405,1.480044578574405,14.640356628595239,9.96008915714881,2014,26,0
12,14,0,2,-5,40.0,40.0,1.191085956352091,1.1133710654718634,14.448461257985548,11.364343825408364,4.9286876508167285,5.182171912704182,8.093031476225093,4.513371065471864,1.2,1.5044570218239546,8.784683414655134,11.937601694464638,2020,16,0
21,32,1,3,5,40.0,60.0,1.7336869426453168,2.133686942645317,13.701591241903925,16.268434713226583,4.883952149629304,5.550265206983987,4.333686942645317,5.132626114709367,1.9005304139679748,1.6,14.350265206983988,13.318169506242596,2020,15,0
9,4,0,1,14,40.0,40.0,1.2113480485188837,1.1659558544433488,12.747524630745488,12.920563660367815,4.373762315372744,4.848933781665023,5.5056740242594415,4.5056740242594415,1.0340441455566511,1.7510662183349766,14.343259757405582,10.8,2017,2,0
33,18,0,2,11,40.0,60.0,1.1381985010360665,1.8,13.709007494819668,14.563664168393444,4.3745343326426225,5.8763970020721334,6.061801498963933,6.665526837822954,1.2618014989639337,0.46180149896393363,10.265526837822955,8.1708089937836,2019,26,0
5,17,0,2,10,20.0,20.0,1.0,0.9187344505839596,13.522952948637428,11.195781501946533,4.202109249026734,4.558312600778613,5.602109249026734,5.883374798442775,1.1583126007786126,1.3187344505839595,11.274937802335838,13.16674959688555,2018,29,0
19,30,0,5,-3,40.0,40.0,2.3823205350034167,1.973480802505125,13.337015853723521,8.466297993737188,5.737015853723521,3.0707178599863334,6.613259598747437,5.160221203757688,1.5955801337508542,1.4,9.20883973249829,13.030939063744022,2019,3,0
24,27,0,3,3,20.0,20.0,1.288798992271483,1.4448040309140677,11.775979845429662,13.581643332326227,4.021592945900381,4.2008090695566525,5.310391938171865,5.556814108199236,2.577597984542966,1.2672060463711015,17.531984884072244,13.756005038642584,2017,9,0
32,28,1,2,3,40.0,0.0,1.3354627223444833,0.5354627223444832,10.851760943588618,9.619164501100348,6.219164501100349,5.167403557511732,5.819164501100349,2.8709254446889667,1.4773136117224164,1.9482390564113827,11.064537277655516,19.39361183296655,2014,8,0
1,16,0,3,8,40.0,60.0,1.4,2.756599216701827,14.261117493445848,13.68715796342475,5.173959530021096,6.608680156659634,5.8,6.878477806765116,1.0,0.5913198433403655,15.591676240168772,10.79096344651196,2018,7,0
33,9,0,3,7,20.0,20.0,1.0452140018658422,0.7849286660447192,12.81507133395528,15.305499337686966,2.606926016792582,5.17678334888202,4.535642005597527,5.671284011195055,1.4452140018658421,1.0301426679105616,12.335642005597526,13.150713339552809,2012,23,0
28,23,0,2,-4,20.0,0.0,1.0,0.7838231430557319,9.604421423606702,13.330871148616225,2.85882971110829,3.470585144445855,6.032353713888536,4.4220545736130505,1.7514694291671957,2.3191157152786595,15.601456293062078,15.89706114166561,2015,10,0
6,17,0,2,8,20.0,0.0,0.6023921343913929,1.0458137648150623,11.052990167989241,11.1326570256624,3.2529901679892412,4.3374412944451874,3.9494019664021516,5.190431462434429,0.6529901679892411,2.8505980335978482,13.790431462434428,16.409568537565573,2021,2,0
30,31,1,3,3,40.0,20.0,1.5390822246213296,0.8264244276506936,14.01946434128283,11.470095529165375,4.365506652272023,3.321835550757341,4.974684406058728,5.678164449242659,1.0172466738639885,1.6436711015146819,13.373575572349306,15.086233369319942,2017,11,0
31,33,1,2,-4,40.0,20.0,1.2,1.0,11.415086909417955,13.558609449312739,4.818957086984554,8.362479626879338,6.381042913015446,6.728435630476831,1.2,1.5849130905820463,12.04913090582046,13.135782184761585,2013,4,0
10,10,0,1,5,20.0,100.0,1.2670276544725976,1.9994585182911035,8.666486172763701,15.233784568090748,3.367298395327046,5.8,3.6991877774366553,4.033243086381851,1.7335138272362989,0.2332430863818506,14.267027654472598,9.568381358744839,2016,17,0
28,11,0,3,7,20.0,40.0,0.8433618213172983,1.626552714730807,13.869914536048105,12.92301996550972,6.036296322875122,7.046039931019439,6.323019965509719,6.1398290720962105,1.1132763573654034,1.626552714730807,10.416809106586491,14.130085463951895,2012,8,0
7,18,1,2,4,60.0,40.0,2.1411012106321143,0.9533927362073158,15.245327844538624,13.39872058074594,6.1754169488495965,5.3411012106321145,6.187708474424798,6.564404842528456,0.717797578735772,0.9533927362073158,8.060178208621947,8.354672155461378,2020,3,0
6,9,0,2,0,20.0,20.0,0.7983325500117483,0.4008337249941259,16.78999530007049,8.211672149917762,4.992496475052867,2.798332550011748,7.5949976500352445,2.4108384249236363,0.8041686249706294,1.999166275005874,8.798332550011748,16.6,2020,21,0
2,18,0,2,13,20.0,40.0,1.0787700223455259,1.181844966481711,12.842459955308948,12.691069798890267,3.575695078209341,4.703074944136185,5.503074944136185,5.387994854754082,1.4,0.5030749441361851,11.157540044691052,12.18770022345526,2021,9,0
0,17,0,2,9,20.0,60.0,1.030521098827532,1.6610421976550638,12.2,16.674689889447787,3.907361465103376,5.459966959241036,6.10521098827532,5.706286226689348,0.9073614651033759,1.4,14.244168790620256,11.402150476828057,2016,16,0
28,24,1,2,-5,80.0,20.0,2.4525798588313963,1.252579858831396,14.756756894290715,11.873218729482566,5.810319435325584,5.221621552854642,6.5680590118197735,6.442260423505811,0.6525798588313961,2.5371007058430193,10.884520847011622,13.168059011819773,2019,8,0
26,18,0,1,5,20.0,100.0,0.9830508683338213,3.0169491316661787,12.894915630008782,16.220338711660325,5.013559551672034,5.752542184995608,6.766101736667642,7.250847394998536,1.3491526050014637,0.5661017366676425,13.684745658330893,6.216949131666179,2017,14,0
10,16,0,1,-1,40.0,40.0,1.766961925926277,0.8,13.968733481483937,10.67610722222354,4.325664333334124,3.542183370370985,6.8513286666682465,5.90088577777883,1.9587024074078463,0.6247785555552923,10.408259518518431,14.950442888889416,2019,1,0
8,0,0,2,13,20.0,60.0,0.8,1.5421361022422926,8.43145559103083,11.495844984036127,2.0925822364123317,4.142136102242293,3.573591693273122,4.153708881793834,1.023145559103083,0.8,17.218098274799132,11.342136102242293,2013,29,0
17,10,0,1,-7,0.0,72.10956402783741,0.32109564027837406,1.60547820139187,15.842191280556747,9.930417712483901,3.3156174388865036,4.042191280556748,7.7210956402783735,4.778087194432519,1.478904359721626,0.9210956402783741,8.315617438886504,10.911773568072846,2021,13,0
15,28,0,2,12,0.0,60.0,0.6213512131871769,1.4640536395615305,13.650541507689763,15.637029375817994,4.0213512131871765,5.221351213187177,7.429190294502584,7.464053639561531,1.4427024263743538,1.9145951472512925,9.920268197807653,13.244868457133402,2014,25,0
4,17,0,3,13,20.0,60.0,0.9328679870406074,1.997207922243644,10.074112207350282,15.662943896324858,3.201396038878178,5.195811883365466,4.862943896324859,5.197207922243644,0.7328679870406074,1.5328679870406074,12.001396038878179,11.141244220309675,2016,7,0
14,10,1,2,11,60.0,80.0,1.6303200961044344,2.139359807791131,14.381920576626607,13.207231769349358,5.094576172987982,4.044783634803149,6.528512153767095,4.50180794233734,1.2981920576626607,0.8339359807791131,14.10180794233734,10.95521636519685,2017,7,0
6,17,0,1,13,20.0,40.0,1.0118909829987657,1.6,12.976218034002468,15.553151638331276,3.165042621330042,5.470630327666255,5.352436068004938,7.2,1.2587393446674895,1.2,12.436388519322636,9.046848361668724,2022,12,0
14,19,0,1,14,40.0,60.0,0.8,1.788268383989872,13.588268383989872,9.508380889555436,3.334077939212153,3.6212294143837953,5.955307353595948,4.788268383989872,0.7670389696060766,1.3223463232020256,12.54580955522228,14.479887494434434,2014,26,0
3,27,1,2,0,60.0,0.0,1.84587894914099,0.44587894914098997,12.46236315257703,8.2587894914099,4.0,2.2752736948459398,5.878847356013071,3.41648420343604,0.9835157965639598,1.35412105085901,12.09533155944911,19.098905220616242,2015,9,0
30,24,1,2,-4,60.0,0.0,1.6,0.6,10.653187584992848,10.12131173506437,3.612750339971391,2.5213117350643697,6.85537381010013,5.106375169985696,0.8,1.7468124150071522,10.463751699856957,11.531875849928477,2015,26,0
32,9,0,2,5,20.0,80.0,0.8162070571231609,2.0,11.44689569534314,12.360345095205268,3.9117239238357855,4.272069019041054,5.216207057123161,5.127930980958946,1.2,0.9279309809589463,11.264828228492645,10.592759209451591,2017,14,0
5,2,0,1,14,40.0,40.0,1.3119398354251153,1.6960200548582949,10.675869643421082,13.15224065829954,4.299749314271313,5.696020054858295,5.763929807995968,4.815919780566821,0.6599498628542626,0.9039799451417051,14.98408021943318,11.735819506275346,2015,4,0
8,10,0,2,2,20.0,60.0,1.0719445080972987,1.053240846828831,10.930925628879272,11.884907895412624,3.509351830634234,3.6532408468288313,5.1309256288792735,4.759722540486493,1.4906481693657663,0.8,13.628796911607221,10.128055491902701,2019,26,0
25,30,0,2,3,20.0,20.0,0.8064631902219301,0.8,10.406463190221931,10.451705521775441,3.58707361955614,3.4064631902219302,5.00646319022193,4.419389570665791,1.41292638044386,0.8193895706657903,11.322800614216671,13.74829447822456,2020,16,0
19,18,0,2,1,40.0,60.0,1.7761891942648433,1.4880945971324218,17.440472985662108,18.208331089963476,6.191668910036524,7.327385118639258,6.6559527014337885,8.120236492831054,1.6880945971324217,0.6880945971324217,11.664283791397265,8.167858104301366,2018,8,0
29,29,1,2,1,40.0,0.0,1.4467240325233117,0.8934480650466237,12.37568940922106,9.962585539314308,5.0,3.657930753395498,4.928965376697749,3.257930753395498,1.0467240325233118,1.5756894092210607,11.035517311651125,17.74396639563907,2016,13,0
23,30,1,2,1,20.0,40.0,0.7205563764046597,0.8794436235953403,12.594436235953404,8.446676516855916,3.6411127528093195,3.3672328932605766,5.643894634832618,5.197218117976702,1.2411127528093193,1.1616691292139791,12.70386508426487,17.898301320218273,2014,27,0
18,32,0,1,-8,94.5808471496974,20.0,3.054191528503026,1.0,17.754788212575647,7.121255984551442,6.908383057006052,2.525149171018156,7.033532228024208,4.016766114012103,0.691616942993948,1.4,7.074850828981845,18.59491344538804,2016,3,0
11,1,1,2,-4,20.0,20.0,1.093451899821,0.6532740500894999,11.53318512522375,10.14717057423925,4.093451899821001,3.8135408246867506,4.0,3.1467259499105005,1.5200889248657503,0.9331851252237497,12.347170574239252,17.132740500895,2020,1,0
15,17,1,3,15,20.0,40.0,1.5390396963206696,1.5237996204008368,13.123799620400836,12.154279772240502,4.539039696320669,4.33903969632067,5.969519848160335,3.198120986957824,1.4,1.7695198481603347,13.325678633443012,12.57139886120251,2014,2,0
17,28,1,2,-4,80.0,21.18936345729233,2.9881063654270767,0.8475745382916933,19.504850923416615,8.073553595177236,6.752425461708307,2.67136180743754,7.576212730854153,5.36431909628123,0.8,2.52863819256246,7.8118936345729235,14.36431909628123,2016,21,0
15,30,0,1,2,80.0,20.0,1.6,0.7500165653569125,13.850115957498387,8.900033130713824,4.966721884523041,3.0333443769046085,5.1334437690460835,3.8833278115476957,0.4,1.8,11.083394072975347,14.899900607858525,2016,25,0
0,13,0,1,6,40.0,60.0,1.8973951454169915,2.064930096944661,13.083767475763834,16.953907281874514,6.7246504847233055,9.64088300895947,6.96753495152767,6.4785577665978185,1.4324650484723305,0.9162325242361653,10.659720387778645,8.962325242361652,2016,23,0
31,16,1,3,0,20.0,40.0,1.0323293792657762,1.8,9.993976275594658,13.929317517063105,2.9293175170631045,5.0,5.032329379265776,5.31917655183556,1.8323293792657762,1.4969881377973284,13.767670620734224,11.335341241468448,2015,30,0
30,18,0,2,13,40.0,40.0,0.6496490520211836,1.416549684007061,14.33520505588702,9.52958988822596,2.93239747205649,4.099298104042368,4.4165496840070615,3.8978943121271024,0.7834503159929388,1.3669006319858774,12.6,11.46760252794351,2015,20,0
16,7,0,2,-5,40.0,60.0,1.9013291887406343,1.523338514074207,19.284636618369596,16.777990674666427,6.925996891555476,5.501329188740634,7.706645943703171,5.049335405629683,0.8246677028148415,1.0,6.392024867556195,9.676661485925793,2016,4,0
22,13,0,2,-3,80.0,40.0,2.510317574508814,1.489682425491186,15.972223021561698,13.524601233350161,5.627776978438302,5.469047276473558,6.6619054470528845,6.54523638236779,0.869047276473558,1.510317574508814,9.475398766649839,10.116669064685095,2017,13,0
31,18,0,3,7,20.0,40.0,1.0659337044548003,1.197801113364401,13.564834261137001,11.529668522274001,4.0659337044548005,3.9296685222740018,4.6989005566822,4.969232034408199,0.9978011133644011,1.1648342611370008,10.672530364361597,14.369232034408197,2014,6,0
12,25,0,2,15,40.0,80.0,1.2822510233170736,2.4709959067317047,15.282251023317073,12.046753069951222,5.917748976682926,5.2225102331707385,5.211255116585368,3.7532469300487783,1.2822510233170736,1.0354979533658524,11.953246930048778,15.04328786273173,2019,15,0
27,26,0,1,-1,60.0,40.0,2.3110409134940904,0.8223977162647745,16.911672692047276,10.067509038070916,5.977602283735226,3.0223977162647744,5.133438629758865,2.9337545190354586,1.4223977162647743,0.8223977162647745,12.688011418676128,17.5104091349409,2015,21,0
5,18,0,4,12,20.0,0.0,0.8235559017603743,1.4960740163732709,10.168592130986168,12.607851967253458,4.25681418010598,6.841110245599064,4.888222049119813,4.327481885387104,1.4960740163732709,2.6882220491198128,11.958889754400936,12.745036229225793,2016,23,0
28,30,1,2,-2,60.0,40.0,1.0117711594675964,1.3941144202662017,9.414713949334496,13.608828369600698,3.4235423189351932,4.417656739201395,7.358800941863413,4.223542318935193,1.2029427898668992,1.5882288405324037,13.223542318935193,12.947029782395816,2017,22,0
10,23,0,1,15,60.0,40.0,1.2753477939875881,1.2753477939875881,12.756260291776588,11.678130145888293,4.524652206012412,3.776738969937941,5.449304412024824,5.852086763925529,1.0753477939875882,1.2493044120248236,11.667000738285473,13.41769632626065,2015,23,0
6,17,0,3,7,40.0,60.0,1.300168680009571,2.0003373600191425,12.151602460090926,12.599325279961715,4.801012080057427,6.500506040028714,5.299831319990429,5.449072259947359,1.2,0.8003373600191424,14.848397539909074,11.001686800095712,2016,6,0
24,17,0,3,13,0.0,80.0,0.07859788979577183,2.4428042204084566,9.478597889795772,17.706640093880335,1.871587338774631,6.435793669387316,4.4,5.463835873471879,2.0428042204084567,0.6428042204084564,16.014021102042282,9.971216881633826,2019,12,0
26,10,0,2,-2,60.0,60.0,1.7025014675760914,1.434167155858697,13.892495597271726,10.63917009101088,3.4783401820217597,2.868334311717394,5.434167155858697,5.107504402728274,1.234167155858697,0.8683343117173943,9.47834018202176,17.205002935152184,2016,20,0
14,8,0,2,0,40.0,0.0,1.0828977629988974,0.5447348246674019,13.073039933495037,11.406571886335906,4.051979232164645,3.230918530834252,6.196714056832047,5.055265175332599,1.7967140568320468,1.2861837061668504,16.793428113664092,12.824346644498346,2016,4,0
22,30,0,2,6,40.0,0.0,1.9491905363279989,0.4,11.8,9.336488170409998,4.812702365918,3.187297634082,4.412702365918,4.660273974901997,2.6729763408199974,2.498381072655998,19.628393533689987,14.555666245704007,2018,8,0
20,15,0,2,1,20.0,20.0,1.1926356264728017,1.7631781323640086,11.570542505891206,11.407364373527198,2.829457494108793,5.341085011782414,5.266279361744784,4.095736855853578,1.4441862411631896,3.326356264728017,11.547287470543965,11.784109338179956,2017,29,0
13,18,0,3,15,20.0,100.0,0.5338521188006332,2.8661478811993666,13.414163390081013,14.612607033679113,3.7873929663208865,5.385836609918987,4.63937745743924,4.946459152479747,1.08031127128038,0.3732295762398734,9.803112712803799,5.014163390081013,2021,13,0
6,18,0,4,15,20.0,20.0,0.7972656070346006,0.4082031788961984,12.575390463311404,15.917968211038016,3.794531214069201,4.391796821103802,6.161718498484408,8.734374568830413,1.7917968211038016,1.394531214069201,12.180859249242204,9.712110111581378,2019,11,0
33,18,0,3,12,20.0,60.0,1.2602872482819698,2.154784563788523,13.784928187929507,13.030143624140985,6.864353691365568,7.683491946519658,6.924640939647538,5.430143624140985,1.8150718120704925,1.7397127517180302,11.290430872422954,12.361723489691819,2013,1,0
11,12,0,2,6,40.0,40.0,1.3383428794337824,1.215028638301347,14.430057276602694,12.154914085095958,4.0917143971689125,3.4616571205662177,6.50674303547026,4.9082856028310875,1.4616571205662177,1.123314241132435,13.139885446794612,12.888629262447255,2017,10,0
33,29,1,2,3,20.0,0.0,1.1206077650176778,1.0,14.317568939929288,11.42747702002357,5.909908080094282,5.723646590106068,6.279392234982322,4.758784469964644,1.2412155300353558,1.8,11.682431060070712,16.75878446996464,2014,6,0
13,21,0,2,14,0.0,60.0,0.5999285995759774,1.8999642997879889,11.949839349045948,12.900107100636033,3.5997857987279325,5.249946449681984,5.749910749469972,7.64987504925796,1.6999642997879887,1.1499821498939944,11.949767948621927,9.550339152014107,2018,22,0
25,15,0,8,7,0.0,20.0,0.9478994513545858,0.8173668495484715,13.661065203612228,8.38207069006637,3.4,2.3736684954847145,3.808402194581657,4.7305326018061145,2.1826331504515286,1.2347336990969429,13.156301645936242,14.02576904413013,2019,25,0
25,12,0,1,4,20.0,0.0,0.7659401870698113,0.7659401870698113,11.610491590093394,7.453269158185849,4.478611215953773,2.2148504676745278,4.25326915818585,3.65326915818585,1.0489102806047168,2.551089719395283,12.102179438790566,15.857628035766982,2016,16,0
22,16,0,3,3,20.0,40.0,1.6904483376287391,1.9452241688143697,11.038206649485042,14.528654987113782,4.4,4.854775831185631,4.819103324742521,5.126120844071848,1.6191033247425215,1.873879155928152,14.997465856958065,11.761793350514957,2015,23,0
9,14,1,2,-1,60.0,20.0,1.648583759591509,1.4,14.054248721225473,11.822659846535858,4.188670076732071,4.745751278774526,5.005664961633965,5.654248721225473,1.2,1.9514162404084912,11.854248721225474,11.594335038366035,2018,13,0
1,31,0,2,5,40.0,60.0,1.497719560579371,1.4267103295654717,16.252765715648867,13.257981537972201,5.764167912752011,4.826710329565472,7.088597802896854,4.577850549275786,1.502280439420629,1.0488597802896855,9.306841318261888,10.96026197739283,2019,6,0
6,29,0,1,7,40.0,40.0,1.4482169664659263,0.9446508993977791,11.662481234738515,13.192867865863706,3.7446508993977794,3.689301798795558,5.662481234738515,4.633952698193338,1.3517830335340735,1.3035660670681473,13.0,15.435660670681472,2015,26,0
30,33,0,2,5,60.0,20.0,1.6,0.5640362628052199,10.37412691981827,12.820827751675205,3.44605439420783,4.07192747438956,2.723027197103915,5.38990934298695,1.9129365400908653,1.2870634599091348,14.215135985519575,14.528072525610439,2020,11,0
1,30,1,2,11,40.0,20.0,1.3508654637070792,1.0,13.247980584683482,11.597692096781122,4.105192782242474,5.55086546370708,5.298269072585842,4.750865463707079,2.6994230241952804,1.4011539516094387,16.596538145171685,11.695961169366964,2017,16,0
12,20,0,3,2,20.0,40.0,1.580214562379273,1.2549463594051817,12.371394655465275,14.120858249517092,4.940643687137818,5.015375484163728,3.964839078215545,5.2,1.4549463594051817,1.0549463594051818,13.290107281189636,11.945053640594818,2015,1,0
18,31,0,1,6,80.0,20.0,1.6,0.5243365894048339,12.270356125833837,8.448673178809667,4.214455298016112,2.8828910596032227,3.6289105960322257,3.9585544701983886,0.4,1.8,10.255900827817724,16.253980463570997,2017,27,0
31,20,0,2,0,20.0,20.0,1.3756441334958383,0.6487117330083231,12.873067599512485,10.4833737354459,5.005153067966708,3.551288266991677,5.594846932033293,4.005153067966708,2.0782206674791923,1.9756441334958383,14.864170936908446,15.059017868941739,2021,21,0
26,7,0,1,-5,40.0,0.0,2.05979878504112,0.7027996528688916,16.594400694262216,8.891601041393326,5.265398090778903,2.4,5.951399826434446,3.5569991321722285,1.6055993057377829,2.151399826434446,7.923403297745532,17.14020121495888,2014,14,0
7,19,0,2,5,20.0,40.0,0.990620706441756,1.381241412883512,8.843861632514344,11.912551522698928,3.1812414128835123,4.028137880674732,4.4,5.2281378806747325,1.5718621193252682,1.190620706441756,12.990620706441756,11.884413642024196,2018,2,0
28,17,0,2,3,40.0,60.0,1.4925310071898772,2.0925310071898773,17.140248057519017,14.761203489215184,5.277593021569631,5.438796510784815,7.322406978430369,6.4,1.2,0.9074689928101229,10.814937985620245,7.838796510784816,2018,15,0
11,29,0,3,5,80.0,80.0,1.8,3.168941361157578,15.431058638842423,18.364504412751515,5.595563051593939,8.137882722315155,5.444369484060603,6.377815257969699,1.186689154781819,0.6,10.568941361157577,9.382252206375759,2017,9,0
28,29,1,2,3,20.0,40.0,1.0996330373291785,0.9011008880124642,13.994128597266858,11.001467850683285,5.6029357013665715,5.406605328074786,6.4988991119875354,5.10256873869575,2.0007339253416427,1.501100888012464,11.703302664037393,16.69743126130425,2013,21,0
23,16,0,2,5,20.0,40.0,1.4,1.6762106967890142,14.609515721284394,11.104842787156056,4.923789303210986,4.447663532935831,5.2,4.428547163853183,2.0,1.371452836146817,9.257094327706366,11.628632090367041,2014,2,0
0,17,0,1,6,60.0,60.0,1.5686285099374988,1.6674514039749995,18.68940604633751,14.795291576150003,5.633725701987499,5.7301943841000025,7.127840172175003,7.431371490062501,0.8,0.8337257019874997,8.869805615899997,8.494114470187505,2021,13,0
6,22,0,3,0,40.0,20.0,1.4615554479542099,1.0462217918168397,14.000662470214184,9.738665375450518,4.492664407038408,3.1693326877252592,6.000220823404729,4.692222760228951,1.9231108959084198,1.6,16.10733559296159,12.692222760228951,2018,1,0
11,30,0,1,-2,80.0,20.0,1.6367228529573876,1.0,15.232771470426124,9.6937828236591,5.542940029298287,3.2734457059147752,6.65310858817045,3.9836142647869375,0.43672285295738755,1.7632771470426125,11.7062171763409,13.620337117744326,2016,23,0
17,0,1,2,1,40.0,40.0,1.0064052469120355,1.4128104938240706,18.188626851902832,12.903921296319469,9.91673179014354,7.91673179014354,10.007842592638937,5.684705555583363,0.4128104938240708,1.4192157407361061,5.8241836419212385,12.464052469120354,2012,3,0
33,15,2,3,-2,60.0,20.0,2.1646367106537414,1.0176816446731294,11.217681644673128,12.053044934019388,4.7646367106537415,4.893910131961224,6.693910131961224,2.8475430254238105,1.5469550659806122,2.635363289346259,12.417681644673129,18.51709368522993,2022,16,0
13,20,1,3,3,20.0,40.0,1.591817839469633,1.1583635678939266,13.8,14.833454271575706,5.017089950514972,5.233454271575707,3.92490929631822,5.3249092963182205,1.3167271357878532,1.0,13.27509070368178,12.333091456848587,2014,1,0
32,3,1,3,8,20.0,80.0,1.0,2.4359823588550547,14.113797126833127,14.615894153130327,2.9740617440073094,5.4,5.2,4.964017641144945,1.8820088205724728,0.5539735382825817,13.384105846869673,10.148123488014619,2018,2,0
18,18,1,3,5,20.0,80.0,0.79201838680739,2.103990806596305,14.055641457255895,15.17605516042217,3.6399080659630494,5.96807354722956,6.175825325329795,4.503990806596305,0.8,0.296009193403695,9.9201838680739,7.57605516042217,2019,12,0
23,0,1,2,3,40.0,40.0,1.284107155733015,1.3682143114660301,11.00928586879618,12.83178568853397,3.66357137706794,5.0410715573301506,4.29535706560191,4.4635713770679395,0.96821431146603,1.30464293439809,11.30464293439809,14.691428983456479,2019,21,0
7,10,0,1,15,40.0,40.0,1.1569336527888618,1.7138673055777238,11.756933652788863,11.344530777689105,3.5846682639443093,4.8277346111554476,5.2832038334663425,3.6,1.0,1.8430663472111382,14.043066347211138,13.273729819322519,2017,20,0
9,17,1,2,4,40.0,20.0,1.744255457210303,1.255744542789697,13.780423599055757,13.445956342317576,5.367233628369091,3.622978171158788,7.118084070922727,5.518084070922727,1.4721277286051515,1.9278722713948484,12.249149557446364,10.655744542789698,2016,15,0
11,31,0,1,2,20.0,20.0,0.6389910664961276,1.283026800511617,12.340830263426424,8.176142936061959,3.394955332480638,3.566053601023234,5.077982132992255,2.8729374654728934,1.6830268005116171,2.0050446675193623,10.789910664961276,16.438991066496126,2019,19,0
28,18,0,1,11,20.0,60.0,1.1612604234706505,1.8387395765293495,12.593697882646747,13.348656188764146,7.0126042347065045,8.612604234706506,5.961260423470651,5.503151058676626,0.8581093647940242,0.4581093647940243,11.645041693882602,13.928822964294554,2013,29,0
30,1,0,1,-9,80.0,20.0,2.6,1.0765472575805415,19.08631856048646,11.807492409191372,7.0,4.25928354548325,6.293810969677834,4.893810969677834,1.4938109696778337,1.9703582272583753,10.123452742419458,14.748208863708124,2017,14,0
7,6,1,2,-1,40.0,20.0,1.3843701800739021,0.6,12.77264781512933,8.592185090036951,5.545295630258657,1.8195372749076222,3.446889459778293,2.6195372749076222,0.6273521848706711,0.4390745498152442,11.8,13.796092545018476,2020,25,0
11,17,0,2,12,20.0,60.0,0.9216175699083771,2.329705419450262,11.627059440732983,17.16485270972513,3.5648527097251312,5.4945581291753935,5.094558129175393,6.591912150458115,1.364852709725131,1.043235139816754,11.540589161099476,7.2513229893586395,2018,30,0
6,18,0,2,8,60.0,80.0,1.654657728648913,2.8186309145956523,15.326711356755435,17.05651025135598,6.434791798915217,8.145342271351087,7.8900670351331526,6.072671135675543,0.654657728648913,0.9819865929733695,10.401235015138043,8.726711356755434,2016,20,0
27,8,0,1,-4,20.0,20.0,1.1328893651253353,0.8,11.28770497366756,10.420594338792895,3.665778730250671,3.287704973667561,6.6205943387928965,5.332889365125335,1.689036878291555,0.7561475131662194,10.468442539498659,13.602663809247987,2017,2,0
20,17,0,1,1,60.0,80.0,1.8364008364205322,1.8546012546307982,14.199795399687074,18.599795399687075,5.3271983271589365,5.618200418210265,5.654396654317871,9.272392472215211,1.2,0.6,11.545603345682128,4.618405018523193,2019,22,0
29,0,0,1,0,20.0,0.0,1.164161780409863,0.5641617804098631,10.473602967349771,9.873602967349772,5.235838219590137,4.871676439180274,5.145279406530046,4.584970682459178,1.2188823738798176,1.7452794065300457,13.215029317540822,15.911367715109407,2013,4,0
29,4,0,1,6,60.0,40.0,2.0905107386201776,1.0,14.071532215860534,14.484677841394669,7.519704033783376,5.57663960206231,4.671532215860533,6.113871136557868,0.7810214772403554,0.8905107386201777,11.086128863442132,13.02336039793769,2013,14,0
24,18,0,2,7,60.0,0.0,2.6,0.6,15.203641789664417,14.890182089483222,5.850910447416105,4.690182089483221,5.380364178966442,5.8,1.878543284134233,1.741092536899325,15.604355226020152,9.77236716328187,2017,18,0
12,0,0,1,12,40.0,0.0,1.0179057443193453,0.7641885113613093,13.817905744319345,11.474659789764582,2.8506804204708356,4.128377022722619,6.361151698874108,4.871622977277381,0.9462827670419638,1.9104712784032731,7.161151698874109,14.552356392016364,2017,12,0
32,13,0,2,-1,80.0,20.0,1.4212243290748299,0.7787756709251703,11.782856767841269,10.289797257709754,3.8,3.276735122467121,4.71918378061678,3.876735122467121,0.74040810969161,1.5787756709251701,11.82122432907483,13.472654025551021,2016,4,0
31,6,1,2,5,40.0,40.0,2.0094409104060045,1.0,13.0,11.647204552030022,6.419752261548961,4.6480749927669756,7.208570469669052,4.762236358375982,1.1811181791879912,0.8,12.096149985533952,12.990559089593996,2012,21,0
28,9,0,1,5,40.0,80.0,1.437170245792156,1.6604716257013075,11.465187882714382,12.855755368688234,3.3395283742986925,4.516226994389541,4.069904139727454,3.8047162570130735,1.6185851228960781,0.8604716257013074,16.525379603259474,13.274620396740527,2015,13,0
21,28,0,1,-1,80.0,20.0,1.4407056448652245,0.5592943551347754,15.22306452323461,9.792943551347754,4.755766130808652,3.7557661308086527,6.623064523234611,4.7964717756738775,0.5592943551347754,1.8,11.870826616752082,15.247762093517471,2014,22,0
33,5,0,1,10,40.0,20.0,1.2325225536430622,1.216261276821531,16.62112595496316,11.887004683447607,6.854482129804545,6.654482129804545,7.583738723178469,5.724391915232297,1.4325225536430621,1.4756080847677033,11.832522553643061,11.178040423838517,2013,19,0
32,2,0,3,2,20.0,80.0,1.031581716996258,1.831581716996258,11.589437679048645,13.168418283003742,4.073673132014968,4.568418283003742,7.284182830037419,6.347346264029936,1.7052548490112258,0.46316343399251614,17.010457075093548,12.336836566007484,2019,19,0
11,18,0,2,10,40.0,60.0,1.107567096526159,2.2462164517369207,14.2,16.352155803103148,4.445402579156954,5.522701289578476,7.276484837841556,7.091619030893874,0.8613506447892385,1.507567096526159,12.430268386104636,11.938649355210762,2014,23,0
21,0,0,1,7,60.0,40.0,2.0,1.0,15.480775239866642,12.344427084829702,5.613247195570373,3.279483173422239,5.333764022148134,5.332471955703732,1.3470112177185072,1.5470112177185074,9.626494391140746,16.44103365315552,2018,11,0
6,17,0,2,12,60.0,80.0,0.845861266404633,3.7633109868762933,9.665995345146872,15.071588454067028,3.8568230918659445,7.3008947860901925,5.236689013123707,5.0,0.8183445065618532,1.0091722532809266,14.57248324015722,8.102684358270578,2017,1,0
4,3,0,2,14,20.0,80.0,0.9241611368844183,1.7241611368844183,11.248322273768837,11.379194315577909,4.069127958190927,4.248322273768837,4.296644547537673,4.613421809849308,1.6550331786934904,0.7724834106532548,12.8,14.021478654070222,2015,7,0
8,10,0,1,6,40.0,0.0,1.2610346367098342,0.4610346367098343,14.105173183549173,9.930517318354918,4.1746558651942545,2.9915519550647516,5.905173183549171,5.738965363290165,1.1915519550647513,1.7136212284844201,10.93706704112707,14.138965363290167,2015,26,0
30,9,1,2,1,60.0,0.0,1.2836523164314055,0.9673046328628114,12.210605987803293,7.641826158215703,7.196172202823131,5.116347683568595,5.023564576058675,3.167304632862811,0.8091307910785142,2.2927831075099196,11.050956949294218,18.380263221118195,2013,2,0
13,17,0,3,14,20.0,60.0,1.0840700131056522,2.4637199475773905,10.411509908260435,17.06371994757739,3.6318599737886954,5.863719947577391,4.791159842732172,6.620350065528262,1.6840700131056523,1.3681400262113046,12.701750327641307,8.808840157267827,2017,28,0
5,11,0,1,1,60.0,0.0,1.590124147452146,0.663374715817382,12.404937926273927,9.668312642091308,3.121811505360837,2.8584367895434553,5.063374715817382,3.11687357908691,1.3851862211782189,2.463374715817382,11.756376989278326,18.009057526804185,2013,11,0
30,14,1,2,3,60.0,20.0,1.770189266628744,1.4925473166571859,16.006230233086836,13.38820974985779,4.603115116543417,4.2,5.695662433200604,5.73726341671407,0.9403785332574879,2.0,11.781979516770955,13.916127816941607,2017,1,0
24,30,0,2,2,0.0,0.0,0.29202383179671443,0.5079761682032856,12.136190654373715,10.971785513829571,3.2282144861704296,2.8159523364065713,4.536190654373716,3.7079761682032855,2.0319046728131425,1.9398808410164279,14.955833177423,14.031904672813143,2019,15,0
29,9,0,2,5,20.0,40.0,0.8,1.6339064423796614,12.75429831784746,12.652578990708477,6.433906442379661,7.252578990708477,6.384766105949153,5.237345096657631,1.3660935576203386,1.467812884759323,12.027029133823724,12.9203918754678,2012,5,0
28,7,1,2,1,40.0,0.0,1.2800600977820562,0.23987980443588747,12.039879804435888,7.8800600977820565,3.639579315525606,2.3598197066538313,4.8800600977820565,3.8803605866923374,1.879759608871775,2.2404807822564505,12.718437457666537,14.958617751012707,2017,18,0
13,17,0,3,0,40.0,60.0,1.2604664852606136,2.297667573696932,11.911603265308955,14.102332426303068,6.4697373242665,8.609270839005886,4.995335147393863,5.795335147393864,1.9395335147393864,0.7395335147393864,13.61860054421816,10.13486866213325,2014,9,0
32,18,0,3,16,20.0,60.0,0.7279730910602806,1.983919273180842,13.17554254802477,16.347905818710984,3.3279730910602807,5.03601345446986,5.491959636590421,4.744053817879439,1.760134544698597,0.9279730910602806,11.712565087734108,10.715744365072666,2015,26,0
11,4,0,2,7,20.0,40.0,0.5820991202637527,1.6786005864908315,11.564198240527505,11.0,3.860699706754584,4.539300293245415,6.1213994135091685,4.842798827018337,1.4,1.9572011729816632,8.624897947282088,16.964198240527505,2019,13,0
31,18,1,2,4,80.0,60.0,2.1176677571284945,2.0469967286145168,16.140286443474743,15.941342057027956,7.517667757128494,7.906358413955371,6.682332242871506,6.0819803716871,0.6706710285139774,0.9646644857430112,9.00070374236881,9.070671028513978,2014,17,0
9,9,1,3,9,40.0,60.0,0.5256823951455829,1.1005459161164663,8.753002538640564,12.299454083883534,2.501637748349399,4.12459056291265,3.325682395145583,5.499454083883533,0.725682395145583,0.4502729580582332,12.250272958058233,6.67540943708735,2020,9,0
16,31,0,2,4,20.0,40.0,1.0060944219456844,1.503047210972842,14.654849797511158,11.393905578054316,3.7091416329185263,3.8060944219456845,6.478669523190105,4.0,1.818283265837053,1.0908583670814735,10.763991430429686,14.915236054864211,2016,16,0
24,18,2,3,15,20.0,80.0,1.5838662095620628,2.2,10.426889650729896,12.616133790437937,4.967732419124125,7.1515986286861875,7.146220698540208,6.562354488978146,1.8053779301459791,1.1731103492701043,15.383866209562063,11.994622069854021,2012,1,0
31,17,0,2,9,40.0,20.0,1.079612920891808,1.361161237324576,12.720387079108193,15.836903367134463,3.59806460445904,4.6,5.920387079108192,5.355355050701696,1.5223224746491524,2.3630966328655365,12.481548316432768,10.483483711973728,2016,3,0
28,26,0,3,11,20.0,20.0,0.7104603736374718,0.8895396263625283,9.713388692268849,13.931381120912414,2.9761509340936794,4.4,3.958158505450113,6.173222615462302,1.2,1.4895396263625282,14.504603736374719,10.4,2017,8,0
1,28,1,2,7,40.0,20.0,1.0712837452622204,0.9643581273688898,9.792060598942212,11.794088165271127,3.2,4.443581273688898,4.70692561789333,5.0,1.4712837452622203,1.76435812736889,13.455404943146643,15.465371910533348,2015,1,0
30,30,0,3,8,40.0,60.0,0.9380330511289547,1.4690165255644774,13.295735590968363,12.621148730080296,3.6549173721776134,4.276066102257909,5.8619669488710455,6.061966948871046,1.3380330511289547,1.2549173721776135,10.578851269919703,15.24081821879075,2015,26,0
28,13,0,1,-3,60.0,60.0,2.1304761571034634,1.3219046284138534,11.426666199448487,10.687618513655414,5.17428541393117,2.9219046284138535,4.974285413931169,5.279046984965802,1.4,0.9219046284138532,13.607619915309954,17.574285413931168,2021,14,0
11,18,0,3,15,40.0,80.0,1.4,1.987278127405934,15.279142210356373,12.444526554079232,5.749112509623735,6.330029700732637,5.793639063702967,3.4699702992673633,1.3872781274059338,0.8,11.695414044455495,19.120118802930545,2019,8,0
28,14,0,1,0,0.0,40.0,0.9805138763170366,1.4902569381585182,8.902569381585183,10.25845837104889,3.8902569381585184,4.2779444947318535,3.3292291855244454,4.709743061841482,1.8707708144755548,1.3097430618414816,13.877944494731853,14.327194268438511,2018,21,0
6,31,1,5,5,60.0,80.0,1.8931152992534954,1.8931152992534954,13.499656321648633,12.500343678351367,4.134423503732523,5.1173835910419445,6.365232817916111,5.624268291788449,0.8931152992534954,1.0137694014930092,10.169190685816412,14.506884700746504,2019,26,0
19,19,0,1,15,40.0,60.0,1.1864051094368082,2.044008515728014,13.2,10.762439172348865,5.989628953475247,6.864051094368083,4.511982968543972,6.074422140892836,1.0,1.4,13.786405109436808,13.99677615596156,2013,26,0
14,30,1,2,-1,60.0,40.0,1.7365303577375555,0.9365303577375554,10.44231309484163,13.501833935113108,4.95768690515837,5.346121430950221,4.6,5.651904168054296,1.378843452579185,0.7788434525791852,14.524964883529407,9.92891368552037,2022,19,0
22,31,1,2,5,20.0,40.0,1.1485006406801423,1.4970012813602849,16.504758649181923,8.00599743727943,8.504758649181923,3.7029987186397153,6.2,4.102998718639715,1.4,1.9227509610202136,12.142503203400713,14.451499359319858,2012,25,0
33,17,1,3,8,40.0,20.0,1.6660199026620313,1.3980597079860932,12.407761168055627,15.74562184942141,5.056318442592497,8.335920389351875,5.924278637268435,7.535920389351875,1.2,1.2660199026620311,13.792238831944372,10.784477663888746,2012,15,0
20,30,0,2,4,80.0,60.0,1.6713668941279884,1.8713668941279884,12.621151023575948,14.792949658808016,3.9356834470639943,5.8070503411919825,3.7145324234880466,5.2,0.4643165529360058,1.0,8.064316552936006,11.064316552936006,2018,16,0
0,2,0,2,-7,80.0,40.0,1.8184581172457492,1.2738324689829967,8.18154188275425,12.003039289703242,3.8553743517372476,3.6399555241947397,4.818458117245749,5.436916234491498,1.2,0.9107487034744953,13.929206820720244,10.38154188275425,2020,9,0
5,28,0,2,-9,40.0,0.0,1.2150836847549655,0.488687236433776,16.654607768738398,8.0,7.526396448321189,3.281145394056293,6.0,5.184916315245034,0.9849163152450344,1.881145394056293,11.050978024546364,17.79245815762252,2014,6,0
28,6,0,1,1,40.0,20.0,1.2126708302576499,0.9122152829039171,10.087784717096083,14.0253416605153,3.8253416605152997,4.0,3.912215282903917,6.7628986039345165,1.2624430565807834,1.6,14.313126377611383,10.862443056580783,2021,6,0
25,18,0,2,10,80.0,40.0,1.7023314027094523,1.5069942081283567,13.823314027094524,15.51165701354726,6.944296651479593,7.762947873155211,5.9303082352228795,5.809325610837809,0.3953371945810955,0.8,8.506994208128356,10.11165701354726,2014,10,0
9,24,0,1,-11,60.0,20.0,1.125582146172955,1.4744178538270452,19.38371604987579,14.172089269135226,6.5058133903702835,4.917440171110852,8.183716049875793,5.631395536543239,0.6,1.5372089269135225,6.913955365432387,14.725582146172954,2018,25,0
32,18,0,4,7,60.0,40.0,1.3245428069515854,2.0,13.192684911225367,17.830029123532558,4.3208852625642695,5.6,5.694513683419026,8.452743158290486,0.7736284208547565,1.1245428069515855,11.63079789196659,9.36997087646744,2018,21,0
17,10,0,1,-10,0.0,79.94809951232708,0.39948099512327073,1.9974049756163534,15.998961990246542,7.814013131671691,3.002076019506917,4.198961990246541,7.799480995123271,3.2103800975345864,1.4005190048767293,0.9994809951232707,8.002076019506918,13.184948858574849,2021,19,0
4,18,1,3,12,20.0,100.0,0.9736602214071174,2.920980664221352,14.232154686229183,16.978563542513875,3.879019335778648,7.226339778592883,5.474116014671887,4.494640885628469,1.3209806642213522,0.3736602214071174,11.589281771256939,7.558950258086836,2019,25,0
31,17,0,3,11,40.0,40.0,1.3830965984638635,1.5830965984638636,12.349289795391591,17.966193196927726,4.830965984638636,5.416903401536136,3.718323810752955,7.464772787710909,1.4338068030722726,1.7323863938554545,13.653551023042047,12.0,2014,9,0
11,30,0,1,5,20.0,40.0,1.0389112329021721,1.3583668493532584,14.869656712570634,10.39455616451086,3.7583668493532585,3.5167336987065165,6.041633150646741,4.2416331506467415,2.0778224658043443,0.880544383548914,11.75292301386412,15.722177534195655,2017,15,0
16,18,0,1,8,20.0,60.0,1.6,2.4,11.849474814879466,15.860469218186015,4.405497201653274,6.389005596693453,5.4137430041331855,5.402748600826637,1.9972513991733631,1.1972513991733629,10.802748600826638,8.043977613226192,2019,21,0
27,16,0,2,0,0.0,60.0,0.9073181291974666,2.4,11.843908775184799,17.429272516789865,3.443908775184799,6.1219543875924,4.809771937961997,6.507318129197467,1.7073181291974666,1.1853637416050669,13.804864320432936,10.102410511668404,2016,8,0
28,4,0,2,-3,40.0,20.0,1.9392334072859465,0.8151916481785134,12.949407908105808,11.141741980965273,5.369616703642974,2.9240417591074332,6.8,7.111358684608247,2.1088501109289197,2.2455749445355404,11.306341537249594,14.622857575319049,2015,30,0
32,2,1,2,4,20.0,0.0,1.3166601602591148,0.8583300801295575,11.530563146364365,10.458330080129556,4.23332032051823,4.141669919870442,5.330563146364366,6.586097013894749,1.6583300801295575,1.7416699198704426,9.98609701389475,18.980582665587022,2018,11,0
28,15,0,1,10,40.0,80.0,1.0960178364249658,1.2960178364249657,12.8,13.151991081787516,3.744026754637449,4.207964327150068,4.0960178364249655,4.336062427487381,1.551991081787517,0.1920356728499315,13.33606242748738,10.951991081787517,2015,17,0
21,28,0,2,-6,80.0,20.0,1.8250126031788274,1.0250126031788271,15.987493698410587,9.456227944437053,7.0188098650994295,4.31875945238412,8.025012603178828,4.787493698410586,1.0250126031788271,2.0125063015894136,10.168683833311157,14.906253150794708,2013,17,0
19,5,1,2,2,20.0,0.0,0.655896787721707,0.45589678772170705,8.997419693042676,7.129238547339516,2.9030710894953633,2.4969289105046366,5.423587150886828,2.7441032122782927,2.2646192736697577,2.432309636834879,14.546683519235618,18.879483938608537,2021,4,0
30,26,0,3,-4,40.0,60.0,1.5750634549955036,1.6,11.387531727497752,15.862849002475269,3.1875317274977517,6.112722092484262,3.3496192700269796,7.675317274977517,1.037404817506745,1.5376586374887586,13.150634549955035,10.236897177542717,2019,27,0
26,21,0,1,2,40.0,0.0,1.3113565448562639,0.7409043632375094,14.704521816187548,7.718191273524981,4.622713089712528,1.9772869102874722,6.252260908093774,3.4295478183812453,1.288643455143736,2.4,8.079599822768643,16.584121638956187,2019,8,0
30,0,0,1,12,20.0,40.0,1.4668830714125218,1.4532467714349913,12.88051937139005,13.787012914260036,3.1064935428699827,3.9461040143274437,6.320129842847513,5.787012914260035,1.5467532285650087,1.1331169285874783,11.959740314304975,9.118831414372384,2014,28,0
28,0,1,2,0,80.0,20.0,2.0502675956773353,1.0625668989193338,13.113904877306009,13.712834494596668,6.725133797838668,7.061496516209994,4.563102090274004,5.774331010806662,0.5877006967580014,1.4625668989193337,11.374331010806662,14.675936584870673,2014,13,0
21,9,0,1,5,100.0,40.0,1.7422305202060167,1.8444406726336289,11.42669156061805,14.408908502305131,6.41778305831292,7.346650825061241,4.124447461893097,6.035566116625839,0.5555593273663713,1.6444406726336287,12.324447461893097,13.471098286954337,2012,26,0
5,10,0,1,2,20.0,0.0,1.1502302607948476,0.8998464928034349,11.24854168163263,9.850383767991412,3.299846492803435,3.0503837679914123,4.649769739205152,3.99938597121374,0.9502302607948476,1.9004605215896953,10.251611825563932,15.650690782384542,2019,26,0
9,15,0,1,-3,60.0,20.0,1.7939055694532813,0.8304721527335942,14.975622277813125,10.763433416719687,6.018283291640157,3.4487554443737505,3.836566583280313,5.806094430546719,0.6121888610934376,1.2182832916401565,8.715794180387658,15.314677972345937,2017,21,0
24,20,0,2,13,0.0,60.0,0.3327850189252767,1.9468859924298894,11.173442996214945,12.132785018925277,5.279671011355166,7.814100973504613,5.7734429962149445,5.120328988644834,1.1858990264953875,0.8531140075701107,14.65311400757011,15.159342022710332,2012,21,0
17,17,1,2,8,40.0,60.0,1.3875119975241248,1.9416586683172503,14.687416017331126,15.25834133168275,4.4833173366345,5.5166826633655,6.412488002475875,4.979122675744876,1.8,1.4583413316827498,12.712583982668873,9.17502399504825,2015,20,0
1,27,2,3,5,0.0,40.0,0.4794327665008165,0.958865533001633,10.956029365505715,11.123403400995102,2.6794327665008164,2.9617017004975508,4.7205672334991835,4.805672334991835,2.526239568491018,1.0794327665008165,11.885105101492652,11.870924264013064,2015,24,0
0,9,0,1,4,40.0,60.0,1.3258429998389771,1.6838953332259847,13.179026166693504,17.811235500241533,4.819476666129924,7.64045049943642,7.158052333387007,5.430712166371459,1.2419476666129923,0.8209738333064962,9.13558133290394,8.009738333064961,2020,22,0
26,19,0,1,12,20.0,60.0,1.2,1.5899241648750553,12.767632711468654,12.422291453406402,7.084886247312583,8.212215618281457,5.579848329750111,5.127329370968874,0.9050379175624723,0.4,12.010075835124946,13.727329370968874,2012,26,0
32,15,2,3,0,20.0,40.0,1.0,1.727086448609617,9.872913551390385,13.654172897219235,2.9458271027807665,4.78125934582885,4.927086448609617,5.3635432243048085,1.6906296729144252,1.290629672914425,14.273938084037491,11.983308411123065,2015,30,0
6,13,0,3,14,20.0,40.0,0.6255860368075346,0.7744139631924655,11.58955112882637,10.553516220845207,3.5383790552113017,3.076758110422604,4.902344147230138,5.425586036807535,1.1383790552113018,1.051172073615069,12.529002466290748,9.015137165633906,2020,6,0
18,19,0,2,9,80.0,40.0,1.7681419971755863,1.8318580028244138,14.385845963282621,15.458413951984966,8.03540793221407,9.316827903969932,6.881419971755863,6.231858002824414,0.2318580028244138,0.8637160056488276,9.46901805931269,10.568141997175585,2012,5,0
6,17,0,1,13,20.0,40.0,0.8535225972272338,1.6,13.292954805545532,15.289204328712055,2.74272692593929,5.417840865742412,5.985909611091065,7.2,1.3643182685151773,1.2,11.063862509302693,9.310795671287945,2022,12,0
31,23,0,2,14,20.0,80.0,1.2,2.6646644359844767,11.59187246644036,13.997879158486933,4.042402676818628,5.763604015227942,5.107067112803104,6.183744932880722,1.8141342256062094,0.8929328871968953,13.878798661590686,9.97385239030065,2020,5,0
7,14,0,2,9,60.0,60.0,1.7067134353800795,2.7067134353800792,14.21342687076016,12.513076105409562,4.833216411549801,5.246643282309961,4.506713435380079,5.933567176900398,1.0,0.9399298469298807,9.033216411549802,10.939929846929882,2018,22,0
24,9,0,3,10,20.0,60.0,1.0,1.405756118566956,12.862829254288696,12.125658508577391,4.74292686427826,3.6,5.34292686427826,4.3314146271443486,1.268585372855652,0.8685853728556521,11.845560898587827,11.749171032793038,2016,7,0
30,5,0,3,9,40.0,20.0,1.4312360702833327,1.6312360702833328,15.949025660297226,10.031236070283333,5.115618035141666,4.179175953144445,6.95835190628889,4.347939882861112,1.9468541054249988,1.8,11.4,12.589587976572224,2016,14,0
5,12,0,1,8,40.0,80.0,0.8579582786882781,2.213062581967583,11.7665202049152,14.2,3.386937418032417,4.684083442623444,5.360812254097252,5.102853975408973,1.2,0.9420417213117219,14.51020860655861,13.420417213117219,2017,25,0
34,21,0,1,12,40.0,80.0,1.2702354319416846,2.2595291361166305,10.6,12.329764568058316,3.2,5.519058272233261,4.329764568058316,5.838116544466522,1.3892937041749456,0.5404708638833696,12.88094172776674,10.583296047183588,2018,20,0
1,27,1,2,-1,20.0,20.0,1.4163343185965998,0.8877492610525501,13.53675221684235,8.5836656814034,7.89591642035085,4.5836656814034,5.7367522168423495,2.0,1.30408357964915,2.3836656814034,11.03057914596445,14.142829884911901,2012,12,0
20,18,0,3,12,20.0,80.0,1.1663202061143323,2.2494803091714983,11.164241442800327,17.047401545857493,2.8494803091714984,7.465280824457329,4.283160103057166,5.980041958086156,1.298960618342997,0.6494803091714985,12.748440927514496,8.2,2018,19,0
13,2,0,2,5,14.736449507898257,0.0,0.5473644950789825,0.5579065147630523,10.852635504921018,10.663102931105756,3.0526355049210174,3.5368224753949127,3.9263550492101746,5.578915960631861,1.705271009842035,3.042093485236948,11.063177524605088,14.536822475394914,2019,9,0
25,17,0,2,0,20.0,0.0,0.9769030936198251,0.8422577340495626,14.04619381276035,9.865354640429738,4.7076123744793,4.011288670247813,4.580839172330612,3.6884515468099126,1.35380618723965,1.730709280859475,16.088451546809914,18.1228371234379,2013,5,0
16,17,0,3,3,40.0,80.0,1.9653858261356965,2.930771652271393,15.501937000560508,20.21346456533924,5.848078739203545,6.565385826135697,6.951921260796455,9.09615747840709,1.0,0.7173070869321518,12.849984260235948,11.724992130117974,2021,16,0
24,27,0,3,3,20.0,20.0,1.2871082914954717,1.451566834018113,11.742165829909435,13.654343465694716,4.009758040468302,4.216025376540754,5.296866331963773,5.580483919063395,2.5742165829909434,1.2773502510271695,17.506624372432075,13.764458542522641,2017,9,0
7,23,0,1,6,60.0,40.0,1.5030181007610315,1.675754525190258,12.372736424429226,14.975855193911748,4.696981899238969,5.324245474809742,5.821227374048711,5.751509050380515,0.8757545251902579,1.5515090503805158,12.463682122146132,10.48179072671232,2015,6,0
13,30,0,2,-9,60.0,20.0,1.9349787335487674,1.3975318996768493,12.855148865158629,13.590127598707397,4.7374468338719185,4.7374468338719185,6.592595699030547,4.534978733548767,0.9349787335487673,1.3325106332256162,9.809872401292603,11.134978733548767,2019,2,0
10,24,0,1,-5,40.0,40.0,1.0802820822839903,0.8,9.16197457598793,8.101057808564963,2.780634685138978,2.3404936439969832,3.761269370277956,3.8408462468519704,1.1003526028549877,1.1397884382870074,10.579929479429001,13.920423123425985,2019,1,0
19,20,0,4,-4,80.0,40.0,2.3139558221651417,1.7215110444587147,16.66337851095414,14.465687755798148,7.579643577963289,7.809864467137581,8.415110444587146,6.13662148904586,1.2860441778348584,1.2784889555412853,8.364533133376144,12.46337851095414,2013,28,0
6,17,0,1,13,20.0,40.0,0.9466118932787927,1.6,13.106776213442414,15.444353155464654,2.9909650487434476,5.448870631092931,5.613552426884829,7.2,1.3022587378141381,1.2,11.870636408416203,9.155646844535346,2022,12,0
21,18,2,4,10,20.0,100.0,1.4,2.298948618709364,12.607710129464664,12.40350460430212,4.2028036834416955,4.298948618709364,4.09824769784894,4.400700920860424,1.998598158279152,0.29964953956978807,13.405607366883391,9.389486187093642,2020,15,0
27,9,1,2,2,40.0,40.0,1.2,0.9321393925123655,13.203581822462903,14.216118201083065,4.137512126206721,3.535721214975269,5.671442429950537,6.144675771132527,1.6,1.2017909112314515,10.528557570049463,9.276815163644892,2019,6,0
1,15,0,2,12,20.0,60.0,0.786738364751975,1.2530465409921003,12.239784905744074,14.6530465409921,3.6663081762401255,4.0928314467361755,3.8663081762401252,4.479569811488151,0.6265232704960502,1.413261635248025,12.3469534590079,13.307168553263825,2014,16,0
32,0,0,2,4,20.0,0.0,1.5954793821195552,0.9954793821195551,11.192465636865924,10.592465636865924,4.804520617880445,4.00904123576089,5.001506872626815,7.172876292717331,1.7939725094927403,1.6015068726268151,10.627123707282669,17.780410655851405,2018,8,0
3,21,0,3,1,40.0,20.0,1.5351996786275168,0.9802662381700227,12.456264631307608,9.270399357255034,4.64212990536018,3.6111980717651013,4.88453408320246,4.549334404574943,1.8,1.8253327977125284,16.002936654182324,13.0,2018,1,0
26,29,0,1,0,20.0,0.0,0.5269286360651885,0.5461427278696231,13.684715449173392,10.015429088521508,4.053857272130377,2.692285455739246,6.05007226884745,4.4192140918044345,1.1269286360651884,1.4,12.25007226884745,12.434643180325944,2018,18,0
28,18,0,2,9,0.0,40.0,0.8,1.0,10.59024784064699,13.648760796765048,3.307314119514757,4.312190199191262,4.59024784064699,4.112190199191262,1.8,1.6,17.297561960161747,12.536610964205437,2015,7,0
28,16,1,2,5,60.0,20.0,1.6,1.7701635035672294,10.779018978596625,12.149182482163853,4.259672992865542,4.2,3.370163503567229,7.161308028537834,0.6596729928655415,0.8685284678949368,16.749182482163857,8.856402921520957,2020,28,0
32,28,0,2,0,0.0,21.75775249080288,1.7121123754598562,1.2,13.55819772417226,10.169128023068605,6.010930298896345,6.210930298896345,6.982422475091971,4.123042674356202,2.3648449501839424,1.7472674252759137,10.670310099632115,16.329689900367885,2012,1,0
9,17,0,2,10,40.0,40.0,2.044691909392915,1.7611729773482288,14.14580550166103,16.1282108414376,5.4,5.8717891585623985,6.88938381878583,7.9729027508305155,1.6776540453035427,1.2776540453035425,11.683518932044686,9.370675566294283,2021,23,0
32,25,1,3,1,20.0,0.0,0.8222613957427902,0.9888693021286049,15.455300927671864,10.855300927671864,4.144346510643025,3.699823719157444,6.62226139574279,5.31095441702884,0.6333920936141851,1.8222613957427902,10.522437676585346,17.244170229800467,2018,3,0
15,10,0,2,-1,60.0,0.0,1.1369256141192725,0.06307438588072733,9.59920666586691,9.463074385880727,2.536925614119273,2.031537192940364,4.463074385880728,5.506181755311999,0.705388421178909,1.3576859647018185,13.094611578821091,13.4,2016,17,0
14,28,0,1,3,20.0,0.0,1.0103270955749026,0.6206541911498051,10.989672904425097,9.430981286724709,2.4103270955749023,2.2413083822996103,4.4,2.651635477874513,1.420654191149805,1.420654191149805,13.95869161770039,17.369018713275292,2014,19,0
13,17,0,3,14,20.0,60.0,0.9963515037143278,2.789054511142983,10.992703007428656,17.356218044571932,3.8,6.196351503714328,5.792703007428655,6.174460526000295,1.6,1.2036484962856722,10.662024436856427,7.836484962856722,2017,29,0
26,14,0,3,7,20.0,40.0,1.218176877419853,2.0787845849465687,14.27878458494657,13.260607707526715,5.066684782793873,6.327292490320588,5.684861660213725,4.587900197847304,1.757569169893137,1.9393922924732843,8.666684782793872,13.442430830106861,2013,3,0
10,16,0,1,3,0.0,60.0,0.6005488930463211,2.3972555347683944,11.402195572185285,15.588473246027256,3.801097786092642,5.198902213907358,5.599451106953678,6.795059962583109,2.001097786092642,1.5978044278147157,11.407684502648497,10.222504614899165,2016,6,0
31,23,1,3,-1,80.0,20.0,1.144745631836371,1.2,11.089491263672743,13.55186463113765,3.9861015266467623,4.5447456318363715,5.124067684431175,5.165423579241566,0.6,2.082711789620783,11.379322052594805,15.669152841516867,2015,4,0
24,31,0,2,4,40.0,0.0,1.745599050683396,0.5696006328777361,11.715199683561131,8.636797152050189,4.3759984178056595,3.62400158219434,4.569600632877736,4.2063977849279235,2.37599841780566,2.430399367122264,17.23198892463962,15.641605379460756,2018,11,0
32,29,0,2,-1,0.0,20.0,1.7008747357026381,1.1669582452342127,13.201749471405275,9.585228594022382,5.750437367851319,5.785228594022382,6.933916490468425,3.851312103553957,2.3339164904684253,1.7669582452342127,10.847813160743405,16.05306157495923,2012,1,0
10,11,0,1,2,20.0,60.0,0.8042400051180844,0.6095400115156897,12.197879997440957,9.831800038385634,3.6042400051180845,3.2169600204723374,6.394699993602395,3.4106000127952107,1.4031800038385631,0.8021200025590423,10.998939998720479,10.387279984645748,2020,25,0
7,14,0,3,0,20.0,20.0,0.8249328370548575,0.6,14.009973134821943,12.685308949547657,4.484771645986516,3.224932837054858,6.795013432589029,4.535174623657371,1.5950134325890286,1.0249328370548576,17.200537303561138,15.14016119106834,2013,21,0
22,15,1,2,11,0.0,20.0,0.19629951170351378,1.2037004882964861,11.283347802665812,12.4,2.585198046814055,4.2,4.5740965819245964,4.8148019531859445,2.101850244148243,1.9055507324447294,15.512951709037702,12.427840478218517,2021,29,0
9,18,0,1,-6,60.0,20.0,1.5783168772974205,1.0216831227025795,16.440940297566765,11.908415613512897,6.1662623420269345,3.8987870260808037,5.240940297566766,5.744579219324355,0.6,1.3108415613512898,8.045792193243551,15.178316877297421,2018,23,0
20,29,1,2,5,20.0,40.0,0.8358277053693295,1.4358277053693294,12.477550651676035,11.456689178522682,3.543310821477318,3.7074831161079884,6.662584419460058,4.071655410738659,1.2358277053693294,1.4716554107386588,9.388209518125247,14.650793937585307,2015,17,0
29,18,0,4,13,20.0,80.0,0.8563085458326893,2.518457270836554,9.625234183330758,15.798126533353944,3.594159820828825,6.281542729163446,4.194159820828824,7.180605995840418,1.6873829083346215,0.48738290833462145,12.648594900015457,9.895096554151852,2015,15,0
5,13,2,3,9,40.0,20.0,0.8280293856359284,1.3859853071820358,13.656058771271857,15.180875111047303,6.1541616209976056,6.726132235361678,6.492992653591018,7.422919189501197,1.1210220392269463,1.692992653591018,11.912117542543713,9.06496326795509,2015,8,0
30,14,1,3,3,60.0,20.0,1.7812955873011296,1.0187044126988702,11.979493753970198,11.428056619048306,3.876619484126412,4.2,3.7327327222230235,5.532732722223023,0.5812955873011296,1.1420849285724586,11.56078934127133,15.646761031747177,2020,5,0
7,29,0,1,6,20.0,20.0,0.23228348825947506,1.503149535221575,11.490551394335276,11.33543302348105,3.9354330234810497,3.1291339530379,4.2,4.670866046962099,0.4968504647784252,2.438582558702625,13.412598140886299,15.21889721132945,2016,11,0
5,30,0,1,-8,60.0,0.0,2.282031024059784,0.4769534639103245,15.21015512029892,11.353906927820649,5.533201656388593,3.035937951880433,4.3023412646576205,4.882031024059784,1.1589844879701081,2.512891415790757,11.517968975940216,15.523046536089677,2016,20,0
33,0,0,1,12,40.0,20.0,1.6064011866991532,1.4256047467966124,14.548790506406775,14.051209493593225,8.54238931970762,8.438407120194919,7.29758101281355,6.012802373398307,1.7871976266016938,1.2704130536906844,12.225604746796613,9.928023733983064,2011,21,0
26,23,1,3,0,40.0,40.0,1.6,1.4,12.218666118514209,12.151523555024454,5.826571487302049,5.74219049576735,6.2,4.804666529628553,1.0578095042326503,1.3109524788367484,13.306285949208196,16.3156190084653,2012,8,0
4,21,0,1,2,20.0,0.0,1.039901385467664,0.16009861453233606,10.99950692733832,9.68177506158205,3.679802770935328,3.121183374388033,4.920690301726353,5.201479217985041,1.5600986145323361,2.679802770935328,9.478816625611968,17.839408312805986,2016,6,0
4,7,1,2,7,20.0,40.0,0.6,1.7889977469587905,9.28575732238393,13.786737045013046,2.558251689780907,4.725244930657279,5.777995493917581,5.230746057177884,2.558251689780907,2.377995493917581,15.397739298054255,11.002260701945746,2018,12,0
24,16,0,1,-8,60.0,40.0,1.28209598609133,1.3059680046362232,15.283552064907127,13.283552064907127,5.105968004636224,4.67161605563468,6.776127981455107,3.3164479350928735,0.8940319953637766,1.6358080278173401,10.16419197218266,11.295488074179573,2013,7,0
15,8,1,3,-9,94.14460191288889,0.0,3.47301417216,0.8585539808711111,18.888187579164445,11.244093789582223,7.385539808711111,3.668431846968889,7.3026477704533335,4.4783097130666665,0.6243380573866668,2.141446019128889,7.2585539808711115,14.092769904355556,2018,24,0
29,33,0,3,4,40.0,20.0,1.7677795014428388,1.3393322991342966,11.678664598268593,11.146878891631536,4.367779501442839,3.371552797691458,5.7071118005771355,5.4464440997114325,1.6142236011542712,1.6464440997114322,11.907111800577136,14.94978260403995,2016,26,0
17,30,1,2,-2,60.0,40.0,1.7301678563282596,1.03491607183587,10.312709820410324,14.147625892246195,4.86033571265652,5.495251784492389,4.844412502851091,5.6603357126565195,1.3825419640820649,0.8698321436717404,14.66033571265652,9.714244646522832,2021,19,0
13,27,0,1,5,20.0,40.0,1.4048831650874776,1.3085455389030858,12.41953266034991,14.975584174562613,4.612207912718694,5.689012878553175,5.787792087281305,5.681688130921959,1.3975584174562612,1.1975584174562612,14.276804965834481,10.795116834912521,2013,7,0
12,0,0,1,12,40.0,0.0,1.0135971315486132,0.7728057369027737,13.813597131548613,11.504820079159707,2.7903598416805844,4.145611473805547,6.3223741839375185,4.854388526194453,0.9592086053541605,1.932014342256934,7.122374183937518,14.66007171128467,2017,12,0
11,31,0,3,6,20.0,20.0,0.7434862462723886,1.6,10.520642192159514,9.226055014910445,3.5923853152957084,3.6793578078404856,4.743486246272389,4.8,0.9434862462723885,2.1923853152957085,12.44128438431903,19.468532162338622,2017,13,0
18,29,0,1,-5,40.0,20.0,1.1624467609768405,0.9248935219536809,14.712659717069478,12.112659717069478,4.586914370745245,5.249787043907362,7.012233804884202,5.737979151208435,0.6,1.6436701414652606,6.87510647804632,13.137127326837884,2014,23,0
29,4,0,3,-4,20.0,20.0,1.1784617110940623,1.1169226741138545,12.71384684437625,7.350768022341564,4.821538288905938,3.255383637133647,5.347692192603958,2.190768770415834,1.726153903698021,1.495384385207917,12.353847592450519,20.67384609630198,2016,8,0
28,0,0,1,12,40.0,20.0,1.69085359444382,1.7634143777752798,13.873171244449441,14.72682875555056,7.78231765000562,8.94512156666292,5.946342488898882,6.18170718888764,1.6182928111123602,2.199389538882019,12.56341437777528,11.6170718888764,2011,20,0
11,29,0,1,5,20.0,40.0,1.0194412471752612,1.329161870762892,14.68469184816498,10.297206235876306,3.729161870762892,3.458323741525784,6.070838129237108,4.270838129237108,2.0388824943505224,0.8902793764123694,11.626368106639198,15.761117505649477,2017,15,0
30,29,1,2,6,20.0,40.0,0.6706468120666136,1.7489219798889772,11.521724832177636,13.485903523578113,4.753234060333068,8.18805956380016,5.321724832177637,5.470646812066613,1.6510780201110227,1.9097843959777956,10.514096476421887,12.706468120666136,2013,15,0
24,11,0,1,-3,4.034609246604717,40.0,0.8,1.4806921849320942,8.322768739728378,11.848998404117227,3.7193078150679053,4.959653907533953,3.7210382773981414,5.2034609246604715,1.5193078150679058,1.6017304623302357,13.994808613009292,12.970036681515369,2020,26,0
9,17,0,2,-2,40.0,0.0,1.2738286191519332,0.5261713808480667,12.590628953215466,9.630856904240334,3.336914309575967,2.8523427616961334,5.7691430957596666,4.126171380848067,1.4,1.4630856904240332,12.5462853563605,13.2214858574558,2014,25,0
26,32,1,2,1,40.0,40.0,1.7297055110058746,1.2175736222485314,11.046030711479439,11.676984644260282,5.046030711479439,5.964852755502937,6.582426377751468,4.270294488994126,1.3824263777514685,1.6,12.01757362224853,16.343085821538185,2011,21,0
21,11,0,1,4,40.0,20.0,1.6334102718695755,1.7444700906231918,9.994354682818829,11.894585498427555,3.572235045311596,4.233410271869576,4.6,4.516705135934788,1.172235045311596,1.8832948640652123,13.305414501572445,14.377880362492768,2015,25,0
18,32,0,2,-6,60.0,20.0,1.4,0.7989156402342682,13.607590518360123,11.586987682811218,5.595662560937072,6.1891564023426815,5.5994578201171334,4.4,0.40216871953146377,1.199457820117134,8.007590518360123,16.404337439062925,2013,28,0
4,9,0,3,6,40.0,60.0,1.3766607871716636,1.8,12.436625510201646,11.763374489798354,4.553321574343327,3.9034097667683714,4.340035276970018,4.9400352769700175,1.5533215743433275,0.7766607871716638,12.97342740525338,7.526748979596708,2017,8,0
31,0,0,1,2,40.0,20.0,1.210733519579243,1.1053667597896215,11.840965642314163,9.464401117475457,3.210733519579243,3.3161002793688645,4.2,4.557065921683027,0.9268337989481077,1.5053667597896216,13.700538548218807,15.842934078316974,2016,2,0
18,13,2,4,13,60.0,40.0,1.2,1.1575592475776646,8.563661128633504,15.042440752422335,2.7212203762111677,4.4,4.157559247577665,6.3273222572670065,0.7938981189441614,1.284881504844671,10.357559247577663,9.8,2016,18,0
28,23,1,2,-1,40.0,0.0,0.9645684400268301,0.4,12.753147339959755,8.317715779986585,3.517715779986585,2.83543155997317,5.5645684400268305,3.6,1.8411421100067076,2.4411421100067074,11.958857889993293,18.265152569912804,2015,18,0
3,21,0,2,2,20.0,40.0,1.3573202999546254,1.693300749886564,14.522581949705067,9.341437600362996,9.938464649296696,5.7359804499319385,5.221339850022687,3.4640195500680617,2.157320299954626,1.8719608998638768,16.31464059990925,16.087843599455507,2011,25,0
29,16,0,2,-1,80.0,40.0,2.429854507996709,1.229854507996709,14.558254095960509,11.149272539983546,5.850727460016454,4.349272539983545,5.158254095960508,3.8388360639736723,1.4507274600164548,0.9194180319868362,13.552182380049365,10.46869057197038,2017,15,0
14,9,0,1,7,20.0,20.0,0.6,1.1967796204389745,13.101610189780512,13.231482817524103,3.5491949051097436,4.787118481755898,5.660466233573333,5.006440759122051,1.4,1.7459745255487182,15.52343186862154,13.393559240877948,2015,2,0
17,29,0,2,-9,60.0,20.0,1.7268146343487336,0.5634073171743668,12.75488902423845,6.380443903046201,5.04511097576155,3.3719256101102837,5.2,3.4817036585871834,1.6731853656512665,1.1268146343487335,10.895260973687032,16.52681463434873,2021,4,0
29,31,1,2,0,40.0,0.0,1.786587613419991,1.5463504536799637,13.414598185280145,12.02563897445988,5.335309664500227,4.586587613419991,5.574361025540118,4.213412386580009,1.3731752268399817,2.3329380670999544,10.826824773160018,14.558577041559838,2013,14,0
29,10,0,2,2,40.0,40.0,2.187301267040347,1.0054423141255655,13.005442314125565,12.589115371748868,4.794557685874434,3.6036282094170438,9.360089696412519,4.003628209417044,0.8,0.8126987329596531,10.01814104708522,12.83628209417044,2013,22,0
20,1,0,1,6,20.0,60.0,1.1589996379893526,1.4410003620106473,11.27199710391482,12.866009412276835,3.2769989139680575,5.1640014480425895,6.112997465925468,4.287002534074532,1.3589996379893525,1.2,10.651003982117121,14.482986605606044,2015,20,0
16,27,1,2,-11,60.0,20.0,1.8275371509782803,0.8,12.27584571699276,10.03477709413032,4.282611452934841,3.5792285849638006,4.95169143398552,4.34492569804344,0.7033828679710403,1.2275371509782802,10.248782773224438,14.641068622862441,2017,6,0
15,9,0,1,6,20.0,20.0,0.5852898847179422,0.6294202305641154,13.326449423589711,9.60876850133325,3.4,2.4147101152820576,7.33521792492296,5.949928040205018,1.3705797694358843,1.0588404611282312,10.511739308307654,12.817824841846425,2015,6,0
24,26,0,3,0,40.0,60.0,1.1670420695492338,1.4556806898497445,10.678403449248723,13.546571727445658,3.488638620300511,5.334084139098468,3.488638620300511,6.934084139098467,0.8556806898497447,1.6,13.688638620300512,10.144319310150255,2020,21,0
10,31,0,1,-2,40.0,20.0,0.6384757151712701,1.6,16.63847571517127,11.496189287928175,3.8769514303425403,3.43847571517127,7.780762142414365,5.209618928792818,0.4192378575856351,1.6288567863784527,9.667332501549723,15.12304856965746,2018,12,0
6,23,0,2,0,20.0,0.0,1.156302896350283,0.08739420729943403,10.79496661605651,7.23697103649717,3.737817378101698,1.5058797255480192,3.931091310949151,3.018485518248585,1.3563028963502828,2.956302896350283,12.099153658395473,18.931091310949153,2020,5,0
26,34,1,2,8,60.0,40.0,1.3032354676935047,1.3655881774354983,12.503235467693505,14.20647093538701,4.303235467693505,4.537647290258007,6.621469951790482,7.262352709741994,0.8,1.5032354676935047,8.703235467693505,11.350589161032026,2018,17,0
10,0,1,2,12,0.0,20.0,0.9002007699061254,1.2498996150469373,11.200401539812251,11.750903464577563,3.2,4.4004015398122505,6.500602309718376,3.9484942257040596,2.1505019247653134,2.0997992300938746,15.752911163638817,16.501405389342878,2017,5,0
8,29,0,2,0,20.0,0.0,1.3198148523678062,0.6400925738160969,7.841018311977066,8.4,3.5603702952643874,3.4410183119770656,3.4009257381609688,5.119814852367806,1.8,2.679259409471225,13.878333671310255,16.4,2015,2,0
22,32,0,3,6,20.0,0.0,0.37486732330720274,0.8349734646614406,9.479787717291524,10.165026535338558,2.1049203939843215,3.6601061413542375,4.565026535338559,4.590159212031357,1.3049203939843217,1.9650265353385594,15.180318424062714,16.139893858645763,2019,11,0
12,8,1,2,-12,96.27190026423712,20.0,2.2,0.7254380052847424,15.213595013211856,9.40350404227794,5.725438005284742,3.627190026423712,8.101752021138969,3.8745619947152576,0.8745619947152576,1.0982479788610306,11.311842992072886,14.050876010569484,2014,15,0
8,7,0,2,7,20.0,20.0,0.6,0.905723301574,11.87138349213,9.035691746065,2.6356917460649996,3.1643082539350003,5.307075238194999,4.2127985397689995,0.9414150476389999,1.305723301574,9.377106793704,13.728616507869999,2018,8,0
29,30,1,2,1,60.0,40.0,1.3662414362798228,1.4,10.864965745119292,15.138214032375256,5.084710606887185,6.670696904934902,6.521020552928426,5.957958894143149,1.2,1.453503425488071,12.614013701952283,10.729303095065099,2015,25,0
22,18,0,4,16,20.0,80.0,0.6184267739074968,2.2552803217224904,8.31056064344498,18.14471967827751,2.8368535478149934,6.0,5.797305487017535,7.618426773907497,1.9815732260925032,0.6,14.181573226092503,7.328987417352478,2021,12,0
13,17,1,2,1,40.0,100.0,1.6205641012442065,2.8529572658371958,15.219017088517528,15.695632481052288,6.177888886029114,6.105914531674391,5.810282050622103,5.820564101244207,0.8102820506221032,0.9264786329185979,9.873521367081402,10.789717949377897,2017,21,0
3,8,0,2,3,60.0,40.0,2.0706453406360454,1.3883066757950568,15.57637065388692,12.22362934611308,5.094274686749125,3.7646773296819775,6.5766133515901135,4.941290681272091,1.3059680109540681,1.5176613351590114,11.458952016431102,10.964191934275592,2020,23,0
21,18,0,4,15,20.0,80.0,0.853614349266294,2.326807174633147,9.658282508281191,18.39021076194972,2.926807174633147,6.760843047798883,5.492771301467412,7.79021076194972,2.0,0.726807174633147,14.073192825366853,7.517017936582867,2021,14,0
11,17,0,1,5,40.0,60.0,1.309610279740192,2.309610279740192,14.2,16.175066363377503,5.0,5.361558881039231,8.038441118960769,6.9423383215588474,0.8903897202598079,1.4903897202598078,10.936625244416733,9.498184125455964,2015,20,0
30,18,0,2,9,40.0,40.0,1.5144870180578696,1.713782454855326,12.03108772572337,13.9166007076655,5.573844216694436,6.773844216694435,4.573139653491891,4.915896144462957,1.3717305270868043,1.313782454855326,14.770321400681716,8.599295436797457,2014,25,0
27,1,0,1,-2,20.0,0.0,0.9598669781168693,0.4,9.93913535775965,9.419401401525912,5.09900233587652,4.979268379642781,5.2,3.5197339562337384,1.160532087532523,1.8802660437662615,14.380598598474087,15.54113068600661,2013,3,0
10,0,0,1,2,20.0,40.0,1.249640617672735,1.1503593823272649,12.524820308836368,11.748921853018205,3.8751796911636323,3.7758984558181625,5.026976602799958,5.89928123534547,2.148921853018205,1.1503593823272649,11.846765559054615,13.431289190727139,2019,21,0
16,9,0,1,-10,40.0,0.0,1.0,0.8,12.543211822892678,9.332919539958542,4.0477372742975595,3.260218938085367,6.507956212382926,2.336350300936587,1.1681751504682936,1.92386863714878,9.612481663787808,17.146642583870726,2018,29,0
10,30,1,3,-1,20.0,20.0,1.5122510649223322,1.0490042596893288,16.026795791660284,11.624502129844664,4.3754978701553355,3.649004259689329,6.185757454456326,4.0980085193786575,1.6,1.7509957403106713,11.744719117252366,15.052987220932014,2015,4,0
23,26,0,2,1,11.549725418122513,0.0,0.7154972541812251,0.6535082374563246,12.88157413710692,8.160524712368973,6.605552170556723,3.5070164749126493,4.338010983275099,3.6,1.2225137290938743,2.4450274581877487,13.422513729093874,15.707016474912649,2012,18,0
4,0,0,1,10,0.0,60.0,0.6,1.6975074325457542,11.289275096363209,12.590029730183016,3.1867825289089624,3.8660873554551873,5.72892750963632,4.6396524132731125,2.044637548181604,1.3867825289089626,15.16533272163538,11.952115250544342,2018,16,0
30,14,1,2,6,20.0,0.0,0.9651107338790988,0.4782964220403004,10.686814311838798,10.147257247355194,2.791482110201502,3.1387393575566955,4.269778532241802,3.9131856881612017,1.5302214677581978,2.069778532241802,11.139557064483604,16.504667798362703,2017,17,0
7,21,0,2,-3,40.0,20.0,1.131857479688174,0.7872570081247304,14.663714959376348,9.701943935002156,4.250971967501078,3.838228975625809,5.361771024374191,5.301943935002157,1.1191144878129045,1.0808855121870957,10.514686926877426,14.36619858530967,2016,30,0
21,30,1,3,8,20.0,20.0,1.173352355043673,1.173352355043673,14.133523550436733,11.706733242652858,4.720057065131019,3.4,6.493409420174692,6.826790307783876,0.6532952899126535,1.5467047100873466,12.88008559769653,14.36002853256551,2020,15,0
12,4,0,2,2,20.0,0.0,0.6916101563699185,0.5832203127398371,11.899321876439023,11.537415234554878,3.183220312739837,3.983220312739837,4.270296485514226,5.725169530890244,1.5541949218150408,3.016779687260163,10.84580507818496,15.532881250959349,2019,9,0
3,12,0,1,0,69.14301378773182,20.0,1.6914301378773182,1.1257095863680453,13.468558896981454,11.685698621226818,4.348580827263909,4.05141917273609,5.565720551509273,5.9828602757546365,0.9257095863680453,1.3599890348587724,12.914301378773182,10.3942684833495,2017,19,0
2,3,1,2,6,40.0,60.0,1.7136943713727115,2.4547774854908457,12.164332456472538,12.863056286272885,4.454777485490846,5.341083114118134,4.99586059960898,4.431528143136442,1.6589168858818655,1.3684718568635574,12.545222514509154,12.261469226281172,2019,25,0
31,0,0,3,3,20.0,0.0,1.2671842140875158,0.6671842140875157,11.066873685635006,10.79968947154749,4.134368428175032,3.534057899722522,6.065010514919949,6.467805270992534,1.6003105284525094,1.7331263143649938,11.798136829284942,15.536852655795107,2017,10,0
8,31,0,2,10,20.0,0.0,0.7461098273618603,0.9461098273618603,9.815560690552559,10.43832948208558,2.8694508631906985,3.7305491368093016,3.323341035828838,3.1616705179144193,1.4538901726381397,1.9461098273618602,15.61670517914419,16.723341035828838,2016,21,0
19,5,0,1,-7,60.0,40.0,2.416230564442003,1.0450259140773293,15.868588037016691,7.0900518281546585,6.787435214806678,2.4738212637126553,5.906282392596661,3.138743521480668,1.0,1.8,9.470155484463977,13.509948171845341,2017,21,0
20,9,0,3,13,20.0,60.0,0.6999615440039701,1.6999615440039701,10.066999951965592,9.933384607994707,3.0666153920052936,3.1666538480013235,5.200153823984119,3.6666153920052933,2.49988463201191,0.7333846079947065,13.399538528047641,8.80015382398412,2021,10,0
28,7,0,2,4,80.0,60.0,1.8728225307759372,1.4970967077012494,16.667015946178434,15.90290329229875,7.630080761522813,5.2,6.551451646149375,4.945645061551874,0.44854835385062475,0.8970967077012495,13.660161523045627,12.224274176925311,2020,20,0
24,8,0,1,-1,20.0,20.0,0.9009152747192068,1.0018305494384137,11.409152747192069,9.906406923034448,3.6054916483152413,2.8036610988768276,4.996338901123172,4.192677802246345,1.4972541758423794,1.5027458241576206,11.194508351684759,14.086270879211897,2019,2,0
16,1,0,2,-9,60.0,20.0,1.3551234533165726,0.6068312710887637,18.77656383579579,9.634156355443817,8.745349831289891,4.6312140045059,8.534629640050282,4.317078177721909,0.5102469066331454,1.5931687289112364,8.465370359949718,15.990226377973318,2014,15,0
3,18,0,2,12,20.0,40.0,1.1707396602970446,1.4853698301485223,12.887781019108866,13.334245753713056,4.085369830148522,5.1414793205940885,5.519452547772166,6.741479320594089,1.2292603397029553,0.9707396602970445,14.080547452227835,11.265754246286944,2020,10,0
32,8,0,4,8,20.0,80.0,1.1995385231847686,2.001384430445694,9.415228734902634,13.005999198598008,3.397692615923843,4.402307384076157,5.599077046369537,4.999538523184769,1.201384430445694,0.8,12.799077046369538,11.99307784777153,2016,17,0
20,28,0,2,-8,84.95193759922354,20.0,2.398077503968942,1.300961248015529,15.948558127976707,8.15624811210094,8.304806240077646,4.005767488093174,7.954325616069881,4.401922496031058,1.2514418720232936,2.0019224960310584,8.001922496031058,16.386542527782595,2013,11,0
24,5,0,1,-6,40.0,40.0,1.2,1.3758117232539244,13.213960922486919,8.444642985264391,4.713474247274856,3.561850800767006,5.896753106984302,3.75535701473561,1.2241882767460754,1.5758117232539246,12.6,21.187012427937205,2015,4,0
11,9,1,2,5,40.0,20.0,0.6885712243796995,0.5557143878101503,11.178571939050752,9.572853977885343,2.977142448759399,3.2428561218984977,5.490000714671051,3.821428060949249,1.9114287756203003,2.5328568365695494,11.66714316343045,13.55571438781015,2019,25,0
7,18,0,4,16,0.0,80.0,0.7427488057806122,2.2,11.97061604335459,16.170236863586734,3.0282464173418364,5.714123208670918,6.370995223122448,8.28473925202551,1.9431279855484695,0.5427488057806121,16.65687201445153,8.400758359535715,2018,22,0
30,6,0,3,1,80.0,40.0,1.922726755901678,1.0409089186338927,13.08636243043725,13.227275139125503,5.363635674535571,4.518182162732215,4.9590910813661075,6.145457301857718,1.122726755901678,1.7545464881966442,9.86363188448121,13.70000379005436,2018,7,0
13,18,2,3,2,80.0,65.71871835552771,2.4,2.1715615506658317,15.543123101331663,13.0,6.743433386218603,5.257807753329158,7.571561550665832,6.4856256328894455,0.9712512657788913,1.0287487342211086,11.19906914533918,10.114684651997495,2013,4,0
30,17,0,2,10,40.0,20.0,1.0987962974261725,1.3036111077214825,12.701203702573828,15.99037037940938,3.6939814871308627,4.6,5.901203702573827,5.585555569114071,1.4072222154429648,2.20962962059062,12.40481481029531,10.310833323164447,2016,3,0
20,19,0,1,11,40.0,60.0,1.1018541167440465,2.5509270583720234,16.162051758836302,12.2,4.4111247004642795,4.298145883255954,6.803708233488093,5.550927058372023,0.7018541167440466,1.3509270583720232,11.2,14.060197642092255,2013,27,0
10,26,0,1,-3,60.0,20.0,1.820583206148829,0.8205832061488291,14.276500763107027,8.944082443041804,4.517667175404684,3.241166412297658,4.379416793851171,4.497083969255855,0.6617496184464869,1.158833587702342,11.4,13.876500763107027,2014,25,0
6,12,0,3,11,20.0,20.0,0.692703729703081,0.7218888108907568,11.956222378218486,12.137334269310918,3.0489261079215675,3.8635186485154054,5.341629837624648,6.010296972280107,1.2635186485154053,1.4,10.483259675249297,12.067814216829134,2019,9,0
13,8,0,1,3,40.0,20.0,0.9788215655569157,0.6757643131113832,13.521400767118728,8.578821565556915,3.936464696670747,2.9515286262227662,5.951528626222766,4.0545858786682984,1.8484713737772338,2.021178434443084,12.02729293933415,13.448471373777233,2020,20,0
34,12,0,2,6,40.0,0.0,1.5656001754253426,0.9828000877126714,13.914998903591608,12.736600833270378,6.06240070170137,5.610800964839385,7.0742001315690075,5.4624007017013705,1.2,2.16019969300565,13.296800526276026,13.789199035160616,2015,23,0
30,6,1,3,2,40.0,40.0,1.441583148829005,0.958416851170995,11.449498892974031,10.825751660538955,4.120791574414502,2.8712926814404724,5.403957872072512,4.920791574414502,0.8,0.9207915744145025,12.974248339461045,12.724749446487014,2017,27,0
12,0,0,3,12,20.0,20.0,0.9981693220299759,1.699542330507494,16.58535457623981,11.401830677970025,4.295880974567446,4.801830677970024,5.993592627104915,3.9022883474625303,1.299542330507494,1.3990846610149879,13.913272415282675,15.291304279642386,2016,17,0
19,0,1,4,15,20.0,20.0,1.3558048919579715,1.276083617732298,12.428250853196895,12.447832764535404,4.803637656493375,6.603637656493375,5.895665529070808,6.235526166183645,1.6318885096902693,1.0920278725774326,14.74852957897122,11.456501706393789,2013,17,0
11,26,0,2,-10,60.0,0.0,1.9081855108026353,0.7945429927982431,13.53547054681142,10.724556532407906,4.027285036008784,3.4918144891973646,4.275443467592094,4.605457007201757,0.7136425180043922,2.7027285036008784,9.460027079219326,16.275443467592094,2016,19,0
7,18,0,3,15,60.0,40.0,1.2364179291658026,1.3635820708341972,14.164179291658028,14.454925504160618,3.9635820708341973,4.191044822914507,5.109253787497408,7.8,0.9182089645829014,1.0364179291658027,12.02686553125648,10.045373106251297,2018,24,0
19,28,0,2,-5,80.0,20.0,2.2,1.263129188358947,15.024398734034033,9.347483246564213,7.659409902991226,4.3718819805982445,7.624398734034034,4.782494415521404,1.3087527922392979,1.9718819805982453,8.975601265965967,15.638730454324914,2013,12,0
2,9,0,1,12,20.0,40.0,1.2024406144636088,1.602440614463609,12.78047508429113,18.143865867336995,6.175593855363911,9.731662795018952,6.187796927681956,6.8,2.395118771072782,1.2073218433908266,14.768272011973085,10.75850955411865,2011,5,0
12,16,0,1,12,0.0,60.0,0.1606229195179092,1.4803114597589546,10.43937708048209,13.922803137830591,2.8818687585537277,5.3165739426515,4.157508321928363,4.803114597589546,1.1590656207231362,0.8,11.162180218312681,8.913459345061954,2019,13,0
31,9,0,1,10,20.0,80.0,0.9131016694645948,2.1131016694645948,8.966846745008654,10.679948414473248,3.1917116862521633,4.878610016787569,4.591711686252164,3.983423372504327,2.1737966610708104,0.5475933221416209,14.97379666107081,12.495186644283242,2021,2,0
28,27,0,2,0,40.0,20.0,1.4297074448397713,0.9135283701068191,12.572943259786362,10.345886519572725,4.572943259786362,3.4891223345193136,4.740585110320458,3.7946985907477337,1.2864716298931809,1.0567641850534095,14.145886519572723,16.548537224198856,2016,19,0
1,10,1,2,7,40.0,40.0,1.4811647622672082,1.5198058729554653,12.000970635222673,11.63669984024291,5.6038825408906945,4.800970635222674,5.482135397489881,5.281164762267208,1.5198058729554653,0.9603882540890694,12.002911905668022,13.681164762267208,2014,5,0
26,26,0,1,4,40.0,20.0,1.1307195311236313,1.1307195311236313,12.68823789005634,10.115036717865419,5.949676952303603,5.880396483427235,4.95751835893271,4.626798827809078,0.8346402344381844,1.6346402344381845,8.562085157640055,13.261439062247263,2012,23,0
33,0,0,2,8,80.0,40.0,1.6245551232615836,1.5918149589128057,14.008185041087195,13.028114137168917,4.2,4.559074794564028,7.701779506953667,6.285409424779278,0.4245551232615834,1.3918149589128055,12.208185041087194,14.052669260430498,2014,28,0
18,29,0,2,-5,80.0,20.0,3.1314951485642912,1.0685048514357087,21.74252425717854,10.970097028714173,6.788970891385748,4.016543662921378,8.953553365792795,5.490563068664213,0.5370097028714174,1.4685048514357086,6.611029108614252,12.377941782771495,2019,6,0
25,21,0,2,4,40.0,20.0,1.3090596067880051,0.8454701966059974,12.627350983029988,8.027350983029987,5.218463538907954,3.545642359271969,7.41811921357601,2.1364105898179924,0.9090596067880052,2.372649016970013,9.963417247516036,16.91829137624198,2017,4,0
23,14,2,3,8,80.0,40.0,1.5388774899363864,1.0,11.023596862420483,13.59729631541349,5.63752564764313,6.820893177833971,4.34584188254771,7.0916837650954205,0.5152806275159034,0.4,12.159770667770358,9.884719372484097,2013,28,0
11,12,0,2,7,40.0,80.0,1.4,1.7424140767048548,14.875523764211659,10.382062159083485,5.054484460229129,4.769656306819419,5.315171846590291,4.887929616475725,1.0,0.8,12.606202926132033,11.312070383524274,2020,4,0
18,28,0,2,2,20.0,0.0,1.1229900526305308,0.8459801052610618,10.87700994736947,9.768970157891593,2.522990052630531,2.6919602105221236,4.4,3.2149502631526543,1.6459801052610619,1.6459801052610619,13.508039789477875,17.031029842108406,2015,17,0
16,18,0,1,8,20.0,60.0,1.6,2.4,12.117331328165328,16.187849401090958,4.435259036462814,6.329481927074372,5.488147591157036,5.417629518231407,1.982370481768593,1.182370481768593,10.817629518231408,8.282072291702512,2019,21,0
10,10,1,2,9,40.0,20.0,0.622585910628899,1.516530283514163,12.43829789522804,16.220949312798854,3.9112929553144493,4.493944372885264,6.405237328199713,7.90441902928469,0.9112929553144495,1.8,10.645171821257797,9.71129295531445,2019,7,0
21,31,2,3,0,40.0,40.0,1.0,1.3596821587936454,13.176662667333277,10.742701650254014,7.277457270349163,5.882224888444481,6.299205396984114,5.060476761809531,1.1596821587936454,1.660476761809532,12.240317841206354,12.063655173873077,2011,20,0
22,27,0,2,2,20.0,0.0,0.9024062127414649,0.5536093191121974,10.651203106370732,8.065640382819522,4.38556272355121,3.0,4.102406212741465,3.6,1.0560155318536624,1.6512031063707324,13.051203106370732,15.60962485096586,2013,18,0
28,8,0,2,0,0.0,20.0,0.7452191172124802,1.2547808827875198,9.766932359025278,12.528685296725119,3.2930279450876787,4.019123531150079,4.16434264836256,4.70956176557504,1.8739044139375993,1.34521911721248,15.58087646884992,15.21653382048736,2019,6,0
14,31,0,1,1,80.0,60.0,1.6371851621035285,1.8371851621035287,12.823110972621173,15.318592581051764,4.6301480673623505,5.8743703242070575,5.985925810517643,5.437185162103528,0.6,1.0,8.79296290525882,12.504518391569407,2019,21,0
32,18,0,4,16,20.0,60.0,0.44088506569007985,1.1226551970702396,8.295046116731356,15.343097729915279,3.04088506569008,5.17955746715496,5.06132759853512,5.318229868619841,3.1955746715496005,0.6408850656900799,17.741413620508325,7.988408124055758,2020,26,0
12,10,0,1,0,60.0,0.0,0.8974993732871042,0.4324997910957014,12.751250313356449,9.78375010445215,2.313749268834955,2.281249477739254,4.832499791095701,1.962498955478507,0.34624905993065624,2.2324997910957016,13.37250146233009,13.968746344174775,2013,21,0
25,21,0,2,4,40.0,20.0,1.3160338548496346,0.8419830725751827,12.609915362875913,8.009915362875914,5.155695306353288,3.503796870902192,7.432067709699269,2.125949217725548,0.9160338548496347,2.3900846371240867,10.012236983947442,16.89388150802628,2017,4,0
21,31,1,2,1,40.0,40.0,1.0138135628725826,1.4138135628725825,13.664463293405385,10.487485898193023,7.521723143722032,5.613813562872582,6.395395479042473,5.027627125745165,1.1953954790424726,1.5861864371274175,12.278276856277968,11.586186437127417,2011,20,0
13,17,2,3,5,40.0,40.0,1.4,2.251367210988246,16.61464851736004,13.757812462418807,6.09355474856944,5.781640653185896,6.381640653185896,5.436718693628209,2.1210937687905966,1.3908203265929477,12.790820326592948,12.930273442197649,2016,14,0
22,9,0,1,2,40.0,20.0,1.8457506662960523,1.5712466685197382,10.440509328144735,12.01699733481579,4.011755996664472,4.079745335927633,5.103257329256576,5.240509328144734,1.4287533314802618,1.8915013325921048,12.588244003335529,14.462748001111843,2015,27,0
24,11,1,2,0,40.0,20.0,1.2748870739440843,0.8502258521118312,16.00180681689465,8.898644887329013,4.775338778167747,2.2246612218322532,6.350677556335493,4.124209517608591,1.1497741478881687,2.425564630279578,13.423757813384928,19.578952411957044,2014,25,0
28,10,0,3,3,40.0,80.0,0.6275686157468875,1.7586470763796687,12.986215692126557,11.710274462987549,3.2275686157468875,3.468921539367219,6.793235381898343,5.117294152759338,1.2275686157468875,0.9310784606327812,12.255137231493775,17.145117840176358,2015,11,0
28,32,0,2,-5,80.0,0.0,1.2618568523910298,0.2309284261955149,16.645357869022426,9.107214721413454,7.6298936559246675,3.0,7.55257259043588,3.7845357869022425,0.21546421309775746,1.0154642130977574,8.017533753639452,16.10928426195515,2013,6,0
16,17,0,2,16,20.0,40.0,1.5166024271585525,1.620849393210362,13.137451820368913,12.116602427158552,4.516602427158552,4.462548179631086,5.916602427158552,3.125096359262171,1.379150606789638,1.820849393210362,13.39150606789638,13.300385437048686,2014,2,0
28,18,0,1,12,40.0,20.0,1.2638241472078309,1.0319120736039153,12.344703411168677,16.831912073603917,4.072351705584339,4.791472441623492,5.736175852792169,7.0552965888313235,0.8319120736039154,1.4,12.0,9.4,2015,2,0
15,10,0,1,-6,40.0,40.0,0.9642744793022853,1.3464117189534277,11.146411718953427,10.189156511976279,3.417862760348857,4.567784115464853,5.72854895860457,4.657097917209141,1.1642744793022852,1.6178627603488576,10.546411718953427,11.296647653605437,2020,17,0
33,32,1,2,4,20.0,0.0,1.2771892181542661,0.9754378436308533,12.978940592677679,11.456129810831946,6.957881185355358,6.884194716247919,5.803502749046826,4.2736864691074405,1.701751374523413,1.7508756872617066,12.529816279939386,15.659632559878771,2013,10,0
33,17,0,1,2,60.0,60.0,1.2359060345950812,1.4112751723239352,14.031744999348529,11.350738275457708,4.152818793080984,3.775369137728854,5.633825516971806,3.869731551566886,1.2471812069190162,1.1640939654049187,13.943624138380326,11.356979828327535,2017,3,0
6,18,0,1,8,60.0,60.0,1.5655205103672896,1.833104102073458,9.693810755983366,15.136542570971589,3.4634574290284115,4.900687693779626,3.6317287145142054,6.099312306220374,0.9668958979265421,0.6662082041469158,12.70343846889813,7.168271285485795,2020,2,0
16,8,0,1,-12,40.0,20.0,1.437264175898824,0.6745283517976483,17.278301537416464,9.460849231291768,5.6,3.335377583089417,7.562735824101176,4.3018865928094066,0.6,1.2745283517976482,7.1254716482023515,12.606132749268252,2020,3,0
29,21,0,1,-3,63.25018421995016,0.0,1.2975055265985047,0.9349963156009968,8.882538686189532,9.2,3.3850331595910284,3.9625092109975077,6.674981578004984,3.702494473401495,1.5024944734014953,1.7349963156009969,13.665003684399004,11.61753500179053,2016,8,0
21,6,0,1,4,60.0,80.0,1.4,1.6671414349380245,14.20213645722111,12.334282869876048,4.330009955433829,5.261444215681731,5.326449193398645,4.19786354277889,1.3314342602479023,1.0007121524070366,9.334995022283087,10.064292825309877,2016,23,0
16,16,0,2,4,60.0,80.0,1.4131334415726153,2.3868665584273847,11.455912121344408,14.301689177526974,4.452533766290461,6.213133441572616,3.6622888528091284,4.426266883145231,1.1377111471908716,1.1868665584273848,17.344467857298767,13.390244913481332,2020,4,0
10,10,1,3,5,20.0,60.0,0.7819164967016901,1.1364373725262675,12.335896640666972,11.155061607683873,3.245479124175423,3.58191649670169,4.063562627473733,4.391228614280493,2.2180835032983097,0.9545208758245775,13.400540731859296,9.645479124175422,2019,23,0
19,18,0,2,13,40.0,100.0,0.8,2.4863155150354066,11.133159061099521,16.709998696418182,2.9647366362765553,6.129473272553111,5.27052672744689,6.521578878758851,0.9647366362765553,0.6784211212411483,8.894209908829666,5.286315515035406,2017,20,0
21,17,0,2,7,40.0,40.0,1.1517222793542194,1.4758611396771097,13.40688911741688,14.427583419031329,4.151722279354219,4.5034445587084395,5.351722279354219,7.744833161937341,1.4758611396771097,1.1241388603228901,10.289639374510866,9.448250771281964,2021,24,0
25,9,0,2,-3,40.0,20.0,0.7069004177880533,0.9488499303686577,8.464950905207449,7.929901810414898,2.864950905207449,2.7488499303686575,3.604600278525369,3.209200557050738,1.5023001392626845,1.8976998607373154,14.93504909479255,17.064950905207446,2020,8,0
5,26,0,1,0,20.0,40.0,1.2766521149746175,1.7944201916243625,10.852275578426402,12.854332881472068,2.76446384670051,4.865492498223343,6.241115961675128,5.712188268274107,1.7588840383248725,1.3177680766497448,12.265492498223344,11.274594811928953,2019,18,0
14,9,0,2,14,40.0,60.0,1.9029058442002895,2.187789888714492,14.878485621629274,14.793601577115071,5.302905844200289,5.260463821943188,6.187789888714493,5.424420222571015,1.1697680890284061,1.115115955485797,10.206398422884929,11.891869201883482,2014,11,0
17,4,0,1,-8,60.0,20.0,1.682977225384111,0.27925569365397224,18.705858179425473,9.324465838076167,8.347346792117527,3.8718126301936944,7.913301242885749,4.524465838076167,0.3207443063460278,1.5585113873079444,8.120744306346028,17.920744306346027,2017,18,0
27,9,1,2,-1,60.0,40.0,1.4228534600111375,0.8228534600111376,10.182698780478914,11.771465399888625,4.022724560400952,4.205681140100238,4.234215740211614,4.554293079977724,0.954293079977725,0.8228534600111376,12.765784259788386,17.588637719799525,2014,19,0
12,30,0,1,-2,20.0,20.0,1.2,0.8487027505221766,13.477711918929431,8.609315586292334,5.25801833681451,3.6435137526108834,7.882900916840725,3.111910085247981,1.3512972494778235,1.1803064178850788,8.756486247389116,16.6,2014,24,0
9,10,0,1,6,20.0,100.0,1.2635181406129568,1.8,9.00944557816113,16.027816553180397,3.3816290249807315,5.881889115632226,3.7002600906514944,4.573223809425581,1.8,0.2,13.717590703064786,9.517590703064783,2016,16,0
19,9,0,1,-3,80.0,20.0,2.2308159072806064,1.584592046359697,13.569790887367272,9.323567026446364,7.138368185438788,5.261328417237273,6.677039768201515,5.4462238609209095,0.4308159072806061,1.8,6.677343165525455,16.045920463596968,2013,5,0
7,16,0,1,1,60.0,20.0,2.013719951072475,1.1205799266087122,15.0,9.838260220173865,5.465700122318813,2.7588401467825756,4.227439902144949,4.517680293565151,1.2411598532174242,1.6274399021449495,11.485219339478409,14.438260220173863,2018,26,0
3,5,0,1,7,0.0,20.0,0.8961673956178148,1.073171769324703,11.772819483261522,12.027180516738479,4.080836978089073,4.700352286063183,6.503832604382185,4.607665208764371,1.288502186853444,1.1923347912356295,9.492687077298811,12.2,2016,27,0
1,18,1,2,13,20.0,80.0,1.2163090550121398,2.23261811002428,11.077253935206377,13.260944880194236,6.118454724939301,7.102145669927161,6.048927165036419,5.96738188997572,1.2326181100242795,1.18369094498786,15.355364174817904,13.971673229830042,2012,10,0
29,14,1,2,1,40.0,0.0,1.165172710345373,0.5870682241365672,10.156208972417613,8.469654579309255,2.6825863551726865,2.3522409344819404,5.2348272896546275,4.130345420690746,1.5174136448273134,2.378104486208806,11.478618317237014,16.779132148265223,2017,18,0
15,19,0,1,7,40.0,60.0,1.019708002146063,2.2131386680973755,13.452554672389502,12.560583995707873,4.859124006438189,6.239416004292126,6.5474453276104985,3.9934306659513124,1.2,1.2065693340486876,9.291970676681627,19.02919731473412,2018,2,0
28,22,1,3,0,40.0,40.0,1.6,1.4,11.088603007876877,11.626851396514265,5.947649677727477,5.782549892575825,6.2,4.52215075196922,1.0174501074241742,1.5127494628791287,13.79059871090991,16.23490021484835,2012,10,0
29,17,1,3,6,60.0,20.0,1.6,1.6014188457942784,10.79858115420572,12.794324616822886,4.1503547114485695,4.001418845794278,3.5985811542057213,7.102128268691418,0.6496452885514303,0.8978717313085822,15.706384806074254,9.043969905374317,2019,25,0
19,30,0,2,5,60.0,80.0,2.2,2.7068416550901433,16.065791724549285,17.360262482635214,5.822368045908453,7.098156919361977,5.826054207184498,6.4,0.8310527816366189,0.6844736091816905,11.306841655090144,9.924211126546476,2016,13,0
10,30,0,1,-2,40.0,40.0,1.1337946730288104,1.0979239713703528,10.597231961827136,10.59861598091357,3.867589346057621,3.631718644399163,4.531026634855948,4.531026634855948,1.2675893460576209,1.1668973365144053,15.670357384230483,10.19861598091357,2020,1,0
16,0,1,4,10,80.0,60.0,2.959345007704086,1.4,16.979672503852044,15.613551664098638,5.288085816641147,5.972896671802724,4.281309984591828,5.959345007704086,1.172896671802724,0.993224167950681,13.613551664098638,10.847430824345233,2015,25,0
4,16,0,3,12,60.0,20.0,1.3245892684531029,0.9508214630937941,11.622946342265514,9.82623219464069,5.334419513398273,4.1868839026796545,5.596714147624823,4.4491785369062065,1.0,1.6,11.836062439585861,16.511473171132756,2018,15,0
5,2,0,1,-2,40.0,0.0,1.0,0.7560991415092175,9.731702575472347,9.780495707546088,4.292693990564523,2.487801716981565,5.643900858490782,4.180495707546088,1.6,2.2439008584907825,10.712198283018436,16.560991415092175,2020,3,0
23,2,0,1,4,20.0,20.0,0.7444825654741164,0.7444825654741164,15.133790785689397,10.377930261896465,4.266895392844698,2.9779302618964656,6.299656910732953,5.333104607155302,1.4,2.0113779583188145,11.900343089267048,14.94516874400821,2016,9,0
9,23,0,1,-11,60.0,20.0,1.1760777712648776,1.4239222287351225,19.055494486778294,13.919611143675613,6.467941671551341,4.803825014654025,7.855494486778295,5.644019442816219,0.6,1.5119611143675613,7.040194428162193,14.776077771264877,2018,25,0
15,10,0,1,0,0.0,60.0,0.24253615686824526,1.1276084706047358,14.451523764557377,13.582825411814207,3.7574638431317546,3.842536156868245,6.664204548898605,6.944783058790529,1.429855372527019,0.8,9.480578509891924,7.187319215658774,2021,3,0
14,31,1,1,3,0.0,20.0,0.7071149219412731,0.8,12.074902226794457,11.346051446207186,6.7924939852365505,6.485379063295277,4.707114921941273,4.0,2.521344765823819,1.785770156117454,15.410476836500822,16.335574609706367,2014,13,1
18,17,1,1,0,80.0,40.0,2.9598298293098275,1.9598298293098275,18.019234231894224,18.098723719823703,6.660255256035258,6.999149146549137,5.759829829309827,7.899574573274569,1.1196596586196548,2.339744743964741,8.69957457327457,8.361531536211555,2020,8,1
17,15,1,1,-1,80.0,80.0,2.9374477099224956,2.2161087786267886,18.953556488549285,14.375313740465025,7.444560687021065,5.908995801528219,6.492887022901431,7.126987404584658,0.3838912213732114,0.47677824427464227,6.074895419844992,8.796234351140699,2019,6,1
19,23,1,1,5,20.0,0.0,1.126131716668393,0.765157711108809,15.38676256110363,10.852263433336786,6.225788555544046,4.312894277772023,6.291289427777203,4.504526866673572,1.5261317166683932,1.8912894277772023,8.708710572222797,13.695473133326427,2013,6,1
20,9,1,1,4,80.0,80.0,2.343883266578728,2.856116733421272,14.669060955350366,14.499289244913449,5.543883266578728,5.149644622456725,6.656116733421271,3.69928924491345,1.0,1.3438832665787281,8.155405978334722,11.369771710436916,2014,25,1
9,35,0,0,0,40.0,20.0,1.5248475991827983,1.1248475991827984,13.498171190193581,10.699390396731193,4.848475991827984,3.624237995913992,6.249695198365597,5.249695198365597,1.0751524008172015,2.049695198365597,11.729724425333249,12.201219206537612,2020,25,1
12,15,1,1,8,40.0,40.0,1.7766203918583272,1.376620391858327,15.815509796458178,11.49097177097513,4.976620391858328,4.529861175574982,5.116898040708364,6.259722351149963,2.483101959291636,1.5532407837166544,12.319444702299926,11.719444702299926,2018,4,1
10,21,0,0,1,20.0,20.0,0.82406715055461,1.187966424722695,14.123227768621986,10.23152994611773,4.327798548336171,4.315764973058865,6.855597096672341,4.6,1.4240671505546099,2.02406715055461,9.684235026941135,12.14440290332766,2015,10,1
13,28,0,0,-5,40.0,60.0,1.3255416106142834,1.1255416106142835,16.66145973464291,8.934207380442821,9.670125504471448,5.283124159214253,7.889167787714329,4.502166442457134,0.9766248318428508,1.121208725700015,9.036373822899955,16.38095771675712,2012,12,1
28,12,0,0,-5,40.0,60.0,1.7339622458628345,1.7990566312057483,14.068867860519921,11.062264278960159,5.069811229314173,4.397169893617245,5.932075508274331,5.666037754137165,1.1990566312057482,1.0660377541371655,13.197169893617245,11.99433978723449,2015,25,1
31,20,1,1,5,40.0,20.0,1.3721455854673226,0.8278544145326775,14.493601440140548,9.455708829065355,5.721455854673225,4.921455854673225,4.744291170934645,4.283563243598032,1.4,1.8328735128039353,12.567126487196065,13.516436756401967,2013,18,1
30,22,0,0,6,40.0,40.0,1.5176100757081183,1.0883647350215857,11.453144583605349,9.865094205064757,4.676415113562178,3.329559697167526,3.8,3.265094205064757,1.7176100757081185,1.2411949621459408,12.506289167210697,15.964151135621776,2017,29,1
14,2,2,2,-9,60.0,20.0,1.4759854488142974,1.6,16.955548913243216,9.463796283400162,7.827956346442892,5.275985448814297,6.8,4.531898141700081,0.8480291023714054,2.8,8.8,19.580654803356623,2014,2,1
14,6,2,2,-3,40.0,40.0,0.9866155632094714,1.2933077816047356,14.586998839138436,13.426768873581057,4.0,4.466538908023678,6.8,4.573614402347907,1.159846689628414,1.1200766551857928,12.412617884932601,11.479540068885242,2014,23,1
17,31,1,1,-15,100.0,0.0,2.4938925830509575,0.5787785166101915,16.066872634575788,9.075879284067511,7.915114066440766,2.127328900338851,6.097100767457318,2.4971007674573187,0.557557033220383,1.4212214833898085,8.575570332203831,14.57877851661019,2019,25,1
12,35,0,0,3,60.0,20.0,1.6,0.8,15.608072191428686,8.78859721122453,6.188597211224531,2.1268416732652815,5.2,4.0,0.5268416732652816,1.7154388844898123,10.057013943877347,13.022805577550939,2019,9,1
16,26,1,1,-1,40.0,0.0,1.5696650240534498,0.4606699518931005,11.576364542984454,10.64832512026725,4.758374398663756,4.951674879732751,4.2910049278396505,2.4730147835189524,1.3820098556793015,2.4910049278396507,10.794354687305153,17.710049278396507,2017,24,1
3,10,2,2,-5,40.0,20.0,1.7635891050862327,1.5506223457635615,15.804978766108492,13.750622345763562,7.19201200678582,7.703734074581368,6.025933518645342,6.527178210172465,1.2,2.2753111728817808,9.158610338977741,17.410477376268425,2014,11,1
15,26,1,1,10,40.0,100.0,2.0012086881484277,2.350302172037107,15.196373935554718,14.103021720371068,5.550302172037107,4.499395655925786,4.946676107591825,5.150302172037107,1.1503021720371067,1.1006043440742137,10.54909348388868,13.202417376296854,2015,5,1
27,18,1,1,13,60.0,80.0,1.6927355510872124,1.9487892585145354,13.739103326630818,13.470582605252897,5.395157034058141,5.651210741485464,5.7536322244563936,4.712107414854646,1.3487892585145353,0.5487892585145354,13.353632224456394,12.278206653261636,2019,19,1
31,11,1,1,6,20.0,40.0,0.6134129738943117,1.8268259477886235,11.934129738943119,9.507303791154495,3.4603583825244026,4.080477843365871,5.026825947788623,5.193293513052844,0.8201194608414677,1.0335324347357795,11.359761078317065,14.159761078317064,2015,8,1
26,9,1,1,-4,40.0,20.0,1.05806618907721,0.9139779369742633,13.144088252102947,10.055911747897053,4.2,2.944088252102947,5.918286819334577,4.260220630257367,1.1720441260514733,1.7462426932831034,10.965580802511003,12.602154441180158,2018,19,1
5,9,1,1,5,100.0,60.0,2.1425247885555856,1.247508262851862,14.485049577111171,11.895016525703724,5.265115679926066,3.752491737148138,6.085049577111171,4.447508262851862,0.5524917371481382,0.6950165257037237,12.897343005814625,8.587706571296547,2016,11,1
31,32,1,1,5,40.0,60.0,1.4739406179429504,2.178178146171149,11.292937452953003,12.482415674399348,4.6246468726476495,4.627471891466449,3.3204093444194513,4.32605938205705,1.6,1.1507062547046998,11.4464687264765,15.2,2016,25,1
17,32,1,1,-3,60.0,20.0,1.6,1.1315836502568184,14.66841634974318,10.031494295377268,6.657918251284093,5.268416349743182,6.547330797945452,3.410498098459089,0.7315836502568185,1.6684163497431816,10.2,17.368505704622734,2013,22,1
0,17,1,1,1,63.57485390655974,80.0,2.0357485390655974,2.5787426953279873,16.179701789164717,14.8,6.578742695327987,5.3217368515903765,6.121736851590377,6.863771914016039,0.6357485390655975,0.3787426953279871,7.942994156262389,9.549760226540819,2014,27,1
9,13,1,1,-16,60.0,20.0,1.6221263473910414,0.6221263473910414,19.17787365260896,8.577010779128331,6.489368263044792,3.44511556826271,7.9761479056477045,2.4212634739104146,1.0221263473910414,1.0663790421731243,8.711494610435835,14.022989220871668,2017,8,1
22,12,1,1,11,20.0,20.0,1.2771618333876145,0.8,13.662971000325687,9.661419083306193,7.001551917019494,4.50787137504071,5.723614125122133,5.122062208102638,1.6771618333876146,1.0307095416530965,12.214966791571674,10.877161833387614,2012,4,1
17,9,1,1,-1,80.0,97.45022675336035,2.3235068026008103,2.6980090701344137,18.382465986995946,17.82947959219757,5.8804750571303614,5.203981859731172,8.774502267533604,5.625497732466396,0.5745022675336035,0.9745022675336035,7.352986394798379,13.00957029354171,2014,21,1
9,7,1,1,-14,80.0,0.0,2.2356596648965876,1.241085083775853,14.6,11.049223212094752,5.676744748672441,3.8,5.72325525132756,4.443797793215486,0.27945745811207345,2.3205425418879266,8.717829832448293,15.786436452801837,2017,15,1
11,27,1,1,3,20.0,40.0,1.1594590731559107,0.6810818536881785,18.51350887787093,11.529736683193608,4.837836292623643,3.3648683415968037,7.47296795102684,4.443245561064536,1.8027046342204465,0.8405409268440893,9.886491122129073,12.791886097338661,2016,18,1
19,11,1,1,0,40.0,20.0,1.7100495435907357,1.4299834854697546,14.070181659832699,13.450082572651226,5.580231203423433,4.029983485469755,6.159801825637057,6.3001651453024525,1.1700165145302452,2.280066058120981,8.809884398288283,10.439537593153133,2018,14,1
9,29,0,0,-2,60.0,80.0,2.3248983257208304,2.479048046674302,13.304353069511812,12.695646930488188,5.291700558093057,4.4790480466743015,5.212652511418755,3.662449162860415,1.0165988838138869,0.7541497209534718,9.108299441906944,11.354149720953473,2018,25,1
26,29,1,1,-2,40.0,20.0,1.5110989726427735,1.2,13.344559759893652,8.110989726427736,7.8445051367861325,4.588846404249708,6.144450513678613,4.577802054714453,1.5666484589641603,2.177802054714453,8.244395890571093,16.388955650464744,2013,25,1
22,2,1,1,-2,40.0,0.0,1.7200365365460744,0.6320219219276446,10.791948848835496,9.832021921927645,3.8,2.344007307309215,4.744007307309214,3.11198538538157,1.2880146146184297,2.2640438438552892,13.75205845847372,17.64794154152628,2015,16,1
13,23,0,0,-3,80.0,20.0,2.0,1.0717704734229405,16.282295265770596,8.784688579731178,5.1435409468458815,3.1282295265770594,7.5846885797311785,3.6,0.8717704734229406,1.7741637873835243,6.656459053154119,18.441147632885297,2017,6,1
14,32,1,1,0,20.0,20.0,1.2775793777868398,0.8612103111065801,13.828472177746061,9.66121031110658,5.456944355492119,3.47331342217238,4.738789688893419,3.81636906668026,2.27757937778684,2.0,14.71458346676182,16.26121031110658,2015,14,1
13,18,1,1,0,60.0,40.0,1.9256346660085577,1.5829102226609615,19.965820445321924,13.531640890643846,7.148730667982885,5.6,6.731640890643846,6.325634666008558,0.9085448886695192,1.3085448886695192,8.451269332017116,8.559814220686635,2017,17,1
11,26,0,0,4,20.0,40.0,1.2,1.0028784942511244,17.33812621121411,10.699280376437219,4.949640188218609,3.1510794353441716,6.892084140809407,3.998560752874438,1.499280376437219,1.0517990589069528,9.752518682469734,13.601439247125562,2017,18,1
20,3,0,0,-3,20.0,20.0,0.8617216025984322,0.9308608012992161,12.50119041688981,11.14569599350392,6.00979842988197,4.9629120194882415,6.824633622086674,5.330860801299217,0.6617216025984323,1.6,7.844505576614109,16.775366377913326,2012,5,1
33,13,2,2,1,80.0,0.0,1.6726390867205703,0.8910413699191446,14.618887306235438,10.728330959353157,5.581112693764562,2.5273609132794297,5.199514976963136,4.18208273983829,0.4726390867205703,2.091041369919145,12.419372329272301,15.000485023036864,2015,1,1
28,32,0,0,-3,0.0,20.0,0.7633802245334513,1.1633802245334512,10.818309887733275,13.559153929335398,2.6183098877332744,3.708450561333628,3.4915494386663717,5.27183078586708,2.145070336800177,1.8549296631998229,14.798591234933982,16.07183078586708,2015,19,1
23,17,1,1,12,80.0,48.33216410467759,2.316678358953224,1.966643282093552,14.75017538429836,17.583391794766122,5.7166783589532235,6.366643282093552,6.716818666391913,6.700210461158033,0.8,1.883321641046776,10.316397744075847,10.01660820523388,2014,4,1
30,10,1,1,-2,60.0,20.0,1.880170283352728,1.2793188665890882,9.960340566705456,9.239659433294545,4.359489149941816,3.8,3.321532550174552,4.20085141676364,0.8801702833527281,2.0,11.881021700116367,15.9957429161818,2016,28,1
13,32,0,0,-9,40.0,0.0,1.4924011607288266,0.5075988392711734,15.987232500407144,9.07477330323699,5.062005803644133,2.6607907141693876,6.417627857491837,2.9379941963558673,0.7227965178135204,1.3227965178135204,9.826750088660459,15.031610446559439,2015,16,1
32,18,2,2,15,60.0,80.0,1.7472833396118155,1.4210866641552737,15.052393350913082,10.50575663025147,8.589133358447262,5.8,7.7156533433789045,5.821086664155274,1.2,0.21054333207763695,14.178913335844726,14.146960030136714,2013,16,1
32,30,1,1,10,40.0,60.0,1.4,1.830670280623216,12.89329719376784,16.09329719376784,7.862626913144623,10.338659438753568,7.139945790651759,8.015978316260703,1.9079891581303519,1.2773188775071358,10.782735331841105,8.230670280623215,2013,27,1
17,13,0,0,-1,80.0,80.0,2.0482621007899215,2.165508067193281,18.765641092890704,16.834624958504143,7.634491932806719,6.4344919328067185,7.524197563243673,5.055213697630235,0.48275403359664054,1.0482621007899215,7.9862298320167975,9.586096806319373,2021,23,1
29,8,0,0,5,60.0,0.0,1.3976445284462136,0.9976445284462137,15.541220752191261,10.12944339442233,6.49646679266932,3.4964667926693203,7.414132829322718,4.510599621992039,0.5011777357768932,2.5035332073306797,10.792933585338641,16.19764452844621,2013,28,1
7,17,1,1,3,60.0,60.0,2.3337450825215775,1.7222908470869296,13.50308811891183,12.100617623782366,4.989781012130084,5.12229084708693,5.556653553390873,5.821673223304564,0.8331274587392112,1.7222908470869296,11.731274587392114,14.09039863591245,2019,26,1
31,8,0,0,16,60.0,40.0,1.7963779632358319,1.0108661102925043,10.683306845575865,9.221732220585007,4.2,3.803622036764168,4.410866110292504,5.763779632358319,0.9963779632358319,0.4108661102925043,11.003622036764169,9.490550919104203,2016,3,1
27,29,0,0,2,60.0,40.0,1.6976991271553212,0.8767256546335092,14.234778709589886,8.460353927801055,8.760619544720758,4.923274345366491,5.630176963900528,4.17442478178883,0.9232743453664909,0.5534513092670181,13.288495635776606,14.872123908944152,2013,28,1
29,16,0,0,-1,60.0,20.0,1.7864236564967224,0.7864236564967225,15.56555700789512,11.359270969490169,5.877812908470503,4.518541938980334,5.29138925197378,7.169202160444282,0.681458061019665,1.94569462598689,14.467881717516388,12.90861074802622,2015,17,1
17,27,1,1,-13,60.0,20.0,1.1130266367178419,0.9478934531286327,15.947506097638996,11.469733632821582,3.913026636717842,4.565520539078848,5.652106546871368,4.773946726564316,1.3130266367178418,1.8,10.869346277331942,15.329879011688778,2016,20,1
28,32,0,0,-3,20.0,0.0,0.7393301647753785,0.9393301647753785,12.316745880615539,12.521339670449244,3.9280380226954588,3.357320659101514,6.957320659101514,4.764019011347729,1.642679340898486,1.6606698352246216,15.665263625058326,13.521339670449244,2014,22,1
4,30,1,1,2,40.0,0.0,1.9689997524709182,0.38449987623545917,13.062000495058163,10.2,5.7689997524709185,4.106999257412755,6.184499876235459,5.153499628706378,2.1379995049418365,2.784499876235459,11.955001237645408,16.122499381177295,2017,20,1
17,23,0,0,0,80.0,60.0,2.34144772686268,2.0585522731373205,15.828954537253594,14.736836370197125,5.882895453725359,5.326970458235882,5.624343180588039,3.6098659119612417,0.5171045462746406,1.575656819411961,10.453940916471765,14.136193171566992,2016,1,1
30,30,2,2,-8,60.0,40.0,1.4305078085828522,2.0169531485028864,12.864414105588624,14.589843828342953,5.864414105588625,5.047460957085739,5.877968765668591,4.613554660079966,0.6915234257485567,1.0,13.769492191417148,9.501679597405603,2020,18,1
7,32,2,2,2,40.0,0.0,0.8542269838999121,0.6,11.769484655933274,10.508453967799824,2.654226983899912,2.8542269838999124,4.593196295766462,3.8305153440667254,1.0847423279666373,1.4305153440667253,13.722061376266902,13.745773016100088,2016,6,1
1,6,0,0,5,20.0,40.0,0.8786569907234288,1.1932849536171442,11.157313981446858,12.186569907234288,5.85851185157486,7.022540879404574,5.9414881484251385,5.471941944340573,1.7213430092765711,1.0359709721702863,11.786569907234288,11.671941944340572,2012,8,1
9,18,2,2,0,80.0,60.0,1.8303477314790457,1.6,21.8,14.757955717571887,7.484826134260477,4.945521597218568,9.042781851832364,6.897260254613796,0.3696522685209544,1.2303477314790456,8.745521597218568,9.018651180529979,2019,2,1
32,8,0,0,-2,40.0,40.0,1.2527111528750554,1.294577694249889,10.789155388499777,11.30542230575011,3.4,4.241866541374834,4.263555764375277,5.567466165499335,1.0,1.1472888471249445,13.525599624124501,12.536444235624723,2017,29,1
32,28,0,0,-5,20.0,0.0,1.3868734029538028,0.5606202088614088,9.86253194092394,5.196898955692955,3.065632985230985,1.760620208861409,5.613126597046197,3.291886179323379,2.173746805907606,1.626253194092394,13.360620208861409,16.4,2017,7,1
25,9,1,1,4,60.0,40.0,1.4,1.1702274051627106,15.08738775420846,17.591591836138974,3.8,5.695795918069487,6.94693294388304,7.132046646464396,1.0148862974186448,0.9190903793491578,9.023294461279672,13.0,2014,28,1
18,33,1,1,-1,80.0,20.0,3.0,1.419664251438347,18.78705071979471,13.219664251438347,7.99184661708909,4.3884891314725625,6.031175119965785,5.8,0.7098321257191735,1.7803357485616529,6.619664251438347,13.92949637715752,2018,17,1
17,10,0,0,-2,60.0,60.0,1.4,1.445295218336302,15.57352390831849,12.596171517486642,4.82647609168151,3.607656965026719,7.018819126654792,4.958533264177057,1.3320571724955468,0.822647609168151,9.641466735822943,14.332057172495547,2013,26,1
10,9,0,0,5,80.0,60.0,2.7909047193774006,1.8090952806225993,8.884889285810928,14.254571683735595,4.830317602075331,4.421222321452732,2.460635204150662,4.6060635204150655,1.5818094387548016,0.6181905612451983,12.175745918339734,8.448508163320529,2016,23,1
32,0,0,0,4,40.0,40.0,0.8644407654216264,1.7355592345783737,9.025542678975693,14.310016555602681,2.9866445925297582,6.554424209818945,4.567779617289187,5.303338851867561,1.4711184691567474,1.6322203827108133,10.99332229626488,9.431052246746022,2016,13,1
28,17,1,1,2,2.493253624065337,80.0,0.4249325362406534,2.47479760872196,13.82439282616588,15.699730144962613,5.300809565112159,9.926281811427586,6.374527753684574,6.575607173834119,1.6753373187967333,0.4997301449626135,10.874257898647187,10.049325362406535,2013,15,1
17,28,2,2,-7,100.0,20.0,2.568336753046949,0.4474948704295766,18.130862400899066,6.589979481718307,9.715030777422541,3.105010259140847,8.073347012187796,3.8316632469530507,0.6158316234765255,1.6316632469530512,7.8949897408591525,17.979958963436616,2012,30,1
25,28,0,0,8,40.0,20.0,1.3739792724124256,1.0081658207005948,14.00152326548579,8.79847673451421,4.547958544824851,2.964290186226041,6.035709813773959,4.226020727587574,1.1040829103502974,1.6959170896497027,11.676538917276932,11.931626903423663,2020,28,1
31,23,2,2,1,69.62323885747855,0.0,1.7924647771495712,0.2962323885747856,11.273626720023499,8.667817005653859,6.643485828621784,2.5113028342756434,5.028415382920926,4.030140891401715,0.6962323885747856,1.807535222850429,10.905493119906003,12.992464777149571,2013,2,1
6,6,0,0,7,20.0,40.0,1.281744912851014,1.4,14.719867004426675,11.253959302808113,5.071408431318255,5.344428779914198,6.081744912851014,5.062683867063184,1.718255087148986,1.1182550871489858,12.826173692765211,10.135704215659127,2016,25,1
9,24,0,0,4,20.0,40.0,0.9605983776779218,0.8394016223220782,15.887778909812983,10.321196755355844,4.361595673807791,3.4788032446441566,7.201994592259739,4.2,1.9990027038701303,1.1990027038701303,12.193018927090911,14.118204866966234,2017,17,1
34,26,0,0,-3,58.904767223559375,60.0,1.4328569832932188,1.9890476722355936,13.221904655528812,10.334286033413562,3.8,4.690476722355937,4.876666294350843,2.8328569832932184,0.8219046555288125,1.4109523277644063,9.454761638822031,11.517617505167781,2019,23,1
30,17,0,0,12,6.703944832918019,80.0,0.9329605516708198,1.8011183449875408,14.66592110334164,15.534078896658361,7.79888165501246,8.40223668997508,6.33296055167082,8.263684413366558,2.1977633100249188,0.6011183449875406,10.86815779331672,13.994408275062298,2011,23,1
21,18,1,1,-11,80.0,40.0,2.9211413794392045,1.4,16.75201034392557,10.921141379439204,9.44228275887841,5.726848276635227,7.02516206729034,4.802853448598011,1.5634241383176137,1.2394293102803977,14.501686209344886,15.06744482616875,2012,26,1
16,30,1,1,1,40.0,79.90735953990794,1.806484832206444,2.0009264046009205,18.586103930986194,14.986103930986191,5.202779213802762,5.995367976995397,6.205558427605523,5.997220786197238,1.2037056184036823,0.6009264046009205,7.818528092018411,12.987956740188032,2016,2,1
4,27,1,1,0,40.0,20.0,1.3333001656617711,0.8666998343382288,12.066500828308856,11.066998343382288,3.266799337352915,2.333499171691144,6.0,5.53359867470583,1.1334991716911442,1.4666003313235423,14.06719734941166,15.399203975882507,2017,2,1
30,27,1,1,-2,40.0,20.0,1.0,0.8796337387181887,15.274139819491019,10.0,2.761098783845434,3.238901216154566,4.681465045127245,4.4,1.6,1.1592674774363774,11.6,18.527691486918037,2015,6,1
24,24,0,0,13,20.0,60.0,1.0925208794124155,2.4,13.239331858802707,13.695292311773816,7.119665929401354,9.107479120587584,4.842103291164107,6.0747912058758455,1.5373956029379228,1.2299164823503383,13.41772967353657,11.402771432361401,2012,13,1
5,10,0,0,4,40.0,0.0,1.5679422465651043,0.03205775343489581,9.592346520609375,10.711480219085939,3.4480866301523436,1.8,3.912202137022135,6.543537972520833,1.0480866301523437,2.3198556164127604,12.087797862977864,13.296173260304688,2017,26,1
27,18,1,1,12,40.0,93.07308011268077,1.8,2.4692691988731923,13.116114778590653,15.72973163042381,5.92392237521023,6.330730801126808,5.82342278985873,6.838038812394885,1.1385383977463845,1.0848843921123457,13.038038812394886,9.12392237521023,2018,22,1
8,8,1,1,-6,40.0,20.0,0.8693906403792455,1.0693906403792455,10.77548423658679,12.783656157724526,3.1306093596207547,4.330609359620754,4.5754842365867905,4.461218719241509,1.2,1.5836561577245267,12.738781280758491,16.354983744450934,2019,16,1
18,26,1,1,1,60.0,20.0,1.8950004992438994,0.8524997503780504,15.537501248109749,11.957499251134152,5.262498751890251,4.514998502268302,4.649995007561007,4.790000998487798,1.1900009984877986,1.5049995007561006,13.297505242060943,12.197495257182956,2013,15,1
10,26,0,0,-7,80.0,40.0,2.380887176355923,1.1617743527118458,14.318428175381266,14.74266152906777,5.885323058135537,5.090443588177962,5.838225647288154,5.904435881779614,0.7286692354661157,1.580887176355923,9.772015412796694,12.914676941864462,2018,16,1
23,13,0,0,9,20.0,20.0,1.2203161416480144,0.9347628937639891,13.860948424944043,9.375395177060017,7.30586938953204,4.6,5.6406322832960285,4.510158070824007,1.665237106236011,1.359367716703971,12.224604822939982,11.76365639799594,2012,2,1
6,15,2,2,3,60.0,40.0,1.8380483870938453,1.4904879032265386,17.51877822578961,12.076096774187691,5.514145161281536,5.690487903226538,6.904879032265387,6.057072580640768,1.0,1.4,10.266830645171542,10.55731854839808,2018,22,1
17,32,0,0,-9,40.0,20.0,1.22817140407596,0.97182859592404,19.149257534784642,7.57462876739232,7.3774289388606,2.57182859592404,8.377428938860602,3.22817140407596,0.7126856163038399,2.0591429796202,8.507085273367279,14.99719982853172,2016,2,1
14,10,2,2,6,40.0,40.0,1.6,1.2352773973012445,11.788051370313692,14.176955478263904,4.764722602698755,3.7530582188912875,6.0,5.235277397301245,1.5294452053975107,1.3411095892049787,10.129445205397511,10.023328767614936,2020,1,1
19,11,0,0,2,40.0,0.0,1.900326445452104,0.6,16.21762805441362,10.097714881835273,9.209140472658913,5.6,6.9062024635899775,5.400652890904208,1.100326445452104,1.200652890904208,10.692491754601607,12.994776872766336,2013,10,1
7,17,1,1,0,80.0,80.0,2.28378508990091,2.981074550495452,19.086447302972715,14.129719280792724,7.4,6.548644730297271,6.929719280792723,4.232429820198181,0.7162149100990904,1.2837850899009096,8.097289460594542,10.075701798018192,2018,19,1
21,21,0,0,-5,0.0,20.0,1.5489075406408601,0.45109245935914,12.4296918021362,8.34890754064086,4.56593836042724,2.26812327914552,3.53187672085448,3.0510924593591398,2.38296918021362,2.16593836042724,16.90610622619498,19.12750688341792,2020,29,1
30,11,1,1,4,40.0,40.0,1.4899151192933064,0.8899151192933065,12.197266578056594,10.124787798233267,4.144957559646653,3.3449575596466534,4.942224137703246,4.41743633946998,1.8,1.0550424403533467,13.437606100883368,15.344957559646653,2015,9,1
25,8,0,0,-1,0.0,0.0,0.8516469898331739,0.5805883502780435,8.825647380778522,9.909529710722913,2.651646989833174,2.7611767005560868,4.1934120406673046,4.154940969499522,1.7355293197775652,1.851646989833174,12.335529319777566,15.096706020333652,2017,5,1
31,33,1,1,-8,60.0,40.0,1.526452857583906,1.4412828544965635,13.326452857583906,13.303207136241408,7.211622860671248,6.338075718255155,4.861924281744845,5.411622860671248,0.9793585727517182,1.252905715167812,13.673547142416094,14.869737164027491,2014,16,1
1,29,1,1,5,20.0,20.0,0.4104755652706669,0.6078566739530001,14.145003282328998,11.563335521552666,4.579048869458666,3.018332239223667,5.984286652093999,5.386905543411666,1.2052377826353333,1.407856673953,11.273328956894668,15.026188913176668,2013,27,1
5,13,1,1,4,60.0,40.0,1.6018775767899736,1.5327074744033422,14.932707474403342,13.218775767899736,5.613143037529816,7.145850511933158,7.798122423210026,5.534585051193316,1.0,1.2654149488066841,11.53082989761337,11.325197167243447,2015,25,1
8,18,1,1,13,20.0,40.0,1.1643928066260496,1.6,13.662893513861354,10.715142453008397,4.36439280662605,4.257571226504199,5.2356071933739505,5.257571226504199,0.9424287734958012,1.1780359668697513,13.862893513861353,15.550749646382348,2021,7,1
26,27,1,1,1,20.0,0.0,1.192214063493891,0.207785936506109,14.015571873012219,10.867639079396147,4.316789047591635,2.631143746024436,4.838929682530544,2.8077859365061086,1.7844281269877822,1.961070317469455,9.529926571445019,17.60778593650611,2013,8,1
7,31,0,0,0,20.0,20.0,1.1405349088987549,1.651337272246887,13.635081634538171,13.072941998943152,4.213476907841906,4.08106981779751,5.6432094533925286,4.0513372722468874,1.0,2.0297325455506225,13.68106981779751,14.421604726696264,2021,6,1
19,24,0,0,2,60.0,60.0,2.331699298981619,1.6,17.11699298981619,11.907270969144308,7.731699298981619,5.570751752545953,5.629248247454047,4.717075175254595,1.1170751752545953,1.5170751752545952,10.336601402036763,14.512255257637857,2013,9,1
9,17,1,1,1,98.29300663842713,80.0,2.1658601327685427,2.3658601327685425,16.79260847316176,13.72916794208759,6.7024196016943725,4.404839203388746,7.319489535310102,4.7024196016943725,0.034139867231457545,0.6170699336157287,8.034139867231458,11.075671261301153,2015,30,1
25,29,0,0,-6,0.0,20.0,0.002500598523242137,0.6006251496308105,12.79874970073838,8.413128142247022,3.6137532918778312,2.615628740770263,5.597499401476758,3.0031257481540528,1.2050011970464842,1.0018754488924317,12.61125269335459,13.211252693354588,2016,12,1
13,18,1,1,6,40.0,100.0,1.4978049896687575,2.7021950103312427,14.59385397107252,17.0,4.496926985536261,7.10307301446374,5.599121995867503,5.995609979337515,1.398243991735006,0.9021950103312425,10.099560997933752,8.21229205785496,2018,28,1
29,26,0,0,-8,60.0,20.0,1.7190770034640088,1.1572310103920262,14.560611847583615,11.64400313509634,8.589535889151719,5.7052320554241405,5.642768989607974,4.428924041568106,1.2809229965359912,1.4381540069280176,10.748001045032114,9.703997909935772,2012,20,1
26,15,1,1,6,20.0,40.0,1.1865847045223146,1.453661181910742,12.639016454267775,13.386584704522315,4.292677636178516,4.640245886433056,4.746338818089258,6.439016454267774,1.6,1.307322363821484,8.614644727642968,9.507322363821483,2020,29,1
8,19,1,1,14,40.0,60.0,1.0500079059201644,1.899984188159671,8.600221365764604,11.749897223037863,2.8500711532814798,4.649976282239507,3.9500553414411512,4.449976282239507,1.100015811840329,1.5499920940798355,17.34996047039918,12.549897223037862,2013,25,1
0,15,0,0,-3,20.0,20.0,0.8419811186191172,0.7259433558573514,20.078774136616197,13.790094406904414,6.728302102094126,4.832075525523531,5.967924474476469,5.674056644142649,0.9679244744764687,1.6,9.807546846858813,10.113679016524992,2016,21,1
9,16,0,0,-10,100.0,40.0,2.501945710559286,1.918443431552571,22.555330294657715,10.861167426335573,9.277665147328857,4.718443431552571,10.596108578881427,5.661167426335571,0.28155656844742893,1.5592217157762855,5.265058847454144,12.028171984349001,2018,14,1
27,26,1,1,3,20.0,20.0,1.1641117123856057,1.1589720719035985,12.682055856192802,10.082055856192802,3.5795306338316273,3.651307209060416,5.158972071903599,3.8,1.5230837842892042,1.5589720719035987,17.210190085204356,12.784670274313635,2013,16,1
28,33,1,1,3,20.0,56.18624558672667,0.8381375441327333,1.4762750882654665,10.447449823469066,8.334814044645666,2.9618624558672666,3.066962808929133,4.609312279336333,4.752550176530933,1.2762750882654665,0.9525501765309333,15.390687720663665,18.380487014539934,2014,4,1
34,6,0,0,2,80.0,20.0,2.378070199291143,1.185380132860762,14.988011926481049,8.88040926926581,5.9122807971645726,3.2219298007088573,6.468421195746858,3.087719202835428,0.9853801328607621,2.356140398582286,11.909649003544285,18.817251660759524,2019,19,1
19,10,0,0,-7,60.0,20.0,1.6,0.7055866109780001,12.767598329340004,9.321787446307997,5.889385775648003,2.8720669451099994,4.961452720758001,3.5776535560879994,1.694413389022,1.5167598329340004,13.605027613373998,14.611173221956001,2018,21,1
27,23,1,1,-7,20.0,20.0,0.8259364533050466,0.7129682266525232,13.627667240297011,11.748127093389908,4.842650493177756,5.364841133262616,5.992508373559627,4.5481270933899065,1.0870317733474768,0.9129682266525233,9.644381280169721,8.251872906610092,2014,13,1
5,7,0,0,2,0.0,60.0,0.973716544228659,0.8394251836570115,9.0234093740564,8.5782360269695,2.8131417278856703,2.47597628559908,5.3474330884573185,4.505133823085364,1.773716544228659,0.9868582721143295,10.747433088457319,15.045173347086898,2016,15,1
19,18,1,1,8,60.0,60.0,1.0897889533219958,1.8204220933560085,9.718311626575966,10.62852267325397,2.8938392432709765,3.934683429982994,4.620422093356009,4.555105523339002,1.2448944766609977,1.2653165700170064,13.791899420102038,15.102110466780042,2016,23,1
10,21,0,0,-1,60.0,0.0,2.0,0.4906577669496055,15.069208737294478,9.581315533899211,7.269208737294478,3.343946601697633,6.362631067798422,4.0,1.2,1.2906577669496055,11.00276456355434,13.21868446610079,2015,22,1
26,10,0,0,0,10.487805386551601,0.0,0.7804877845379359,0.4195122154620641,8.668292754117225,8.4,3.209756107731032,2.019512215462064,4.478048861848256,4.3609755690758725,1.990243892268968,1.990243892268968,12.695121946134485,15.448780538655159,2019,5,1
18,8,2,2,-8,80.0,20.0,2.440762746938228,0.7118474506123544,17.077711759185316,8.511847450612354,7.193372944488811,2.3763050987752914,7.142169407348252,3.959237253061772,1.0881525493876456,0.9526101975505825,8.488152549387646,13.61706784571352,2019,22,1
30,10,1,1,-2,60.0,20.0,1.8801526121750651,1.2793895512997393,9.960305224350131,9.23969477564987,4.359542163474805,3.8,3.321373509575587,4.2007630608753255,0.8801526121750652,2.0,11.88091567305039,15.99618469562337,2016,28,1
32,7,0,0,-1,40.0,40.0,1.2880719337383564,1.223856132523287,10.647712265046573,11.376143867476712,3.4,4.135784198784931,4.440359668691782,5.143136795139723,1.0,1.1119280662616435,13.207352596354792,12.359640331308219,2017,28,1
18,21,0,0,-11,60.0,0.0,2.04838439348914,0.29314414755842755,16.331441475584274,11.879432442675283,5.848384393489139,3.64838439348914,5.69676878697828,6.3205675573247175,0.9689519508138575,2.062096098372285,6.489519508138574,14.82742340976629,2015,21,1
10,6,1,1,-13,80.0,0.0,1.7091568782971627,1.3636143739009456,14.199758112910404,12.072529365108512,5.272771252198108,3.9091568782971624,6.345542504396217,4.9636143739009455,0.3091568782971627,2.4,8.4,14.05469938269338,2015,18,1
32,27,0,0,-1,40.0,20.0,1.0829286273918897,1.0,16.81299973883785,9.861785621013517,2.7317145095675586,3.3788569936216275,4.28292862739189,4.289428496810814,1.544714248405407,1.4276428757972965,11.489428496810813,16.49757176435134,2016,4,1
5,21,1,1,3,40.0,0.0,1.0538845378663673,0.7892230924267266,13.859900201547445,10.956892369706907,3.686215260586188,2.7676692772801794,5.870677109120718,4.76766927728018,1.378446184853453,1.9676692772801796,13.746115462133634,13.675438353012915,2020,6,1
5,25,0,0,9,60.0,40.0,2.0746618632559506,1.6506762734880989,15.71451776093447,15.933453418601236,5.3466186325595055,5.850676273488099,5.874661863255951,7.477366957208345,1.0,1.5253381367440495,10.754733914416692,10.95473391441669,2016,21,1
30,10,1,1,4,20.0,20.0,1.8,1.4751063922277354,12.983404261485157,10.45414893462871,4.466382954059372,4.433191477029686,6.820957457599024,3.6917021307425784,1.5458510653712894,1.9292553268564463,12.404361719084182,15.312659588341603,2013,23,1
17,17,1,1,10,40.0,60.0,0.9287999086478032,1.9151996345912128,12.44719826430826,18.036796711320914,4.043999543239016,5.789598447012654,4.671200091352197,7.2335979902516705,0.8136002740565905,1.4575998172956064,14.0,9.6,2019,28,1
6,8,0,0,1,40.0,0.0,1.5182531657803808,0.32698733687847714,9.726987336878476,11.245240502658858,3.5634936684392384,2.3722278395373353,4.453974673756955,5.737291155144949,1.0817468342196193,2.154759497341142,13.26270884485505,14.017468342196192,2017,28,1
28,28,0,0,2,40.0,60.0,1.989845457735862,1.805077271132069,13.767549947358276,9.24569544018862,3.8456954401886208,2.8304636267924135,6.225386355660345,3.435540897924483,1.2,1.5746136443396552,10.430463626792415,16.923840933018965,2014,26,1
27,31,0,0,3,20.0,20.0,1.3063084415802857,0.9375389610535239,10.724922077892952,8.537538961053523,5.8,4.918925324740857,5.631230519473238,4.581386363687333,2.0126168831605717,1.5063084415802859,9.15615259736619,16.78738311683943,2013,14,1
17,27,1,1,-1,40.0,20.0,1.5136111084610409,1.3159722288473974,15.488750011925315,9.168055542305204,5.115972228847398,3.2568055542305205,4.45680555423052,4.538472204996767,1.4863888915389591,2.1136111084610407,11.636666698467508,15.172777783077919,2017,18,1
18,32,0,0,-2,40.0,0.0,1.395354365146091,0.46821521161796975,17.158189286314816,7.077506481325788,5.190708730292181,2.1410760580898485,7.840341402494515,3.4914433858875156,0.3317847883820303,1.477506481325788,7.99682367633676,16.545721692943758,2018,10,1
22,29,0,0,7,40.0,60.0,1.41625759550209,1.9945808014993034,11.26503038200836,14.259100838981887,5.940388816492336,9.804908853974919,4.643353588005573,6.902454426987459,1.3945808014993033,0.6270959925034835,13.90245442698746,8.633025535529958,2013,29,1
9,26,1,1,-8,20.0,40.0,2.4224222704536404,1.6,15.421972161932949,8.97712762102567,5.309860809664747,3.954705350572028,8.08878886477318,4.332733188639079,1.489238973293871,2.1336334056804604,11.400900217041382,14.44439443238659,2015,7,1
3,7,2,2,3,20.0,0.0,0.9537850406823858,0.8613551220471571,12.324299186352286,9.846214959317615,4.492429918635229,2.7537850406823856,4.339439349081829,3.5075700813647717,1.3386448779528428,1.6924299186352285,11.9529905695534,17.106775610235786,2018,25,1
13,29,1,1,0,60.0,20.0,1.2656214512802542,0.5343785487197457,13.665621451280254,8.271892743598729,4.656214512802543,2.0,4.268757097439492,4.465621451280255,0.13124290256050863,1.4,11.856214512802543,15.418813876955422,2017,2,1
29,27,1,1,-2,40.0,20.0,1.0,0.8039421075508729,14.063073720813966,10.0,2.9881736773473815,3.0118263226526185,4.984231569796509,4.4,1.6,1.0078842151017458,11.6,20.11721574143167,2015,6,1
4,19,1,1,2,40.0,0.0,1.916713134412341,0.5791782836030852,11.44164343279383,9.908495970443193,5.075069701618512,2.1583565672061704,3.7665737311753182,4.1375348508092555,1.0624651491907444,1.4,12.591782836030854,14.937534850809255,2019,15,1
14,33,1,1,-4,40.0,60.0,1.440016782925362,1.3200503487760864,14.999748256119567,11.640352441432604,5.2,4.000167829253622,5.719966434149276,7.280033565850724,1.4799496512239136,0.9600671317014485,16.039513295164497,11.879865736597102,2020,20,1
28,33,0,0,-1,0.0,20.0,0.6571642703565331,1.2357089324108668,10.407201743480467,13.557239216604398,2.635708932410867,3.8,3.5428357296434667,5.114328540713067,2.1285821351782666,1.8357089324108669,15.1071267972326,16.128582135178267,2015,19,1
5,13,1,1,-15,60.0,20.0,1.669450778429625,0.8083523352888751,18.088787545126,8.191647664711125,6.391647664711124,3.3221968862814997,8.225057005866626,3.033409341155501,0.930549221570375,1.3472538921481254,8.8,15.380663233303626,2016,12,1
25,10,1,1,5,40.0,20.0,1.2381827810467265,0.8,9.676365562093451,8.371638674512143,4.466911786930834,3.248004236605597,4.752363443790655,3.647636556209345,2.609453775162619,0.9523634437906547,15.152363443790653,15.60982145555887,2017,28,1
18,0,1,1,0,40.0,40.0,1.4,1.3403351643443928,15.060782050136917,9.900558607240654,5.5204468857925235,3.2397765571037382,6.1005586072406555,4.058547621174298,1.039776557103738,1.740335164344393,12.2,19.744804022269633,2019,29,1
14,18,0,0,8,20.0,60.0,1.0486344381998909,1.2918066291993449,15.556302022396507,13.324054325797926,5.318592078597489,5.356302022396505,6.378151011198253,4.994537752799563,1.5027311236002183,1.0540966854003275,10.681407921402512,9.680882134798471,2014,24,1
9,17,1,1,1,60.0,40.0,1.255546613628868,0.8,15.577813545484528,13.244533863711318,5.977813545484528,4.944453386371132,6.088906772742264,4.622186454515473,0.6,1.0555466136288683,9.677894022824715,11.533279681773209,2016,7,1
11,29,1,1,3,60.0,0.0,1.4,1.1134178808637714,13.963039515016458,9.286582119136227,5.309367991561372,4.284557174485029,7.453671523455085,3.7463284765449143,1.3134178808637715,2.1711392936212572,9.690632008438628,20.35493973641166,2018,3,1
8,18,1,1,2,60.0,60.0,2.59626383748039,1.7660439729133983,15.471978781102925,12.494395756220586,5.558571647874178,5.166043972913399,6.256703566614373,5.471648216692813,0.701868081259805,1.7660439729133983,10.418680812598051,15.052967404094764,2020,27,1
27,14,2,2,5,40.0,20.0,1.079436705923691,0.7588734118473819,11.635493647389527,7.870987294779056,5.808449411144636,3.561689882228927,4.641126588152618,3.835493647389528,0.9177468236947638,1.4028164703815453,15.287886117068325,16.375772234136655,2014,4,1
23,0,0,0,3,80.0,20.0,1.9327659453717416,1.5327659453717415,14.197446754172837,10.731914863429354,3.9982978361152246,3.999148918057612,4.32936161760219,4.400851081942387,0.6,1.8008510819423877,11.73276594537174,14.06297864491632,2016,17,1
10,20,0,0,2,40.0,40.0,1.0770094227505074,0.9639874363326568,14.544050254669372,11.549034550085194,4.836012563667343,4.913021986417851,7.9440502546693725,5.113021986417851,0.9229905772494926,0.604984295415821,9.29694660441379,13.168971731748478,2019,27,1
28,26,1,1,-1,40.0,20.0,1.5172590921044053,1.0827409078955947,13.75507499342577,7.527665914469824,8.458629546052203,4.610406822365419,6.844925006574229,4.8,1.4586295460522025,2.048222723686784,9.500256835513877,16.882740907895595,2013,22,1
20,26,1,1,-12,40.0,40.0,1.041465672591552,0.620732836295776,14.130473128154911,11.082931345183104,5.530473128154911,5.275602982225344,5.4963358185211195,6.737801491112672,0.8621985088873282,0.7036641814788803,9.069526871845088,9.952458217028193,2013,19,1
17,21,1,1,-12,60.0,20.0,1.2078011541064415,0.6026003847021472,17.550592690659204,10.586998076489264,4.010401538808589,3.0052007694042944,5.994799230595706,4.597399615297852,1.402600384702147,1.8,11.976596537680676,18.140191151850612,2015,19,1
12,7,0,0,1,40.0,40.0,1.2,1.0342034123417871,11.18811876787983,8.97623753575966,3.8171017061708934,3.536813649367149,4.78811876787983,3.5828982938291065,1.251305118512681,0.8,11.742034123417874,14.680288056803745,2016,29,1
26,31,1,1,2,60.0,40.0,1.7247317530876165,0.8078862551460273,14.881008526759343,13.308959242795561,5.698927012350466,3.9584227489707944,4.641577251029205,6.041577251029206,1.0,1.1247317530876164,11.477414222211452,11.833690995883178,2016,3,1
0,26,1,1,-10,40.0,40.0,1.7787742369009443,1.2,16.68856474372996,10.794693559225237,5.253064407747639,5.047757966972876,10.720403388378541,4.031838644648584,1.4,1.015919322324292,14.35754847380189,13.6,2018,22,1
22,12,1,1,11,20.0,20.0,1.254851651928162,0.8,13.529109911568973,9.672574174035919,6.856535737533054,4.4911387389461215,5.673416216838365,5.216880479305311,1.6548516519281622,1.0362870870179595,12.254009609125717,10.854851651928161,2012,4,1
8,31,1,1,-11,60.0,40.0,1.633216624387877,1.3166083121939383,14.349124682909077,9.301050380509109,4.49964987316363,2.5837418146424307,5.898949619490892,4.233216624387877,0.983741814642431,1.3166083121939383,9.985142321987908,15.233916878060615,2019,6,1
10,11,2,2,1,60.0,40.0,1.6314301797630009,0.9057094607109977,14.8842849101185,10.274279280947995,5.472865988696505,3.948558561895993,7.189994370829497,4.358564191066496,0.8842849101184996,1.1685698202369992,12.725720719052005,14.630016887511507,2019,22,1
25,7,1,1,-1,20.0,0.0,0.4,0.621465657784605,14.284824213169479,9.114137368861579,3.9356030266461848,3.2926717110769745,5.8214656577846045,4.849740395507765,0.9073282889230252,1.978534342215395,10.45758789341526,17.82827473772316,2021,21,1
27,25,1,1,4,40.0,20.0,1.4,0.8,15.453954849390753,9.236511287652311,8.288841972867635,4.546045150609247,6.434887123476882,4.363488712347689,1.5634887123476882,1.182556438261559,8.312782191307797,16.869774246953764,2013,19,1
31,8,1,1,-9,40.0,20.0,1.8050904110187256,0.8683634703395753,12.931636529660425,8.283634703395752,4.341817351697876,3.1949095889812744,5.693815525433203,4.658182648302124,1.3949095889812746,1.4101808220374512,11.648001826264673,12.377450228828955,2018,3,1
27,19,1,1,6,60.0,0.0,1.607538746745034,0.5481153133137415,12.436807193196191,10.933924360352652,4.392461253254965,2.192461253254966,4.866962180176326,5.866962180176326,0.815077493490068,1.696230626627483,13.326385613607618,15.281153133137416,2015,15,1
5,11,1,1,-1,60.0,20.0,1.8,0.7037539265338135,15.151876963266908,8.650339004103241,4.703753926533814,3.131569371434174,5.0278154449003605,3.6428311510356144,1.8,1.751876963266907,10.987200261234893,13.848123036733092,2018,7,1
7,9,1,1,7,40.0,40.0,1.7180589885029616,1.4,15.908353931017768,11.081941011497038,6.392997195449654,5.0916460689822305,5.573587080479269,5.662530896526654,2.272235954011846,1.3541769655088847,12.927764045988154,12.49164606898223,2015,4,1
28,4,0,0,-1,40.0,40.0,1.1072254563291506,1.0,11.810259990189673,12.771098174683397,3.6927745436708492,3.8,6.610259990189673,4.092774543670849,0.8536127281645753,1.0,11.468063640822876,12.67832363101255,2016,24,1
30,13,1,1,0,40.0,20.0,1.1248297815698267,0.9248297815698268,10.947616941977575,9.672446723547402,3.175851092150866,2.824148907849134,5.299319126279307,4.848297815698268,2.300680873720693,1.1248297815698267,12.328915023893984,16.29795737883792,2017,25,1
24,21,0,0,4,60.0,0.0,1.6,1.0268236869322633,10.718117669561753,11.463059026055767,5.908706017370512,5.989177078167302,3.436235339123504,3.9731763130677367,1.0724706782470075,2.826823686932263,14.19058834780876,14.217412034741024,2013,8,1
33,21,1,1,0,60.0,20.0,1.910409436170396,0.6,11.979181127659208,8.572866053192772,4.779181127659208,2.710409436170396,5.124913234044753,3.9520471808519804,1.5104094361703961,1.820818872340792,12.558362255318416,15.683275489363169,2020,15,1
3,29,1,1,-4,71.27746941729367,0.0,1.9127746941729367,1.1127746941729366,19.04670366992476,14.542719189285796,8.37005550488714,4.795604893233013,8.282830199060076,6.55329633007524,0.6361265291353166,2.2255493883458732,8.846703669924759,13.497802446616507,2013,24,1
12,23,0,0,-2,0.0,0.0,0.5177863038167672,0.1766794557251506,13.17549587328263,6.660076734350903,3.5766794557251504,2.1067178229006025,5.987747936641315,1.882213696183233,1.964427392366466,2.682213696183233,14.293282177099398,20.99881641755748,2020,2,1
30,9,0,0,3,80.0,20.0,2.3587626455697253,1.3793813227848626,17.64535992088647,14.620618677215138,7.055669259494039,3.8103093386075684,6.061856031645412,7.814431905063764,0.5896906613924313,2.0,13.624741243671334,12.020618677215138,2015,28,1
27,29,0,0,-3,60.0,0.0,1.4472788411680477,0.7418365235041435,14.028913606126613,7.592855664529004,3.4363942058402395,2.989115364672191,4.647278841168047,3.294557682336096,1.3054423176639043,1.5891153646721912,10.414624935184623,18.828913606126612,2015,25,1
16,17,1,1,8,60.0,60.0,1.743954729693419,1.5719773648467095,14.940113175766454,9.876384797605938,4.771977364846709,4.231864189080257,4.276384797605939,5.315932094540129,1.743954729693419,1.143954729693419,13.927456756321028,12.164294256992777,2014,27,1
7,18,2,2,1,60.0,40.0,2.2789192144612525,1.4526128096408348,18.968646284309983,12.957838428922505,6.994596072306261,5.889370453024592,6.131532024102087,6.652612809640835,1.0789192144612523,1.4526128096408348,9.184144833742922,9.541983262665426,2017,21,1
28,30,1,1,-9,80.0,20.0,2.5075412810502917,1.4974862396499027,15.208091695054183,9.112568801750486,5.430165124201167,4.122623843150875,6.650275207001945,4.215082562100584,0.6050275207001946,2.3949724792998057,9.67234863614893,17.230165124201168,2017,4,1
9,12,0,0,11,20.0,40.0,0.8,1.5578208907576365,11.916343319317726,12.283656680682274,3.621089554621182,3.9891044537881832,4.778910445378818,4.873462672272909,1.9367313361364549,1.3578208907576366,12.621791092423633,9.716343319317726,2013,8,1
21,29,1,1,4,60.0,20.0,1.839884204757852,0.7599710511894631,16.79942102378926,9.879768409515703,4.959826307136779,2.319942102378926,6.47962366546302,3.2802026416737586,0.9598263071367782,1.719942102378926,15.519218382115504,17.23988420475785,2015,1,1
26,12,0,0,12,40.0,60.0,1.4299145982123067,2.195298906256927,12.540170803575386,14.749572991061532,7.45512810268154,8.604701093743072,4.625213504469234,4.464530290167687,1.6,0.85512810268154,14.28974379463692,13.459829196424614,2011,23,1
9,25,0,0,-12,60.0,20.0,1.4044938616640235,1.382024553343906,14.312346541600586,14.656196426751249,5.817975446656094,5.164049106687813,4.667407924960352,4.741579798367694,0.41348158499207044,2.7595552450237886,8.8,14.004493861664024,2018,2,1
20,25,0,0,-3,0.0,0.0,0.6925290562460216,0.4387935843690324,11.952296606277848,8.232761506214194,3.838793584369032,3.1551743374761294,5.376148303138924,1.7074709437539786,1.6149418875079569,2.507470943753978,13.244825662523871,19.513503021908818,2018,2,1
30,30,0,0,5,60.0,40.0,1.4916731570678265,1.141634214660867,13.691673157067827,12.516731570678266,4.4417120994747865,4.8666147434573865,4.92498052879652,5.6750194712034805,0.8916731570678267,1.3249805287965202,12.058365785339133,11.783346314135652,2017,11,1
20,30,1,1,-1,40.0,40.0,1.1466087120695412,0.7266956439652295,17.059739204312933,11.76104318274826,4.893217424139082,4.393652083617524,7.772869696556329,4.466956439652295,1.0733043560347706,1.2533912879304587,11.820782387061197,13.59278276466064,2013,14,1
31,25,1,1,4,40.0,0.0,1.8515775370866405,0.7484224629133596,12.057887685433203,9.845267388740078,6.793689851653438,4.890534777480157,5.593689851653438,2.9610427596064834,1.0515775370866405,1.5484224629133596,12.31687172118055,13.245267388740078,2012,21,1
32,15,1,1,7,0.0,60.0,1.1721287851854352,1.6557424296291297,10.045939437033036,14.501681866662167,3.441037940734991,5.208265229622381,4.85574242962913,5.422969718516518,2.4557424296291295,0.6557424296291297,12.08851514074174,6.575492518509769,2017,20,1
32,2,0,0,1,60.0,40.0,1.6330139526401402,0.49904185792042055,11.434930236799298,8.86602790528028,4.0330139526401405,2.6310976684809813,5.401916284159158,4.965069763200701,1.1669860473598597,1.4019162841591593,13.504790710397897,13.741637231356355,2014,7,1
20,31,1,1,2,40.0,20.0,1.5906413084221314,0.7968804361407105,14.934489158954918,11.118891339658472,5.359445669829236,3.9594456698292353,5.606239127718579,4.181282616844262,1.593760872281421,1.9937608722814208,8.843673894030054,14.224956510874316,2018,31,1
11,24,0,0,1,20.0,20.0,0.9897239270789256,1.1051380364605372,12.218174838592356,9.071932510447521,3.830828218763223,3.7359662552237602,5.861656437526445,4.6,1.5897239270789256,2.1897239270789255,10.26403374477624,13.138343562473555,2016,10,1
29,7,0,0,4,80.0,20.0,2.2969924284910177,1.4,17.078946999437125,13.878946999437126,6.581954570946108,3.8,5.553633856794411,7.416290428115768,0.6,2.0,13.422305571133732,12.206015143017964,2015,26,1
6,3,0,0,0,20.0,20.0,0.9455385346961263,1.0,15.36430827756901,10.127692673480631,4.2,4.400923881657389,7.783078020441893,4.091077069392252,1.0544614653038737,1.6,10.034767840773602,17.72861655513802,2021,13,1
29,10,2,2,-4,60.0,40.0,1.5926437293810134,1.4073562706189866,20.038162046382293,13.174253052833546,5.374253052833547,4.018390676547467,4.592643729381013,5.596321864690506,0.4073562706189867,1.0073562706189867,8.66620643557088,9.695631518046827,2018,11,1
6,12,1,1,0,60.0,20.0,1.8171402386879003,0.46856095475160087,15.0342804773758,7.045646205885405,4.794225489821705,3.0113657285096043,4.937121909503201,2.4913840576943036,1.7485792839362995,1.6,10.188542625566903,13.914298806560499,2017,7,1
31,2,1,1,-6,40.0,20.0,1.0471004331560565,1.1528995668439435,13.952899566843943,8.364851516046198,8.434794802127323,5.164497834219718,5.988401732624226,3.4590523823583106,1.0471004331560565,3.3528995668439436,10.74094761764169,21.163790470566756,2013,19,1
6,9,0,0,3,80.0,60.0,2.5459098853085522,2.054090114691448,11.17150773712018,15.724540688148688,5.646967048971493,4.992876934280045,4.093934097942986,4.769393409794298,1.0918197706171044,1.1081802293828957,11.522426360822806,9.75514727835439,2015,23,1
9,0,1,1,-3,40.0,20.0,1.0,1.5096220882748823,17.177834337938382,10.32302329380094,6.583677308962089,3.874055220687206,9.054811044137441,4.542267470350706,1.0,1.3288662648246472,7.235566867587677,13.450174295146942,2017,21,1
24,11,0,0,7,20.0,40.0,0.8216712010063174,1.6891643994968413,10.691643994968414,11.838383211069491,2.9566575979873653,4.775849203522111,4.556657597987366,5.089164399496841,1.132506801509476,1.1108356005031585,12.619191605534745,12.204959190943143,2016,10,1
29,12,0,0,-1,60.0,40.0,1.8697159223296271,1.4605681553407457,13.669715922329628,13.115454757274033,4.642272621362983,5.557727378637017,4.5211363106814915,5.181704466022237,1.0605681553407456,0.9302840776703729,11.948579611648135,13.075397475737084,2016,19,1
24,30,1,1,0,60.0,40.0,1.1702581962927985,1.3659483607414402,16.416812297053127,11.56594836074144,4.570258196292799,4.263793442965762,6.518967214828807,4.0,0.5362065570342387,1.6340516392585598,10.208619671102717,14.102154917775678,2015,25,1
9,12,0,0,-4,40.0,20.0,1.1587157456478794,1.2,8.806421271760604,11.523852763056363,2.6825685087042412,4.041284254352121,3.241284254352121,3.5651370174084827,1.3587157456478793,0.8,12.682568508704241,10.365137017408482,2021,25,1
9,11,0,0,0,20.0,40.0,0.8,1.9868050056098234,13.373610011219647,10.41099582865848,4.797800834268304,5.010995828658481,7.793402502804912,5.395601668536608,1.404398331463392,1.1956016685366078,11.593402502804912,12.386805005609824,2015,13,1
11,16,1,1,9,40.0,40.0,1.7726228739862386,1.4,16.016720235807338,10.780982991889909,4.945245747972477,4.326228739862385,5.136885630068807,6.263114369931193,2.40836011790367,1.654754252027523,12.216720235807339,12.0,2018,4,1
3,17,0,0,-2,40.0,20.0,1.4,1.2,12.159970173043032,8.739936617716443,3.319977629782274,2.839955259564548,4.619996271630379,3.940011185108863,1.580003728369621,1.780003728369621,14.300130492936736,19.7799291609772,2016,29,1
30,10,1,1,-1,60.0,0.0,1.549556031025006,2.0234461085875215,14.805327627699926,14.697336186150036,3.9278857983374604,4.598224124100025,4.58010564321243,7.147780155125031,1.1243340465375091,2.974778015512503,10.72433404653751,15.47566595346249,2016,26,1
11,18,0,0,2,60.0,80.0,1.7610347591318767,2.2805173795659384,13.446725934357199,17.906548131285604,5.324656416093445,7.0312045473790485,5.441552138697815,6.922069518263753,0.4805173795659383,0.7974131021703084,7.680517379565938,10.755860963472493,2014,26,1
25,17,1,1,2,20.0,0.0,0.8804134883469227,0.5597932558265387,10.600516860433654,8.039689883739808,5.561860697561152,3.3608269766938452,5.759793255826539,4.200516860433654,1.3195865116530774,2.2804134883469227,13.440723604607115,15.078862907045961,2016,13,1
11,7,1,1,2,60.0,40.0,1.666014669818502,1.1369193159982378,12.522249386914538,10.26992665090749,5.127139363275771,3.1359413207259914,5.528117358548018,3.9349633254537446,0.8,1.2679706603629957,14.136919315998238,15.596088018911011,2019,22,1
26,16,1,1,-5,40.0,60.0,1.7895544656518605,1.4,15.10522276717407,9.831336603044418,5.873886164129652,3.4805940457975195,5.71566830152221,5.119405954202481,0.8,0.83507425572469,11.82462872137655,9.810445534348139,2014,20,1
25,10,0,0,4,40.0,20.0,1.017117610815008,0.9369408865200644,9.268470443260032,8.2279402703752,3.834235221630016,2.473881773040129,4.697294335109952,3.6684704432600324,2.71441194592496,1.0,15.28558805407504,14.286471675549759,2019,28,1
21,26,1,1,8,20.0,0.0,1.2324917900431707,0.5675082099568293,13.864983580086342,11.73501641991366,4.902524629870488,3.4,5.948737685064756,5.013721265151098,1.8,1.6324917900431708,9.88880336471939,13.186278734848901,2015,14,1
19,8,1,1,-8,80.0,20.0,1.7831385282494974,1.153255411299799,14.149415584748493,11.085809524297789,5.459766233899397,4.013021645199196,7.8,4.583138528249497,1.106510822599598,1.7701168830503016,12.850584415251507,18.994658007903418,2015,5,1
29,32,1,1,9,40.0,40.0,1.3113506231697025,1.0,13.928640395923296,12.098372067470756,4.126484787395972,3.7340518695091074,6.01513416422627,4.3113506231697025,0.7113506231697025,1.5113506231697025,11.592432917886866,14.303783541056568,2017,8,1
0,25,1,1,-3,20.0,60.0,0.665752353485077,2.153034033224945,12.57847067374521,8.950291093680177,3.865752353485077,3.265752353485077,7.084538740195099,2.550291093680176,1.6093931933550112,1.553034033224945,9.769077480390198,14.503325126905121,2019,15,1
28,28,0,0,4,76.67433262487842,0.0,1.9334866524975682,0.7002299787463524,9.43279671625851,13.23463654622933,4.533026695004864,5.968123198726898,3.8669733049951365,5.133486652497568,0.6,1.833256673751216,10.932106780019454,13.466973304995136,2012,6,1
11,23,1,1,-3,80.0,20.0,2.0,0.8952134465705481,17.157179830144177,9.681112597291436,4.947606723285274,3.0952134465705483,8.323932767147259,4.281112597291437,0.6952134465705482,1.2,6.747606723285274,16.49469582455206,2018,6,1
30,17,2,2,13,60.0,80.0,0.8993584015101518,1.8331194671700506,12.780873872455581,15.68536506188452,4.899358401510152,5.700641598489848,6.100641598489848,6.117201332074874,1.2,0.4,13.286648258864217,9.964314138870556,2016,11,1
6,27,1,1,-8,67.93695781067224,0.0,2.0,0.6,15.806304218932777,9.403152109466388,8.641260843786556,4.238108734320167,7.5143262029605005,4.0,0.9618912656798329,1.9555870467470564,9.006304218932776,14.746130718347892,2011,25,1
28,32,0,0,3,40.0,20.0,1.7509301780637359,0.8490698219362642,13.947209465808793,11.56581302708351,4.649069821936264,2.754650890318679,4.8,4.958371602573623,1.8037207122549432,0.9962792877450568,13.818603561274717,15.223024836151662,2016,1,1
7,24,0,0,12,60.0,80.0,1.8442817543832093,1.932845263149628,15.91143649123358,12.966422631574813,5.300732105275558,5.488563508766418,5.812168596509139,6.054986140341232,1.0442817543832095,0.9221408771916046,9.766422631574814,10.24428175438321,2018,18,1
21,17,1,1,7,20.0,40.0,1.17321624206242,1.6,12.22678375793758,11.23512622089554,3.37321624206242,4.0,4.6,4.0660812103121,2.25773874735414,1.74226125264586,14.71547749470828,16.79582876852102,2021,24,1
9,35,1,1,3,40.0,60.0,1.2711345432929897,1.2,14.569076346343918,10.67113454329299,5.586596370121031,3.3422690865859797,4.5113454329298985,5.267018149394848,0.826807259757939,0.6711345432929898,13.591767212203715,11.169076346343918,2020,17,1
18,18,1,1,15,40.0,60.0,1.1752367241473962,2.143809181036849,14.83332133628972,18.58190099140534,4.58190099140534,6.2,5.638091810368492,6.137144913778905,1.2,1.1438091810368491,13.505717370668359,10.550473448294793,2015,6,1
31,8,0,0,3,20.0,20.0,1.1405756568753649,0.659424343124635,11.59424343124635,8.11309211749562,4.302878284376825,2.615970401872445,4.0971217156231745,2.615970401872445,1.64345394125219,1.75654605874781,10.71884868624927,17.891365146869525,2017,19,1
9,23,0,0,5,20.0,40.0,0.9398427841781383,1.7664046402968974,11.879685568356276,10.053123712237518,4.192966496415655,3.8601572158218618,4.640628863287446,3.746876287762482,1.8070335035843441,1.8,13.228134014337375,14.633595359703103,2020,23,1
2,29,0,0,0,40.0,0.0,1.5808403217592797,0.29521008043981994,12.89521008043982,9.361680643518559,4.437731045717659,2.7329411261574794,5.361680643518559,4.885630241319459,1.8856302413194599,2.69521008043982,13.26705887384252,16.7239495978009,2014,25,1
33,27,1,1,8,0.0,40.0,0.4,1.3982026992175889,8.978432390611067,13.260076563797826,4.454684661450592,6.591013496087944,5.9838242929583,5.196405398435178,2.339923436202174,0.9982026992175889,12.552504541679053,14.196405398435179,2015,15,1
9,10,0,0,11,20.0,40.0,0.8126340521350485,1.6126340521350484,11.587365947864951,12.650536208540194,3.865315094836017,4.477949146971065,4.749463791459807,5.07580431281029,1.9747318957299032,1.4,12.250536208540193,9.589510782025727,2012,8,1
12,16,1,1,6,20.0,40.0,1.05348558055795,1.6,15.104687452746651,9.8278846444636,4.253485580557951,3.8139423222318,5.34651441944205,4.813942322231799,1.3860576777682003,1.7325720972102503,15.30468745274665,14.77439906390565,2021,7,1
17,13,0,0,-12,60.0,20.0,1.4429880757181512,1.271035772845546,16.856095394254787,7.3719523028726055,5.672868832899665,3.028047697127395,5.685976151436303,3.5140238485636974,1.128964227154454,1.8,9.487809211490422,18.568286182764368,2014,24,1
26,32,0,0,-4,60.0,40.0,1.8,1.3812901189632292,12.443656389085799,11.293977340791633,5.718495913232881,3.6436563890857987,6.1750534919509725,4.975053491950972,0.806236627012257,1.7563436109142014,7.987098810367708,10.737205794269652,2019,29,1
11,8,1,1,-12,80.0,0.0,1.8622640442998253,1.19018876456014,16.330942692378844,11.98037752912028,5.93433932403951,3.69509438228007,6.619622470879721,4.89509438228007,0.30490561771993,2.1901887645601397,7.66566067596049,13.8,2015,21,1
11,5,1,1,1,60.0,60.0,2.638031172280102,1.080984413859949,13.795077930700254,11.880984413859949,6.195077930700254,4.685906483159695,5.485906483159694,3.909171447540561,1.480984413859949,1.2049220692997453,13.404922069299746,17.69932730894107,2014,13,1
22,9,1,1,3,20.0,0.0,0.4,0.78971483730315,10.246843904724402,8.4411406507874,3.43085548809055,2.45142581348425,5.98971483730315,3.6719961388779505,1.7485741865157496,1.8102851626968501,12.4765780476378,16.482281301574798,2021,9,1
6,15,2,2,3,60.0,40.0,1.802907002239011,1.4992732494402472,17.316715262874315,12.005814004478022,5.408721006717032,5.699273249440247,6.992732494402473,6.004360503358516,1.0,1.4,10.389825492163462,10.689098741603708,2018,22,1
4,9,0,0,3,80.0,60.0,2.4418942906498664,2.1581057093501337,12.14231995393458,16.3486342561008,5.9936856978337785,5.235579988483645,4.787371395667557,4.8387371395667556,0.8837885812997329,1.3162114187002671,11.245051441732977,10.309897116534046,2014,23,1
30,1,2,2,-4,40.0,40.0,1.2,1.1336975563267844,10.732604887346431,12.001092668980354,3.5353365597973134,5.071219454084805,5.06575610918304,3.867941447143745,0.8,1.001092668980353,10.934790225307138,13.734790225307137,2012,20,1
1,18,1,1,3,20.0,0.0,1.1541824407491643,1.0,12.479277085244151,8.566540474006684,5.941824407491644,3.570912203745822,6.375283933484959,2.829087796254178,1.3541824407491643,2.5250946444949864,14.604371729739135,16.720722914755846,2013,27,1
27,11,1,1,7,60.0,60.0,1.5786803493732458,1.3065982531337719,12.629442794985966,14.136041048119736,3.063958951880263,4.063958951880263,4.05076244561272,5.421319650626755,0.8426393012535087,0.4852786025070175,13.205073361908333,12.381730131824124,2014,1,1
31,26,0,0,6,20.0,0.0,1.4,0.5849724436528382,10.500551126943234,12.50983466191703,4.4,3.7699448873056762,4.720220450777294,4.3051928944301325,1.8,1.6150275563471619,15.459007971502176,11.860110225388647,2015,11,1
21,11,1,1,-5,20.0,20.0,1.3456377512407207,1.0912755024814413,15.402015263647927,7.182551004962883,3.9805357413149554,2.7825510049628828,5.782551004962883,3.8932907661293683,1.982551004962883,1.7825510049628828,11.310739761166486,15.904693970222704,2015,20,1
28,29,0,0,-9,60.0,20.0,1.8972947897237193,0.6018034735175206,18.610820841105124,9.378358317789754,9.625248629245288,3.502705210276281,5.801803473517521,3.4954913162061985,1.1027052102762809,1.3981965264824794,8.010820841105122,13.19639305296496,2012,22,1
8,13,0,0,5,60.0,20.0,1.1376804792855473,0.8623195207144528,13.186958562143358,11.652165751426567,3.8623195207144527,3.675360958571094,5.337680479285548,3.875360958571094,1.688402396427736,1.711597603572264,12.176804792855473,13.895668497146866,2018,12,1
10,19,1,1,11,20.0,40.0,0.8,1.3130345322792507,13.24358561264899,11.747656113305764,3.5739309354414983,3.217310790513257,4.71303453227925,3.8,1.7391035968377522,1.452138129117003,13.035033096180978,13.304276258234006,2016,3,1
9,28,0,0,-3,60.0,0.0,1.8492804066478215,0.9014391867043573,19.463672273691394,11.759354713578322,10.005756746817429,5.959354713578322,9.362233086987036,4.904317560113072,1.2,1.852158780056536,10.101439186704358,14.05503715346525,2012,24,1
0,28,0,0,-8,40.0,0.0,1.52764092706968,0.6914613906045199,15.91258880716196,7.28943629172128,8.442254833114877,2.87438417181356,8.04022973423164,4.43617953646516,1.10853860939548,2.2723590729303202,10.340667948094161,17.69146139060452,2012,20,1
10,30,1,1,7,40.0,20.0,1.0005841210310207,1.0796495273813875,14.520934593649633,8.519182230556572,5.160467296824817,2.6005841210310208,6.559883175793796,5.677897164288325,1.2802336484124082,1.5203504726186123,11.440116824206203,14.156962570638692,2019,25,1
23,26,0,0,-5,20.0,20.0,1.1389392941708854,1.3557571766835415,11.661060705829115,12.511514353367083,6.2168178825126565,6.077878588341771,4.461060705829115,4.616817882512656,1.1389392941708854,1.6946964708544268,9.850453647537968,11.239846589246822,2013,9,1
2,20,0,0,1,80.0,80.0,1.891141945108015,1.491141945108015,13.960725686149814,14.978441795933783,5.907577356797903,6.198719301905918,5.8,5.68858054891985,0.7455709725540075,0.5455709725540074,12.0,10.255709725540076,2016,3,1
0,10,0,0,0,88.19538666261826,20.0,2.4,0.9541384001214522,17.58046133373817,10.773677066383277,9.94436906699054,6.363907733252365,8.14436906699054,4.616553600485809,0.7541384001214523,1.2721845334952697,7.0,13.554138400121452,2011,23,1
3,17,1,1,2,80.0,60.0,2.0721947793880053,1.8556104412239893,16.549259043476145,14.06146786795593,6.088779117552021,5.344389558776011,7.46146786795593,4.894636544283963,0.6721947793880053,1.1278052206119946,9.422441764895957,9.666337352656065,2015,18,1
30,4,1,1,-2,40.0,0.0,1.9267343413386926,0.6183164146653268,13.946531317322615,9.326734341338693,5.0,2.509898487991961,4.7465313173226145,4.254949243995981,1.9084179266733658,2.108417926673366,10.108417926673365,16.178722462697483,2016,1,1
26,18,1,1,13,20.0,60.0,1.1503881452773457,2.366925430184897,9.816537284907552,15.266149139630205,5.251164435832037,8.735403441479177,2.9322982792604115,5.181910133983066,1.0,0.8,14.219642447126317,12.43617973203387,2012,16,1
22,20,0,0,-3,40.0,60.0,0.9094549047351692,1.4820911785513768,16.229365702227224,12.55372646434587,3.7010009880217147,4.690545095264831,7.2,3.9368186309189612,0.8547274523675846,0.9452725476324154,11.082091178551376,11.237819618940676,2014,27,1
9,35,0,0,-2,40.0,20.0,1.5900474707641605,1.1900474707641604,14.280569649169927,10.960189883056643,5.5004747076416045,3.9502373538208024,6.380094941528322,5.380094941528322,1.0099525292358396,2.180094941528321,9.708528406311025,11.679620233886716,2020,26,1
25,7,1,1,-12,80.0,40.0,2.1539942270420442,1.0431953816336352,15.78875843470272,9.97559191785886,6.748373444393405,3.443195381633635,8.702367671435447,4.089201154591591,0.6,1.2215976908168176,10.094821937240232,16.19156882602704,2017,26,1
31,11,1,1,2,20.0,40.0,1.2370265857677238,1.0740531715354478,15.237026585767724,13.881627799251865,5.614584886889926,4.481345614980411,5.837026585767724,4.755680970787313,1.5629734142322762,0.7481063430708956,10.118654385019589,11.866760728090483,2013,21,1
27,23,1,1,5,60.0,0.0,1.8335207579026866,0.49161981052432835,12.0413386736703,11.95084341056209,4.166479242097314,1.9664792420973134,5.375421705281045,6.375421705281045,1.267041515805373,1.5832396210486568,14.117322652659404,14.716198105243285,2014,14,1
6,7,0,0,4,0.0,20.0,0.7745891671752817,1.2254108328247182,10.17787582977303,11.996713337402252,2.7745891671752814,4.2475350030516905,5.6508216656494366,4.64753500305169,2.3491783343505634,1.6,12.672945835876408,13.682805823669648,2019,7,1
31,29,1,1,3,40.0,0.0,1.6393349318457369,0.8,12.335550227180878,9.78577990912765,7.160665068154263,5.3071100454361755,5.853555022718088,3.349770318053229,1.1071100454361755,1.7606650681542635,13.18577990912765,14.203325340771316,2012,21,1
24,5,0,0,-9,40.0,20.0,1.5934388521385503,1.6065611478614499,15.651130949409621,10.90294101556023,4.30950216342168,4.88393668871687,4.99343885213855,4.64524891828916,1.76131222957229,2.32262445914458,9.670814392993972,15.35475108171084,2017,1,1
16,24,0,0,5,60.0,0.0,1.2047299799735696,1.336486653315713,12.512836753447866,10.091893226525704,3.6331098598149874,5.037839839788557,5.181080080105722,3.79527002002643,0.7412166332892827,3.0047299799735696,13.282433266578565,16.122296713395006,2013,13,1
10,16,1,1,9,40.0,40.0,1.6615446870964297,1.4,14.461625619350013,9.892357496771437,4.723089374192859,3.215446870964295,5.692276564517853,5.707723435482148,1.6308128096750065,1.876910625807141,10.661625619350014,12.0,2020,3,1
29,10,0,0,-3,40.0,20.0,1.0,1.1095173909391916,11.849195651565319,8.80790869406983,3.9428956543648503,3.4603217393738723,7.0079086940698305,4.049195651565319,1.1095173909391916,1.6301608696869363,10.2857913087297,18.090482609060807,2013,5,1
24,25,0,0,-2,40.0,0.0,0.649668008859186,0.4998672035436744,12.701460761019582,8.45073038050979,3.049933601771837,2.6501991946844883,5.901195168106931,2.7001327964563253,0.5994688141746976,1.5500663982281628,12.649933601771837,16.99973440708735,2014,9,1
34,4,0,0,10,0.0,60.0,0.7957699854572562,1.897884992728628,12.28942496364314,15.047124818215703,6.88942496364314,8.770389898200794,5.710575036356859,5.983079941829025,2.0851949491003965,1.102115007271372,11.502115007271373,13.212690043628232,2011,21,1
21,33,0,0,-1,20.0,20.0,1.4442418883639203,1.0672743349082385,19.44971090253807,12.936371674541192,6.955758111636079,3.2672743349082385,9.693952790901989,5.490306781452557,1.2654513301835228,2.001823004724716,9.576967553455681,14.776967553455682,2015,27,1
29,10,0,0,-5,40.0,20.0,1.0147983904040236,1.1975336015993294,12.009865593602683,9.20493279680134,3.4197311872053646,3.392600804797988,7.404932796801342,4.197533601599329,1.1975336015993294,1.607399195202012,9.212331992003353,17.97286961759262,2013,6,1
27,7,1,1,-2,0.0,60.0,0.6335643961880321,1.6,9.6,10.034950773316226,2.9888118679373226,3.0783169244387416,3.8559406603133866,2.934257584752128,1.4559406603133866,0.7888118679373227,14.843366151122517,11.830791641931647,2018,21,1
12,13,2,2,-5,40.0,40.0,1.1842292754525976,1.3921146377262987,13.302509709558114,13.031541449094805,4.0,4.9605731886314945,6.8,3.486738985010713,1.752687826357793,0.8236560868211036,15.179209856336367,13.25806347907338,2014,25,1
6,24,1,1,7,20.0,20.0,0.5411150345031377,1.2233451035094132,10.742159447949797,10.541115034503138,2.6588849654968625,3.7055751725156885,4.72996468947176,5.293380414037652,1.6355398619874493,1.823345103509413,14.480141242112957,14.881185655559616,2018,24,1
9,16,1,1,0,60.0,40.0,1.2747516825843341,0.8747516825843342,16.05415572078674,13.650496634831333,6.2598013460674675,4.955148990449399,6.379404038202402,4.385049663483134,0.6,1.0299006730337337,10.145844279213264,11.2448510095506,2015,10,1
1,12,1,1,3,20.0,40.0,0.8,0.9805753451273336,10.711079447796266,11.580575345127334,4.202734240719866,5.566619171694399,6.441583550465199,5.0,1.8,1.0166904141528004,11.866761656611201,11.9584164495348,2012,15,1
2,16,0,0,-5,40.0,0.0,1.513589046110526,0.7184657233368446,15.70104098556843,11.06410953889474,6.004876677226319,3.1728219077789483,7.296164308342112,4.945643815557896,1.1407671383315776,2.5135890461105257,12.158191876099993,15.718465723336843,2017,18,1
30,3,1,1,-3,40.0,0.0,1.9830976595176084,0.6338046809647833,13.88451170241196,9.48451170241196,4.983097659517608,2.433804680964783,4.650707021447174,4.115488297588042,1.9492929785528252,2.2676093619295665,10.673265533506965,16.616902340482394,2015,1,1
28,19,0,0,8,40.0,80.0,1.7932108042828403,2.5932108042828403,15.627156782868639,12.356151501494674,8.657426889939645,6.247524370020119,7.027156782868639,5.359264825697042,1.3864216085656804,1.9456864342627218,11.437059302788166,11.891372868525444,2012,23,1
14,17,1,1,15,20.0,20.0,0.878968106898736,1.357936213797472,11.83174485518989,12.78968106898736,3.576388374145576,4.976388374145576,3.7815478396518962,6.326191358607584,1.836904320696208,1.89742026724684,12.144643518955688,10.339484053449368,2018,12,1
0,17,2,2,1,80.0,80.0,2.14053019852549,2.8647717867294085,18.923858933647043,14.38371138967843,6.745832183780388,6.443181191152939,7.064771786729408,4.45946980147451,0.8,1.0215905955764695,9.610986625066673,9.113637617694122,2017,16,1
29,22,1,1,0,60.0,20.0,1.4,0.9848792390753061,11.984879239075307,11.248792390753062,6.388309347054285,6.05222249873204,6.263913151677755,5.154637717225919,0.44536228277408174,2.709275434451836,10.479033912602448,18.72439619537653,2011,26,1
17,9,0,0,-1,80.0,80.0,1.8173650529007794,2.011576701933853,20.843714523892984,19.22056112002528,7.788423298066147,6.588423298066147,8.524751437429956,5.747904841297662,0.40578835096692645,0.8173650529007794,8.371058245165369,7.738920423206235,2021,27,1
10,32,1,1,2,40.0,0.0,1.2222934043546263,0.5888532978226868,13.832799467340301,10.044586808709253,3.811146702177313,3.855733510886566,5.144266489113434,2.955413191290747,1.3888532978226866,2.2111467021773135,10.4,15.666880213063878,2017,27,1
26,15,0,0,-5,40.0,60.0,1.2206286266740292,1.7154714700055216,14.548428433314927,12.379371373325972,3.9257857833425365,4.9051571566685075,6.674214216657464,4.851571566685072,1.1154714700055217,1.1051571566685072,12.472200193359102,12.061885880022087,2014,28,1
17,12,1,1,-15,60.0,20.0,1.7724085301978627,0.7724085301978627,14.544969684657708,9.434451181187177,5.048323228219235,3.4275914698021372,5.875914698021373,4.09649383217649,1.517225590593588,1.689634120791451,10.006859711385038,13.682774409406411,2020,16,1
30,4,0,0,2,40.0,40.0,1.4,1.0621802405859717,10.231090120292986,12.43943324791062,3.7109012029298594,4.670523368203606,5.279811082636874,4.141991323222845,0.9689098797070141,0.9378197594140282,12.137819759414027,11.862180240585973,2015,27,1
15,23,0,0,2,60.0,60.0,2.072359810702698,2.1447196214053954,12.868317728432373,14.021121514378418,4.553259337459442,5.417079432108093,6.089439242810791,4.557301419729767,1.3361799053513488,1.4808995267567444,9.859322460864929,10.855735930108,2017,7,1
18,0,1,1,0,40.0,40.0,1.2973492844904064,1.3657830948301353,15.302650715509593,10.650121198227426,5.326264758641083,3.3368676206794583,6.302650715509594,4.10795214652878,0.9315661896602709,1.731566189660271,11.789397137961625,18.75228712082732,2018,28,1
34,16,0,0,2,40.0,60.0,1.570393892227606,1.6370076347154927,13.740787784455213,14.251810688601688,5.125984730569015,4.281416796374084,7.911181676682817,5.407401526943099,1.5925984730569016,0.6370076347154926,9.022204580829296,7.466454969951547,2020,7,1
5,18,1,1,1,91.92539756964106,80.0,2.119253975696411,2.0770159027856425,16.4,12.715523854178464,7.972682413161019,5.249698315946662,8.41119036455384,5.1652221701251255,0.24223807291076815,0.5192539756964106,7.192539756964106,11.56149204860718,2014,29,1
19,0,1,1,-2,40.0,80.0,1.2920035349150811,2.7079964650849186,17.366037116608354,13.966037116608353,7.15399823254246,5.3840070698301625,8.060017674575406,5.4,1.2619946976273781,1.2159929301698376,11.769991162712296,12.049955813561484,2017,8,1
11,30,0,0,2,60.0,40.0,2.0482267543109116,1.0723401314663672,14.354607674575483,8.70638092026457,4.592907017243647,3.8,5.368793640088191,4.5517732456890885,1.527659868533633,1.7276598685336328,11.900712062491783,14.37305219395815,2020,6,1
0,9,1,1,4,60.0,40.0,2.3384374386966327,1.5538280790224746,19.99984335152811,15.569218719348315,7.107656158044949,4.923046798370791,8.046171920977525,4.938437438696632,1.1538280790224744,0.6769532016292091,10.446093596741582,8.107734482280893,2017,3,1
31,7,0,0,7,0.0,20.0,0.521484489648744,1.3748042862293957,11.536329386136185,10.610350817283164,6.328906937892464,5.6962887758781395,5.992577551756279,3.8,2.5140620414050234,2.121484489648744,15.939257755175628,14.71113367236558,2012,4,1
17,29,1,1,-9,40.0,40.0,1.2640500144927735,0.6,16.90847513768135,8.491524862318652,5.5359499855072265,3.8156999130433586,8.372525152174124,4.423549869565038,1.0640500144927736,0.8640500144927735,8.535949985507227,13.824800231884376,2014,15,1
28,8,0,0,-9,40.0,20.0,1.6899067086115047,0.7853265198597341,14.510093291388495,10.834860062917256,4.434860062917257,4.275233228471238,5.669720125834513,5.2348600629172575,1.6550466456942479,1.6752332284712383,11.429346960280531,14.330279874165486,2014,1,1
11,0,1,1,3,40.0,20.0,1.9346436592010576,1.052285072639154,16.12157239104127,12.299360832324865,9.095429854721692,6.656216050242326,6.582997754237039,7.099360832324866,1.373857463680423,1.0784276089587308,8.856216050242327,10.531991016948155,2012,27,1
28,7,0,0,7,80.0,20.0,1.8,0.9891742026983662,10.313393621586929,10.4,3.736941932433878,3.526116135132244,4.08470966216939,5.147767729735512,0.736941932433878,2.410825797301634,12.147767729735511,14.843303189206535,2017,14,1
10,9,0,0,14,40.0,60.0,1.2,1.3236947754252024,13.015796516950134,12.494779101700809,4.228915673724393,4.139491292375337,5.63159303390027,4.660508707624663,0.9078982584750674,1.1236947754252022,10.371084326275607,8.742168652551214,2020,6,1
0,35,0,0,0,60.0,20.0,1.9162892659355855,1.1162892659355854,17.03732655825923,9.581446329677927,6.032578531871171,3.3907231648389637,9.944338989033781,4.632578531871171,1.3162892659355854,1.0837107340644145,13.209276835161036,14.758144632967793,2019,2,1
4,28,1,1,0,40.0,0.0,1.872498998827172,0.33624949941358606,13.255002002345655,10.2,5.672498998827172,3.817496996481516,6.136249499413586,5.008748498240758,1.9449979976543441,2.736249499413586,12.437505005864141,15.88124749706793,2017,20,1
32,9,0,0,4,20.0,40.0,1.2748217247125981,1.1496434494251964,13.47910033161024,13.502139303448821,4.0517827528740185,4.149643449425197,5.276247927011813,5.125178275287402,1.6748217247125983,0.974108623562991,11.79714759540157,13.172682421263776,2016,19,1
25,6,1,1,2,20.0,0.0,0.9315866489417123,0.2684133510582877,11.949151046119612,6.096457854585913,4.640368847530662,1.5140222517638127,5.645608900705525,3.4228044503527624,1.445608900705525,1.9771955496472375,13.485977748236186,18.17195549647237,2018,16,1
5,2,1,1,5,40.0,40.0,1.6,1.1695179129093827,14.969517912909382,10.35489901400107,7.401244289273992,5.031726376364609,6.630482087090617,4.984136811817695,1.6463452752729217,0.923172637636461,12.170762202183374,13.2,2013,5,1
24,17,1,1,9,80.0,40.0,2.53977568485218,1.8465918949507267,16.512510844457996,18.093183789901452,5.986367579802907,6.432959474753634,7.334081050492732,8.153408105049273,0.8931837899014535,1.9397756848521803,8.493183789901455,9.227264840394186,2014,7,1
17,28,1,1,-14,80.0,20.0,2.809760312622615,1.1902396873773848,21.024400781556537,10.6,7.912243595160075,3.6683221883583066,9.575599218443461,3.463442032046999,0.8,2.5951198436886926,8.556078593198231,20.668235779594696,2013,15,1
32,10,1,1,5,17.401977478018598,20.0,1.696079099120744,1.696079099120744,12.862257072142416,10.062257072142419,3.677940675659442,3.87009887390093,6.628435045164092,3.774019774780186,1.6779406756594422,2.148039549560372,12.818138423461303,15.851960450439629,2014,25,1
31,3,0,0,0,40.0,40.0,1.3957461178299224,1.0,10.217015528680308,11.6,3.3872383534897677,3.791492235659845,5.0085077643401545,3.791492235659845,0.9957461178299226,0.9914922356598451,12.161715060469302,11.829777175190543,2015,26,1
26,28,1,1,-6,40.0,20.0,1.22505966546316,1.3749403345368398,11.775894981947403,10.148926021663117,3.501670632968483,3.3252983273158008,5.500238661852641,3.2255369891684413,1.7498806690736797,1.1754176582421207,10.773985687126277,15.600477323705281,2015,29,1
10,10,0,0,-1,20.0,40.0,0.7057874268054424,1.528937134027212,11.04468567013606,7.762047950552388,3.6694491216653087,3.492598828887078,6.292598828887078,3.798386255692521,1.5884251463891153,1.7652754391673455,12.165275439167345,14.849526903058498,2018,9,1
11,0,0,0,2,40.0,20.0,1.3634406191077377,1.1756270794051584,13.690321857323214,10.502508317620634,6.8293895558361095,3.7634406191077376,5.763440619107738,7.405016635241267,1.3512541588103169,1.436559380892262,12.121864602974208,14.043729205948416,2019,21,1
17,2,1,1,-9,100.0,44.02433528452669,3.4792699414641994,1.2792699414641993,25.026858946355585,10.634159531713593,8.357323118702064,3.958539882928399,7.042676881297936,3.7987832357736653,0.6,1.5195132943094662,9.039026588618931,16.801216764226336,2015,16,1
20,27,1,1,-1,40.0,20.0,1.3995868221066674,1.5987604663200026,15.994628687386678,8.605784490506654,5.40330542314666,3.2057844905066553,4.4,3.804131778933325,1.6004131778933326,2.0004131778933325,13.00495813471999,15.400826355786666,2015,20,1
30,17,1,1,10,60.0,80.0,1.870142363090342,2.2,15.311850720174446,12.070142363090342,6.389572910728973,5.509003458367606,6.038861095277263,6.109003458367606,1.329857636909658,0.5298576369096579,9.418006916735212,10.75355907725855,2017,6,1
0,14,2,2,-5,80.0,0.0,1.8465623422137747,0.7396870266413238,16.312185764351522,10.21593134633721,6.032811711068873,2.7862493688550987,7.413750631144901,4.684684502061717,0.6603129733586762,2.5534376577862252,10.868753155724509,15.868753155724509,2019,19,1
33,19,1,1,-3,40.0,20.0,1.439227634556303,0.8803861827218484,14.27266252828488,9.96270327905294,3.5176829036689092,2.960772365443697,6.915751990059667,4.284248009940333,1.7607723654436969,1.5588414518344547,12.513821076450425,18.87459344189412,2015,25,1
32,18,2,2,11,40.0,60.0,1.6,2.120124379696091,14.104024875939217,17.43344280447466,5.247676612790163,6.616099503756873,6.367800992486254,6.880497518784365,1.2879253721823454,0.6,11.432199007513745,9.687303473701888,2016,21,1
30,31,2,2,5,0.0,20.0,0.7530065558620441,1.148997814712652,11.988529501379197,11.980512019080415,3.42750546321837,3.8,4.451002185287348,5.180512019080414,1.8,2.0,13.215479239770193,13.164477054482845,2015,13,1
17,9,1,1,-1,60.0,80.0,2.2,1.701058308650929,17.781085274742843,12.351587462976394,4.854762388929181,4.3515874629763935,7.7010583086509286,4.326322885813662,1.0736771141863388,0.6,6.572618805535409,8.926322885813661,2017,30,1
0,17,1,1,-1,80.0,60.318330616014094,1.606366612320282,1.6,21.653567916633516,12.809549918480423,7.561800326078307,4.615916530800704,7.177716856879013,5.3872667753594365,0.6031833061601409,0.9936333876797181,8.457299510882539,6.66684942936296,2017,2,1
7,19,1,1,1,40.0,0.0,1.0,0.7536546827729037,12.748676434868397,9.887712386549687,3.4146187310916147,2.6609640483187107,5.258474924366459,4.151165558820651,1.3073093655458072,1.9536546827729038,13.521928096637422,15.083050151267084,2020,4,1
18,30,0,0,-5,40.0,0.0,1.3493399306995997,0.7164466435665333,15.113806366364932,9.280913079231865,6.728932871330665,4.896039584197599,7.346699653497998,6.065786574266133,0.665786574266133,2.6328932871330664,12.002640277201602,18.2986798613992,2014,5,1
30,17,2,2,3,0.0,71.5728599544586,0.7370856018216561,2.0629143981783438,11.91457199089172,14.925828796356688,4.420200393624203,7.871857986337579,5.610100196812102,6.1258287963566875,2.052814201366242,0.48427140045541406,11.274171203643311,8.030300590436305,2015,18,1
24,31,1,1,0,60.0,20.0,1.8524835396822217,0.6524835396822217,15.062417698411108,11.357450619046665,8.245362126991122,5.675164603177783,6.255296285720009,5.295032920635557,1.1049670793644433,1.4,9.23692388887776,13.70777982540223,2013,13,1
19,30,1,1,5,20.0,40.0,1.4,0.904489141692679,14.758358842004828,10.008978283385357,4.417956566770716,2.9522445708463394,4.552244570846339,4.247755429153661,1.6477554291536605,1.4,12.65061944138053,11.39388572884151,2019,4,1
20,34,0,0,5,20.0,60.0,1.0441896452525579,1.4220948226262788,12.843043048889069,8.662844678788368,3.9325689357576734,3.7767585810102315,6.155810354747442,5.8,1.5558103547474422,1.0,12.466284467878838,13.888379290505116,2021,25,1
7,9,0,0,8,20.0,40.0,0.9418488630563107,1.4,16.212773294584466,10.083697726112621,3.8581511369436896,3.683697726112621,6.0,4.516302273887379,1.025546589168932,1.2,9.792942041394175,9.4,2020,21,1
25,11,0,0,10,40.0,40.0,0.8851044033383673,1.4574477983308163,13.63192578163898,14.010672941578573,7.317030184977347,8.206403764947144,4.827656605007551,6.455313210015102,0.8297911933232653,1.1425522016691836,9.408538353262857,11.057447798330816,2012,21,1
28,26,0,0,6,20.0,0.0,1.4,0.540738375908802,11.385232481823959,12.244430255452812,4.4,3.6814767518176037,5.074092992729584,4.614831368638386,1.8,1.6592616240911982,13.866581532716872,12.037046496364793,2015,11,1
1,25,1,1,0,40.0,20.0,1.4,1.2,13.226227598320143,11.005733646430308,4.119670698740109,4.4393413974802165,4.753278449790018,3.540164650629946,1.446721550209982,1.6467215502099821,9.63525425734937,22.312290546010342,2015,29,1
26,33,1,1,-2,40.0,40.0,1.5579068103636382,1.0252559137818171,10.46734910341818,9.608418637927272,4.9663254482909105,4.949488172436365,6.549488172436366,3.042093189636362,1.5915813620727277,2.1663254482909107,11.23367455170909,14.6,2011,30,1
33,1,1,1,-1,40.0,60.0,1.4035747869466826,1.6071495738933657,12.225023508626778,10.821448721680097,8.328504261066346,5.785700852213269,5.610724360840048,2.853621804200241,1.9892756391599518,1.5928504261066345,10.067920951986972,11.82502350862678,2013,19,1
33,18,0,0,4,40.0,60.0,1.4024555220527937,1.6073665661583811,11.234377308739111,12.829466264633524,4.017188654369556,5.02701074258073,5.595088955894412,6.37298925741927,1.5975444779472063,1.2024555220527937,11.358256125102507,12.802455522052794,2018,10,1
8,16,0,0,9,20.0,40.0,0.8,1.371109253494345,13.316680598792413,10.883319401207586,3.7144453732528273,3.055546267471725,4.685554626747172,4.313327760483035,1.6566638802415175,1.1711092534943448,14.488907465056549,11.116680598792414,2013,4,1
25,17,0,0,8,20.0,40.0,1.0,1.8156733528403184,9.414171918070663,12.984326647159682,4.460441259206791,8.476865329431936,5.1686532943193635,5.861942693976446,1.538808023408382,1.6,13.753730658863873,12.38507736454451,2012,13,1
27,30,1,1,4,40.0,40.0,1.1922116303841581,1.135929456538614,11.351506195770298,10.143717826154456,4.048493804229702,5.271858913077228,6.328141086922772,3.815576739231684,1.6,1.6562821738455442,12.423365108847525,15.143717826154456,2013,24,1
29,5,0,0,2,40.0,0.0,1.2,0.8,10.723809330876154,12.738095334561923,3.269047667280961,4.8507937794158975,4.411110886022179,6.825396889707949,0.8690476672809615,1.7126984448539744,12.272222784944551,13.396032115820706,2017,21,1
10,17,0,0,5,60.0,80.0,1.6200155264199099,1.2600465792597295,16.329945657530313,12.710085395309504,6.4,5.0,7.319937894320361,5.310085395309505,0.7899922367900452,0.7699767103701354,9.319937894320361,9.989992236790044,2019,21,1
31,1,1,1,-5,40.0,40.0,1.1572690028831103,1.0,11.299116979818226,11.941847976935117,3.0136549855844477,3.4854619942337792,5.784578974052007,3.570923988467558,0.8,0.6854619942337792,10.570923988467559,13.15726900288311,2013,24,1
31,14,1,1,-9,20.0,0.0,1.382117799537548,0.582117799537548,13.731766993063221,8.892706797225289,5.178822004624519,2.3609398041620673,6.51058899768774,3.6894110023122595,1.5463533986126443,2.0536466013873556,12.907293202774712,14.928471198150193,2013,20,1
19,24,0,0,-8,60.0,0.0,1.7164838448430144,0.6175807757849283,14.8153869139011,11.098903069058085,6.602193861883828,4.485710017040814,5.283516155156986,6.432967689686029,1.1670323103139713,2.250548465470957,9.1384523443956,15.701096930941913,2013,19,1
16,30,1,1,2,40.0,82.41763384875671,1.8483526769751342,2.048352676975134,18.11647323024866,14.951647323024865,5.248352676975134,5.8065892920994635,5.982412953611897,5.903294646049732,1.2,0.6725290154627012,8.114292400338371,13.0725290154627,2015,1,1
28,22,0,0,0,20.0,0.0,1.188946404458282,0.4221071910834359,11.088428764333743,7.954750337584051,6.933678426749692,4.099482359875461,5.633160786625154,4.655267977708589,1.0221071910834358,2.566839213374846,13.867356853499384,14.266321573250307,2012,17,1
30,6,1,1,-3,40.0,40.0,1.106519697750026,1.213039395500052,11.093480302249974,11.2,4.521763626999688,5.521763626999688,5.308724231499635,5.7325984887501304,0.8130393955000521,1.5739212089998957,12.691275768500365,14.9500469517494,2015,29,1
29,30,0,0,-1,60.0,40.0,1.7226822778421416,0.8773177221578585,13.645364555684283,9.623672165315028,8.781458222737133,5.773177221578584,4.93609366705285,4.895859499420727,1.0773177221578585,0.7865886107892923,13.722682277842141,16.314401276683594,2012,23,1
7,31,1,1,5,20.0,20.0,1.0329660539079248,1.0,12.39911852937902,9.00088147062098,3.5327456862526794,2.7670339460920754,4.73318642156317,2.900220367655245,0.966593210781585,1.500220367655245,10.632966053907925,14.367474681402566,2019,8,1
28,10,0,0,-3,60.0,40.0,1.7964674504547906,1.5929349009095812,13.578804702728743,12.02649412158907,5.187636076591767,4.994701175682186,4.791168626136976,5.584103527046557,1.2,1.012363923408233,11.601766274772604,14.387636076591768,2015,19,1
7,10,1,1,-7,40.0,20.0,0.9536656597233113,1.1536656597233113,10.017009062490198,12.278006041660133,3.046334340276689,4.246334340276689,3.817009062490198,4.292668680553377,1.2,1.078006041660132,12.907331319446623,12.899707951344237,2020,16,1
26,33,1,1,0,60.0,20.0,1.7770927096540503,0.6343609355189246,14.742731774135127,11.2458145806919,9.102205225502654,6.062556257924301,7.131278128962151,5.365639064481075,0.9885463548270251,1.411453645172975,7.537443742075698,14.897794774497346,2013,12,1
26,27,1,1,-8,80.0,20.0,2.5095053085893158,1.3897879893954213,15.737314532342,10.290494691410684,5.659858659596948,4.640848042418316,5.929929329798473,5.1605653616122105,1.1197173191938947,1.410212010604579,10.210212010604579,15.959151957581685,2014,27,1
7,32,2,2,0,20.0,20.0,0.9646420769273154,1.1215473589757718,8.980115666685034,9.662979051266511,2.6861894359030876,4.086189435903088,4.015473589757718,4.556905282048456,1.7569052820484563,1.6861894359030873,18.52595810253302,14.803326051321612,2016,26,1
7,12,0,0,-1,60.0,20.0,2.0923868933900946,0.8873114889834914,16.26700987135708,8.939095147120758,5.082236084576888,4.061934466950474,4.897462297796698,4.149245955933965,1.4101508088132069,1.6974622977966984,9.122839319829716,12.92791472423632,2018,8,1
22,32,0,0,8,40.0,60.0,1.969071698748414,2.353866037656448,12.06108113390169,15.38505282844186,4.722937736404862,5.92319622593869,6.1690716987484135,5.707732075312896,1.384535849374207,1.4154641506257932,14.107990564846725,12.400258489533828,2019,9,1
0,15,0,0,-1,20.0,20.0,0.8353056064011017,0.6706112128022033,20.175942105549325,13.646943935988983,6.835110297582374,4.752860755192288,6.0471392448077115,5.482249542390085,0.9412224256044066,1.4940831807966952,8.658777574395595,10.45916819203305,2015,24,1
30,24,1,1,-12,60.0,20.0,1.955902758185965,1.2,16.31180551637193,8.237847594466666,5.146528287164911,3.217361385396491,8.111805516371929,4.355902758185965,0.8,1.1968751763263157,9.22361103274386,12.620486209070176,2017,7,1
16,17,1,1,4,60.0,60.0,1.0745753048577018,1.8881370427134472,10.267780182580932,10.522027134003913,2.8101641767173597,3.6881370427134472,5.247451829146211,4.63728765242885,1.2372876524288507,1.2881370427134473,13.705096341707579,15.701698780569194,2016,23,1
17,10,0,0,-4,80.0,40.0,2.779584473566753,1.1559168947133507,16.952664842293196,14.708581737006545,6.0881662105732985,5.447335157706805,6.603252052420156,4.132249315859948,0.7559168947133507,1.5559168947133508,8.420415526433246,14.986088578407065,2016,14,1
8,27,0,0,6,0.0,60.0,0.340050103666692,1.4,10.640300622000153,13.940551140333612,2.870025051833346,5.490175362833423,3.560200414666768,4.440300622000152,1.1400501036666921,1.059949896333308,10.909824637166578,9.220150311000076,2018,6,1
0,17,1,1,2,80.0,60.0,2.011568535312679,1.9768629293746414,14.91235045344234,14.849609040935169,5.846274141250717,5.223137070625358,8.24960904093517,5.319020252811246,0.6115685353126793,1.1884314646873206,9.907451717498565,8.938822423752152,2014,13,1
20,16,2,2,8,20.0,80.0,0.5938205260281623,2.9876410520563246,13.393820526028163,12.593820526028162,2.8432563178028643,7.162923156168974,6.012358947943675,6.325846312337948,1.9691026301408114,0.8185384219155133,8.286512635605728,14.45561526574654,2013,19,1
29,27,2,2,-3,20.0,20.0,1.5302715309780555,0.8464856460146297,13.530271530978055,12.0,5.414057415941481,3.976757176992685,6.0232428230073145,4.730271530978055,1.5535143539853704,1.5070287079707407,11.483785884963424,15.637300238948797,2013,10,1
31,13,1,1,-9,20.0,0.0,1.3711009132780851,0.5711009132780851,13.869954109751383,8.768807306224682,4.985550456639043,2.1422018265561706,6.527752283195213,3.5855504566390426,1.5855504566390426,2.0,12.85779817344383,15.245642237136275,2013,20,1
22,27,1,1,-2,40.0,0.0,0.40509217735356473,0.4,13.784723467939306,9.005092177353564,3.0050921773535646,2.802036870941426,6.794907822646435,2.797963129058574,0.20407374188285177,1.601018435470713,12.580649726056453,16.812221225648557,2014,8,1
32,27,1,1,-2,40.0,20.0,1.0,0.9652209501561025,16.64353520249764,10.0,2.5043371495316924,3.4956628504683076,4.33911619937559,4.4,1.6,1.330441900312205,11.6,16.730360046721845,2015,5,1
23,6,2,2,-4,80.0,0.0,1.962254788658405,1.1207515962194683,13.509477652927444,10.996242018902658,5.362254788658404,3.6867643659752147,6.128267558414151,4.641503192438937,0.6415031924389365,2.3207515962194685,10.381210094513294,15.279248403780532,2016,3,1
18,18,1,1,12,20.0,60.0,0.6967046097183635,1.7582384757040912,10.967046097183635,15.129658512534728,3.745056914577545,5.316476951408182,4.690113829155091,6.619772341689819,1.145056914577545,0.8967046097183635,10.435170743732636,8.545056914577545,2016,28,1
8,19,1,1,13,40.0,60.0,1.0607958763892416,1.878408247221517,8.902284538898764,11.60965360693986,2.9471628875031737,4.617612370832275,4.025571134724691,4.417612370832275,1.121591752778483,1.5392041236107585,17.296020618053795,12.409653606939859,2013,26,1
6,8,1,1,1,20.0,20.0,0.830779181267971,1.0,13.89220818732029,9.43077918126797,4.076883274928116,2.8,5.5692208187320285,3.9231167250718837,1.2,1.661558362535942,12.830779181267971,15.738570993947683,2021,14,1
18,33,1,1,-2,80.0,20.0,2.7053329999849884,1.6,14.778999749988742,13.473666750003753,6.410665999969977,5.052666499992494,5.584166875009383,5.689499874994371,0.7263332499962472,1.6368333750018764,7.647167625043158,14.568333750018764,2019,21,1
31,8,1,1,-3,40.0,40.0,1.1551118856326679,1.3102237712653357,11.044888114367332,11.2,3.9386573724079854,4.938657372407986,4.62843360114265,5.97555942816334,0.9102237712653357,1.3795524574693285,13.37156639885735,13.832426630448639,2016,29,1
6,30,0,0,3,40.0,40.0,1.2447635229645246,1.9104729540709509,9.671452844467868,12.086655339248328,2.8714528444678695,3.113344660751672,4.358108183716197,4.755236477035475,1.0895270459290491,1.6447635229645248,12.092398752609771,16.997128293319278,2018,2,1
12,7,0,0,-7,40.0,0.0,1.5556306925279038,0.8926051154213173,13.888738614944192,9.792943231796885,4.7556306925279035,3.477815346263952,6.18134373036551,2.726051154213173,0.9852102308426346,2.029579538314731,9.126051154213172,15.192266999045751,2018,24,1
9,13,0,0,3,60.0,20.0,1.8301159087783843,1.2371759739366812,15.971759739366814,10.830115908778385,5.0672918827150655,4.704467856651746,5.08141201303166,5.141643830588428,1.0,2.044236039094978,9.258356169411572,13.998124351854804,2017,12,1
6,28,0,0,-4,60.0,20.0,1.6839827584324378,0.9160172415675623,15.89177585962169,11.056275865080995,6.2519482752973135,4.5601724156756225,7.180086207837811,3.9480517247026867,0.5160172415675622,1.4640689662702489,9.528137932540497,17.519482752973133,2015,19,1
9,16,0,0,-10,100.0,40.0,2.491486837397755,1.9268105300817961,22.58043159024539,10.854892102438654,9.290215795122695,4.726810530081796,10.617026325204492,5.6548921024386525,0.2731894699182039,1.563405265040898,5.237865777234163,11.98424471707057,2018,14,1
0,16,1,1,2,80.0,60.0,2.024507827473924,2.0490156549478478,14.575492172526076,15.343109584634934,5.922539137369619,5.273523482421772,8.154921725260762,5.350984345052153,0.5754921725260761,1.2735234824217718,10.073523482421772,9.143109584634935,2013,14,1
2,27,0,0,8,20.0,60.0,0.8124800340709648,1.3062400170354824,10.393600255532236,12.237440102212894,2.5030401448016004,4.906240017035483,4.1843200936951535,5.653120008517741,1.4937599829645176,0.8531200085177413,14.32191992334033,9.459200298120942,2015,20,1
7,13,1,1,-8,22.590298425656083,0.0,1.1740970157434392,0.7740970157434393,9.992776125947513,6.2,3.496388062973757,2.7222910472303172,3.844582094460635,1.6518059685131217,1.3481940314868783,2.1481940314868786,14.515067173177831,19.651805968513123,2018,5,1
32,17,1,1,9,40.0,0.0,1.5554992319475909,0.9777496159737955,14.82149001531868,10.333755760393068,4.288748079868977,3.0670046083144547,8.06599078337109,4.511505376366864,1.1777496159737955,1.8,10.778256528445478,13.511251920131023,2014,20,1
26,0,1,1,2,40.0,40.0,1.3911302996459507,1.5911302996459509,14.978257491148767,14.520172696813557,4.044348501770247,5.53304550531074,6.884693895397358,4.608869700354049,0.9911302996459507,1.4177394007080986,9.13304550531074,10.021742508851233,2016,10,1
21,17,0,0,9,20.0,80.0,0.6,3.0,15.124255234530901,15.87608494560871,3.1448510469061803,6.682723429640729,7.37940418762472,5.1930213358283694,0.9654468592814593,1.1448510469061803,12.165787039421073,12.15846819510983,2013,9,1
1,30,1,1,1,60.0,40.0,2.1238064298899513,1.5619032149449756,13.076193570110048,17.14283857933971,4.485709644834927,5.685709644834927,6.142838579339707,7.047612859779902,1.3238064298899512,0.6380967850550243,11.65712893450478,10.333354990770342,2016,6,1
22,28,1,1,-1,40.0,20.0,1.4,1.4620967922556087,15.448387169022435,8.048387169022435,6.434274058082935,3.5447580193609785,5.020564434849761,4.144758019360978,1.5310483961278043,2.137903207744391,11.207258299322913,15.951612830977565,2014,21,1
25,8,0,0,-3,40.0,60.0,1.0491426293908608,1.4491426293908607,12.167770836416238,8.584684302223337,3.849142629390861,3.45759936229441,5.208456732903549,4.25759936229441,1.1796570517563443,1.0898285258781721,16.44411537892387,14.301714741218278,2017,29,1
28,3,1,1,-2,40.0,40.0,1.017397351982282,1.0,12.278218536124026,13.060821184141743,3.7130132400885896,3.7652052960354356,7.043423832159462,4.130410592070872,0.8,0.9652052960354359,11.130410592070872,13.017397351982282,2015,23,1
15,32,2,2,3,40.0,0.0,0.8366187147717206,0.6,12.783093573858602,8.816906426141397,3.5830935738586027,2.71830935738586,4.946474859086882,4.946474859086882,0.526762570456559,2.073237429543441,13.808453213070699,16.129568432945486,2018,5,1
32,31,1,1,7,40.0,60.0,1.4,2.1763868897926115,11.694452440829554,14.267140957841868,5.94167866124433,6.887055695268958,4.714367178256644,5.8162163646467935,1.7490754068049257,1.2745377034024628,10.827311482987685,12.591180380913801,2015,25,1
1,19,2,2,-1,20.0,40.0,0.8,1.540246216239674,10.851950756752066,12.436344702735544,3.8597537837603264,4.815606054016522,6.459753783760326,4.70390151350413,1.6519507567520653,1.540246216239674,9.815606054016522,15.19732956769424,2014,8,1
21,11,0,0,-9,80.0,20.0,2.234052068213151,1.2340520682131508,14.17457275034466,13.025576318328039,5.480892295590321,4.668104136426302,6.472416545705208,5.255315977262283,1.3234201136885848,1.344684022737717,12.051003567983377,14.57873609095087,2017,13,1
5,13,0,0,4,80.0,60.0,2.4032994119369833,1.8991751470157543,11.67607926345687,14.596700588063015,5.295875735078771,4.7967005880630165,5.375254410472625,4.996700588063017,1.1041242649212293,0.8975254410472624,11.109073382826704,8.598350294031508,2015,18,1
1,34,1,1,-1,60.0,20.0,1.9351630272738816,1.1513722704554112,17.64339665000635,9.886535297729292,6.021698325003174,3.470326054547763,10.648885731827994,4.767581513636941,1.2865352977292928,1.0324184863630592,12.854116811366234,14.945883188633767,2018,1,1
11,17,1,1,14,20.0,20.0,1.0,1.423853438440151,12.844036640389962,13.515596955710414,4.0,5.223853438440151,4.612842728969132,5.688073280779924,2.0678900788301133,2.155963359610038,12.040366403899622,10.664219842339774,2018,11,1
27,14,0,0,-5,40.0,60.0,1.3466070109276767,1.8099552581957576,14.233482472680809,12.253392989072324,4.083258763659596,4.936651752731919,6.516741236340405,5.166517527319192,1.2099552581957576,1.136651752731919,12.91312453824687,12.43982103278303,2014,28,1
26,16,1,1,9,40.0,40.0,0.8609046875922401,1.55432148430582,14.78271406277672,10.169547656203878,4.16954765620388,4.0,6.84567851569418,5.554321484305819,0.6761308594903002,1.3543214843058198,9.043618750368962,15.33909531240776,2020,1,1
31,9,0,0,-3,0.0,0.0,1.1107241484292611,0.1785517031414776,7.438068937521971,8.667827554712217,2.9404827656195076,2.0166206406634477,3.0083103203317236,4.902413828097537,2.2,2.170241382809754,13.216620640663448,14.876137875043941,2017,4,1
10,15,0,0,7,40.0,20.0,1.3961172216111795,0.8970879162083846,10.776703329667077,12.887380970236332,3.093205137819564,4.798058610805589,3.891263748625154,5.499029305402795,1.3980586108055897,0.8951465270139742,13.885439581041924,12.417472502749693,2020,6,1
12,7,0,0,3,40.0,20.0,1.8,1.2961173154653296,12.911648053604011,12.854357583485385,4.568938523722637,4.423296107208023,5.184469261861318,5.984469261861318,1.2155307381386817,1.7844692618613185,12.324245905109454,12.906815571167911,2018,6,1
16,26,1,1,-12,100.0,11.848155693190352,2.6,0.6,15.718481556931904,9.51088934159142,6.459739759885254,2.236963113863807,6.392407784659517,3.621778683182842,0.4815184430680965,1.2815184430680964,8.289110658408578,15.310889341591421,2019,19,1
17,9,0,0,-10,80.0,20.0,2.36493619318503,1.2948085795550894,16.07012761362994,12.853277215995806,6.27012761362994,4.614298125035328,7.8,4.744170511405388,1.5649361931850299,1.4,11.701276136299404,15.536339943114374,2016,14,1
6,11,0,0,-5,80.0,20.0,2.4,1.1391236831608773,16.782628950517367,10.799922356350088,8.678325009971667,5.782628950517369,9.365257901034736,5.5913144752586845,1.2086855247413157,1.4,7.739046039510965,13.88693289106307,2014,14,1
17,24,0,0,-12,60.0,0.0,3.206809691535438,0.8,20.498445227165377,12.047667840748067,7.328793538976375,4.484825844094502,8.078016152559064,4.2848258440945015,0.8,2.464396769488187,5.959141850787371,12.993190308464563,2019,19,1
32,10,1,1,4,11.314639279915822,20.0,1.452585571196633,1.452585571196633,12.070903106389057,9.270903106389056,3.8605608216025256,3.565731963995791,5.289220641581481,3.713146392799158,1.8605608216025256,2.0262927855983164,12.392024749594107,15.973707214401683,2015,25,1
7,24,0,0,8,20.0,20.0,0.8670282701694213,1.186377383864463,10.601084810508265,10.279566075796694,3.187462194372727,3.572754767728926,5.001084810508264,5.62616042176281,1.7204339242033055,1.8397830378983473,16.867028270169424,14.558047341085125,2018,22,1
3,32,2,2,-1,20.0,20.0,1.1757259972710314,1.1757259972710314,10.0,8.8,2.9029039890841264,4.181533975439285,4.751451994542063,4.181533975439285,1.5757259972710316,1.9514519945420632,16.290245942691662,16.39314993177579,2017,25,1
24,30,1,1,8,40.0,60.0,1.4,1.9594852043213855,11.605147956786142,14.805147956786143,6.445662752464758,10.081029591357229,5.207721935179215,7.243088774071686,1.521544387035843,0.7620591827144575,13.230218882106326,8.359485204321386,2013,29,1
18,5,1,1,0,80.0,100.0,2.4,2.5267614677267405,18.478167431478205,16.916903669316852,6.146477064546519,5.341548165341575,8.321832568521796,5.190142201590111,0.6683096330683149,0.9316903669316852,6.790142201590111,13.458451834658426,2014,19,1
6,27,1,1,4,40.0,20.0,1.2896509625434547,0.9402326916376967,9.845927896340307,9.441396149826181,3.5884875043549713,2.2091855792680613,3.6781384668984263,3.310349037456545,1.089650962543455,2.1701163458188484,12.280465383275393,12.721861533101574,2017,20,1
27,17,0,0,10,40.0,40.0,1.1327057990401976,1.4,10.518493917696475,15.398117397120593,4.077740876544711,9.106164639232158,4.438870438272356,6.120376520575881,1.6,1.3203765205758815,12.187670721535683,10.85308231961608,2012,12,1
29,18,1,1,6,40.0,20.0,1.574982213970979,0.8,13.750106716174125,9.633309618627973,6.174982213970979,5.608291832598951,4.741672595343006,4.083345190686014,1.574982213970979,1.6500355720580417,13.15825626054091,14.94153030711084,2012,23,1
9,26,1,1,-8,20.0,40.0,2.469610662690938,1.6,15.362986671636328,8.823765346254453,5.01493335818164,3.7541546835635153,8.06519466865453,4.1911680119271875,1.5718186597091406,2.204415994036406,11.613247982109218,14.432597334327266,2015,6,1
29,32,1,1,-1,40.0,40.0,1.4789885846677135,0.9394942923338567,12.03365410698587,10.023539953663002,5.18151712299843,4.515954338670854,6.176460046336997,3.6050570766614327,1.357977169335427,1.715954338670854,10.776460046336997,14.478988584667713,2013,29,1
7,31,0,0,0,40.0,40.0,1.0720563087041202,1.6161689261123606,10.919155369438197,11.37645046963296,2.6478029195355797,2.73602815435206,5.087521376014979,4.416168926112361,0.8720563087041202,1.6,11.53602815435206,16.56836600657678,2019,4,1
32,17,2,2,7,40.0,60.0,1.1051108974278527,2.2186113782151846,12.886499519212668,13.998167788503775,4.496721314068374,6.323722275643037,6.210221794855705,5.294889102572148,1.4762777243569631,1.2186113782151842,9.981388621784815,13.713500480787332,2014,16,1
10,17,1,1,4,20.0,20.0,0.9505433279115283,0.8989133441769435,13.346196704619302,11.453803295380698,4.098913344176943,4.550543327911528,7.903259967469169,5.653803295380698,1.5505433279115284,2.0,12.610866558230565,11.698913344176944,2015,5,1
8,11,0,0,-2,60.0,20.0,2.2096738736483115,1.3048369368241557,16.87041651565186,11.558605105293074,5.482789789413852,5.314510810472467,5.06344204211723,5.851068768355238,1.1586051052930737,1.7365579578827706,8.92958348434814,11.895163063175845,2018,11,1
6,26,1,1,7,20.0,20.0,0.6476516963204286,1.3285224555193569,9.990606785281715,10.528522455519356,3.028865266883858,4.262084329762358,4.485910177922571,5.714089822077428,1.3761741518397856,2.0,16.337915670237642,16.405039418723643,2017,24,1
15,32,0,0,0,20.0,40.0,1.2974748221961856,0.7794190611566754,10.72310611664714,9.784469416764304,3.405050355607629,3.363888477920979,4.348737411098093,4.528156472254769,1.6462122332942783,1.4,15.615530583235696,14.943687055490463,2013,6,1
0,6,1,1,-9,80.0,19.415054339308817,2.6175483698207356,0.6116989132138236,12.270193479282941,6.670193479282942,4.458494566069119,1.6643440226760302,6.747354890537793,2.6292472830345592,0.7883010867861764,1.4233978264276472,11.141505433930881,20.353204347144704,2019,5,1
5,6,1,1,-3,60.0,40.0,1.4090198993222849,0.9393465995481899,9.829545592771037,10.47993614649847,3.2360795972891387,3.3483664988704747,3.0450994966114244,4.33934659954819,1.2,0.6,13.407776951920193,10.312286901581336,2020,5,1
23,22,0,0,4,20.0,20.0,0.625773973494689,1.2969041060212438,11.922678079515933,8.548452053010621,5.625773973494689,4.445356159031865,4.580417814462823,4.096904106021244,1.1742260265053108,2.393808212042488,12.613390397579664,14.838157549409715,2013,2,1
30,29,1,1,-5,60.0,0.0,2.0659524582963433,0.2670237708518284,15.797857374889029,10.932976229148172,4.267023770851829,3.0648811457408582,7.131904916592687,5.2648811457408575,1.1340475417036568,2.3967860623335446,11.802142625110971,15.130833604037202,2017,17,1
16,19,1,1,1,40.0,94.87016512583216,1.1538950462250352,2.994806605033286,14.020773579866855,16.94870165125832,4.005193394966714,7.7487016512583216,6.015580184900141,4.794806605033286,1.0,1.1435082562916077,9.179226420133144,10.435718163841537,2019,26,1
15,25,0,0,3,20.0,20.0,1.1356960415806767,1.2,14.4,11.071392083161353,4.735696041580677,4.232151979209662,7.839240103951692,6.2784802079033835,1.0643039584193232,2.3356960415806767,7.58582375051594,10.489367812886954,2017,17,1
29,10,1,1,0,0.0,20.0,0.23640659517618756,0.6907802144714374,6.274230831166564,9.781087882004812,2.218439571057125,3.1815604289428747,3.3825055228190006,3.999527453061937,3.926714262709562,1.0728131903523752,17.271868096476247,15.764538498699938,2020,30,1
22,22,0,0,6,60.0,0.0,1.7007194932253549,1.3985610135492905,10.900719493225356,12.43501215085916,5.963548862690129,7.0920855745210964,4.0364511373098715,4.037890123760581,1.5007194932253547,3.064268355915484,14.734292657633807,14.964987849140838,2013,12,1
22,13,1,1,10,20.0,60.0,0.6,1.5074677337608362,10.492532266239163,15.605974187008668,3.6985064532478327,4.814935467521672,4.202987093504334,7.495519359743498,1.0985064532478328,0.9970129064956655,10.197012906495665,8.991038719486996,2018,25,1
29,11,0,0,7,40.0,40.0,1.2,0.6025543486867334,11.4,9.421711963837234,4.014048917777034,3.2293750098974345,4.008940220403567,4.206385871716834,1.7948913026265332,1.2038315230301002,13.789782605253066,15.180842384849498,2014,10,1
30,27,2,2,2,20.0,20.0,1.0,1.2,12.885184746730035,11.425923733650174,3.6555542401901047,3.627777120095052,5.912961866825087,4.085184746730035,1.2574076266349825,1.0296305065399303,12.838897438764318,13.653700853745228,2015,15,1
24,8,0,0,-3,40.0,60.0,0.9830730816242579,1.3830730816242578,11.99599001222307,8.175053106070399,3.783073081624258,3.272604628547922,5.089531546923665,4.072604628547921,1.1532292326497031,1.0766146163248516,16.761249208203562,14.433853836751483,2018,29,1
21,9,0,0,15,40.0,60.0,1.5924744712109695,1.5887117068164542,12.211288293183545,15.517219183320663,7.162372356054847,9.094642596953571,4.218813821972577,5.396237235605485,1.584948942421939,0.6037627643945153,14.698405361348087,13.668303246191964,2012,20,1
32,17,1,1,9,40.0,60.0,1.0945491783866652,2.6,12.936372945966662,18.324579900076653,3.4945491783866656,6.620911883789999,5.6,6.778196713546661,1.2527254108066672,1.2318135270166684,10.55728482975666,11.675420099923347,2017,18,1
10,33,1,1,4,40.0,20.0,1.5039214324256638,0.8960785675743361,12.987253608043808,9.472549973020353,4.171567878341151,3.103921432425664,6.103921432425664,4.428432121658848,1.3039214324256638,1.851960716212832,14.560785675743361,12.368628540594688,2018,22,1
17,2,1,1,-6,100.0,60.0,2.8731988593800777,1.4340057030996114,19.062823953018366,10.857636499837511,11.03803992169728,5.916426234258212,9.30720456247969,4.648414828058989,0.8536022812398445,0.8195965781402332,6.75158517194101,12.908357797062877,2014,18,1
24,18,0,0,7,60.0,0.0,1.5079970759431711,1.1399853797158555,11.720029240568289,11.18796783537488,5.57197368348854,5.531915202351961,3.968011696227316,4.320029240568289,0.9399853797158554,2.6639766075453686,13.679970759431711,15.476008772170486,2014,14,1
26,27,1,1,0,15.596907903022872,0.0,1.1119381580604575,0.28806184193954254,13.383567106423202,10.603721711272058,4.155969079030229,2.8641855258186277,4.844030920969771,2.535814474181372,1.7119381580604576,2.0880618419395427,10.260463814546569,17.82015460484886,2014,6,1
17,18,1,1,3,40.0,100.0,1.0855845110615667,3.1144154889384335,13.050227105642257,17.064188383296177,3.8641883832961748,7.650227105642258,5.378603872234609,5.278149660950092,1.0,1.3144154889384332,10.406526427542442,10.63626582798834,2020,25,1
15,27,0,0,-6,40.0,60.0,1.2477944194995945,1.0477944194995943,18.605139512510142,7.612505131493105,10.36985022450365,4.116916292493916,9.444111610008113,4.191177677998377,0.7433832584987832,1.665439063502839,7.403682809491483,15.525738614495538,2012,13,1
18,32,0,0,0,20.0,40.0,1.0330132629408881,1.2422267898534458,10.524759947205666,10.77620026397167,3.9339734741182237,4.818427053825115,4.216506631470445,4.85873342132389,1.2495198944113324,1.4,14.623799736028332,14.28253315735222,2013,6,1
10,17,0,0,4,20.0,40.0,0.992598400771799,1.007401599228201,11.903622389194815,9.985196801543598,2.644409595369207,4.12598400771799,4.214803198456402,5.9185824084897884,2.3629920038589947,0.6148031984564022,12.925827186879419,9.318425587651216,2018,2,1
8,16,0,0,13,20.0,40.0,1.0632511335845256,1.6,12.653004534338102,11.546995465661897,4.126502267169052,4.331625566792263,5.063251133584526,5.263251133584526,1.2102465992464233,1.1367488664154743,12.989753400753576,13.61201813735241,2018,8,1
27,16,2,2,5,40.0,20.0,1.1265243786267896,0.8530487572535792,12.012195029014316,8.624390058028634,5.1021343205981555,3.420426864119631,4.546951242746421,4.212195029014317,1.1060975145071583,1.1673781068660518,14.628658699224944,15.057317398449891,2015,6,1
24,17,0,0,9,20.0,40.0,1.0,2.1320281055100176,8.085481956857926,12.667971894489982,3.2582931990619337,8.413594378897997,4.535943788979965,6.304839347714025,1.918433726612021,1.6,13.627188757795993,12.891244968816029,2012,13,1
9,6,0,0,-11,60.0,40.0,1.6410038911962719,0.9794980544018641,18.584517510383222,10.015482489616776,7.179498054401864,4.138494163205593,7.066525292775766,4.979498054401864,0.9589961088037283,0.9794980544018641,8.641003891196272,12.179498054401863,2021,21,1
31,31,1,1,-6,20.0,60.0,0.4376629076581293,1.7748913948945804,11.100434420421678,12.123805343840385,3.050217210210839,3.78744569744729,6.01255430255271,4.8627715127635485,0.662771512763549,1.1874456974472902,12.774891394894581,12.86277151276355,2017,29,1
25,19,0,0,5,40.0,80.0,1.7375771444601626,2.5375771444601627,15.84969142215935,13.635725677416259,7.489120033663417,6.6369599887788615,7.24969142215935,5.025462866760976,1.2751542889203253,1.5006171556813013,10.101851467043904,11.001234311362603,2013,24,1
25,1,1,1,-9,40.0,0.0,1.8135674118210343,0.9864325881789656,14.501516939937245,10.372865176357932,4.732162940894828,2.7728651763579313,5.172865176357932,3.186432588178966,1.4,2.9728651763579315,15.691460705431725,16.82713482364207,2015,5,1
20,28,1,1,-1,20.0,0.0,0.840770853557453,0.3203854267787265,11.887323108795803,9.440770853557453,6.1630834142298125,4.559229146442547,4.642697987451085,2.5805781401680896,0.7611562803361795,1.6,10.318458292885094,15.937880152717005,2012,6,1
24,30,0,0,0,60.0,0.0,1.6583655822709438,1.0832688354581126,10.942408392231705,10.508172088645281,4.375096746812831,3.3665376709162254,5.383655822709437,3.8918279113547185,1.0,2.258365582270944,11.757978595019619,16.209333050399255,2017,29,1
25,30,1,1,6,60.0,20.0,1.7730597594124913,0.8134701202937544,10.69429084205628,7.669402405875087,5.107760962350035,2.2963426464625956,6.213470120293755,3.7077609623500347,0.959589639118737,1.4942908420562804,8.175111563818806,13.950223127637612,2018,26,1
9,0,1,1,-4,40.0,20.0,1.0,1.5671318159294907,16.74651138052882,9.862945472564075,6.784961355753217,4.017829539823727,9.083565907964745,4.197209104423056,1.0,1.5013954477884721,7.1493022761057645,14.945427214166758,2016,21,1
1,31,0,0,-9,80.0,40.0,2.2,0.6691766113905914,12.992470165828225,13.938353222781183,5.192470165828226,5.130823388609409,6.330823388609409,5.654116943047043,0.7383532227811826,1.007529834171774,11.269176611390591,10.991062061983602,2018,14,1
7,20,1,1,10,20.0,40.0,0.9516337928930092,1.3516337928930091,14.069281724874468,10.130718275125531,4.0274506893395134,3.0339858609115504,4.827450689339513,4.4065351715720364,1.1725493106604863,1.0,15.138563449748936,13.688887239590578,2017,4,1
11,16,0,0,3,60.0,60.0,1.8365936270500103,1.6365936270500103,10.057420338125128,15.95299301741243,3.755522914962544,4.609148406762502,5.137226101437538,6.526812745899979,1.1817031864749947,0.8182968135250052,13.253625491799959,5.39338149078761,2017,7,1
16,21,1,1,-11,60.0,20.0,1.1743073612304753,0.6256926387695247,17.26599569599618,10.214610418457129,4.128463193847624,2.9229220836914256,5.922922083691426,4.3173809735352275,1.2972294449219008,1.7743073612304754,11.717380973535228,17.60906930830093,2015,20,1
19,4,1,1,-10,60.0,20.0,1.6106044123290413,1.5787911753419177,20.667444845886983,11.168186763012876,8.168186763012876,5.352280144519315,6.847719855480685,5.3787911753419175,0.6424176493161651,2.7734889691773965,8.79469779383548,13.99469779383548,2017,3,1
18,27,0,0,-5,80.0,20.0,2.0248977157714467,1.2,15.186732868285851,8.46846871837148,5.4746931473143405,3.018673286828585,7.274693147314341,3.5937755710571384,0.9937755710571383,2.793775571057138,6.468468718371479,17.893366434142926,2016,8,1
6,31,1,1,5,20.0,20.0,1.0998607326971699,0.949930366348585,12.19916439618302,9.250905237468395,3.349373297137264,2.8002785346056602,4.49958219809151,2.90013926730283,1.0,1.60027853460566,11.350765970165567,13.849791099045754,2019,9,1
32,10,0,0,2,20.0,40.0,1.2260172480261264,1.0520344960522527,14.601603295399093,14.087793023686483,4.539827519738736,4.0520344960522525,5.617879263817115,5.173982751973874,1.6260172480261266,0.730086240130632,11.016275968418022,12.538224224339643,2014,19,1
26,28,1,1,-8,80.0,20.0,2.393389443256782,1.406610556743218,12.250420824425866,8.938431525699368,4.538431525699369,3.393389443256782,5.228515690584541,3.5516526391858045,0.6417368040709774,2.6,10.896694721628391,16.483473608141956,2016,6,1
26,6,1,1,-3,0.0,59.50826167082397,0.6196695331670412,1.5901652334164795,9.644256449625843,9.839339066334084,3.009834766583521,3.019669533167041,3.790165233416479,2.8147521498752806,1.4295042997505618,0.8049173832917603,15.049173832917603,12.185247850124718,2018,21,1
10,16,0,0,4,20.0,40.0,0.9955752896942005,1.0132741309173983,11.7955752896942,10.057521233975393,2.6221235515289973,4.2,4.213274130917399,5.977876448471003,2.391150579388401,0.6176988412231977,12.786725869082602,9.2044247103058,2018,3,1
30,7,2,2,-7,0.0,0.0,0.7352779561700917,0.7941661314897247,12.046670948082202,8.576664525958899,3.4116677370205504,3.1824983944691745,4.470555912340183,4.417501605530826,1.658888175319633,2.2705559123401833,13.300274745108439,18.141111824680365,2014,25,1
29,10,2,2,0,60.0,40.0,1.4045427238381336,1.3909145523237325,14.979497667167339,11.084100466566532,7.88631175292454,5.920442257271602,6.245427238381337,5.502271361919067,0.9022713619190669,1.2977286380809332,9.847758675861462,12.754572761618665,2014,8,1
15,4,1,1,-9,80.0,0.0,2.429592582192207,1.1540814835615585,12.905103680822855,10.232651868492468,5.7836740657537655,4.262244450684676,6.540814835615587,4.5244889013693514,0.7081629671231173,2.3540814835615587,8.583674065753765,16.026533295891944,2017,5,1
32,7,1,1,-4,40.0,40.0,1.2,1.2733181506426021,11.0,11.326681849357398,3.209977225963903,4.083295376606506,4.443386472750893,5.313227054498214,0.9366590753213011,1.009977225963903,12.85986335578342,12.926681849357399,2016,28,1
14,18,0,0,1,60.0,60.0,2.4675416238260492,1.7757362110725523,14.31081945872465,12.464916752347902,5.7134443302027975,5.086555669797202,5.886555669797202,4.135083247652098,1.4,1.3540972936232518,10.340332990608392,16.18623569698514,2016,7,1
30,23,0,0,-2,60.0,20.0,1.5094506665126664,0.9452746667436669,11.351210664202661,10.237802666050666,4.692527999306999,3.5830773327943324,4.673626666281666,6.237802666050666,0.6,1.8547253332563332,14.109450666512666,13.962197333949335,2017,21,1
1,21,0,0,4,40.0,0.0,1.202300399873831,0.20115019993691557,11.599424900031542,9.202875499842289,4.601725299905373,2.2,4.796549400189253,3.8011501999369153,1.3988498000630845,2.1976996001261693,10.20747629958995,15.598274700094626,2014,22,1
30,32,1,1,-7,71.47637395528054,0.0,2.2,0.31476373955280545,17.347637395528054,10.081890083577557,5.6919286141864704,3.2852362604471947,6.940945041788778,5.6,1.1147637395528054,1.9671263440247513,10.826181302235973,18.35432974926733,2016,20,1
14,17,2,2,7,40.0,100.0,0.8513870243296755,2.8583355708043894,13.379154360575859,14.355561522145038,4.3027740486593515,6.006948546474714,5.3930514535252865,4.78055480973187,1.0,1.0194451902681299,12.53611633187691,11.890277404865936,2016,11,1
14,27,0,0,-8,80.0,0.0,3.003651414569997,0.6981742927150015,15.82542193509834,11.014467691388349,6.967275235761666,3.567275235761666,6.465449528476668,3.2508438701966798,0.5345504715233323,1.563623821191669,7.465449528476668,17.818257072849985,2017,27,1
29,30,0,0,-4,0.0,20.0,0.8410380902500142,1.1179238194999717,10.143390555999774,14.40519045125007,2.6,4.169342812250127,3.6462285415000846,5.441038090250014,2.158961909749986,1.758961909749986,14.630657187749872,15.21508583399966,2015,21,1
15,6,1,1,3,60.0,60.0,2.5387364451562977,2.032418670937786,17.63956624500153,11.167581329062214,6.571155116094084,4.9837906645311065,7.44862800640668,4.264837341875573,1.0450542193748091,1.3837906645311069,11.364007542030343,14.090108438749617,2015,14,1
30,33,1,1,-8,80.0,0.0,2.067538232326744,0.4883078451155042,18.2,8.914306851864728,7.903848063943802,3.3766156902310085,6.909077457904265,4.9818450841914705,0.9792303872112396,1.4207696127887603,10.753231380462017,19.78184508419147,2014,20,1
18,6,1,1,-4,80.0,20.0,2.934095163507326,0.6988572547390113,15.4,8.647143136847529,7.919904444906134,2.748285882108517,5.832952418246337,3.4494286273695054,1.1505713726304942,1.4,8.880095555093865,14.51533346386218,2018,28,1
24,30,1,1,6,40.0,20.0,1.2721997208298852,0.7360998604149427,13.38589734788391,7.497098464564369,4.024898743734483,2.216599162489656,6.272199720829885,3.8165991624896556,1.0639001395850574,1.7360998604149427,11.191700418755172,13.486302372945977,2019,28,1
30,20,1,1,3,60.0,40.0,1.4690977571437729,1.3927067285686812,9.952782057150184,10.676391028575091,3.738195514287546,3.807293271431319,3.6291730857252755,4.621879814293957,1.723608971424908,1.5236089714249084,13.992706728568681,16.672556071405676,2020,22,1
29,11,0,0,-3,40.0,20.0,1.054651905399642,1.2,12.054651905399641,9.2,3.5093038107992838,3.290696189200716,6.744177135204298,4.254651905399642,1.3639557161989255,1.6,10.566297634991045,18.655822864795702,2014,5,1
1,29,1,1,5,19.017271245008207,20.0,0.40982728754991793,0.6098272875499179,14.042763399201313,11.639309150199672,4.50172712450082,3.0,6.009827287549918,5.409827287549918,1.2196545750998358,1.4,11.219654575099835,15.147409313248769,2013,27,1
7,20,0,0,7,20.0,40.0,0.8302115783561801,1.16978842164382,14.17703790301348,9.66042315671236,3.6187305298629195,2.5021157835618006,4.53957684328764,4.13232736191798,1.5510578917809001,0.9395768432876399,15.686403167944938,11.91661474630112,2014,2,1
14,23,0,0,-3,60.0,0.0,1.9135330397914796,0.6864669602085204,15.562396477497757,9.8,7.070660795829593,3.4811982387488776,6.8,4.259400880625561,1.1135330397914796,1.832334801042602,9.972933920417042,16.285744487923775,2014,26,1
7,28,2,2,1,40.0,20.0,0.8338304478994407,0.2563840798324011,10.769152239497203,11.8,2.8902145277318416,3.4902145277318417,4.988723184033519,5.098508656301679,1.5887231840335199,0.6563840798324012,12.529356416804475,18.670643583195524,2013,28,1
28,26,0,0,-3,20.0,0.0,0.8321090732295511,0.8,13.943127414163591,11.523400097237468,5.7160545366147755,4.540818049221633,6.2839454633852245,5.6,1.7357818535408978,1.9160545366147756,12.019727316926122,14.728436292918206,2012,26,1
7,17,0,0,5,20.0,20.0,1.0168844314015486,1.0,13.621641516262537,12.949346705795353,3.927705189532817,4.221641516262537,4.927705189532817,3.944589620934366,1.4554103790656343,1.4168844314015487,11.120334927853245,14.421641516262538,2021,25,1
28,33,1,1,-5,60.0,40.0,1.479518879592559,1.4819244816297645,15.930103528556264,13.404811204074411,5.510858712258618,5.433745434703265,4.4409622408148826,6.843367842852088,0.9590377591851177,1.520481120407441,11.913264314295825,16.11085871225862,2013,6,1
30,7,2,2,-10,0.0,0.0,0.854843040469734,0.43547087859079797,12.612825271544787,8.129058242818404,3.854843040469734,2.490313919060532,4.87421520234867,4.506412635772394,1.5096860809394679,2.180627838121064,12.419372161878936,18.5645291214092,2015,29,1
0,18,0,0,2,60.0,60.0,1.4224312928562404,1.7871821183678627,15.774364236735726,12.587182118367862,5.4192268224482065,4.0032044704080345,6.574364236735725,5.193591059183931,0.21922682244820613,1.3903865887758968,10.24486258571248,15.070498348976756,2014,11,1
3,31,1,1,-9,80.0,40.0,2.1181331987369916,0.8456004037890258,14.018668012630085,12.735731583580888,5.4,4.954399596210974,5.82693239115894,5.345065589895931,0.5181331987369914,0.8,9.562663974739827,9.236266397473983,2018,13,1
16,28,0,0,4,20.0,20.0,1.8729190444149613,1.0,12.694099203679135,11.12465792956575,4.357639681471654,4.251738885150789,5.294099203679135,3.6211801592641732,1.7152793629433076,2.2729190444149614,13.967018248094096,14.8,2014,22,1
20,33,0,0,-7,60.0,40.0,1.5540090788217829,1.6459909211782173,13.287745792990084,13.737972763534652,4.308018157643565,4.091981842356435,5.832072630574262,6.0139182906039546,0.3379727635346518,1.9080181576435655,7.719818423564345,16.75612710350496,2014,4,1
31,4,1,1,4,60.0,20.0,1.7147581183899667,1.6,14.501653414364885,11.275444006314716,4.701653414364883,3.9016534143648833,4.868830348855184,5.016411532754851,0.9147581183899667,1.72786282241505,8.698346585635116,17.413104704025084,2018,29,1
16,26,0,0,-4,79.37731834230978,60.0,2.3937731834230975,2.0124536331538043,16.91905138450027,13.775092733692391,5.9688659171154885,4.831134082884511,5.8249072663076085,3.2124536331538045,0.4311340828845114,1.4124536331538045,9.362639100538587,15.537731834230977,2016,2,1
4,32,0,0,-5,20.0,20.0,1.0,1.130333365075177,10.130333365075176,7.626999714323407,2.721333460300708,2.860666730150354,4.008999904774469,1.687666444473761,1.4,1.730333365075177,12.99100009522553,14.737000666578716,2021,21,1
27,23,1,1,1,20.0,0.0,1.2,0.32629473125524777,12.105579031171283,8.979284299916035,5.968126237573469,3.4840631187867346,5.305178925020991,3.9366525812972295,1.294821074979009,2.3788841937657432,12.378484087615451,15.452989568660788,2013,13,1
10,0,0,0,3,40.0,20.0,1.3457432999358547,1.2,13.528716499679275,10.70851340012829,6.565946399486839,3.6914865998717095,5.827128350032073,7.274459799615128,1.3728716499679274,1.3728716499679274,11.918614949903782,13.718614949903783,2019,19,1
11,13,0,0,13,40.0,60.0,0.9160740559850657,1.4732099066915572,11.38037027992533,13.944617458811031,4.158938205278575,4.830345757398049,4.726790093308443,6.051777832044803,0.9892839626766229,0.8946419813383114,11.95533349613441,8.030345757398049,2019,8,1
21,29,1,1,8,40.0,60.0,1.3872773711658886,2.0063613144170556,11.282697087421724,14.597200746928726,5.949109484663555,9.904580283744165,4.6,7.0572518297535005,1.3745547423317772,0.6318065720852784,14.0,8.438167886502335,2013,30,1
31,22,0,0,6,60.0,40.0,1.4,1.6,10.179207165953109,10.622630618843745,3.637105103140624,3.971051031406242,3.2452612376874908,4.25973572198437,1.7773693811562545,1.7628948968593758,13.717633659171884,17.138426493218773,2020,23,1
7,17,1,1,1,80.0,60.0,2.1737246335911222,1.6525507328177558,19.290565106960297,12.741579763315412,6.494898534364488,5.547449267182244,6.141579763315412,4.183927564862145,0.7737246335911222,1.026275366408878,8.610202931271022,10.884695603093466,2017,26,1
4,30,2,2,0,40.0,20.0,1.2,1.0446806294416517,11.846806294416517,12.802125664974865,3.8,3.670209441624775,5.955319370558349,6.465958111675045,1.6212774822333933,1.2446806294416515,15.619151817258528,12.468083776649909,2019,3,1
16,30,1,1,3,40.0,84.58156310711897,1.8916312621423792,2.0916312621423794,17.68368737857621,14.908368737857622,5.2916312621423796,5.633474951430483,5.787659320359294,5.816737475715241,1.2,0.7374468932135687,8.395603203925464,13.13744689321357,2015,1,1
32,17,0,0,5,40.0,60.0,1.4620867087532448,1.6310433543766225,12.10025727692205,12.303306329974042,5.086517403181786,5.12417341750649,6.003563606896092,5.965393038727286,1.6,1.2310433543766224,11.462086708753246,13.358780378779205,2017,8,1
13,16,1,1,-7,40.0,40.0,1.1522047981885997,1.2088191927543992,13.486771210868401,12.522047981885997,4.430156816302602,5.095590403622801,6.513228789131598,4.2125184307938035,1.5610239909429988,0.7522047981885998,13.822758340223793,12.491891165583397,2013,24,1
17,20,1,1,-14,40.0,20.0,1.3757321929788493,0.7252440643262831,17.97573219297885,10.497071228084604,5.700976257305133,3.7475593567371694,6.648535614042302,4.173779678368584,0.9252440643262831,1.874755935673717,10.6,17.529149093546813,2014,2,1
31,9,0,0,15,60.0,40.0,1.8,1.052497951072955,10.836240779828298,9.61998360858364,4.278746926609433,3.90499590214591,4.347502048927045,5.773751024463523,1.0,0.5837428287553426,11.367485657510684,9.92497951072955,2016,4,1
19,35,1,1,-15,60.0,20.0,1.0195157076947512,1.3934947641017494,13.826020943593003,12.476400517933243,3.904083774372006,6.554463348712247,5.226020943593002,4.934947641017496,1.1869895282034992,1.7934947641017496,9.426020943593002,11.827683256438764,2017,22,1
13,31,0,0,-1,20.0,40.0,1.4949825826211758,0.6791521521843132,11.148269469610979,9.320847847815687,3.2791521521843134,2.831660860873725,4.684947747863528,4.352508708689412,1.8,1.4791521521843132,15.69922182169961,15.13667827825255,2014,5,1
9,6,0,0,3,60.0,60.0,2.3399803774248857,1.0,13.969990188712442,10.879960754849773,5.526620880658067,3.5099705661373286,4.846660125808295,4.186640503233181,1.3233300629041476,1.1066797483834097,12.69332025161659,18.24995094356221,2017,5,1
9,17,0,0,1,60.0,40.0,1.3627701672190589,0.9220776254142942,15.596537290976176,14.491773210681,6.647617959852412,5.976621003314354,6.444155250828588,4.684847792633353,0.6813850836095294,1.0,10.522077625414294,10.874459665561881,2014,13,1
3,15,0,0,4,40.0,0.0,1.3926089406050202,0.10369552969748999,10.54065082667239,10.066740232722589,4.022173178184939,2.00739105939498,4.31847764848745,5.24456705453765,1.20739105939498,2.29630447030251,11.163044703025099,14.444346356369879,2015,25,1
28,32,0,0,-2,20.0,0.0,0.8,1.0,11.198847842472142,12.329615086622564,3.3876931023398313,3.4826918110376055,6.848075433112816,4.446923275584958,1.3765383622075211,1.6469232755849579,17.02346163779248,13.705001291302226,2014,21,1
10,34,1,1,4,40.0,20.0,1.4500743168810202,0.9499256831189798,12.475706010369692,9.849479781832859,3.875408742845611,3.05007431688102,6.0500743168810205,4.724591257154389,1.2500743168810202,1.82503715844051,15.099256831189798,12.799405464951837,2018,22,1
30,22,1,1,4,40.0,20.0,1.4,0.8,15.051547770216823,9.337113057445794,6.880417195758881,4.948452229783177,5.428869425542057,4.262886942554206,1.4628869425542057,1.6855652872289713,10.827826436144857,14.857738851084115,2013,19,1
9,32,1,1,-5,100.0,20.0,2.3139388210201073,0.8860611789798926,17.27877642040215,10.395143494281506,6.058183536939677,2.9115105681608595,6.030305894899462,5.11151056816086,0.6860611789798925,1.5442447159195702,9.113938821020106,18.184263622256022,2013,17,1
18,25,0,0,-6,40.0,60.0,1.1197901093198652,1.0802098906801347,18.957796147858588,8.00314836020202,9.316117022417508,3.6807346173804714,9.758320874558922,3.9598950546599325,0.6401049453400673,1.7994752732996633,7.322413742821549,14.157796147858585,2012,16,1
8,31,1,1,3,20.0,60.0,1.6033621813034253,1.7016810906517126,15.816810906517127,14.508405453258563,5.101681090651713,4.996637818696575,7.630259631730827,5.291594546741437,1.4033621813034252,0.7966378186965748,13.203362181303426,14.396637818696574,2018,6,1
18,9,2,2,-10,80.0,20.0,2.064208937075134,0.7871582125849732,18.207373188774596,8.587158212584972,6.5155760867352415,2.225683574830054,8.045898551019677,4.335791062924867,1.0128417874150268,0.6513671496601072,8.412841787415028,13.089892511905187,2019,18,1
24,30,0,0,0,0.0,20.0,0.5672114392342406,0.9672114392342405,10.91639428038288,10.126200186599208,2.7163942803828798,3.218028598085601,3.981971401914399,4.585240037319842,1.8508171588513609,2.1491828411486393,13.719662915788323,15.385240037319841,2016,15,1
15,19,1,1,-12,20.0,20.0,0.6537986808870195,0.7075973617740391,13.477207914677884,8.561396042661059,4.384805276451922,3.8234092337908634,6.315811872016824,3.9462013191129803,1.4772079146778827,1.8,10.58357097951443,15.877207914677882,2019,23,1
6,22,1,1,-2,60.0,20.0,1.4809763597451246,0.4,14.042929079235375,7.397559100637188,5.676094561019501,2.121464539617687,4.16195271949025,4.114141841529252,0.6834172591079366,1.4404881798725624,12.552189122039001,13.202440899362811,2019,5,1
18,17,0,0,0,73.79276082152853,60.0,2.937927608215285,1.7379276082152852,19.869013484986006,11.841447835694295,8.47585521643057,4.675855216430571,7.07585521643057,5.4275656492917115,1.1379276082152852,0.848289567138859,8.434506742493003,10.034506742493003,2018,21,1
17,17,1,1,1,80.0,50.89559701836397,2.4552201490818013,1.7820880596327204,20.161207463305516,17.201484327979962,7.035823880734559,6.110440298163603,8.305987314223714,8.0,0.6552201490818013,1.8552201490818012,8.90895597018364,9.525383582570957,2020,5,1
29,32,1,1,-9,80.0,20.0,2.7930276760551394,1.40232410798162,19.300063356790332,9.588379460091899,6.572110704220558,4.979083028165419,8.553517840367597,4.786055352110279,0.7953517840367598,2.2046482159632403,8.625565187797822,18.372110704220557,2017,4,1
13,33,1,1,2,40.0,40.0,0.8,1.1710212448821764,11.104276928737148,10.31306373464653,3.6,3.7130637346465294,5.730404398030205,4.342042489764353,1.1565318673232645,1.6,13.997148714175234,18.88123369370394,2014,14,1
0,26,1,1,-6,40.0,40.0,1.643002577437326,1.2,15.151527063091924,11.977480669220055,4.572010309749304,4.607506443593315,8.52353737284123,4.627989690250695,1.556997422562674,1.3924935564066847,13.301018042061283,12.81501288718663,2017,21,1
18,14,1,1,-2,20.0,20.0,0.9200611652828765,1.0080244661131506,14.656171262792054,7.879938834717124,3.6,2.808024466113151,6.863889902490822,3.928085631396027,1.6240733983394517,1.7120366991697258,11.512036699169727,14.6,2014,17,1
16,31,0,0,-1,60.0,20.0,1.6,0.9200041096238607,13.439905478651202,8.639987671128418,4.71994246526595,3.0800369866147466,5.440008219247721,4.480016438495443,0.7600123288715823,2.160012328871582,11.160073973229494,12.840008219247721,2018,6,1
19,32,0,0,5,20.0,20.0,1.1499950944511639,1.0,12.091662578709304,9.558322704644189,4.116665031483722,3.4083276101930244,4.691662578709304,3.7416674842581394,1.2333300629674426,1.5499950944511638,12.641657673160466,14.8,2017,25,1
26,7,1,1,0,40.0,20.0,0.8610036227746916,0.9389963772253085,11.701934790055553,9.606952903929011,4.077992754450617,2.477992754450617,4.8,3.4610036227746916,1.5490326049722234,0.8610036227746916,13.393047096070989,12.85405071884568,2019,19,1
31,28,1,1,2,20.0,40.0,1.5160734383135228,1.4559510411243182,13.756563027070342,9.871412493491817,4.520244794378409,3.1678531233729545,5.176195835502727,3.50773072618375,2.116073438313523,1.944048958875682,14.13570624674591,21.93275886257307,2014,15,1
9,13,1,1,-5,60.0,20.0,2.0917913844506897,0.64402980222133,13.752238417770641,8.84776158222936,7.0276125711227095,4.895523164458719,5.08805960444266,3.3358211866720198,1.53582118667202,1.1320894066639902,9.17611920888532,15.62761257112271,2012,24,1
10,10,0,0,2,20.0,40.0,1.2316950602786856,1.439618825348357,16.386058343118872,10.742627771254085,3.6475425904180288,4.271313885627043,5.960381174651642,4.0554663554877,1.8396188253483572,1.2633901205573714,11.647542590418029,9.455466355487701,2019,26,1
7,2,2,2,9,40.0,40.0,1.5038986105484342,1.5688111156125264,13.44678332658121,10.441520841773487,5.319493052742171,4.088304168354697,6.903898610548434,4.638986105484342,1.4961013894515658,1.0883041683546972,11.161013894515657,11.950681937129644,2017,6,1
0,11,3,3,-6,40.0,20.0,2.137041892949095,1.7370418929490952,17.779013964316366,13.91605585726546,8.559293250643666,8.69633514359276,6.4629581070509055,7.169153607480015,1.2,2.2530977502145553,7.956762606621794,16.453097750214557,2012,10,1
6,3,1,1,3,20.0,20.0,0.696818006345011,0.393636012690022,13.812727974619955,10.33249903489756,3.7452270095175164,2.993636012690022,5.53249903489756,3.696818006345011,1.296818006345011,1.4547729904824835,12.547729904824836,16.157954984137472,2014,28,1
17,21,1,1,-8,60.0,0.0,2.7866625932671463,0.8,18.541315410375447,9.208002444039712,7.562655261148009,3.3919975559602875,7.391997555960288,3.2186723694259953,0.8026674813465707,2.5973325186534293,8.424007332119137,13.496029328476546,2016,23,1
11,31,0,0,-1,60.0,0.0,1.6860035656787895,0.6854973257409079,9.283978605927263,9.0,3.057504457098487,2.8854973257409076,3.941989302963632,4.857504457098487,0.5715008914196973,1.5994937600621184,13.114502674259091,15.742495542901514,2017,19,1
18,14,2,2,3,20.0,60.0,1.0004447386194575,2.100222369309729,18.00533686343349,13.106893448601593,6.106003971362678,7.406226340672406,7.203557908955661,5.200889477238915,1.6988881534513562,0.8993328920708137,9.095774983115152,13.097109198973527,2012,27,1
29,15,2,2,13,0.0,40.0,0.6472622937272476,1.5236311468636239,12.756196699635963,10.640057384500139,4.647262293727247,4.981844265681881,6.105475412545505,5.123631146863624,1.981844265681881,1.7708934405908714,13.861959034682156,15.065418028045366,2018,4,1
19,15,1,1,5,40.0,80.0,1.5190140117823585,3.4644369469793874,14.148593658311606,17.55035287628524,8.11232485272052,10.345422935197028,8.231338864502877,4.978521017673538,1.2165490412382547,1.1404929941088207,10.871126106041226,12.621478982326463,2011,27,1
6,14,1,1,13,20.0,40.0,1.0238594733947657,1.5119297366973827,14.43298368623664,10.471578420184297,4.223859473394766,3.9596486834869142,5.552281053210469,5.135789210092149,0.7119297366973828,1.0880702633026171,11.374383944039806,12.98175157431625,2022,12,1
0,29,1,1,-5,80.0,0.0,2.0,1.1941374915484897,17.966779118774774,16.12769572909804,6.815633355870694,3.4117250169030204,6.81758752535453,7.564824949290938,0.20390833896767346,2.4039083389676734,7.8,12.844945898128245,2013,25,1
1,32,2,2,-1,20.0,20.0,1.0652922616487983,1.0652922616487983,10.0,8.8,2.4611690465951934,3.1876303548391856,4.5305845232975965,3.1876303548391856,1.4652922616487984,1.7305845232975967,13.971137494624767,13.63230654121996,2019,25,1
30,20,1,1,2,60.0,40.0,1.4964576713230577,1.3106269860308268,10.171661370584461,10.78583068529223,3.7929153426461153,3.8893730139691733,3.957492055876693,4.868119041907519,1.6141693147077691,1.4141693147077692,13.910626986030826,15.988558216923558,2020,22,1
25,12,1,1,-9,40.0,20.0,1.3472801005130999,0.8175732998289668,13.2309607035917,9.881172797263467,4.0594136013682665,3.4878664991448334,7.3472801005131005,5.224267001710333,1.3472801005130999,2.9121335008551665,8.975732998289667,13.5054397989738,2017,22,1
20,1,1,1,0,7.012538624183615,20.0,0.8701253862418362,0.6103761587255084,14.179247682548983,9.501253862418363,7.859749227516327,5.350626931209181,5.792131566111214,4.361003089934689,1.1896238412744915,2.119498455032655,12.574232232875538,16.379247682548982,2012,3,1
12,7,0,0,1,40.0,40.0,1.2,0.9933593782417267,11.13945305692374,8.712890569890646,3.8398437305496396,3.4597655958244595,4.7328124351654655,3.6597655958244597,1.1867187564834534,0.7867187564834535,11.307031295384174,14.733593782417268,2017,29,1
32,1,2,2,7,80.0,40.0,1.9371372022759834,1.6314313988620084,11.125725595448033,11.752852901706989,5.12142150284498,3.7571569943100416,5.274274404551967,5.658558705120963,0.9528529017069876,1.1842843005689958,12.795695907396945,10.48999010398297,2020,20,1
8,33,1,1,7,40.0,60.0,1.993846552403192,1.5969232762015961,14.635077241922554,11.155692586682234,5.8,3.914461897162873,5.228923794325746,4.676307931441915,1.0350772419225538,0.6793846552403192,11.67938465524032,10.520615344759682,2018,10,1
25,15,0,0,-10,40.0,0.0,1.453086301617224,0.573456849191388,16.989507531401923,9.371604111320568,5.4407410951483275,2.6919746588947326,5.787654793531104,6.0,1.5327157540430603,2.946913698382776,12.93271575404306,16.575309587062208,2017,28,1
10,13,0,0,1,40.0,40.0,1.2,0.8864918303476884,13.383671562698543,10.529638884089298,4.48104901791387,4.421573526870805,6.870163393046232,4.6215735268708045,0.9729836606953768,0.5729836606953768,9.810885624867637,13.664918303476885,2019,28,1
14,27,0,0,-3,80.0,66.21070061725469,2.1515719753098126,1.7515719753098127,17.186321018517642,15.476889166658765,6.558963055552922,5.731605092588202,5.8,4.876889166658765,0.46210700617254685,1.0894649691372655,10.20739108024311,13.488361790133407,2015,2,1
33,27,1,1,2,40.0,0.0,1.7202346796436332,0.7202346796436332,11.600586699109083,10.0,6.401760097327249,4.801173398218166,5.8,2.5601173398218164,1.0,1.6398826601781835,12.48269881590178,14.55659714516732,2013,18,1
19,31,0,0,5,0.0,0.0,0.6800600976979241,0.6,13.479909853453114,9.320090146546885,3.440030048848962,3.19984975575519,3.1203906350365065,5.080060097697924,1.559969951151038,1.920090146546886,11.99909853453114,19.839128583380102,2016,23,1
30,24,0,0,-2,60.0,20.0,1.4669930329036278,0.966503483548186,10.671888526458046,10.067972131614512,4.501468648066326,3.4344756151626976,4.56748258225907,6.067972131614511,0.6,1.833496516451814,14.066993032903628,14.132027868385489,2018,21,1
6,31,0,0,0,20.0,20.0,1.2,1.7163457277324798,14.053605023531839,12.898074366394878,4.51634572773248,4.03269145546496,5.8745185915987195,4.05360502353184,1.0,1.9372592957993597,13.4862964789968,14.537259295799359,2021,5,1
1,27,0,0,-2,20.0,0.0,1.2,0.6545720998174547,14.127139500912726,6.872567401095272,7.781711600730182,2.8,7.29085580036509,3.072860499087273,1.6,2.363716299452364,8.8,18.41843494826582,2012,16,1
34,19,0,0,0,40.0,60.0,1.6,1.730361162379042,14.645753401728818,13.849788341839744,5.341295145297381,6.025902905947605,5.31740970940524,4.08259029059476,1.2825902905947604,1.106475726486901,9.056687384647155,13.645753401728818,2018,13,1
32,17,1,1,10,40.0,20.0,1.2,0.6568550606861556,16.972579757255378,16.092607107592816,6.911558794488203,4.625268915860513,5.149462168278973,7.8862898786276885,0.6379033737907704,1.0,14.069489518616413,8.025268915860513,2016,23,1
28,16,0,0,2,20.0,20.0,1.425515101502524,1.723454695492428,16.519333883472235,12.846909390984855,10.732091434223497,6.348969796994952,8.60863673873107,5.27242449248738,1.774484898497476,1.761727347746214,12.485182043238641,12.12757550751262,2011,24,1
15,28,1,1,-3,60.0,20.0,1.5896057432697055,0.9688172298091166,11.71433682403324,8.358422973078822,3.724731080763534,3.7064516894273494,5.516845946157644,4.789605743269705,0.9688172298091166,2.3480287163485274,12.631182770190883,13.0,2018,3,1
25,18,0,0,15,60.0,0.0,1.5669629317591436,0.8165185341204282,12.209148062337645,10.69911120472257,5.110036857615076,4.4587036646989295,4.849555602361285,5.099111204722569,0.9834814658795719,1.783481465879572,14.710036857615076,14.607370471782783,2015,2,1
0,15,1,1,2,80.0,60.0,2.058187896109817,2.1163757922196336,14.541812103890184,15.814630545537435,6.090939480549084,5.3745636883294505,7.818121038901833,5.283624207780367,0.5418121038901833,1.37456368832945,10.17456368832945,9.614630545537434,2013,15,1
32,27,1,1,4,40.0,40.0,1.2258061752507827,1.1290308762539145,15.91614063946712,10.277409958526619,4.864519721739823,3.664511154514092,6.612907371238257,4.483867927758612,1.0516123505015658,1.0,11.625806175250784,10.529030876253914,2015,10,1
2,10,1,1,4,20.0,40.0,0.8,0.9715478407205433,12.429565339337861,10.942539091411884,4.428452159279456,5.256626023544312,6.856904318558914,4.942817386426485,1.4569043185589134,0.9143652271470288,10.370991250691342,10.68535647783837,2014,15,1
28,31,0,0,0,0.0,40.0,0.9206912332279167,1.5206912332279168,10.2275578018975,9.6758526006325,3.1568894504743747,4.1603456166139585,4.0758526006324995,4.117235067088333,1.881036849841875,1.6413824664558336,17.57071411503271,15.531059731646668,2016,19,1
27,29,1,1,-2,20.0,20.0,0.8678900385085613,0.8036701155256836,11.278900385085612,11.453209576405825,2.8,2.8036701155256836,5.464219922982878,4.8568796919315105,2.3247697304400714,1.2036701155256837,18.003670115525683,13.649539460880144,2015,21,1
29,26,0,0,-7,60.0,20.0,1.9111049317520927,1.2518600909972097,12.370294158275808,13.503775796225586,6.6666295905125565,6.222265477735352,5.511104931752093,4.80744036398884,1.1629650227493025,1.525930045498605,11.05930045498605,8.785119272022321,2012,20,1
11,30,1,1,5,20.0,40.0,0.8480689078308051,1.3359081228922598,9.32818375421548,10.87181624578452,3.2,3.351931092169195,3.848068907830805,4.4,1.616022969276935,1.2160229692769349,13.056367508430961,11.88841344698483,2020,15,1
6,9,0,0,2,20.0,20.0,0.842073337575789,1.0210366687878945,14.157926662424211,9.58933001909105,4.242073337575789,2.8210366687878943,5.473779987272633,3.9893300190910503,1.2631100063636835,1.6631100063636834,12.65274331848474,14.853046611514744,2021,14,1
23,11,0,0,-10,80.0,20.0,2.128555425692242,1.1285554256922417,13.01410968261466,12.533258653230462,5.023740177999715,4.457110851384483,5.628443405537934,5.290481524769253,1.147592376153736,1.3095184752307472,12.719148970615802,14.438073900922989,2018,13,1
13,23,0,0,-11,60.0,20.0,1.3096213380225037,0.6365404460075013,17.563459553992498,10.34421687794749,4.475025798097516,3.0730808920150023,6.109621338022504,4.417297769962493,1.2172977699624936,1.6538382159699951,11.378812417872478,18.71156624410502,2015,20,1
15,29,1,1,5,40.0,40.0,1.32860902928902,1.4572180585780399,13.6615914225915,16.70026320502314,4.81907268619268,5.5286090292890195,5.83324559832562,6.2953634309634,1.21907268619268,1.50953634309634,14.12860902928902,13.18582708786706,2014,13,1
29,28,0,0,-3,20.0,0.0,0.74256892192139,0.8,14.65944862462888,12.015870929432355,5.6712844609606945,3.869266914410425,6.3287155390393055,5.6,1.91486215615722,1.8712844609606951,12.243577695196525,14.370275687685561,2012,26,1
14,4,1,1,-13,80.0,0.0,1.6947194678127775,0.8316831931233359,12.895049579370006,10.505610643744454,6.052475210314997,4.178877871251109,4.968646918433894,4.526402660936113,0.3894389356255547,2.0211221287488907,9.726072549378882,15.504950420629992,2013,12,1
14,27,1,1,7,85.36820956489336,40.0,2.9463179043510666,1.1463179043510663,15.814728382595733,10.731589521755332,6.4199598173297385,4.161046286946801,5.185271617404266,3.663179043510664,0.9315895217553318,1.5073641912978673,11.126358087021327,12.605231434734005,2014,20,1
26,28,1,1,-8,80.0,20.0,2.2653039856244717,1.5346960143755284,11.289779892183539,8.714281974842825,4.314281974842825,3.2653039856244717,4.812237953279532,3.5836740035938823,0.4816299820305896,2.6,10.832651992812236,16.16325996406118,2016,5,1
4,32,2,2,-2,20.0,20.0,1.1879295832018872,1.2,10.012070416798112,8.691366248816985,3.0,4.315507082413211,4.739647916009436,4.206873331230196,1.5879295832018874,1.9879295832018873,16.58273249763397,16.95171833280755,2017,25,1
22,25,1,1,9,20.0,0.0,1.1976825872081172,0.7505793531979708,13.548261940406087,12.694206468020292,5.204634825583765,3.449420646802029,5.649420646802029,4.2494206468020295,1.8494206468020293,1.5482619404060878,11.943627114822322,13.061007710761443,2015,24,1
32,32,1,1,-3,60.0,20.0,1.4,0.695726808067913,14.304273191932088,10.319089360226377,4.2,3.4638178720452752,8.017092767728348,3.959544680113188,0.6319089360226376,1.4319089360226376,11.817092767728347,16.10199659249803,2015,2,1
16,21,1,1,-11,60.0,20.0,1.1743567133184403,0.6256432866815597,17.266637273139725,10.215350699776604,4.128216433407799,2.923070139955321,5.923070139955321,4.317923846502843,1.2974268532737612,1.7743567133184404,11.717923846502844,17.610204406324126,2015,20,1
33,2,0,0,6,40.0,40.0,1.0630567848296533,1.7123144050567822,9.633013151960569,15.34532755701735,3.608384341847004,6.98917035448896,4.9068995823012616,5.443842797471609,1.6,1.4246288101135647,10.8,9.013799164602524,2015,11,1
10,21,1,1,1,20.0,20.0,1.380692204655305,0.9903461023276525,12.628961693017041,11.717941869785047,3.819307795344695,3.2241347441808688,4.848269488361737,4.1951730511638265,1.214480846508521,1.8,7.83861559068939,13.467577283706433,2021,23,1
29,13,1,1,6,20.0,40.0,0.7347583167084427,1.597862524937336,11.867379158354222,10.81496232543865,4.545445692021763,5.549720642147092,5.47165410847955,5.132620841645779,0.8,1.202137475062664,12.275929058604879,13.2566917830409,2014,11,1
10,10,0,0,-1,20.0,40.0,0.6364235831377398,1.1821179156886994,9.310589578443496,5.819860327856716,2.837082997652878,2.3827773302038375,5.182777330203837,2.6192009133415777,1.7271528337245203,2.1814585011735605,12.581458501173561,16.652986838418766,2020,6,1
21,26,2,2,6,20.0,0.0,1.2317588057139832,0.35793970142849585,13.232613132855404,10.937336715713455,4.568241194286017,3.694422090000529,5.69527641714195,4.927035222855933,1.5055779099994706,1.7579397014284959,9.220602985715043,13.441205971430083,2014,8,1
30,22,0,0,9,40.0,40.0,1.2682584448998246,1.3412922244991239,10.444381771402453,13.960393563297021,4.971347991803154,7.458707775500876,4.922190885701227,5.609550669398949,1.1365168897996496,1.526966220400701,12.06348311020035,11.9269662204007,2013,4,1
14,21,1,1,-7,60.0,0.0,2.401443426837489,0.7003608567093722,17.603608567093723,9.498917429871883,8.197834859743766,3.698917429871883,7.101082570128117,3.598556573162511,0.9992782865812556,2.002165140256233,9.097474003034396,13.200721713418744,2014,23,1
10,28,1,1,-1,60.0,0.0,2.0221454203750526,0.6889272898124738,14.466436261125157,10.866436261125157,5.466781869437421,2.8224910286873164,7.22283663699958,4.444636449062369,1.0,2.044290840750105,12.4,16.42283663699958,2017,1,1
28,14,0,0,0,40.0,40.0,0.9123192886910945,1.4630421339267166,12.550722845235622,10.550722845235622,3.5684789330366415,3.631521066963358,5.438403556544528,4.631521066963359,1.8,1.7753614226178112,11.64239466518321,14.336957866073282,2015,14,1
23,12,2,2,8,40.0,20.0,1.2,1.0456909482662597,13.743090517337402,8.737072844798778,6.4232538794735845,4.388781465603662,3.765527586130078,4.0913818965325195,1.0284547413312988,1.2913818965325194,13.737072844798778,14.84487413758535,2013,6,1
4,9,2,2,-5,60.0,20.0,1.7985335664226967,1.2014664335773033,15.397067132845393,11.98680209780427,5.208798601463819,4.00439930073191,5.405132517520562,5.992667832113484,1.7970671328453935,2.0029328671546063,12.586068881015619,13.634461189066625,2017,6,1
20,34,1,1,-5,60.0,20.0,1.5949586324293568,1.18487589728807,14.61512410271193,8.825206837853218,6.95462769186421,5.15462769186421,5.96975179457614,3.0554550432770773,0.7949586324293567,1.5798345297174266,10.235289572994503,18.473965810733915,2012,25,1
10,1,0,0,1,40.0,20.0,1.1202605490775495,1.0601302745387748,14.149674313653064,10.040521098155098,6.230716509963261,3.1705862354244863,6.359478901844901,6.690846784502035,1.1202605490775495,1.609804588191838,11.650325686346937,13.310455960885712,2017,23,1
16,9,1,1,2,60.0,20.0,2.480274529442513,1.520183019628342,19.402287745354272,10.359176411672461,11.081189627584223,5.638993392044119,8.641281137398392,5.6,0.8798169803716581,1.760091509814171,8.517895274274068,12.679816980371658,2012,18,1
33,12,1,1,0,40.0,20.0,1.2,0.9360456484862583,11.744182593945032,10.8,3.1197717575687083,3.2,5.344182593945033,5.472091296972517,1.744182593945033,1.2639543515137417,11.431406569678643,14.833688993991554,2017,24,1
21,33,0,0,5,20.0,60.0,0.9711206364083297,1.4433190453875053,12.412284136654142,8.577587271833407,3.7855603182041646,3.758836499754187,6.070042863837483,5.901077772570846,1.5566809546124947,0.9855603182041648,12.226723818449978,13.410128591512452,2020,27,1
30,4,0,0,0,40.0,40.0,1.4122610008823224,1.0367830026469673,10.224522001764644,11.593869499558838,3.4551745039704507,3.8,4.975477998235355,3.812261000882322,1.0306525022058062,1.0429135030881285,12.2,11.861305004411612,2016,27,1
10,30,0,0,-7,100.0,20.0,2.3030731554044857,0.8969268445955145,15.206146310808972,9.109219466213457,6.1423171114887865,2.1030731554044855,6.651536577702243,4.303073155404485,0.6969268445955146,1.793853689191029,8.690780533786544,20.699292935825987,2015,25,1
13,30,1,1,-7,100.0,20.0,2.4149508173042737,0.6775737740435899,16.827081947086324,7.51029509617436,8.334557355738461,2.6448524519128203,7.459803269217093,3.9850491826957266,0.6925245913478633,1.7850491826957267,8.35514754808718,19.820590192348718,2012,30,1
31,1,2,2,8,80.0,40.0,1.9209635032450283,1.6,11.632291974039774,11.58923600865341,5.67421898052983,3.8634549891832393,5.373654501081677,5.747309002163352,1.0263454989183238,1.2263454989183238,12.841927006490057,10.995182483774858,2019,20,1
8,9,2,2,1,20.0,20.0,0.7817352558130464,1.0908676279065233,13.235845348831539,8.92739711628043,3.254338139532616,2.8,6.218036697672831,3.3273971162804306,1.1636985581402153,2.1091323720934767,11.599771953485877,16.98196330232717,2020,21,1
21,8,1,1,3,40.0,0.0,1.8514586957600039,0.6514586957600038,10.697082608479993,10.594165216959986,5.731036955119951,4.776660867839939,4.948541304239996,4.633954346639959,1.1029173915200077,1.4116695660800305,13.308752174560023,15.26896304488005,2013,17,1
24,30,1,1,-11,80.0,20.0,2.8,1.314901333110385,20.08078933511692,10.025493334448075,7.11059200133769,4.404309331772694,9.025493334448075,4.204309331772694,0.8,2.37019733377923,8.6,19.421184002675382,2016,9,1
10,13,0,0,6,40.0,20.0,1.5232520059624297,0.9924390044718222,11.539512035774578,13.300569019377896,3.315691010434252,4.861626002981215,4.1773170134154665,5.530813001490607,1.461626002981215,1.054065007453037,14.362195022359112,11.845365973169066,2019,7,1
5,33,0,0,-4,60.0,67.42077525969205,2.348415505193841,2.171038762984603,13.428961237015399,11.06153179414765,5.451584494806159,4.171038762984603,4.422623257790762,3.296831010387682,1.3257922474030794,1.1773767422092383,9.828961237015397,13.035299216240032,2019,25,1
14,27,1,1,6,40.0,40.0,0.6024700872527884,1.5950598254944233,11.98517947648327,9.807410261758367,4.192589738241635,3.8,5.402470087252789,4.004940174505577,1.3975299127472114,1.4024700872527884,12.027170959780673,14.656812006814134,2014,23,1
9,1,1,1,-12,60.0,80.0,2.583956323435007,1.8240655148474896,15.848676986757392,14.551868970305021,7.0401091914124825,5.5919781617175035,5.712305735954951,7.311759778892539,0.967912646870014,0.4080218382824965,7.495716102327545,9.416043676564993,2019,27,1
10,9,0,0,-2,60.0,20.0,2.3734062992244898,1.4531874015510204,17.679781102326533,11.612749606204083,5.693625196897958,5.520218897673469,5.505280314734696,5.934062992244897,0.9734062992244897,1.7734062992244897,8.173406299224489,12.145718110081635,2017,10,1
19,33,0,0,-16,60.0,20.0,1.1685298365710426,1.0629403268579147,14.38985442799865,11.420291144002702,4.3898544279986496,5.251761307431659,5.031470163428957,5.0842649182855215,0.9472052451434361,1.3786754085723936,10.326914101140735,12.442649182855213,2019,23,1
12,31,1,1,5,40.0,40.0,1.2491076646483277,1.6491076646483276,11.136830748486247,15.003353562645358,4.385938413134573,4.922769161620819,5.375446167675836,5.971876826269147,1.3122769161620818,1.6,14.312276916162082,16.28080017978587,2015,13,1
17,11,0,0,14,40.0,60.0,1.2549484679169727,1.3296908075018363,13.898969358339455,13.397938716678908,5.2,4.3143300829206455,5.474742339584863,5.364845403750918,0.9098969358339455,0.9098969358339455,10.389072422505508,7.9539178262564265,2019,11,1
24,13,0,0,12,20.0,60.0,0.9079986351451783,2.205332423430119,10.0,13.536010918838574,3.086668941424703,5.286668941424702,5.221329693720476,5.557340612559049,1.1026662117150594,1.1079986351451783,11.437326964010833,11.377320139736723,2015,29,1
21,9,0,0,3,17.46846476163321,0.0,0.4253153523836679,0.8253153523836679,10.0,8.729099580987683,3.2734232380816604,2.5518921143020075,5.898738590465328,3.574684647616332,1.7493692952326643,1.7746846476163323,12.524053942848996,16.298738590465327,2021,8,1
9,27,1,1,-8,20.0,40.0,2.580140372802252,1.6198596271977483,15.259578881593244,8.87663105274596,4.299298135988741,3.2992981359887414,7.980140372802252,3.899298135988741,1.7801403728022518,2.320561491209007,12.279438508790992,14.360280745604504,2016,6,1
33,0,1,1,2,60.0,40.0,1.6,0.9060651122481466,13.118195336744439,9.47475348299753,4.084344185374691,3.0747534829975285,5.3469674438759265,4.378279073126544,1.031311629250618,1.346967443875927,12.819181404754325,14.515655814625308,2014,8,1
13,31,0,0,1,60.0,40.0,2.05536555944701,1.166096678341031,15.23950454562227,9.307311188940206,5.285848951152166,3.8,5.08926888110598,5.042924475576083,1.4339033216589692,1.7446344405529897,11.105129894930721,13.948054370506803,2020,5,1
12,6,1,1,-6,40.0,40.0,1.4,1.0445898028439826,13.310820394312035,10.059889145657259,4.963059868562655,4.089179605687965,5.85223947425062,6.07388026287469,1.6445898028439827,1.2,13.015299342813275,14.119778291314516,2021,26,1
20,17,1,1,13,20.0,60.0,0.6525819926299854,2.035054661753324,10.0,15.579344058960118,3.512363345616691,5.712363345616691,4.540218647013295,6.919562705973411,1.017527330876662,0.8525819926299855,10.245382632273266,8.908292595423193,2016,29,1
17,2,2,2,-4,40.0,75.78675621988667,1.2,2.5050729353920667,15.725880995181866,12.410145870784133,6.525880995181867,4.989337810994334,7.431470248795466,5.2736026865966,1.4421324378011333,1.2314702487954667,12.168529751204533,13.916251442619266,2017,6,1
23,10,1,1,6,60.0,60.0,1.9770334164365173,1.6524400997238207,15.363827231768319,12.918086384115842,4.508133665746069,4.301626733149214,5.632726982458765,5.249186633425393,0.8,0.7016267331492138,11.819713117265055,13.22622004986191,2014,4,1
8,12,0,0,0,20.0,40.0,0.6526240880370082,1.6315602200925206,11.705177012425596,11.873759119629918,4.284184308129529,4.484184308129529,6.54730474831457,5.76843977990748,1.1052481760740163,1.2736879559814958,13.147447075611414,11.368368616259058,2016,11,1
27,32,1,1,-8,80.0,14.66226044830562,2.6263582313813933,0.8,17.17364176861861,9.252716462762788,7.254699261025258,4.0,7.413509582067776,3.2398678134491683,1.0797356268983371,2.4932452089661123,11.413509582067775,17.893245208966114,2014,13,1
34,25,0,0,-7,40.0,40.0,1.373686462974548,0.8789406110763559,12.378897814559943,11.878940611076356,3.33156768512726,4.226313537025452,4.757881222152712,6.1736864629745485,1.373686462974548,1.5473729259490963,11.321059388923645,13.184194759178164,2018,20,1
18,29,0,0,-5,60.0,0.0,1.6568350070635824,1.0294949788092531,12.465454809283278,10.002154950554925,6.635959830474025,5.090639886982683,4.888484936427759,5.8589899576185065,1.172659971745671,2.2589899576185064,12.627340028254329,16.17265997174567,2012,17,1
26,26,0,0,3,60.0,20.0,1.6181934958668718,0.9818065041331282,13.872517074396306,13.58142114052636,4.454580487600616,4.908904066130051,5.109160975201231,5.781678049597538,0.6363869917337436,1.2181934958668719,11.09071057026318,10.50928942973682,2016,15,1
5,12,2,2,3,60.0,40.0,1.3640633782259515,1.6,14.928126756451903,11.595302839514531,4.41561973064429,5.58438026935571,7.604697160485467,5.687492974192388,0.9281267564519032,1.4,12.159366217740484,12.990605679029064,2017,24,1
0,15,0,0,-7,40.0,40.0,1.2475086649847755,1.0475086649847756,11.075086649847755,12.580069319878204,2.990034659939102,4.0,3.62757798486298,4.380069319878205,1.495017329969551,1.0850519899086533,11.90498267003045,10.075086649847755,2019,18,1
29,27,2,2,-3,20.0,20.0,1.5656741128499676,0.8,13.531348225699935,11.994279018808328,5.531348225699935,4.0,6.011441962383344,4.754232150466623,1.5771160752333118,1.6171629435750163,11.668651774300065,15.805720981191673,2013,10,1
21,5,0,0,0,0.0,40.0,0.5809769527094898,1.036195390541898,11.4,7.960103201379857,3.236195390541898,3.6361953905418978,4.382827656748612,4.710436875664817,2.763804609458102,1.163804609458102,16.508586171625694,12.091413828374305,2021,16,1
29,18,1,1,4,80.0,40.0,1.2582459626521683,1.9126310560217474,12.454385093369579,11.112631056021748,4.258245962652168,5.221401242760905,4.091229813260842,4.058245962652168,0.4,1.0873689439782526,11.011582607847767,10.131935402434692,2016,16,1
29,1,3,3,6,70.15444287103931,40.0,1.901544428710393,1.6,11.886100141606462,11.406177714841572,4.8061777148415725,3.895366713868821,5.4,4.52007757323511,1.1969111425792138,1.5938222851584278,13.492277856448034,12.273744711923317,2020,23,1
10,17,2,2,12,40.0,60.0,2.053876495835552,2.1505537851193646,10.963844627984114,16.464952198222846,4.05609163631301,6.6066454214323755,4.503322710716187,7.912183272626021,1.6022151404774583,2.051661355358094,13.68560158689652,9.436155372015884,2018,18,1
10,17,1,1,1,60.0,40.0,1.374149980254502,0.8,14.043549269416584,11.489799763054029,5.012249703817535,4.56734982229052,5.308849624835544,5.070749901272512,0.6775500592364931,1.1224499407635067,8.60135061211043,12.19319984203602,2020,1,1
13,1,2,2,3,40.0,40.0,1.378122102001066,1.1328168469984008,17.595351622985607,9.887511591995736,4.801549459004798,3.8,7.887511591995735,5.156244204002132,1.1781221020010662,1.1328168469984008,8.535915765007996,11.646854714007464,2016,11,1
30,26,0,0,-4,60.0,20.0,1.594073058428124,1.1940730584281238,10.279255704498434,12.22591323035155,5.0733287629265575,5.043694055067178,4.8851826460703105,5.605926941571876,0.8911095876421858,1.702963470785938,12.93259817864532,11.100758006721893,2016,21,1
4,8,2,2,4,20.0,0.0,0.9281533261200469,0.7844599783601406,12.836933477599063,9.871846673879954,4.543693347759906,2.728153326120047,4.74954678207925,3.456306652240094,1.4155400216398595,1.7436933477599064,11.594146565680656,16.722299891800702,2018,24,1
14,16,1,1,9,20.0,80.0,0.9557705108609564,2.2884589782780873,10.672426083399333,11.888458978278088,3.2743606811479418,5.539737615982204,4.9326884674171305,4.621147445695218,2.2371803405739707,0.9185901702869855,11.757705108609564,12.85832778626919,2017,24,1
20,31,1,1,-4,20.0,20.0,1.2327047745170046,1.469180901931982,13.734590450965992,10.603771352897974,4.6,3.301885676448986,4.967295225482996,3.6654095490340093,1.8981143235510136,2.0,13.82516206872106,16.2,2021,15,1
12,32,0,0,-9,40.0,20.0,1.2,1.3653510780089437,19.72178369266965,6.582163073303521,7.3128652293214085,2.7217836926696477,8.191081536651762,2.7128652293214084,1.0871347706785914,2.443567385339296,9.70497169737507,16.748539082714366,2017,5,1
32,21,1,1,4,40.0,20.0,1.4061175355329425,0.8,14.830587677664713,9.4,5.938824644670575,5.12658957360469,4.891763032994137,4.17552985786823,1.4061175355329425,1.9938824644670574,12.442822748730597,13.79576113705416,2013,20,1
2,28,0,0,-2,40.0,40.0,1.103253373080451,1.2,12.6,11.426026984643608,6.270719642275941,6.077226388436843,7.077226388436843,5.303253373080451,1.503253373080451,1.703253373080451,12.490239880758647,13.083733134597745,2012,20,1
14,32,1,1,-5,40.0,40.0,1.1940419987247752,0.6686526670917415,17.101557326532134,7.886526670917416,4.782125996174326,2.862694665816517,8.976167994899102,3.3373053341834833,0.9940419987247753,1.2059580012752247,9.429790006376123,15.588083997449552,2016,11,1
20,5,0,0,-2,60.0,40.0,1.2,1.260152051379756,10.590228077069634,13.689467820170854,4.134961987155061,4.460152051379756,2.715418141294329,5.265038012844939,0.665038012844939,1.4,11.930076025689878,12.910532179829145,2016,4,1
15,32,1,1,-5,40.0,40.0,1.2640838754119603,0.6453053748626798,17.47511400219712,7.653053748626799,4.992251626235881,2.90938925027464,9.256335501647841,3.29061074972536,1.0640838754119604,1.1359161245880396,9.079580622940199,15.728167750823921,2015,12,1
24,10,1,1,10,40.0,80.0,1.72147580356899,2.1738252678563303,6.837591428597439,14.20737901784495,4.652349464287339,8.224155892839262,5.02617473214367,5.085903214275961,1.9906021428506404,0.9476505357126601,13.24295160713798,11.72885482141394,2013,28,1
6,26,1,1,7,20.0,20.0,0.612071581968582,1.3879284180314178,9.806035790984291,10.54567788114138,2.587928418031418,3.9577494631099626,4.206035790984291,5.8973915532670524,1.4,1.9879284180314178,16.47928418031418,15.87928418031418,2018,24,1
14,0,2,2,-5,60.0,20.0,1.7630316331069114,1.690757908276728,16.2336423489811,10.487431890364741,6.4201471924025375,5.109242091723273,7.707579082767278,4.090757908276728,0.9092420917232722,2.255452550339633,8.436968366893089,19.097409944100704,2014,4,1
28,10,1,1,0,40.0,20.0,0.8472100926692928,0.6,11.45836972199212,9.503008239283437,3.6386220387244417,2.730470648685049,4.952789907330708,4.422319258645658,1.2111596293228288,1.4944201853385854,12.427462409401612,17.377680741354343,2015,5,1
10,29,1,1,5,20.0,40.0,0.7853006505339976,1.3853006505339973,9.346993494660024,10.897104553737982,3.2146993494660028,3.45879739786401,3.9616928441260275,4.385300650533998,1.6734967473300126,1.2440980483980075,13.064588290388047,11.864588290388046,2020,16,1
0,17,1,1,1,80.0,80.0,2.0339515810175084,1.9055642291575734,14.127821145787866,13.637661067122558,5.57346739119259,5.803709486105048,6.105564229157573,4.566048418982492,0.8,0.7018547430525244,11.422823122702361,10.392581027789904,2017,6,1
19,14,0,0,4,20.0,40.0,0.807909579422407,1.407909579422407,10.568361682310373,15.72090420577593,3.176271261732779,5.7841808411551865,5.448587733754354,6.536723364620743,1.6881356308663893,1.1039547897112034,12.447457476534442,9.063276635379257,2018,11,1
10,4,0,0,1,40.0,20.0,1.8651987294274854,1.3370031764312862,15.323791741278654,12.330397458854971,8.593394282423684,6.665198729427486,7.006605717576315,6.995596188282457,1.2651987294274853,1.3370031764312862,9.674006352862573,11.417615246870174,2012,28,1
16,27,0,0,8,40.0,40.0,0.7026699804704343,1.7026699804704344,12.205339960940869,10.381796555999127,4.2,3.936893307293912,5.126213385412175,4.444903248705215,1.4,1.4,12.684466536469563,14.018203444000871,2014,25,1
6,6,1,1,4,20.0,80.0,0.5723550094647224,2.3414674858029163,12.769112476338194,12.313822495267639,4.027644990535277,5.3105799621411105,6.744710018929445,5.120307561520695,1.0861775047323612,1.0552899810705552,10.91382249526764,15.941467485802916,2017,22,1
31,31,0,0,-1,20.0,20.0,0.698457127105156,0.8,11.79691425421031,11.849742854517526,3.7969142542103116,4.0,6.300514290964948,3.597942836140208,0.9989714180701039,2.0507714364474223,13.403085745789689,15.950257145482475,2016,14,1
29,12,1,1,-6,40.0,20.0,1.664002981245642,0.846857994641612,12.340573983924836,9.906284010716776,4.081147967849672,2.646857994641612,6.7280059624912845,4.306284010716776,1.1531420053583878,1.893715989283224,10.58285501339597,16.259426016075164,2014,7,1
23,18,0,0,9,60.0,80.0,1.8827108867541784,2.058644556622911,13.672198990393802,14.769848595047701,5.306777216885445,6.421023792720751,5.4827108867541785,4.90373467947493,1.1067772168854457,0.7759336698687325,11.557952414558496,12.672198990393802,2019,22,1
16,20,2,2,-15,60.0,0.0,1.9670419079009498,0.63340838158019,12.76929335530665,8.03385867106133,4.4347592500236095,2.5670419079009497,5.7340838158019,3.36659161841981,0.8,1.2672670526415197,11.56524074997639,15.0659161841981,2016,25,1
18,18,1,1,-13,60.0,20.0,2.0994284702270094,0.7664761567423365,17.764190037650373,8.96990533538028,6.265904626969346,2.601143059545981,8.098285410681028,3.3005715297729905,0.8,1.3352384325766353,6.568762275834299,14.704000708410934,2015,5,1
26,16,0,0,-2,40.0,60.0,1.214668570773417,1.8146685707734171,20.165302867625325,17.319322860746205,6.74866000229304,5.85133999770696,6.5486600022930395,6.704654289972788,1.014668570773417,1.4,7.614668570773417,8.376022849281005,2016,18,1
5,14,0,0,5,20.0,60.0,1.1054391939737438,1.1891216120525123,10.201672342750566,11.987449269301946,3.6217567758949754,4.009206045196922,4.46359798493436,5.220084433144409,1.4108783879474875,0.5472804030131281,12.705439193973744,11.181587909606156,2021,5,1
10,17,1,1,4,40.0,40.0,1.532760905524361,1.332760905524361,14.474108228183306,9.534478188951278,4.196565433146166,2.936195472378195,5.663804527621805,4.72760905524361,1.2,1.932760905524361,10.337912755805112,14.487846495598642,2019,3,1
23,28,1,1,3,20.0,40.0,1.0202952994001488,0.9050738248500373,12.962362395201191,11.339114101799552,3.945664423650335,4.234040276949516,4.694926175149963,5.339114101799553,1.220295299400149,1.0202952994001488,12.454335576349665,10.389852350299925,2017,3,1
9,5,1,1,-4,40.0,20.0,0.8311659102061606,1.062331820412321,12.428475036803299,12.888340897938393,3.6674886530924087,4.275336359175358,5.79215229391705,4.693497730618481,1.1688340897938394,1.844170448969197,11.789686334639825,17.859865861135095,2019,16,1
25,16,1,1,6,20.0,40.0,1.1611340305900106,1.4388659694099892,12.722268061180023,12.85587642826015,4.166804183540064,4.4834020917700315,4.761134030590011,5.9392785200301805,1.7165979082299683,1.3165979082299681,9.60484505170967,10.915772806989585,2021,29,1
8,12,0,0,0,20.0,40.0,0.5658582542412992,1.414645635603248,10.707369923774941,12.741417457587008,3.980503889844547,4.180503889844547,5.809795161051043,5.985354364396753,0.9317165084825982,1.3170708728793503,14.058488330466359,10.761007779689095,2016,11,1
10,17,1,1,1,60.0,60.0,2.6155797927185622,1.7473085122053034,16.84192553661591,12.8,5.815579792718562,4.936542561026517,6.852691487794696,5.147308512205304,0.7053829755893931,1.6682712805132587,9.452691487794697,15.615579792718563,2020,27,1
18,7,1,1,-9,80.0,40.0,1.8881776940514756,0.723504726022061,12.788037808176488,10.270374292191194,4.570514178066183,3.576355388102951,5.888177694051476,4.158831757992647,0.6411682420073537,1.123504726022061,11.376635159852926,13.776355388102951,2016,23,1
28,33,3,3,1,40.0,0.0,1.2895356955181823,0.7776160761204545,13.688080380602273,9.222383923879544,7.443312532843181,5.420928608963635,5.888080380602272,5.2433125328431816,1.3776160761204543,2.110464304481818,12.219473294047726,15.997089370168178,2012,28,1
26,10,0,0,9,40.0,40.0,1.2157996892135916,1.6157996892135917,12.46050077696602,11.838150233089806,6.368400621572817,6.136801243145634,4.784200310786408,6.098651010055827,0.9776494561237854,1.5236995338203876,8.986898290674754,11.755298912247572,2014,23,1
34,22,1,1,0,40.0,0.0,1.8,0.988582628782137,16.32598309077129,9.245669484871451,10.20590468929633,5.2,7.497243659039233,3.1657478863464115,1.5657478863464112,2.354330515128548,13.022834742435727,20.188974636156935,2011,19,1
29,20,1,1,8,40.0,0.0,1.7875321887995872,0.8124678112004128,14.181040772802683,9.71870171680062,5.243894849598143,3.3625965663987616,6.912210300803715,4.106233905600207,1.2,1.6124678112004127,9.837403433601239,13.11870171680062,2013,23,1
26,28,0,0,6,20.0,20.0,1.7366056922949615,0.9746422769179846,12.594276430687753,10.29856910767194,6.333743907638837,5.247853661507908,4.923926830753954,3.9014308923280616,1.9873211384589924,1.438036584623023,12.638036584623023,16.536605692294962,2012,9,1
16,9,1,1,4,60.0,60.0,2.607868708133702,2.3449190430640865,19.38754488039005,10.83934354066851,6.984262583732596,4.776393875598894,7.881969377994471,4.992131291866298,0.8236061244011058,1.1842625837325962,10.310161913871827,13.828192535877356,2015,10,1
28,0,1,1,-3,60.0,20.0,1.4244219828020053,1.073265948406016,16.761705604446124,8.21517370763409,5.566329742030081,3.1174857764260695,6.097687931208021,3.6442198280200535,1.1267340515939839,2.2732659484060163,11.784826292365908,14.35115603439599,2018,2,1
29,4,0,0,8,20.0,60.0,1.1286805830299387,1.709560194343313,12.84187475273055,13.43307863959681,5.471319416970061,6.733842720806381,4.704398056566871,5.5808796113133745,1.1095601943433129,0.8191203886866258,12.339004858582824,10.518356307477054,2012,19,1
21,28,2,2,1,20.0,0.0,0.6528999859776761,0.21322499649441903,9.904174919371638,9.345474961438608,5.147100014022324,4.7074250245390665,3.958699957933028,2.6115999439107043,0.4925749754609332,1.6132249964944192,10.66775003505581,16.33550007011162,2013,6,1
30,0,0,0,-2,40.0,40.0,1.6735375580092997,1.46323122099535,14.1058497679628,12.138161977916301,3.86323122099535,4.032312209953501,5.358774651944201,3.9161561049767504,1.5470751160185996,1.1264624419907001,12.419219475116247,11.441225348055799,2014,4,1
26,2,2,2,0,0.0,40.0,1.0057878469507138,1.2,12.089871267836251,12.878295573934823,3.6956591147869644,4.1942121530492855,3.991318229573929,4.286977344360894,2.1072348086883927,1.0985530382623214,13.550643660818746,10.31881050258982,2019,25,1
28,32,0,0,-2,20.0,0.0,0.8,1.0,10.941347720771335,12.375056284569766,3.2665165744806277,3.558427140949608,7.075281422848824,4.416629143620157,1.3916854281899216,1.616629143620157,17.00831457181008,13.508089433531019,2014,21,1
0,6,0,0,-8,80.0,20.0,2.5703313598075823,0.6593372803848355,12.941716004810443,6.98569232250143,5.230721925387698,2.282378724425609,7.3043668832711015,3.0746982430786844,0.8296686401924178,1.4,10.428615354997138,19.361597593265376,2018,6,1
10,3,2,2,4,40.0,40.0,1.594652049183539,0.8080219262246919,14.672197336022226,9.021391803265844,5.775934221325924,3.8,7.0213918032658444,5.589304098367077,1.3946520491835388,0.8080219262246919,10.159890368876539,13.162564344284771,2016,9,1
1,26,1,1,-4,20.0,0.0,1.2,0.4139525214255818,15.218617221467436,8.3232611321593,8.618617221467439,2.8,7.667451046456973,1.793023739287209,1.5930237392872093,1.6209287821383729,9.009287821383728,16.125572692830236,2012,8,1
20,18,1,1,12,60.0,60.0,1.600987996186882,1.6,16.9891320419443,10.196048015252472,6.989132041944299,4.4,4.198024007626237,4.205927977121291,1.0039519847475278,0.6029639885606457,11.614819942803228,9.80987996186882,2015,19,1
26,26,1,1,1,20.0,0.0,1.2,0.20963764291535222,13.855435356269716,10.845797713354365,4.334927000814931,2.6674635004074654,4.838550571661409,2.88673878623817,1.761449428338591,2.0289129287460566,9.812028144137749,17.436160070439016,2013,8,1
32,8,0,0,5,20.0,40.0,1.3278239875631,1.2556479751262,12.260048286048697,12.866112149242799,3.521760124368999,4.2556479751262,4.9052320870583,5.0721760124369,1.7278239875631,1.2391199378155004,12.645183801009601,13.861711838320302,2017,19,1
21,28,1,1,0,40.0,20.0,1.4264163410959956,1.5207509767120133,15.04901172054416,9.022661457535929,5.056587565752057,3.2,4.373583658904005,4.090579752055952,1.6264163410959958,1.8679182945200221,12.894334635616017,15.426416341095996,2016,19,1
29,20,1,1,8,40.0,0.0,1.7818959422535436,0.8181040577464563,14.217676375351967,9.727156086619685,5.218531740140946,3.345687826760631,6.962936519718107,4.109052028873228,1.2,1.6181040577464563,9.85431217323937,13.127156086619685,2013,23,1
5,11,0,0,0,20.0,40.0,0.8,1.4187152342951004,12.237430468590201,10.88440397142075,4.70311920571585,5.4844039714207495,7.5093576171475505,5.2062384114317,1.5937615885682999,1.0062384114317,11.30935761714755,11.8187152342951,2014,13,1
27,10,1,1,7,0.0,20.0,0.8089227357944638,0.6,12.8,8.071001108667993,6.079923844462456,2.8754624765652244,6.404461367897232,4.084385212359688,2.0,0.8977693160513841,13.2,13.817845471588928,2016,2,1
17,18,0,0,-2,80.0,73.33728515092209,2.599881445472337,2.2001185545276627,16.732661524343246,12.333847069619871,7.799762890944675,5.7336099605645465,6.399762890944675,4.599644336417012,0.7998814454723373,1.1334914060368835,7.599881445472338,11.467219921129093,2020,19,1
2,7,0,0,1,97.20697490487375,100.0,3.08827899619495,2.3441394980974746,16.818953764268937,12.846884015220201,7.544139498097475,4.795511756658838,6.883790752853788,4.916209247146212,0.4558605019025252,0.6279302509512625,9.097255482877273,14.00448824334116,2015,24,1
30,9,1,1,2,100.0,59.40052820254644,2.182015846076393,1.9700264101273222,19.70408451240743,15.522068666331037,11.510079230381965,9.29209507645836,7.411989435949072,5.7880105640509285,0.3940052820254644,0.6059947179745355,10.122068666331037,13.217984153923606,2011,22,1
25,15,1,1,10,40.0,40.0,1.0152420350452853,0.7695159299094292,11.739649707955953,18.16951592990943,6.108547789728287,10.784757964954714,6.060968140181142,7.399382151862903,1.1231719766364763,0.7231719766364764,10.631719766364764,9.123789824773572,2012,23,1
26,28,1,1,-8,80.0,20.0,2.436255389810683,1.3637446101893174,12.571915423580121,9.013446932168694,4.613446932168695,3.436255389810683,5.367830016884718,3.5409361525473293,0.6953192372633533,2.6,10.918127694905342,16.590638474526706,2016,7,1
20,28,1,1,-13,80.0,20.0,2.678887928726231,1.1192586191508207,21.565189665944256,10.075181024480333,8.244077594670486,3.155922405329514,9.155922405329513,3.5614827616983584,0.7596293095754103,2.3174051670278724,8.075181024480333,20.921112071273768,2014,17,1
20,28,1,1,-12,80.0,20.0,2.8653135133350163,1.0693729733299668,19.628416219964652,10.40405945999495,7.0815513533148176,3.730627026670033,8.816237839979802,3.4,0.9959405400050496,2.6,9.449075673355214,19.885610813309768,2014,15,1
1,26,0,0,0,40.0,40.0,1.4,1.2120351815570918,12.720351815570918,13.763894455328725,3.6180527723356377,3.993982409221454,5.054158317006913,5.545841682993086,1.7699120461072706,1.993982409221454,11.449560230536353,11.666193498564004,2014,18,1
18,13,1,1,-14,60.0,20.0,1.7812198568421165,0.8751205726315348,19.169021288420954,10.112680858947302,5.844141861052488,2.500482290526139,10.605616993684443,4.312680858947302,1.1436595705263488,1.7126808589473022,8.075120572631535,12.731461002105185,2015,6,1
4,3,0,0,-3,20.0,20.0,1.0,1.0654795763549747,15.079724660095279,11.251234492614671,4.2,4.738081694580101,7.945204236450252,4.527397881774874,1.1964387290649243,1.6,10.506030256164419,16.701092285705734,2021,13,1
14,14,1,1,-4,20.0,20.0,1.3325002631654854,1.0887500438609141,16.533749868417257,10.533749868417257,5.467499736834514,4.267499736834514,7.333749868417257,5.131250657913713,1.0212503070263996,1.4887500438609143,9.10750114038377,12.466250131582743,2016,5,1
17,9,1,1,-1,60.0,80.0,2.2,1.7054861964979957,17.806545629863475,12.358229294746993,4.874687884240981,4.358229294746994,7.705486196497995,4.331857745622495,1.0681422543775054,0.6,6.56265605787951,8.931857745622496,2017,30,1
10,10,0,0,6,76.45700421105228,60.0,2.587420252663137,1.7645700421105228,8.658280168442092,13.633120673768364,4.55199029477366,4.506289873668432,2.612579747336863,4.989729536784249,1.5291400842210456,0.7771497894473859,12.766879326231635,8.931449368342157,2017,23,1
21,21,0,0,8,20.0,40.0,1.3688488573286026,1.4155755713356988,11.477877856678493,10.538525190445233,3.4458992382190683,3.9385251904452327,4.292625952226164,2.892625952226165,2.077050380890466,1.5541007617809317,15.276222905102438,17.445899238219067,2019,28,1
0,14,1,1,-10,40.0,40.0,1.2971308262111338,1.032376942070378,11.603685204181716,11.973361405507355,3.1885233048445354,4.16188471035189,4.430323798674363,4.0,1.4,0.8323769420703779,12.388523304844536,10.24753884140756,2020,18,1
26,32,0,0,5,40.0,20.0,0.8443086244207815,0.6221543122103907,10.122459907263632,11.8,3.1778456877896093,5.089228438948046,4.577845687789609,4.866462936631172,0.8553857805259768,1.3778456877896093,12.011077156105195,15.977845687789609,2013,18,1
12,16,1,1,-5,60.0,40.0,2.009948816973788,1.8,19.580102366052422,12.623555126446922,7.253401577368283,4.780102366052425,8.283248028289645,4.770153549078637,0.6633503943420709,1.3366496056579291,7.253401577368283,10.532992113158583,2018,17,1
30,17,2,2,3,0.0,70.05650471983145,0.7977398112067418,2.002260188793258,11.61130094396629,14.804520377586517,4.207910660776403,7.416951415949437,5.503955330388202,6.004520377586516,2.0983048584050565,0.4994349528016855,11.395479622413482,7.711865991164606,2015,18,1
30,5,1,1,9,20.0,40.0,0.8764305519597573,1.3350138637183007,11.141416688241456,10.357902695074415,3.0471388960804857,3.9643055195975725,5.482833376482914,4.817847240201214,1.3528611039195144,1.9350138637183005,10.240736071557329,13.22425006472437,2018,25,1
6,6,0,0,-1,37.37809968957436,0.0,1.3475619937914871,0.8262190031042564,10.357314018625537,11.364028972061693,3.878657009312769,3.1475619937914874,5.164028972061693,4.121342990687231,1.2,1.7737809968957436,14.51159096585318,15.540847040355333,2018,28,1
25,13,1,1,4,80.0,80.0,2.057634152016702,3.1423658479832977,14.00114635470564,16.025951189244253,5.257634152016702,5.912975594622127,6.9423658479832975,5.225951189244254,1.0,1.057634152016702,9.968317037227553,9.175195165461384,2017,22,1
32,32,1,1,-3,60.0,20.0,1.4,0.618232235818102,14.381767764181898,10.060774119393674,4.2,3.4121548238787347,8.327071056727592,3.830387059696837,0.6060774119393674,1.4060774119393673,12.12707105672759,15.533703062666083,2015,1,1
26,6,1,1,-4,40.0,0.0,1.0414307826958134,0.2414307826958133,12.462892523133014,9.427620521797209,4.007153913479066,2.2966718262902313,4.903825739769298,3.4138102608986043,0.9585692173041866,1.4828615653916266,12.116640868548844,18.468553738433492,2017,10,1
28,30,0,0,0,60.0,20.0,1.4620946497936878,1.1379053502063121,13.924189299587376,12.683041147730565,4.2620946497936885,4.234662548555814,5.689526751031561,5.172567898762127,0.7379053502063122,1.4758107004126244,10.296757198349503,16.819456809902988,2015,11,1
22,33,0,0,0,60.0,40.0,2.005908031466348,1.2765133857772466,17.317869606041683,12.652881259911855,6.823632125865391,3.8646973228445507,4.735302677155449,6.135302677155449,1.0,1.405908031466348,8.946827716802868,11.458789291378203,2018,1,1
19,32,0,0,-5,20.0,40.0,1.086270060959087,0.7568649695204566,12.054919756163653,5.948970670549956,3.827459878081826,2.015675152397717,6.439244603765935,3.4588101828772606,1.8,1.086270060959087,12.235240731509041,21.631463750338717,2014,8,1
17,6,1,1,-6,80.0,0.0,2.336445811906937,0.9953312821395943,15.401807861952616,10.668222905953469,6.418674871441622,4.058885470232657,7.272891623813874,4.731777094046532,0.7317770940465315,2.1271083761861256,7.44487931665144,14.72243965832572,2017,10,1
6,8,0,0,0,0.0,20.0,0.8363186433924951,1.1636813566075048,12.424047454700812,10.757545762261664,2.9938644056541586,3.278772881130832,6.157545762261663,4.308955930177485,1.8424542377383366,1.4424542377383367,10.539633901906694,16.212271188691684,2019,19,1
29,20,1,1,7,40.0,20.0,1.2604931908165968,0.8,13.683945526532774,11.56235554234275,5.093205740307879,5.409260213775105,5.8463010688755235,5.246301068875524,1.1907397862248952,1.7209863816331936,11.702465954082985,12.483945526532775,2015,21,1
19,14,0,0,-12,60.0,0.0,1.5360441818152057,0.2426372121231963,18.79802551510489,11.557362787876803,6.994946484829636,4.293406969692009,6.2589023030144295,6.45890230301443,0.8426372121231963,2.0,10.380655878833515,15.429451151507214,2017,1,1
24,4,1,1,-2,40.0,20.0,0.8,0.9315690609206072,12.52627624368243,9.92098342644425,4.2,2.8052928172381786,4.936861878158785,3.742154695396964,0.8631381218412144,1.2105856344763568,13.07901657355575,13.984497233302392,2020,18,1
16,31,1,1,0,60.0,20.0,1.2002345096917333,0.6002345096917334,13.598827451541332,8.599882745154133,3.9997654903082664,2.0010552936128,4.400703529075201,4.4002345096917335,0.0005862742293334389,1.4005862742293334,11.200820783921067,16.5978894127744,2016,1,1
31,30,2,2,3,0.0,20.0,1.1421455533673328,1.0192848155442225,13.739654990152998,12.693933514506778,3.751787961139444,3.8,4.580715184455777,5.893933514506776,1.8,2.0,11.983205747670114,11.802490563214334,2014,12,1
6,1,0,0,-2,20.0,20.0,1.0,1.0,15.745218042131162,10.409130326311473,4.277607773647521,5.022825815778683,8.58630451053279,4.2273909789344195,0.9954348368442635,1.6,8.945218042131161,18.531522552663954,2020,12,1
31,30,0,0,0,20.0,20.0,0.6441447764337224,0.9627631842891482,11.932434329301167,11.881381592144574,3.5255263685782965,3.918618407855426,6.318618407855427,3.6069079607228707,0.9627631842891482,1.6303288549879813,12.61651293354224,15.348947262843406,2016,15,1
26,17,0,0,1,20.0,40.0,0.6775479297976444,1.1741506900674519,14.503397239730193,10.74283550858351,3.9292465496627407,4.348301380134904,6.6707534503372585,4.851698619865096,1.2516986198650963,0.7741506900674519,13.038109660944325,11.851698619865097,2016,17,1
22,9,1,1,2,20.0,0.0,0.4,0.7564770968116548,11.044549676520287,8.574091612753381,3.5305687095650358,2.6176145159417263,5.956477096811654,3.904660322318417,1.5823854840582734,1.8435229031883453,12.077725161739856,16.74818322550676,2021,12,1
9,3,1,1,-2,80.0,40.0,2.8597902434079994,1.6536130087893341,19.618531703855997,9.758741460447997,6.039160973631997,3.546386991210666,8.086596747802666,4.919580486815999,0.7195804868159986,1.826806504394667,6.206177234618665,16.41445203515734,2018,19,1
33,0,0,0,3,40.0,40.0,1.0615507907486736,1.6953796837005306,10.055443795593632,13.658417153304775,2.9138609488984084,5.4676577859037145,4.6,4.929208576652388,1.6523101581497348,1.443069525550796,11.636962530395756,9.393893004844958,2015,10,1
28,10,0,0,0,20.0,20.0,0.7457813264383824,0.4242968877397304,13.454218673561616,10.42429688773973,4.1644533160959565,4.018671989657573,4.921484438698652,5.684140459383505,1.0485937754794608,1.2,15.89539025554782,12.418671989657573,2013,15,1
19,24,1,1,2,20.0,0.0,0.7191719356697934,0.795859678348967,13.890189684112563,9.795859678348966,7.1067509707166945,5.15751580700938,5.3492351637073146,2.8766877426791737,0.8766877426791736,1.8383438713395868,9.489108707632273,15.646624514641653,2012,4,1
9,9,0,0,-9,60.0,40.0,1.7962198969379433,1.261626529250591,18.66162652925059,10.723253058501182,7.134593367687352,4.265406632312648,7.38865969081383,4.738373470749409,0.8691867353747045,1.1308132646252955,8.076746941498818,12.069186735374704,2020,19,1
12,18,0,0,-11,40.0,0.0,1.867037354225434,0.8,16.066481322887284,8.197219843309245,6.26370116619653,3.863145134858378,6.8642571975346796,2.6614770408439257,1.6675933855635847,1.9988879373236983,10.866481322887283,18.666481322887286,2013,3,1
27,29,1,1,-5,40.0,20.0,1.3152924348352448,1.3615691883882517,11.246276753553007,10.676861623223497,3.491754609011469,3.6611697393409797,5.515292434835245,3.1921540580587413,1.8384308116117483,1.1152924348352449,10.854122695494265,15.284707565164755,2015,29,1
30,24,1,1,2,40.0,40.0,1.6,0.8475429730446769,10.857371080865969,9.142628919134031,4.847542973044677,3.4754297304467685,4.465601622625476,2.5426289191340303,1.7524570269553232,1.4377148652233842,11.504914053910646,16.5819413504192,2016,29,1
7,12,1,1,-14,60.0,20.0,1.6404372702282732,0.7213118106848193,18.43169186566281,9.127870864108916,6.316939108402088,3.6808745404565464,7.155190027488995,2.9683081343371893,1.1617490809130924,1.2021863511413655,9.56830813433719,14.07868818931518,2018,8,1
27,30,0,0,-5,0.0,20.0,0.3484666518503464,0.8613499888877598,11.928833370374134,10.92638322591501,3.164416685187067,3.1226999777755196,4.641716707411547,4.045399955551039,1.635583314812933,1.3484666518503463,13.645399955551039,14.506749944438798,2016,15,1
10,0,1,1,2,60.0,60.0,2.254267372940017,1.1635668432350044,13.27286631352999,11.526368962055056,5.272101589115039,4.853502648525065,5.908534745880035,2.709299470294987,1.5271336864700087,1.7635668432350045,13.672101589115039,15.418598940589973,2015,19,1
21,33,0,0,5,40.0,0.0,0.6721254332223651,0.4480836221482434,12.392334488592972,9.375958188925878,5.840418110741217,5.072125433222365,8.287456456036418,3.464459921815339,2.1038327557035132,1.4961672442964866,8.552961654704799,19.039372833888173,2012,24,1
11,23,1,1,0,60.0,20.0,1.18220436081566,0.8911021804078301,11.993628046541607,8.32881744326264,3.997876015513869,3.219919623670471,4.671182556737359,3.1288174432626406,0.8733065412234902,1.7822043608156601,9.98220436081566,13.05338691755302,2018,23,1
28,10,0,0,0,20.0,20.0,0.5988482679003757,0.40115173209962435,13.59769653580075,10.40230346419925,3.793089607402254,3.7953930716015027,4.803455196298873,6.0,1.0023034641992485,1.1953930716015027,16.56775150121052,12.198848267900376,2014,15,1
21,33,0,0,-6,60.0,40.0,1.535082834019946,1.6649171659800541,13.817680647441515,13.794751497940162,4.270165668039892,4.129834331960108,5.680662672159568,6.184254493820486,0.3947514979401622,1.870165668039892,8.098343319601081,16.491159676279242,2014,3,1
14,32,0,0,-8,80.0,20.0,2.7602461581543225,0.7267076930257205,20.38756924656585,10.966461534871398,9.614892334977377,5.080738474462968,9.039753841845677,6.073292306974279,0.6534153860514409,1.9602461581543225,6.726707693025721,13.421107711694452,2014,8,1
26,30,1,1,-6,60.0,20.0,2.083061846712596,0.8377036149655532,16.894543771884827,8.196172691609256,8.569951001815935,3.750814459862213,6.0,2.5169381532874047,0.9207654616781489,1.3584690766437022,8.750814459862212,15.822394381402574,2012,22,1
2,27,0,0,0,40.0,40.0,1.4,0.9045327933101379,14.93087870394433,9.400850849226634,3.782719675986083,2.6872524692962205,6.521813117324055,4.217280324013918,2.0518409720417523,1.2436262346481102,13.971952390912538,13.660906558662028,2020,16,1
29,13,1,1,6,20.0,40.0,0.7554232405081382,1.5668651392377926,11.87771162025407,11.031944025335452,4.721097544319175,5.78736726584359,5.543981341778484,5.122288379745931,0.8,1.2331348607622075,12.4102510633029,13.112037316443033,2014,11,1
12,15,1,1,-7,60.0,0.0,2.9102612754754937,0.6897387245245061,20.25391913213241,10.302612754754938,7.6,3.6205225509509877,8.392351479279444,2.5384323471470367,0.9102612754754938,2.2692161735735183,6.96660341881858,12.958954898098025,2018,19,1
28,9,1,1,5,40.0,40.0,1.2,0.7900353046994619,11.114947042950806,10.207650044972715,4.237544130874327,4.435229480546504,4.095017652349731,4.342526478524596,1.5624558691256727,1.3425264785245965,13.37242056442621,15.10498234765027,2014,11,1
11,12,0,0,1,60.0,60.0,2.4267482083706597,1.2239510749776041,12.483041758505035,13.442307883169097,5.48024462511198,4.349300716651736,5.0,5.471853224932812,1.325349641674132,0.8,13.149300716651735,14.025174200537503,2016,7,1
3,16,1,1,4,20.0,80.0,0.8909078509052606,1.9545460745473697,11.427283267305285,12.018184298189478,3.7545460745473695,4.4,6.518191118210546,5.872737192757915,1.4727235527157818,0.6909078509052606,11.572716732694715,14.736375416400024,2016,18,1
32,10,1,1,-7,60.0,20.0,1.9707216304926225,0.7853608152463113,10.156082445738933,9.131752662783198,4.014639184753689,3.7707216304926225,4.356082445738934,4.741443260985245,1.058556739014755,1.941443260985245,12.804948586551642,13.10247429327582,2020,27,1
12,30,1,1,5,40.0,80.0,1.5586205626474487,2.3620691560288267,11.720686035452292,13.67241309456097,3.7517233758846933,5.155171969266071,5.596551406618622,4.793102813237244,1.2,0.6,10.575863529554338,12.034482250589795,2018,8,1
2,31,1,1,-2,60.0,20.0,1.8009276791330098,0.934570238844013,16.60649375393107,9.203710716532038,6.133642559711003,3.069140477688026,8.811132149596116,4.733642559711003,1.0682127985550163,1.1327148805779934,13.066357440288996,14.20278303739903,2019,2,1
26,28,0,0,4,40.0,20.0,1.1716942076057686,0.7238980692019229,13.545247868451918,10.189325100375003,6.669145937653841,4.7044077231923085,5.962878761221152,4.552203861596154,1.2955922768076917,1.152203861596154,9.150344408355775,16.991184553615383,2013,19,1
27,32,0,0,0,40.0,20.0,1.5073011912398855,0.9073011912398855,13.56571072115897,9.83428927884103,4.429204764959542,3.019686896361259,4.8,4.619686896361259,1.014602382479771,1.5073011912398855,9.502216677358398,20.15619285256069,2015,6,1
28,13,0,0,2,20.0,20.0,1.6480856879283081,1.0557429362150759,14.071057432788612,11.511485872430152,8.395100276752766,5.903828624143384,6.93935734053769,4.15957156035846,1.5519143120716918,1.427871468107538,11.483614404322614,13.24042843964154,2011,21,1
8,12,0,0,2,60.0,20.0,1.3093330803425398,0.8546665401712699,13.32799924102762,12.318000189743096,4.510665022226509,4.291998861541429,5.536666350428175,4.218666160685079,1.8906669196574601,1.427333270085635,12.718000189743096,12.481999810256905,2018,11,1
24,29,1,1,4,40.0,40.0,1.0,0.9923672859455128,14.187776211626602,12.476327140544873,4.119081785136218,5.296183642972757,6.407632714054487,4.719081785136218,1.2885509289182693,1.4,13.415265428108976,13.738938287564102,2013,18,1
23,23,0,0,-4,60.0,0.0,1.8166544978962151,0.40832724894810757,14.520818122370269,9.86661799158486,5.295836375525947,2.008327248948108,5.704163624474053,2.8499634936886458,1.479181877629731,1.8249817468443228,11.249963493688647,16.34170925736325,2016,2,1
11,26,1,1,4,20.0,40.0,1.1897431736774258,0.6205136526451486,18.74870775509693,10.805128413161288,4.953844281548416,3.0102568263225744,7.89230332361297,4.205128413161288,1.6,0.8102568263225743,9.487183023741881,13.353844281548415,2016,16,1
0,25,0,0,-3,40.0,40.0,1.5364991310504625,0.8047486965756938,15.087244351828007,8.955493917353238,4.14599652420185,3.1554939173532377,7.901490441555088,4.263500868949538,2.1905026068486126,1.0,16.24450608264676,13.6,2019,19,1
6,28,0,0,7,20.0,20.0,0.580195618785857,0.8760391237571714,12.056234742543028,9.963569638671114,4.171882628728486,2.8479217524856573,4.3041564950286855,3.5437652574569714,0.7520782475143428,1.4,12.287530514913943,13.1322738663002,2016,12,1
1,28,0,0,3,20.0,20.0,1.0,0.8,12.56070633146186,13.330830415748515,6.278587337076281,6.804708876412398,7.280941775282479,5.884473432591778,1.2404708876412398,0.8392936685381402,10.954820235946361,12.516703786511322,2012,6,1
16,26,0,0,4,20.0,20.0,1.5358621046181342,1.1160344738454664,13.728275790763732,11.283965526154534,4.632068947690933,4.2839655261545335,6.908448159991064,5.340517107681997,1.3358621046181343,2.4,10.138793415408674,12.13120710155427,2016,20,1
22,19,0,0,1,40.0,80.0,1.4134410186907513,2.213441018690751,14.534410186907513,14.374733242979769,4.786558981309248,6.107528149526011,6.587366621489884,3.6403230560722544,0.8134410186907514,0.4932794906546243,9.318546247674856,8.706720509345375,2017,24,1
17,30,0,0,-4,60.0,0.0,1.678418981441311,0.9647430556760668,11.8826875010846,9.851067129910822,6.1179444454085345,4.745296296939022,4.694229167028201,5.729486111352133,1.0863240742347555,2.1294861113521337,12.713675925765244,16.086324074234756,2013,18,1
27,32,0,0,-2,0.0,20.0,0.7059533046168514,1.1059533046168513,10.847023347691575,12.554182830794897,2.6470233476915745,3.564883261542128,3.6351167384578718,5.07083656615898,2.0589299569252772,1.941070043074723,14.482743175392683,15.87083656615898,2015,18,1
19,10,0,0,1,40.0,0.0,1.8503885909728748,0.6,19.916871648444843,9.624417113540687,10.54128876198553,4.8519429548643735,8.126748659377938,5.525194295486437,1.1625971477432187,1.4748057045135625,8.998445636108501,11.886237079338157,2013,4,1
33,24,1,1,-2,40.0,0.0,1.543624615245299,0.5436246152452988,12.954369228679484,11.005372306717092,6.872492304905977,5.497993843924782,6.374498460981195,4.554369228679484,1.5744984609811956,1.6563753847547011,12.390615381132474,15.753009234112827,2013,10,1
32,27,0,0,-1,40.0,20.0,1.0266857824270392,1.0,17.075466348673817,9.955523695954934,2.506743129708157,3.5288379135278953,4.226685782427039,4.364418956763948,1.582209478381974,1.408895260809013,11.564418956763948,16.160114694562235,2016,4,1
0,10,1,1,-6,60.0,60.0,1.8182325826763617,1.4072930330705447,18.963534834647277,10.051051231493812,6.589060450394182,4.807293033070544,11.905190570082919,3.0401116818879954,1.189060450394183,1.8,13.130716185829826,15.407293033070545,2019,27,1
34,16,0,0,0,40.0,60.0,1.4433776114531631,2.2783111942734187,13.647599625769617,15.278311194273417,4.969288431496199,7.043377611453163,5.278311194273418,4.474089179956964,1.4,1.4391555971367092,8.313244777093674,13.274089179956965,2019,14,1
0,19,0,0,3,60.0,60.0,1.410588024969399,1.7984874250043716,15.845377249868854,12.615125749956285,5.421176049938798,4.003025149991257,6.6015125749956285,5.1954622750131145,0.2060502999825137,1.4,10.193949700017486,14.969748500087432,2014,12,1
0,14,1,1,1,87.05050571690794,87.05050571690794,2.5525252858453973,3.047474714154603,19.766868513603935,13.953939313971048,7.470505057169079,6.0244443711401265,7.3179797713236825,4.611515171507238,0.6589898856618412,0.9884848284927618,8.952525285845397,10.444646657903302,2016,23,1
1,18,0,0,5,40.0,60.0,1.338818329369992,1.5796061097899974,14.13094052516994,11.963151121680022,5.196061097899975,5.396061097899974,6.955273317479969,3.6815755608400105,0.6611816706300079,1.0203938902100027,11.844726682520031,12.114485537059963,2021,29,1
15,29,2,2,-7,100.0,20.0,2.5026070813694803,0.5460893779457796,17.57216019164058,6.984357511783118,9.123463732325323,2.9078212441084412,7.81042832547792,3.8973929186305196,0.6486964593152599,1.6973929186305199,8.09217875589156,18.768715023566237,2012,30,1
28,11,1,1,3,40.0,20.0,0.9854069089592613,0.6,11.043779273122215,6.877268729774034,6.67895199710375,3.6978483627148293,4.814593091040739,3.3167447283259097,0.6583723641629546,1.7708138179185227,16.020579632940795,18.483255271674093,2013,2,1
30,17,2,2,4,78.79465219420878,80.0,1.739732609710439,3.3035721755367025,13.33973260971044,17.315625653594612,4.987946521942088,6.551786087768351,7.139732609710439,6.575893043884175,1.0120534780579122,0.7758930438841757,11.732588258637033,7.344641736694946,2020,18,1
15,4,2,2,-8,40.0,40.0,1.0131127946388971,1.586887205361103,17.38357912494456,10.039338383916691,4.186887205361103,3.9868872053611026,6.918015151750074,3.49178956247228,0.8131127946388972,1.7737744107222058,10.003308080416542,15.259067339388675,2020,5,1
31,28,1,1,2,80.0,0.0,2.0,0.5406490748958538,11.015456475729023,9.261358810677441,6.863833788489389,3.7471398238543916,5.945131938281097,3.903245374479269,0.7296754625520732,1.670324537447927,8.843894449375123,13.340649074895854,2012,3,1
34,25,1,1,-10,40.0,20.0,1.5391475029304702,1.1797158343101566,11.628809136385142,8.741989159828902,2.759431668620313,2.881136662759373,3.8405683313796866,4.4,1.6,0.8608524970695299,13.576874177411725,13.483978319657805,2018,1,1
7,32,2,2,3,40.0,0.0,1.5886974073490605,0.5028256481627349,13.514128240813674,10.097174351837264,4.771743518372651,3.99434870367453,5.685871759186326,4.0689178702099165,1.7886974073490607,2.4915230555117955,11.080220462860856,15.891523055511795,2017,24,1
30,11,1,1,5,40.0,40.0,1.4054212541764064,0.8054212541764063,11.964908448985117,9.913553135441017,4.102710627088204,3.3027106270882034,4.66761907607332,4.354065940632305,1.8,1.0972893729117967,13.543223432279493,15.302710627088203,2015,9,1
15,9,1,1,-7,80.0,0.0,2.315127098038077,0.8278983215695382,19.319838847051308,11.255796643139076,7.202355874506616,3.513949160784769,7.344203356860923,4.713949160784769,0.48605083921523085,1.8278983215695384,6.397644125493384,13.8,2016,21,1
9,12,0,0,-7,60.0,40.0,2.0156260210442283,1.5541680280589707,18.95416802805897,11.308336056117941,7.0614579929852574,4.338542007014743,8.046878063132684,4.445831971941029,0.7229159859705147,1.2770840140294852,7.491663943882059,11.922915985970516,2019,18,1
16,27,0,0,4,20.0,20.0,1.8424207182661307,1.0393948204334673,13.11515856346774,11.360605179566534,4.4787896408669345,4.360605179566533,5.912132665635076,4.19092230650201,1.6424207182661308,2.4,12.821181284828643,13.893919130030252,2014,21,1
10,1,1,1,-5,40.0,20.0,1.0,1.6156645106701018,16.382516169974238,9.474683914639185,6.9548257873453565,4.139161276675255,9.107832255335051,3.906012935979389,1.0,1.6469935320103055,7.076503233994847,16.207277277422648,2015,21,1
29,18,1,1,13,40.0,60.0,1.4132153805063978,2.4754769203375986,14.075476920337598,22.25286152202559,4.124523079662402,7.0,5.288692300843996,8.8,0.8754769203375985,0.9113076991560036,12.760353858480807,7.8094000178056096,2019,25,1
23,29,0,0,7,20.0,0.0,1.0,0.6441335133243674,13.789666216689081,10.407535403230224,6.223465946702531,3.4,5.677933243337816,3.732400539973102,1.6441335133243673,1.2441335133243672,9.997201619919306,15.48073162341851,2014,19,1
14,28,1,1,5,40.0,40.0,0.6567698651553613,1.4864602696892775,11.659380809067832,9.970309595466084,4.029690404533916,3.8,5.456769865155361,4.113539730310722,1.3432301348446387,1.4567698651553613,12.624468516708975,15.905706898573309,2014,21,1
18,9,1,1,2,80.0,85.45248001467067,2.4,2.8,15.672396802347308,15.126921602494015,5.6,5.0,7.199772801613774,3.999772801613774,0.8909503997065865,1.2909503997065865,7.63642559955988,12.345248001467068,2014,24,1
6,23,1,1,6,20.0,20.0,0.5172901796949297,1.151870539084789,11.123357124881124,10.51729017969493,2.68270982030507,3.5864508984746486,4.9443883827456325,5.007482156339156,1.7308392812202813,1.751870539084789,13.62244646901747,14.428513414203664,2018,25,1
19,2,1,1,-7,20.0,0.0,0.8243772186673896,1.751245562665221,18.317437877313093,9.375622781332611,11.058718938656547,6.302491125330442,10.214946751982652,3.5756227813326107,0.7218860933369475,2.3756227813326105,9.360676029349959,14.956227813326104,2011,25,1
15,18,0,0,-2,60.0,40.0,1.8724597398138723,1.6362298699069362,22.80294286204741,12.455080520372256,9.456551951395959,4.563770130093063,5.815907788417913,5.018850650465319,0.2724597398138721,0.9086896097208083,6.18114934953468,12.127540260186127,2017,14,1
21,23,1,1,-4,40.0,0.0,1.5275528584140068,0.6724471415859932,14.22601213713697,10.437764292070035,7.5331421282389215,5.417341424757979,4.672447141585993,4.637764292070035,2.4,2.8724471415859933,13.255105716828014,19.930060685684847,2014,25,1
12,33,1,1,-4,20.0,20.0,1.0725753390782509,0.9637123304608746,14.545986313226123,9.763712330460875,6.891972626452245,4.600835635069621,4.636287669539125,3.508863008617376,2.072575339078251,2.0,12.562041060321633,16.363712330460874,2013,12,1
24,18,1,1,-5,40.0,60.0,1.4301960604004722,1.4,15.284901969799764,10.909411818798583,4.97549015100118,3.959738586132704,6.254705909399292,4.640261413867297,0.8,0.894967323266588,11.52516338366706,10.169803939599529,2014,23,1
26,18,1,1,10,80.0,40.0,2.050855514066919,1.8581907476555135,15.01075728985627,16.02151457971254,5.334474018755892,6.02542775703346,6.6361850468897305,6.977994299234217,0.6836185046889731,1.5672370093779462,8.981907476555135,9.483618504688973,2013,9,1
19,17,0,0,-3,60.0,20.0,1.621375384618949,0.9786246153810513,14.928252307713693,16.222864615288383,4.392378461570539,6.743495384572615,7.543495384572615,8.82899692304841,0.9572492307621024,1.6427507692378975,7.255015384757951,9.406132307760027,2016,18,1
25,18,1,1,8,60.0,0.0,1.4269248878515615,0.5461502242968772,10.859612668222658,11.005762892519536,4.248086883183587,3.3192253364453155,4.151913116816413,5.405762892519535,0.6865375560742193,1.8269248878515614,13.167312219628903,14.09806334111329,2015,3,1
7,12,0,0,7,20.0,60.0,1.3486874432597271,1.4565627837013637,16.08806414546791,13.077563691545727,6.569688351104091,5.4420018156887275,8.205250226961091,4.559187897181909,1.9434372162986364,0.7486874432597272,9.132936762376454,17.004060514090455,2014,26,1
1,23,2,2,-3,20.0,40.0,0.8593169996198724,1.792585375047516,10.888975499429808,12.65170750095032,3.6519023746673884,4.355512250285096,6.155512250285096,4.525853750475159,1.6444877497149044,1.792585375047516,9.518633999239745,16.68897549942981,2014,6,1
28,10,0,0,7,0.0,20.0,0.8131634826240601,1.1802547760639097,11.542781318528196,9.024309974911654,5.39341825868797,3.830891716223684,6.6,3.59341825868797,2.4835456467199246,1.3802547760639097,14.55392781081579,14.21316348262406,2016,3,1
15,26,0,0,-7,40.0,60.0,1.2776029800899367,1.1552059601798734,18.40314635838114,8.390861091843703,9.713558278740887,3.8268163904946517,9.429962748875791,4.698426820809431,0.6776029800899368,1.9223970199100633,7.370037251124209,14.146367219010695,2013,13,1
29,29,1,1,-3,20.0,20.0,0.4698640747062429,0.6,11.700453084312523,12.2,3.460271850587514,2.4899546915687476,5.710045308431252,6.060271850587514,1.6995469156874765,1.1100453084312523,15.048867289218691,12.2890485229437,2016,25,1
21,25,0,0,1,60.0,20.0,1.991317493429036,0.8,15.808682506570964,11.782634986858072,5.043412532854819,4.217365013141928,3.6781425591386747,5.104190078851566,1.3652699737161447,1.4260475197128915,14.4,11.26946005256771,2013,14,1
