HomeTeam,AwayTeam,FTR,HomeGoals,AwayGoals,StandingDiff,HomeWins,AwayWins,AvgHomeGoals,AvgAwayGoals,AvgHomeShots,AvgAwayShots,AvgHomeShotsOnTarget,AvgAwayShotsOnTarget,AvgHomeCorners,AvgAwayCorners,AvgHomeGoalsConceded,AvgAwayGoalsConceded,AvgHomeShotsConceded,AvgAwayShotsConceded,Year,Day
0,32,2,3,0,-7,80.0,40.0,1.8,1.2,16.0,9.6,8.8,5.8,8.2,5.4,0.8,1.6,7.8,12.2,2011,5
1,22,2,3,2,-9,40.0,20.0,1.4,1.0,10.6,11.6,4.6,6.0,5.6,4.8,0.8,1.6,11.2,16.6,2011,5
2,9,0,0,1,13,20.0,40.0,1.2,1.6,12.8,18.2,6.2,9.8,6.2,6.8,2.4,1.2,14.8,10.8,2011,5
17,29,1,0,0,-12,40.0,0.0,1.6,0.8,16.2,10.2,8.4,6.4,8.6,6.4,1.0,2.8,11.0,18.8,2011,5
19,28,2,1,0,-9,80.0,20.0,3.4,1.0,18.6,13.0,12.0,6.8,7.0,4.8,1.8,1.0,18.2,14.4,2011,5
23,18,0,2,3,15,20.0,80.0,0.6,4.0,12.8,19.0,6.0,11.2,5.0,6.2,1.2,1.2,10.6,10.4,2011,5
3,27,2,5,0,1,0.0,20.0,0.8,0.6,12.4,9.4,8.4,3.8,4.8,3.6,3.4,2.0,16.0,10.2,2011,6
12,30,0,1,3,3,20.0,60.0,2.0,1.6,14.8,14.2,9.8,9.0,5.6,5.8,1.2,1.4,12.6,14.6,2011,6
35,34,2,3,1,1,20.0,0.0,1.0,0.2,17.0,10.8,8.8,5.4,6.6,6.4,1.8,1.8,13.6,16.2,2011,6
11,35,2,2,1,-10,20.0,20.0,1.0,0.8,15.6,9.8,8.4,4.8,4.6,6.2,1.4,1.6,8.4,16.0,2011,19
18,21,2,3,1,-9,100.0,60.0,3.2,1.4,20.0,11.4,11.2,6.8,6.4,5.2,0.4,0.6,8.2,14.8,2011,19
22,0,0,1,2,14,40.0,20.0,1.8,2.2,13.0,15.6,6.8,9.6,4.2,6.4,1.4,3.4,13.0,13.8,2011,19
27,23,0,2,3,-5,40.0,40.0,1.0,1.0,9.4,13.8,4.4,8.4,5.4,5.6,0.8,2.2,12.6,16.2,2011,19
28,12,1,0,0,2,20.0,20.0,1.8,0.6,12.4,10.6,6.8,5.6,5.8,3.4,1.4,1.2,10.8,14.0,2011,19
29,19,0,0,1,17,60.0,60.0,1.6,2.0,12.6,10.8,6.8,6.4,6.4,4.8,0.2,0.6,10.8,16.0,2011,19
32,3,2,2,1,-3,20.0,40.0,0.6,1.8,13.0,9.0,7.4,5.6,3.4,3.2,1.0,2.0,13.2,17.2,2011,19
34,2,1,3,3,1,20.0,0.0,1.0,1.4,13.4,9.2,8.6,5.6,6.0,3.4,1.6,2.2,13.4,13.2,2011,19
9,17,0,1,2,-4,80.0,60.0,3.0,1.2,14.4,14.0,8.4,7.4,4.2,7.4,1.8,1.0,8.4,11.8,2011,20
0,12,1,1,1,-4,100.0,20.0,2.4,0.6,16.4,11.6,9.0,6.6,7.2,3.2,0.4,0.8,7.0,13.2,2011,26
3,11,0,0,2,7,20.0,40.0,1.4,1.2,15.2,10.0,10.8,5.0,5.8,3.0,2.8,1.6,14.4,12.8,2011,26
9,35,2,3,0,-15,60.0,0.0,2.8,0.6,13.6,8.0,7.0,4.2,4.0,5.2,2.0,1.8,9.0,15.4,2011,26
19,21,1,1,1,-11,80.0,40.0,3.0,1.4,16.2,11.0,9.6,6.2,6.0,5.0,1.8,1.2,16.0,14.2,2011,26
22,23,2,2,1,0,40.0,40.0,1.8,1.4,12.6,14.8,6.2,9.4,3.8,6.4,1.6,2.6,14.0,16.8,2011,26
27,2,2,3,1,-2,40.0,0.0,1.4,1.8,11.6,8.4,5.2,4.8,6.4,3.2,1.4,2.2,10.4,15.6,2011,26
28,34,0,1,2,-6,20.0,0.0,1.8,0.4,12.0,11.4,7.4,6.0,5.6,6.2,1.2,2.4,11.0,16.4,2011,26
32,30,0,1,3,6,40.0,80.0,0.8,2.2,13.4,11.8,7.6,8.2,3.6,5.4,0.8,1.0,12.6,14.4,2011,26
17,18,1,1,1,3,40.0,80.0,1.4,4.0,17.6,18.8,9.6,11.0,9.6,4.8,0.8,1.2,9.8,12.8,2011,27
29,1,1,0,0,9,60.0,0.0,1.6,1.2,12.0,7.6,6.8,3.8,6.2,3.6,0.4,2.2,11.4,16.4,2011,27
1,19,0,0,1,8,40.0,60.0,1.4,1.8,11.2,11.2,4.6,6.8,5.8,4.2,1.0,0.4,11.0,15.0,2011,3
2,29,2,4,2,-3,20.0,0.0,1.0,0.8,12.2,10.4,6.2,6.0,4.8,6.4,2.2,2.0,14.6,17.2,2011,3
18,22,2,5,1,-15,100.0,20.0,3.0,1.2,17.2,10.8,9.2,6.8,5.8,5.4,0.6,2.0,8.6,15.4,2011,3
21,9,0,0,3,10,80.0,60.0,2.0,1.8,13.4,16.6,8.0,9.2,5.4,7.2,1.0,1.2,11.4,12.2,2011,3
23,32,1,1,1,7,20.0,40.0,1.0,1.0,13.8,10.2,6.4,5.8,5.0,4.8,1.0,1.8,11.2,10.2,2011,3
30,3,2,3,0,-9,80.0,20.0,2.4,1.2,19.4,8.0,11.2,5.4,7.6,3.8,1.4,2.4,11.4,17.8,2011,3
34,0,0,0,4,12,20.0,40.0,1.4,2.6,14.0,17.8,8.6,11.6,6.0,6.6,2.0,3.6,12.0,14.0,2011,3
11,27,0,0,1,-6,40.0,20.0,1.4,0.4,15.4,8.2,8.8,4.0,6.0,3.2,1.4,2.8,8.4,12.4,2011,4
35,28,2,2,1,7,20.0,20.0,1.2,0.8,16.2,11.8,9.8,6.2,6.2,4.6,2.0,1.0,14.6,15.2,2011,4
12,17,2,1,0,2,20.0,60.0,2.2,1.2,17.4,13.2,12.0,6.4,7.4,7.4,1.8,1.2,12.8,13.4,2011,5
0,11,2,1,0,-3,80.0,40.0,2.4,1.4,16.8,11.6,9.8,7.0,9.0,3.0,0.6,1.6,7.0,11.6,2011,10
3,1,0,1,2,5,20.0,0.0,1.4,0.8,12.8,8.0,9.6,4.0,5.2,4.8,2.2,1.8,15.2,14.2,2011,10
17,23,2,1,0,-12,20.0,40.0,1.0,1.6,17.6,13.6,9.6,8.4,8.8,5.8,0.8,2.6,9.8,17.2,2011,10
19,35,2,4,1,-16,60.0,0.0,1.6,0.6,15.8,8.8,9.2,4.2,7.6,4.0,1.6,2.4,13.8,15.8,2011,10
22,21,2,4,2,6,60.0,40.0,2.2,1.6,12.2,11.0,6.8,6.8,4.8,4.8,1.6,1.4,13.8,16.0,2011,10
29,12,2,2,0,10,60.0,20.0,1.6,0.6,10.2,10.4,6.0,6.0,5.6,2.8,0.4,0.6,10.8,14.6,2011,10
32,34,0,1,2,-5,40.0,20.0,1.0,0.8,12.0,11.0,7.2,5.8,2.8,6.0,1.2,2.0,15.8,15.2,2011,10
27,30,2,2,1,8,40.0,80.0,1.8,2.4,12.6,13.0,6.0,8.8,6.4,5.4,1.6,1.2,9.6,14.2,2011,11
28,2,2,2,1,-5,20.0,0.0,1.8,1.8,12.6,9.6,8.2,6.2,5.4,4.0,1.2,2.6,9.2,14.6,2011,11
9,18,2,2,1,-1,60.0,60.0,2.8,3.2,13.8,15.8,7.6,9.2,4.2,4.8,1.8,1.2,8.6,13.2,2011,12
2,32,0,1,2,4,40.0,20.0,1.8,1.0,12.2,10.4,6.8,6.0,4.4,5.2,2.4,2.0,14.8,9.6,2011,17
11,22,1,1,1,-11,40.0,20.0,1.0,1.2,14.2,10.0,7.6,6.0,6.4,5.0,1.2,2.4,8.4,16.4,2011,17
12,3,2,2,0,-6,40.0,20.0,2.2,1.0,18.6,9.2,13.0,6.4,5.6,3.8,1.6,2.4,14.2,19.4,2011,17
21,29,1,0,0,-6,60.0,0.0,1.6,1.2,14.0,10.4,8.0,6.0,5.4,6.2,1.4,2.6,12.4,16.4,2011,17
34,9,1,1,1,14,0.0,60.0,1.0,2.0,12.8,17.6,7.4,10.2,5.2,6.8,2.8,1.0,11.4,12.6,2011,17
35,27,0,1,2,4,40.0,20.0,1.6,0.4,17.2,8.2,10.6,4.6,7.0,4.2,1.8,2.8,14.8,11.4,2011,17
1,17,0,0,2,3,40.0,60.0,1.4,1.2,9.6,12.6,4.2,6.0,4.6,7.0,1.2,1.2,12.6,16.6,2011,18
18,0,2,1,0,-1,100.0,60.0,3.4,3.0,16.8,17.2,10.4,11.0,6.6,6.6,0.8,2.0,7.8,10.4,2011,18
23,19,0,0,2,17,20.0,60.0,1.2,1.0,13.8,10.8,6.2,6.0,4.4,3.8,1.2,0.4,12.6,12.4,2011,18
30,28,2,1,0,-5,100.0,20.0,2.8,1.0,21.4,13.0,12.4,7.0,7.0,4.4,0.4,1.4,9.6,15.2,2011,18
2,3,0,1,2,1,20.0,20.0,1.2,1.0,13.6,11.4,8.6,7.0,4.6,4.2,2.2,2.2,12.6,18.0,2011,20
35,22,1,2,2,-1,40.0,0.0,1.8,1.0,16.6,9.2,10.4,5.2,7.6,3.2,1.6,2.4,13.0,20.6,2011,20
1,0,0,1,2,5,40.0,60.0,1.2,2.4,10.8,14.8,5.4,9.4,4.6,5.2,1.4,1.4,12.2,11.4,2011,21
11,29,2,1,0,-11,20.0,0.0,0.6,1.0,16.4,10.0,8.6,5.2,8.2,5.2,1.2,1.8,8.0,16.8,2011,21
12,19,0,0,5,7,60.0,80.0,2.2,1.2,19.0,12.0,12.6,6.6,6.0,4.2,1.2,0.2,13.4,11.8,2011,21
18,27,2,3,0,-10,100.0,40.0,3.2,0.8,16.2,8.0,10.6,4.4,6.0,4.2,0.8,2.2,8.8,11.8,2011,21
21,32,0,2,3,1,40.0,40.0,1.0,1.4,13.6,10.4,7.6,5.6,6.4,5.0,1.2,1.6,12.2,11.6,2011,21
23,28,0,2,3,8,20.0,20.0,1.0,0.8,12.6,12.2,5.0,6.6,3.2,3.6,1.4,1.2,14.8,16.2,2011,21
34,17,1,0,0,10,0.0,80.0,1.0,1.6,14.8,15.4,8.0,8.0,6.4,8.8,2.6,0.4,10.6,15.0,2011,21
30,9,1,1,1,3,100.0,60.0,2.2,2.0,19.8,15.6,11.6,9.4,7.4,5.8,0.4,0.6,10.2,13.2,2011,22
3,21,0,0,2,2,20.0,40.0,1.4,1.8,14.8,9.0,10.6,5.8,5.2,3.4,2.2,2.0,16.4,16.6,2011,26
9,12,1,1,1,-6,60.0,20.0,2.4,0.6,13.4,9.2,7.6,5.6,5.0,3.6,1.8,1.0,9.0,16.2,2011,26
17,2,1,1,1,-9,20.0,0.0,0.8,1.8,19.0,9.4,11.4,6.4,10.8,3.6,0.6,2.4,8.8,15.2,2011,26
19,34,2,5,0,-15,60.0,40.0,1.8,1.0,17.8,10.6,11.4,5.8,8.4,4.6,1.6,1.6,12.0,14.4,2011,26
27,1,1,0,0,4,60.0,20.0,2.0,1.0,11.8,9.8,5.8,5.4,6.2,5.2,1.6,1.8,10.0,14.2,2011,26
28,11,1,1,1,3,20.0,40.0,1.4,1.4,15.4,11.6,9.2,6.6,6.0,2.8,1.4,1.4,8.0,10.4,2011,26
32,18,1,0,0,8,40.0,60.0,1.2,3.0,13.0,13.6,7.8,7.8,5.2,3.2,1.6,1.2,13.6,13.0,2011,26
0,35,1,1,1,-13,80.0,0.0,2.0,0.6,14.6,8.8,8.4,4.6,8.6,4.0,0.6,2.8,7.8,17.4,2011,27
22,30,0,0,2,13,60.0,60.0,2.6,2.2,12.6,13.2,7.4,9.8,4.8,6.0,1.8,1.4,13.6,15.2,2011,27
29,23,1,1,1,0,60.0,20.0,1.4,1.0,12.0,11.4,6.6,6.4,6.4,5.2,0.4,2.8,10.6,18.8,2011,27
17,21,2,3,1,-6,20.0,40.0,0.8,1.8,21.8,9.4,12.4,6.0,11.0,3.2,0.6,1.8,7.8,12.4,2011,30
0,23,2,1,0,-14,60.0,20.0,1.8,1.2,15.2,10.4,9.6,5.8,9.4,6.6,0.6,1.8,7.4,16.4,2011,31
3,35,1,1,1,-3,20.0,0.0,1.2,0.8,12.8,7.4,9.2,3.4,5.2,2.4,1.6,2.6,14.6,18.6,2011,31
9,1,0,1,3,-7,40.0,20.0,2.0,0.8,16.8,10.2,9.6,5.0,6.4,6.4,1.8,1.0,9.0,12.6,2011,31
19,2,0,2,3,-14,60.0,0.0,2.4,1.8,17.8,8.4,11.4,5.0,8.4,2.6,1.6,2.4,11.2,18.4,2011,31
22,12,1,1,1,10,40.0,20.0,2.0,0.8,11.2,10.2,6.6,6.6,4.6,3.8,2.0,0.8,15.0,18.2,2011,31
27,34,1,2,2,-3,40.0,40.0,1.6,1.0,10.4,9.6,5.0,5.0,6.6,3.0,1.6,2.2,11.2,14.6,2011,31
29,30,1,1,1,13,40.0,80.0,1.2,2.2,11.6,14.8,6.4,9.8,6.2,7.6,0.6,1.0,10.8,14.4,2011,31
28,18,2,1,0,7,20.0,40.0,1.2,2.2,15.4,13.4,9.4,7.2,5.6,4.0,1.2,1.2,8.4,13.4,2012,1
32,11,0,0,1,4,20.0,40.0,0.8,1.4,11.0,11.6,6.2,6.2,5.8,3.6,1.6,1.0,14.6,11.4,2012,1
1,29,0,0,2,-9,20.0,0.0,1.0,0.8,9.6,8.4,4.2,5.2,5.0,4.8,1.8,1.4,11.0,16.4,2012,2
2,27,0,1,2,2,20.0,40.0,1.4,0.8,16.0,6.2,9.2,3.2,4.8,3.6,1.8,2.4,10.4,14.0,2012,2
12,0,2,2,1,4,40.0,80.0,1.0,2.6,17.8,13.8,11.6,9.2,5.8,6.8,2.2,1.2,12.8,10.2,2012,2
23,22,0,1,2,0,20.0,0.0,1.2,1.4,13.6,10.2,5.6,6.8,3.8,3.8,1.8,2.4,16.2,20.8,2012,2
35,9,0,1,2,15,40.0,40.0,2.0,1.2,15.2,15.4,9.8,8.6,6.4,5.6,1.6,0.6,14.6,13.6,2012,2
18,17,2,3,0,-3,100.0,60.0,3.0,1.2,17.2,16.0,11.8,8.2,6.0,9.8,0.6,0.4,7.6,15.6,2012,3
30,32,2,1,0,-6,80.0,60.0,2.0,1.6,19.8,11.8,12.0,6.6,7.0,4.4,0.4,1.6,11.6,13.4,2012,3
34,28,0,1,4,6,0.0,40.0,0.8,1.2,15.2,14.0,8.2,8.4,6.8,5.4,2.0,1.2,11.4,15.6,2012,3
11,3,0,1,2,-7,40.0,20.0,0.8,0.8,16.6,10.2,9.0,5.8,9.0,5.2,0.8,2.2,5.8,18.8,2012,4
21,19,2,3,0,11,40.0,100.0,1.0,2.0,15.4,12.8,8.4,8.4,7.4,5.6,1.4,0.0,12.8,11.6,2012,4
30,11,2,2,0,-2,80.0,40.0,1.6,1.0,19.4,12.0,12.2,6.4,9.0,4.8,0.2,0.8,10.8,10.4,2012,11
1,11,1,1,1,2,20.0,40.0,0.8,0.8,11.0,11.4,4.6,6.0,7.2,5.0,1.8,0.8,11.0,11.2,2012,14
2,12,2,3,1,7,20.0,0.0,1.4,0.6,15.0,11.0,9.0,6.8,4.8,4.4,1.8,1.0,10.2,18.2,2012,14
9,28,2,1,0,-8,40.0,40.0,1.6,1.6,17.6,12.4,8.6,8.2,7.6,4.4,1.4,1.4,8.8,16.6,2012,14
17,27,1,0,0,-7,40.0,60.0,1.2,1.0,19.8,6.8,10.8,3.4,10.4,4.0,0.6,2.0,6.4,15.0,2012,14
19,3,2,3,0,-13,60.0,40.0,2.6,1.0,20.6,11.0,12.4,6.6,10.4,6.8,1.0,1.8,9.4,16.8,2012,14
30,35,1,1,1,-12,80.0,0.0,1.6,0.8,18.2,7.2,11.8,4.0,8.0,2.8,0.2,2.2,12.0,17.6,2012,14
32,22,0,1,2,-7,20.0,20.0,0.8,1.6,11.0,10.4,5.4,6.0,5.6,4.2,1.4,2.4,13.8,17.6,2012,14
21,23,2,1,0,-6,40.0,20.0,1.4,1.0,14.8,9.2,7.6,4.8,6.8,5.8,1.4,1.4,11.6,15.2,2012,15
29,0,2,3,2,14,20.0,60.0,0.8,1.8,10.4,14.6,5.6,9.6,6.2,7.0,0.6,1.0,11.6,12.0,2012,15
34,18,0,0,1,13,0.0,20.0,1.0,1.0,15.6,14.6,8.4,7.0,6.8,5.2,2.4,1.2,12.0,12.6,2012,16
3,17,2,3,1,8,20.0,40.0,1.4,0.8,12.4,16.2,9.4,8.8,5.4,9.0,1.4,1.0,12.6,15.6,2012,21
11,2,1,1,1,-8,40.0,20.0,1.0,1.8,15.0,8.0,7.6,4.6,9.2,2.8,1.0,2.2,6.8,21.0,2012,21
12,21,2,5,2,-4,60.0,20.0,1.2,1.4,19.0,9.2,11.6,6.0,5.6,2.8,1.8,2.2,14.0,13.4,2012,21
22,9,1,0,0,16,40.0,60.0,1.6,1.6,12.2,15.6,7.2,9.2,4.2,5.4,1.6,0.6,14.8,13.8,2012,21
23,34,2,3,1,2,0.0,40.0,1.2,1.4,13.8,9.2,6.2,5.2,4.2,3.4,2.2,2.4,16.0,14.4,2012,21
27,32,0,1,2,2,40.0,40.0,1.8,1.2,10.8,11.8,4.8,6.0,6.6,4.2,1.4,1.6,12.0,16.8,2012,21
28,29,2,2,0,-8,40.0,20.0,1.0,0.8,14.4,6.8,8.8,3.2,4.8,2.2,0.8,1.0,11.4,14.4,2012,21
35,1,0,2,3,8,40.0,40.0,1.8,1.0,13.0,10.6,8.2,5.8,4.8,5.6,1.6,0.8,14.4,13.2,2012,21
0,19,0,1,2,3,60.0,80.0,1.4,1.8,16.6,12.6,10.0,8.4,9.8,6.2,0.4,0.6,7.6,10.0,2012,22
18,30,2,3,2,-2,100.0,60.0,3.0,2.0,15.6,15.4,11.6,9.8,6.0,7.6,0.4,1.0,9.4,13.4,2012,22
11,18,2,1,0,4,20.0,20.0,0.8,0.6,15.4,13.8,7.4,7.0,8.4,6.0,1.0,0.8,8.8,10.4,2012,31
19,27,2,2,0,-12,60.0,60.0,3.0,1.0,21.4,5.6,12.4,2.4,11.4,3.4,1.0,1.0,9.8,13.6,2012,31
29,9,1,1,1,16,40.0,40.0,1.4,1.4,10.4,17.0,5.4,9.4,6.8,6.0,0.8,0.6,11.8,12.2,2012,31
30,34,2,3,1,-11,60.0,40.0,1.2,1.4,17.6,8.4,10.6,4.6,8.2,2.4,0.4,2.4,10.4,15.0,2012,31
35,17,0,0,3,11,20.0,20.0,1.6,0.6,13.0,16.6,7.6,9.8,6.2,9.0,2.0,1.4,14.0,15.0,2012,31
1,23,1,2,2,-9,0.0,0.0,0.4,0.4,12.0,10.4,5.6,5.0,7.8,5.2,1.6,1.2,10.6,13.6,2012,1
2,21,0,0,2,3,40.0,20.0,2.0,1.6,15.4,10.2,9.6,6.4,3.8,3.0,1.8,2.6,11.2,13.0,2012,1
3,0,1,0,0,10,20.0,40.0,1.0,1.8,11.4,13.4,7.8,8.6,4.0,6.2,1.6,1.4,13.0,12.4,2012,1
12,32,1,1,1,-3,80.0,60.0,2.0,1.6,15.8,13.0,9.0,6.4,3.8,4.2,1.6,1.2,15.4,16.4,2012,1
28,22,2,3,0,-8,60.0,40.0,1.4,1.6,13.2,10.0,7.6,5.4,4.0,4.0,0.8,2.0,11.0,18.4,2012,1
0,2,2,7,1,-11,40.0,20.0,1.0,1.4,16.6,9.6,9.8,5.8,9.0,3.8,0.8,1.8,7.6,19.8,2012,4
18,12,2,3,0,-5,100.0,0.0,3.0,0.8,15.8,11.8,11.2,6.4,7.0,4.8,0.6,1.6,9.8,18.6,2012,4
22,3,2,2,0,4,40.0,40.0,1.4,0.8,11.8,11.6,7.0,6.4,4.2,6.4,1.2,2.0,14.6,17.4,2012,4
23,35,0,1,2,1,20.0,0.0,1.4,0.8,13.4,7.4,6.0,4.4,5.0,2.8,1.8,2.0,14.6,19.4,2012,4
27,28,0,0,1,3,40.0,40.0,1.6,1.6,9.4,12.4,4.0,8.4,5.8,4.4,1.2,1.4,13.2,17.8,2012,4
32,29,0,1,2,-7,0.0,20.0,0.6,0.8,11.0,7.2,5.2,3.4,6.2,2.2,1.6,1.4,13.6,12.2,2012,4
34,11,1,1,1,9,0.0,20.0,0.4,0.6,12.8,9.4,7.0,4.0,6.2,4.8,2.0,1.0,13.2,13.0,2012,4
9,19,1,3,3,1,60.0,80.0,1.6,2.0,18.2,11.8,9.6,8.0,8.0,6.8,1.0,0.8,8.8,10.6,2012,5
21,1,2,2,1,3,40.0,60.0,1.2,1.6,14.6,11.8,7.2,6.6,6.4,5.6,1.2,0.8,11.8,11.8,2012,5
17,30,1,0,0,1,40.0,40.0,1.2,1.8,18.8,16.2,9.8,9.6,10.4,8.2,0.6,1.4,5.2,10.8,2012,6
2,23,2,3,2,-3,20.0,0.0,1.2,0.6,17.2,8.4,10.2,4.8,6.0,5.0,1.8,1.2,11.0,15.2,2012,11
3,34,0,1,2,-2,20.0,20.0,1.0,1.2,12.6,9.0,8.0,5.0,4.8,2.0,1.2,2.8,12.8,15.6,2012,11
11,9,2,2,0,5,40.0,20.0,1.0,1.0,15.0,16.8,7.4,8.8,7.0,7.2,0.8,0.8,10.8,10.4,2012,11
12,27,2,2,1,-5,60.0,40.0,2.0,0.8,14.6,5.8,7.6,2.2,5.0,2.6,1.8,1.4,15.0,13.6,2012,11
19,17,2,2,1,-5,80.0,40.0,3.2,1.2,19.0,17.8,11.2,10.8,11.0,7.8,0.8,1.2,9.8,12.2,2012,11
28,0,0,1,2,6,80.0,20.0,1.8,1.0,11.8,13.4,6.6,8.0,4.0,6.4,0.4,1.4,12.0,13.8,2012,11
29,22,0,2,3,0,40.0,40.0,1.6,1.4,10.6,11.4,6.0,5.8,6.2,4.4,1.0,1.6,14.0,16.2,2012,11
30,21,2,5,0,-7,60.0,40.0,1.6,1.8,18.4,10.4,10.8,6.2,8.0,2.8,0.6,2.4,10.8,13.0,2012,11
1,18,0,0,1,6,0.0,20.0,0.8,0.4,15.2,15.8,8.0,8.6,8.6,6.8,1.8,0.8,9.0,8.8,2012,12
35,32,0,1,5,6,0.0,60.0,1.2,1.6,11.0,13.0,5.8,6.6,5.6,4.6,2.4,1.2,15.0,16.2,2012,12
9,3,2,3,0,-12,40.0,40.0,1.6,0.8,18.6,11.0,9.4,5.8,7.4,6.6,1.6,1.8,10.2,16.8,2012,25
18,2,2,3,0,-12,100.0,20.0,2.6,1.4,14.8,7.0,10.0,4.0,5.4,2.8,0.4,2.6,11.0,22.2,2012,25
21,35,1,2,2,-5,60.0,20.0,1.6,1.2,14.6,8.8,7.0,5.2,6.0,3.0,0.8,1.6,10.2,18.6,2012,25
23,12,0,0,1,10,20.0,0.0,1.4,0.6,13.2,12.0,6.8,6.8,5.8,5.2,2.0,2.0,14.4,17.8,2012,25
32,28,2,4,0,1,0.0,60.0,0.6,1.6,12.8,9.6,6.4,6.4,7.6,4.8,1.4,1.0,12.0,16.6,2012,25
34,1,1,0,0,7,0.0,60.0,0.6,1.8,11.8,12.6,6.4,7.4,6.2,5.2,1.4,1.2,11.6,13.8,2012,25
0,30,2,5,2,-1,60.0,20.0,2.2,1.2,16.6,13.4,9.6,8.0,8.6,7.0,0.8,1.2,6.2,12.0,2012,26
22,19,0,1,2,17,40.0,60.0,1.4,2.4,13.2,12.4,7.2,9.0,3.8,7.0,1.0,1.4,14.0,13.0,2012,26
27,29,2,2,0,-5,20.0,40.0,1.0,0.8,9.6,8.2,4.2,4.0,6.4,2.8,1.2,0.8,10.8,13.0,2012,26
2,1,1,1,1,6,40.0,40.0,1.6,1.4,15.2,11.2,8.4,5.8,6.4,4.6,1.8,1.0,13.4,13.2,2012,3
17,0,0,1,2,2,40.0,40.0,1.0,1.4,18.4,13.0,10.0,8.0,10.2,5.8,0.4,1.4,5.6,12.4,2012,3
18,3,2,2,0,-11,100.0,40.0,3.0,0.8,15.8,9.8,10.8,4.8,6.6,7.2,0.4,2.0,9.0,18.6,2012,3
23,11,1,1,1,11,20.0,20.0,1.4,0.8,14.4,9.6,7.8,4.6,6.0,4.6,1.8,1.0,12.0,11.0,2012,3
27,22,2,1,0,-5,20.0,60.0,1.0,1.8,9.4,13.6,4.0,7.8,6.6,6.0,1.0,1.8,10.0,13.8,2012,3
32,9,2,1,0,9,20.0,20.0,1.2,0.8,13.8,16.4,7.4,9.2,6.4,7.0,1.0,1.0,12.6,9.4,2012,3
34,29,0,0,2,-2,0.0,40.0,0.4,0.8,11.6,9.8,6.2,5.2,7.6,3.4,1.2,1.2,11.6,11.4,2012,3
12,35,2,5,0,-9,60.0,20.0,2.0,1.4,13.6,8.0,6.6,4.8,4.4,3.2,2.0,1.2,14.6,16.8,2012,4
21,28,1,1,1,2,60.0,60.0,2.0,1.6,13.8,10.0,7.4,6.4,4.8,4.8,1.2,1.6,11.0,17.0,2012,4
30,19,0,1,3,4,80.0,60.0,2.4,2.4,18.8,10.8,10.6,8.4,7.4,5.8,0.4,1.6,8.2,14.0,2012,4
1,12,2,1,0,1,0.0,20.0,0.8,0.8,13.8,11.0,7.4,6.0,8.8,5.2,1.6,1.6,8.6,18.0,2012,10
3,23,2,2,1,-4,20.0,0.0,1.0,1.0,11.8,12.2,7.2,7.0,5.0,5.2,1.2,1.6,11.4,12.4,2012,10
9,27,2,1,0,-11,40.0,20.0,1.8,0.6,21.0,6.6,11.2,2.2,9.2,2.4,1.4,1.6,10.4,13.8,2012,10
11,30,2,1,0,2,60.0,20.0,1.2,1.4,11.4,12.0,5.8,6.4,4.8,5.6,0.6,1.8,11.0,14.2,2012,10
28,17,2,1,0,4,60.0,20.0,1.6,1.0,9.0,15.8,5.2,9.6,3.6,6.4,0.6,1.6,13.4,11.2,2012,10
35,2,0,0,2,2,0.0,20.0,1.2,1.2,11.0,6.8,6.4,4.0,6.6,3.4,3.0,2.8,18.6,21.8,2012,10
19,32,2,2,0,-10,80.0,60.0,2.8,2.2,16.8,15.6,8.8,8.6,10.2,4.8,0.8,1.2,9.4,14.8,2012,11
22,34,1,1,1,2,20.0,20.0,0.8,1.2,13.8,9.6,6.4,5.4,3.2,3.0,1.0,2.8,14.0,15.6,2012,11
29,18,2,1,0,15,20.0,40.0,1.6,0.4,10.6,17.8,6.2,9.8,6.2,8.2,1.6,0.4,15.2,8.0,2012,11
0,21,2,2,1,-8,60.0,40.0,3.0,1.4,18.4,9.6,10.8,5.2,8.6,3.0,1.2,2.6,6.4,14.0,2012,12
17,11,2,3,0,-1,20.0,20.0,1.0,0.8,16.6,9.4,7.8,5.0,9.2,4.8,0.8,1.0,6.4,13.0,2012,13
12,29,0,0,3,-10,80.0,60.0,3.0,1.2,16.0,11.4,8.8,6.0,5.2,3.8,1.0,1.0,13.4,11.6,2012,17
34,32,1,1,1,5,0.0,40.0,0.4,1.6,11.4,14.0,5.8,7.6,7.8,5.6,1.6,1.2,10.4,14.6,2012,17
21,22,2,1,0,-6,60.0,60.0,1.8,1.4,14.4,11.4,7.6,6.0,6.6,5.2,0.8,1.6,9.6,12.4,2012,18
35,19,0,0,5,16,0.0,60.0,0.8,2.0,10.2,9.2,6.0,7.0,6.4,4.4,3.0,1.8,17.4,15.0,2012,18
2,28,2,2,0,5,40.0,40.0,1.6,1.2,14.8,8.0,8.8,5.0,6.2,3.4,1.6,1.4,15.2,18.4,2012,20
11,0,0,0,1,3,60.0,40.0,1.2,1.4,10.6,13.4,5.6,8.2,3.0,2.8,0.6,1.4,14.4,12.8,2012,21
18,9,2,2,1,1,100.0,20.0,2.8,0.6,16.4,15.0,9.6,8.4,7.0,7.2,0.4,1.0,10.2,10.0,2012,21
23,17,2,3,2,12,20.0,20.0,1.2,1.0,15.4,14.0,8.0,8.6,5.8,4.0,1.4,1.8,10.2,9.4,2012,21
30,27,1,1,1,-8,60.0,20.0,2.4,0.6,18.4,7.8,9.6,2.8,6.0,2.2,1.0,1.2,7.8,14.0,2012,21
0,1,2,3,0,-5,80.0,40.0,3.2,1.6,18.0,12.6,10.0,7.4,7.2,4.8,1.2,1.2,6.2,14.8,2012,24
3,2,2,2,1,-1,40.0,40.0,1.4,1.4,13.2,8.2,8.0,5.2,6.2,3.8,1.0,2.6,12.4,19.0,2012,24
9,30,1,0,0,-3,60.0,0.0,1.8,1.0,20.4,12.4,10.4,6.6,10.2,5.2,1.2,2.0,10.2,14.4,2012,24
17,34,0,1,2,-10,40.0,20.0,1.4,1.4,14.0,11.4,7.2,6.2,8.2,3.6,0.6,2.0,6.4,14.8,2012,24
22,35,2,2,1,1,20.0,20.0,1.0,1.2,14.8,8.4,6.8,4.6,3.2,4.0,0.8,2.0,13.8,17.2,2012,24
27,18,1,1,1,10,40.0,40.0,1.2,0.4,10.2,17.8,5.0,10.6,6.8,8.2,1.0,0.6,9.4,8.2,2012,24
28,23,2,3,1,-8,80.0,0.0,1.6,1.0,7.8,13.2,3.8,7.8,3.2,4.2,0.4,1.8,13.4,13.2,2012,24
29,11,0,0,2,11,40.0,0.0,1.6,0.6,10.8,7.8,6.4,4.0,6.6,4.2,1.4,1.6,16.4,14.0,2012,24
32,21,0,1,3,-1,40.0,20.0,1.4,1.2,16.2,8.2,9.0,4.4,8.2,2.8,1.0,3.0,11.6,17.4,2012,25
19,12,2,1,0,-7,80.0,20.0,2.2,0.6,17.4,10.2,8.8,5.0,9.8,5.4,0.8,1.6,8.8,17.0,2012,26
1,9,0,2,4,7,20.0,0.0,0.8,0.4,15.6,13.2,8.2,7.4,9.4,7.0,1.2,1.2,8.0,12.2,2012,31
11,32,2,2,0,-4,60.0,40.0,1.0,1.8,10.0,14.0,5.2,7.6,2.8,5.2,0.4,1.2,14.4,14.6,2012,31
12,22,2,2,1,-10,60.0,40.0,2.6,1.0,14.6,11.2,8.6,5.8,5.6,5.2,1.4,1.6,12.0,13.6,2012,31
18,28,1,3,3,-7,100.0,20.0,2.6,0.4,18.4,6.4,10.0,3.2,8.2,3.8,0.6,1.6,7.8,17.6,2012,31
23,0,2,2,1,14,40.0,60.0,1.6,1.4,15.6,12.4,7.8,7.8,6.8,3.4,1.4,1.0,11.2,10.0,2012,31
34,27,2,2,0,3,0.0,0.0,0.4,0.4,11.4,7.8,5.0,2.6,8.6,1.8,1.0,1.2,10.0,16.0,2012,31
35,3,0,2,3,3,0.0,20.0,0.6,0.4,9.8,9.8,5.6,4.8,7.2,6.2,3.6,2.2,18.8,19.8,2012,31
21,17,2,2,0,6,60.0,20.0,1.4,1.4,15.4,14.0,8.4,8.8,6.6,6.2,0.8,1.8,10.8,9.4,2012,1
30,29,2,3,1,-13,40.0,60.0,2.2,1.4,20.4,11.8,11.8,6.6,7.4,4.2,1.2,1.0,7.2,12.4,2012,1
2,19,0,0,2,14,60.0,80.0,1.8,3.0,15.2,12.4,9.2,9.4,6.0,5.0,1.2,1.2,14.0,14.4,2012,2
29,21,0,0,2,6,40.0,40.0,1.4,1.6,10.0,9.2,5.4,5.4,5.2,3.6,1.6,2.6,17.0,17.2,2012,6
3,12,0,0,3,6,60.0,20.0,1.6,0.4,13.0,9.0,7.4,4.6,7.8,5.0,1.0,1.6,12.8,17.2,2012,7
9,34,2,2,1,-14,60.0,40.0,1.6,1.4,19.2,10.6,10.4,6.0,9.6,2.6,0.6,1.8,11.6,14.8,2012,7
17,1,1,1,1,-3,20.0,20.0,1.0,1.0,13.4,10.8,7.6,6.0,8.0,5.4,0.8,1.6,6.6,15.6,2012,7
22,11,1,2,2,11,40.0,20.0,1.2,1.0,14.2,8.6,7.2,4.8,3.4,4.0,0.8,1.2,13.6,13.2,2012,7
27,35,2,2,1,-4,40.0,20.0,1.0,1.2,9.8,8.8,5.0,4.8,6.2,3.8,0.8,2.2,10.6,17.6,2012,7
28,30,1,0,0,5,80.0,0.0,2.0,0.8,9.2,13.8,4.4,6.6,4.0,5.2,0.6,1.8,10.4,13.6,2012,7
32,2,2,3,0,-4,40.0,20.0,1.6,1.0,17.0,8.2,9.8,5.0,9.8,4.0,1.4,2.6,11.0,16.2,2012,7
0,18,2,1,0,1,80.0,40.0,3.6,0.6,18.8,16.0,11.0,10.6,7.8,7.6,1.2,0.6,5.6,8.6,2012,8
19,23,2,2,0,-17,100.0,0.0,2.0,1.2,16.0,14.0,9.4,8.4,7.8,3.8,0.2,2.2,7.8,13.0,2012,8
1,27,1,1,1,-4,20.0,0.0,1.2,0.4,15.4,8.4,8.8,2.8,7.8,1.8,1.6,1.6,8.8,16.0,2012,9
11,28,2,4,0,-3,80.0,20.0,1.2,1.0,10.2,6.2,5.4,3.2,2.8,4.4,0.2,2.0,13.4,17.2,2012,9
12,9,1,1,1,6,60.0,20.0,2.0,1.2,15.4,11.8,9.0,7.4,6.4,5.6,1.2,1.6,12.2,13.0,2012,9
21,3,2,2,0,-2,60.0,20.0,1.6,0.6,15.8,11.2,9.0,5.6,6.6,5.0,0.8,2.4,9.6,20.6,2012,9
30,22,0,1,2,-13,60.0,20.0,2.6,0.8,19.0,13.0,11.8,6.6,7.2,5.6,1.2,1.8,8.4,13.2,2012,9
2,17,0,2,3,9,40.0,20.0,1.2,1.2,14.4,13.6,8.2,8.4,6.4,6.4,1.4,1.6,13.4,8.6,2012,10
18,32,2,4,0,-8,80.0,20.0,2.6,1.4,19.6,12.8,10.6,7.4,9.8,5.4,0.8,1.4,7.0,15.8,2012,11
23,29,2,3,0,0,40.0,60.0,1.4,1.6,14.4,11.8,7.8,7.2,6.2,4.8,1.4,1.2,12.0,14.0,2012,11
34,19,2,1,0,15,20.0,80.0,0.8,3.0,12.6,13.4,6.4,9.6,9.4,6.0,0.8,1.0,8.8,14.2,2012,11
35,0,0,0,3,13,0.0,60.0,0.6,1.2,10.0,12.2,5.4,7.4,7.4,4.2,3.6,0.8,20.4,10.2,2012,11
22,18,0,1,6,15,40.0,20.0,1.6,0.4,16.0,15.0,8.8,9.4,3.6,7.8,1.2,0.8,11.6,9.6,2012,14
28,35,1,0,0,-7,60.0,20.0,1.6,1.2,10.2,9.6,5.8,5.2,5.8,5.2,0.6,2.4,11.2,16.0,2012,14
29,2,2,3,0,3,20.0,20.0,0.8,0.8,12.0,8.6,7.0,5.4,4.8,3.2,1.6,3.0,15.2,15.0,2012,14
32,23,2,1,0,-7,60.0,0.0,2.0,1.2,15.6,12.8,9.4,8.0,9.4,4.4,1.0,2.4,12.8,16.0,2012,14
19,1,2,4,0,-8,100.0,0.0,1.8,0.6,17.0,9.6,10.4,5.6,7.8,5.4,0.2,1.4,7.4,17.2,2012,15
0,34,0,1,2,-12,100.0,40.0,3.6,1.4,18.8,11.4,11.2,6.6,9.2,3.0,0.8,1.6,5.2,15.4,2012,16
0,9,1,0,0,2,80.0,20.0,2.4,1.2,18.4,10.2,10.6,6.2,8.8,5.6,1.0,1.6,7.0,13.8,2012,21
1,28,1,0,0,-1,20.0,0.0,1.2,0.8,13.4,6.0,7.2,2.8,7.0,3.8,1.6,2.8,8.8,19.8,2012,21
2,22,2,2,0,-3,40.0,40.0,1.6,1.2,11.8,13.0,6.6,7.0,4.4,5.0,1.6,1.4,14.8,13.8,2012,21
3,29,1,1,1,-4,40.0,40.0,1.0,1.2,12.6,10.6,7.2,6.8,7.8,5.2,1.4,1.6,12.8,13.6,2012,21
12,34,2,2,1,-8,60.0,60.0,2.0,1.6,15.0,11.8,9.6,6.8,6.2,3.6,1.2,1.2,11.6,15.0,2012,21
21,27,2,3,0,-1,60.0,0.0,1.6,0.6,14.2,8.2,8.2,2.8,7.0,2.2,0.6,1.4,8.8,15.2,2012,21
23,30,2,1,0,13,60.0,0.0,1.8,0.4,15.0,14.4,7.8,6.8,6.0,5.2,1.0,1.2,11.0,13.4,2012,21
17,32,0,0,1,-5,20.0,20.0,1.2,1.2,15.0,10.6,7.6,5.4,8.0,4.4,1.0,2.0,7.0,16.6,2012,22
19,11,1,4,4,-6,100.0,20.0,2.2,1.2,19.6,9.0,12.2,5.0,8.2,4.2,0.2,1.4,7.8,12.6,2012,22
35,18,0,0,2,14,0.0,40.0,0.6,1.6,10.8,16.0,6.4,10.6,7.6,7.0,3.6,0.8,17.8,11.0,2012,22
1,3,0,1,2,-5,20.0,20.0,0.8,0.6,11.2,10.8,5.6,5.8,6.8,5.4,1.2,2.2,10.2,18.4,2012,24
11,12,2,4,0,-1,80.0,40.0,1.8,0.8,12.8,7.8,7.0,4.8,3.2,3.8,0.2,1.0,10.6,16.8,2012,28
22,17,0,0,3,12,20.0,20.0,1.4,1.2,14.8,12.2,8.6,8.0,3.4,6.4,2.4,2.0,14.0,9.6,2012,28
27,0,1,1,1,9,60.0,80.0,1.2,1.8,10.6,11.0,5.6,7.4,5.8,3.8,0.6,0.8,9.4,9.2,2012,28
28,3,1,2,2,-4,40.0,40.0,1.0,1.0,11.2,11.2,5.8,6.8,6.8,5.2,0.6,2.0,11.2,17.4,2012,28
29,35,1,4,4,1,40.0,0.0,1.2,0.8,13.8,9.2,7.6,5.6,6.0,5.4,1.4,2.2,12.6,16.4,2012,28
32,1,1,0,0,2,80.0,0.0,2.0,0.4,15.0,9.0,9.2,4.8,9.0,5.4,0.6,1.8,13.0,18.8,2012,28
34,21,2,4,0,4,40.0,60.0,0.8,1.6,14.4,7.2,7.8,4.4,10.0,2.4,0.6,1.6,8.8,19.0,2012,28
9,23,2,6,1,-16,60.0,0.0,1.8,0.8,18.8,15.4,10.4,8.6,9.0,5.4,0.8,2.2,12.4,14.4,2012,29
30,2,2,2,0,-10,40.0,20.0,2.2,0.6,17.6,9.4,11.0,5.2,8.2,3.6,1.4,2.2,8.8,14.2,2012,29
18,19,2,1,0,2,80.0,80.0,2.8,2.4,19.8,12.2,11.0,8.2,10.2,5.4,0.8,0.6,5.6,12.6,2012,30
17,12,0,0,1,-2,20.0,40.0,1.2,0.8,17.6,6.8,8.0,4.2,9.6,3.6,1.2,1.2,7.0,15.8,2012,1
27,11,1,1,1,6,60.0,20.0,1.4,1.8,10.0,10.8,5.2,6.2,5.2,4.0,0.6,2.0,12.0,16.2,2012,1
3,30,0,1,4,9,40.0,0.0,1.2,0.4,11.2,16.0,6.6,7.2,8.2,7.0,1.6,1.4,13.6,12.8,2012,2
9,21,0,0,2,-10,80.0,40.0,2.4,1.2,20.0,7.6,12.0,4.0,9.4,2.2,0.4,2.4,11.8,16.4,2012,2
0,22,1,3,3,-14,60.0,20.0,1.4,0.6,16.8,11.8,9.6,5.8,8.8,4.8,0.6,1.4,8.0,12.4,2012,5
1,30,1,1,1,4,20.0,20.0,1.0,0.8,12.8,17.0,5.8,8.4,7.6,7.4,1.4,0.6,9.2,11.4,2012,6
3,32,1,2,2,3,40.0,20.0,1.2,0.4,11.4,7.2,6.6,3.0,7.6,3.4,2.0,1.8,14.2,20.2,2012,6
12,28,2,2,1,-2,60.0,0.0,2.0,0.8,15.8,6.0,10.6,3.0,6.0,4.8,1.2,2.0,11.0,18.6,2012,6
19,29,2,2,0,-17,80.0,40.0,2.6,1.4,21.4,12.4,13.2,8.0,8.4,6.4,0.8,1.4,9.4,13.2,2012,6
21,18,0,0,2,9,80.0,40.0,1.8,1.8,14.8,16.0,8.8,10.4,7.2,6.2,0.2,0.8,8.8,10.6,2012,6
23,27,2,1,0,5,80.0,0.0,2.0,0.4,14.0,7.2,7.2,2.4,5.6,2.4,0.8,1.6,13.0,16.2,2012,6
35,11,1,0,0,10,0.0,20.0,0.4,1.8,10.2,11.4,5.6,6.0,6.6,3.8,3.0,2.0,16.0,13.8,2012,6
2,34,0,0,1,-1,40.0,40.0,1.4,1.4,12.2,11.6,6.8,6.6,5.2,2.2,1.2,1.4,12.2,15.4,2012,7
17,9,2,4,1,4,20.0,20.0,1.0,1.2,18.8,11.2,8.2,6.2,8.2,6.2,1.0,1.2,6.4,14.4,2012,8
9,2,2,2,1,-13,60.0,20.0,1.8,0.6,18.4,9.0,10.0,4.8,7.4,3.2,0.8,2.0,12.6,14.0,2012,13
11,21,2,3,1,-5,80.0,60.0,2.2,1.6,13.0,8.6,7.0,4.6,3.4,2.4,0.2,1.4,10.2,16.2,2012,13
18,23,2,3,2,-15,80.0,0.0,2.4,0.6,18.2,12.6,9.4,7.4,9.8,5.2,0.8,2.8,6.0,18.0,2012,13
22,1,2,2,0,9,20.0,0.0,1.2,0.4,13.2,8.6,7.8,5.2,3.6,4.6,2.6,1.8,14.8,18.6,2012,13
27,3,1,2,2,-1,40.0,40.0,1.2,1.4,10.2,12.8,5.0,8.4,4.4,4.8,0.8,1.8,12.0,14.8,2012,13
28,19,0,0,1,9,40.0,60.0,1.2,2.0,12.0,10.8,6.0,6.8,6.8,6.2,0.6,0.6,12.4,11.8,2012,13
29,17,2,1,0,12,40.0,40.0,1.6,1.6,12.6,13.4,7.4,8.6,5.2,7.2,1.6,1.6,12.0,9.0,2012,13
30,12,2,2,0,-3,40.0,40.0,1.6,0.8,17.8,6.8,10.8,4.4,8.6,3.4,1.4,1.2,7.4,16.0,2012,13
32,0,0,2,3,7,60.0,60.0,1.2,1.6,14.0,12.4,8.0,7.8,9.6,4.4,0.6,0.8,12.6,8.8,2012,13
34,35,2,3,2,-1,60.0,0.0,1.6,1.2,13.6,10.8,8.2,6.2,8.0,6.0,0.6,2.6,9.0,15.8,2012,13
0,28,1,0,0,-10,40.0,0.0,1.6,0.8,16.6,7.0,9.6,3.2,8.8,4.4,1.0,2.2,9.4,17.8,2012,18
12,22,2,5,0,-3,60.0,20.0,1.4,1.2,14.8,12.8,9.8,6.0,6.2,4.6,1.4,1.8,11.8,14.2,2012,18
21,30,2,2,1,1,80.0,20.0,1.6,1.0,12.8,17.0,8.2,8.6,3.8,9.6,0.4,0.6,11.2,10.4,2012,18
23,29,0,0,5,6,100.0,20.0,2.0,1.0,13.8,12.6,7.6,8.2,5.6,6.2,0.6,1.8,13.0,15.6,2012,18
32,17,2,3,0,2,40.0,40.0,1.4,1.6,12.6,14.4,7.4,9.4,8.6,7.8,1.2,1.6,12.4,10.4,2012,18
34,9,0,0,2,9,80.0,20.0,2.2,1.4,13.6,10.4,8.6,6.0,8.2,6.0,0.6,1.8,8.6,15.2,2012,19
11,19,2,1,0,5,80.0,60.0,2.6,1.6,14.6,13.0,8.2,7.6,4.2,7.4,0.4,0.4,8.2,9.4,2012,20
1,11,0,1,3,9,0.0,20.0,1.0,1.8,9.8,14.0,4.6,7.4,6.4,4.4,1.6,1.4,12.4,12.2,2012,25
9,21,2,2,0,1,80.0,60.0,2.8,1.6,20.4,9.8,10.2,5.0,5.2,2.4,1.4,1.6,10.2,15.4,2012,25
19,12,2,3,2,-7,80.0,40.0,2.6,0.8,22.6,7.8,15.0,5.6,10.0,3.2,0.8,1.4,10.8,15.2,2012,25
22,23,1,1,1,-5,40.0,0.0,1.4,0.8,14.8,9.8,9.0,5.8,4.8,4.0,2.4,3.0,13.0,22.8,2012,25
30,32,1,1,1,-6,60.0,20.0,1.8,0.8,17.2,9.4,10.8,5.0,9.0,3.2,0.8,1.8,8.2,18.4,2012,25
17,18,1,2,2,7,20.0,60.0,1.2,2.2,20.4,16.2,8.8,10.2,8.8,5.6,1.2,0.6,7.2,11.8,2012,26
27,0,1,0,0,11,20.0,60.0,1.4,1.8,10.4,12.8,5.2,8.0,3.8,5.4,1.2,1.0,14.6,8.8,2012,26
18,23,2,3,1,-16,80.0,0.0,2.8,0.8,20.6,9.0,13.2,5.4,11.4,4.0,1.4,2.6,5.6,22.4,2012,1
29,28,1,2,2,-2,60.0,0.0,2.2,0.8,13.6,7.2,8.8,3.6,5.4,2.8,1.2,1.8,9.6,17.4,2012,1
30,22,1,1,1,-8,60.0,20.0,1.8,1.2,16.0,11.2,9.2,5.4,7.8,4.2,0.8,2.6,8.6,13.4,2012,1
32,11,2,2,0,3,60.0,20.0,1.8,2.0,12.8,14.8,8.2,8.0,8.0,5.6,0.6,1.6,13.2,11.6,2012,1
34,27,1,2,2,1,80.0,0.0,2.0,0.4,12.0,6.8,8.2,2.2,7.0,3.2,0.8,1.6,8.0,13.2,2012,1
17,0,0,0,2,5,20.0,40.0,1.4,1.6,21.0,13.6,8.6,7.6,8.4,6.4,1.2,1.0,8.2,8.8,2012,2
21,1,1,1,1,-11,80.0,0.0,1.8,0.2,11.0,8.4,7.0,4.6,3.6,4.0,0.6,1.6,11.2,17.4,2012,2
1,29,2,2,0,5,0.0,20.0,0.8,1.4,9.4,13.0,4.2,8.4,5.4,6.4,1.4,1.8,13.8,16.8,2012,15
12,32,2,3,0,-1,80.0,20.0,2.4,0.8,14.2,9.8,10.2,5.6,6.2,3.2,0.8,1.8,10.6,18.0,2012,15
19,34,2,4,0,-13,80.0,60.0,3.0,1.4,22.8,13.0,14.0,7.2,10.2,3.0,1.2,1.0,12.6,15.6,2012,15
23,9,1,0,0,11,80.0,40.0,1.4,1.6,15.8,10.2,8.8,5.6,5.2,5.4,1.2,1.4,11.8,13.6,2012,15
27,18,1,1,1,13,20.0,60.0,1.2,2.4,9.8,15.2,5.4,9.0,2.8,5.0,1.0,0.8,14.6,12.8,2012,15
28,17,1,1,1,5,20.0,40.0,1.0,1.2,12.0,13.6,6.8,8.6,6.4,5.0,0.8,1.6,14.0,11.4,2012,15
11,21,1,2,2,2,100.0,40.0,2.8,1.0,16.4,10.0,9.2,4.6,4.6,2.2,0.2,1.8,8.2,14.8,2012,17
9,27,2,1,0,-8,80.0,0.0,2.8,0.8,18.8,8.8,9.4,3.4,4.6,3.2,1.2,1.6,9.8,12.4,2012,22
29,11,0,0,3,4,60.0,20.0,2.6,1.6,12.6,15.4,8.2,8.0,5.6,5.4,1.2,1.6,9.4,11.6,2012,22
34,12,0,1,2,6,60.0,20.0,2.0,0.6,11.2,10.2,7.0,8.0,5.8,5.2,1.2,2.4,10.0,16.2,2012,22
17,19,0,1,2,6,20.0,40.0,1.2,0.8,20.2,11.8,9.2,6.0,8.2,7.0,1.4,1.0,9.4,12.0,2012,23
18,0,1,1,1,-2,100.0,60.0,2.8,1.8,20.6,13.2,13.6,7.6,9.6,5.6,1.0,0.6,5.8,10.2,2012,23
21,22,2,1,0,-7,60.0,20.0,1.6,1.2,12.0,10.0,6.8,4.6,5.0,3.2,0.8,2.4,12.0,13.6,2012,23
30,23,2,2,1,-13,40.0,0.0,1.4,1.0,16.0,9.0,9.0,5.0,7.2,3.6,0.8,2.8,8.4,21.4,2012,23
0,9,0,1,2,-3,20.0,20.0,2.0,0.8,17.0,10.4,9.0,5.6,7.4,5.4,1.2,1.0,9.8,13.8,2012,29
12,18,0,1,2,8,80.0,60.0,2.6,2.6,16.0,16.8,11.2,10.8,6.0,4.8,0.6,0.8,9.4,11.2,2012,29
19,30,0,2,3,-2,80.0,40.0,3.4,1.8,21.4,17.0,13.2,9.0,9.0,9.6,1.2,1.2,12.4,8.0,2012,29
22,17,0,2,5,4,20.0,40.0,0.8,1.4,15.6,15.8,8.2,9.2,6.2,5.2,2.0,1.4,12.2,10.4,2012,29
27,29,2,2,0,3,0.0,20.0,1.0,1.2,7.8,12.8,4.8,8.0,3.4,6.0,1.0,1.6,15.8,17.2,2012,29
28,34,2,1,0,-2,0.0,60.0,0.6,1.2,10.2,12.0,6.0,6.6,5.8,3.4,0.8,1.4,16.0,15.2,2012,29
1,32,1,1,1,6,20.0,20.0,1.0,0.8,11.4,10.0,6.2,6.2,6.6,3.6,1.2,2.0,14.4,19.4,2012,30
9,22,2,4,1,-6,80.0,0.0,1.8,0.8,17.2,9.2,7.6,4.0,5.6,3.6,1.0,2.4,10.2,14.2,2012,6
18,28,2,3,0,-12,80.0,0.0,2.2,0.8,20.0,6.6,13.2,3.8,10.2,1.6,1.2,1.0,7.0,16.0,2012,6
32,23,2,3,2,-7,60.0,0.0,1.6,1.2,12.6,7.6,7.4,5.0,8.2,3.8,0.6,3.0,10.8,22.0,2012,6
34,11,1,2,2,8,40.0,40.0,2.0,1.4,12.6,18.0,7.2,9.8,6.0,5.6,1.6,0.8,10.8,11.2,2012,6
17,27,1,0,0,-6,20.0,0.0,1.4,0.6,17.2,10.0,8.4,4.0,6.6,3.0,1.6,1.6,9.2,14.4,2012,7
21,19,0,0,3,3,60.0,60.0,1.4,1.2,13.6,11.8,7.6,6.2,4.6,7.0,0.8,1.0,11.8,12.4,2012,7
30,1,2,2,0,-12,60.0,0.0,1.6,0.4,17.0,9.6,10.0,5.4,7.2,4.6,0.6,1.6,7.8,14.0,2012,7
12,1,2,1,0,-7,80.0,0.0,2.6,0.4,15.2,9.6,10.0,5.4,5.0,4.0,0.8,2.0,11.2,16.0,2012,20
19,27,2,4,2,-12,60.0,0.0,3.0,0.6,19.6,9.6,11.6,4.2,8.6,3.0,1.8,1.0,12.4,14.4,2012,20
22,0,2,1,0,9,20.0,60.0,1.0,1.8,14.4,13.8,8.0,7.8,6.6,7.6,1.8,0.8,9.8,11.4,2012,20
29,34,2,2,1,-4,40.0,40.0,1.6,0.8,16.0,11.2,10.4,5.8,7.6,3.0,1.4,1.4,12.6,13.8,2012,20
30,9,0,2,4,-2,60.0,40.0,1.6,1.0,17.8,10.0,10.4,5.8,7.6,4.2,0.6,1.0,9.4,14.4,2012,20
32,18,0,1,2,9,80.0,60.0,2.2,1.8,12.6,16.6,7.6,9.8,6.6,4.6,1.0,0.8,11.8,9.4,2012,20
23,11,1,1,1,10,40.0,40.0,0.6,1.6,15.2,19.0,8.6,11.2,4.4,5.6,1.4,1.0,13.4,11.2,2012,21
28,21,1,1,1,8,20.0,20.0,0.8,1.4,10.0,10.6,5.4,5.2,5.2,3.2,0.8,1.8,14.6,15.2,2012,21
0,23,2,1,0,-14,20.0,0.0,2.0,1.4,16.2,8.0,8.4,4.8,6.8,3.8,1.2,2.4,9.4,19.6,2012,27
1,22,1,1,1,4,20.0,0.0,1.2,1.0,12.8,8.2,6.4,3.8,7.2,2.6,1.4,2.8,15.2,16.4,2012,27
18,29,2,1,0,-10,80.0,20.0,2.6,1.2,22.8,12.6,15.4,6.8,11.6,5.8,1.2,1.4,7.8,16.0,2012,27
27,28,1,0,0,1,20.0,0.0,1.2,0.8,8.6,6.2,5.0,4.0,4.2,1.4,0.8,1.6,14.0,18.8,2012,27
9,19,0,2,3,4,100.0,80.0,2.6,1.8,17.8,13.4,9.0,7.6,6.8,6.6,0.8,0.8,9.2,12.6,2012,28
11,17,1,2,2,-1,80.0,40.0,2.6,1.8,15.6,14.6,8.8,8.0,5.2,5.4,0.8,1.4,9.6,10.4,2012,28
21,32,2,2,1,-5,40.0,20.0,0.8,1.0,13.0,12.0,6.0,7.4,5.4,4.0,1.4,1.4,12.8,19.8,2012,28
12,11,1,2,2,2,80.0,40.0,2.4,1.8,15.6,17.4,9.8,10.0,5.4,5.0,0.6,1.2,11.2,12.6,2012,3
19,0,2,2,1,-1,80.0,40.0,3.0,1.2,18.2,14.0,11.0,7.6,8.2,8.6,1.4,0.6,10.6,10.4,2012,3
22,27,2,1,0,-2,40.0,0.0,1.2,1.0,14.2,9.6,8.0,5.2,6.0,3.0,1.2,1.6,9.4,12.8,2012,3
28,1,0,0,1,-3,20.0,0.0,1.0,0.4,10.2,9.6,5.4,5.2,5.2,3.6,1.0,1.8,14.2,15.2,2012,3
29,9,1,1,1,5,40.0,60.0,1.8,1.8,17.0,9.6,11.0,5.8,8.2,3.6,1.6,1.4,11.8,16.4,2012,3
30,34,0,0,1,-11,40.0,40.0,1.6,0.8,19.4,11.4,11.8,6.2,7.2,3.4,1.4,1.4,9.6,14.4,2012,3
33,18,1,0,0,17,60.0,60.0,2.0,1.8,12.2,17.4,7.6,10.6,6.4,5.6,1.0,1.0,11.8,11.2,2012,3
17,21,1,1,1,3,20.0,0.0,0.8,1.2,16.8,10.2,8.4,5.4,6.4,3.2,1.2,2.0,8.6,15.0,2012,4
0,12,1,3,3,-6,40.0,20.0,2.2,1.8,17.8,14.0,9.0,9.2,6.4,7.4,1.2,2.4,7.6,16.6,2012,10
1,19,0,2,3,14,20.0,80.0,1.2,2.2,10.8,13.0,6.2,7.2,6.0,6.0,1.2,1.2,15.6,14.2,2012,10
11,28,2,2,1,-6,60.0,0.0,2.2,0.6,16.8,5.0,9.0,3.2,6.4,1.6,1.2,1.2,10.8,17.0,2012,10
26,29,1,1,1,7,20.0,20.0,1.8,1.0,13.0,10.4,6.6,5.4,5.0,3.8,2.0,1.4,12.6,16.6,2012,10
27,23,2,1,0,-3,20.0,0.0,1.0,1.0,8.8,8.2,5.2,4.8,4.8,4.2,0.6,2.0,13.0,16.8,2012,10
34,32,0,1,2,5,20.0,0.0,1.4,1.0,13.2,11.8,7.4,7.4,6.0,4.2,1.8,1.8,12.8,16.2,2012,10
9,17,1,1,1,-2,80.0,20.0,2.6,1.6,17.0,14.0,10.0,7.2,6.8,5.0,1.2,1.8,10.6,12.2,2012,11
18,30,2,2,1,-3,80.0,60.0,2.2,2.0,17.8,15.2,11.6,7.4,8.4,7.2,0.8,1.4,9.0,8.0,2012,11
0,30,2,5,2,-1,40.0,60.0,2.2,2.0,16.8,12.2,8.2,5.8,6.8,3.8,1.2,1.6,7.0,10.4,2012,17
17,34,2,3,0,-7,20.0,40.0,0.6,0.8,17.8,9.0,9.2,5.2,8.4,2.8,1.0,1.4,8.4,14.6,2012,17
18,1,2,5,0,-15,80.0,20.0,2.0,0.6,17.0,9.4,10.2,5.2,8.6,4.2,0.6,1.6,8.4,15.8,2012,17
21,29,0,1,2,-6,40.0,20.0,0.8,1.2,13.8,8.8,6.4,4.2,7.8,4.4,1.2,1.2,10.2,13.6,2012,17
22,19,2,1,0,10,40.0,100.0,1.0,2.8,12.4,13.8,7.2,7.2,6.0,5.6,1.2,1.4,9.2,13.0,2012,17
23,26,0,1,3,-1,0.0,0.0,0.6,1.0,16.0,9.2,8.8,4.2,4.8,3.6,1.8,3.6,14.0,16.4,2012,17
24,11,2,2,1,11,0.0,20.0,1.4,1.6,9.8,18.8,4.8,10.8,6.6,5.0,1.8,1.4,12.4,12.8,2012,17
32,9,2,2,1,4,80.0,60.0,1.8,1.8,13.6,10.0,6.8,6.2,6.2,4.0,0.8,0.8,12.6,13.6,2012,17
12,28,0,1,3,-4,60.0,0.0,2.4,0.8,13.2,5.6,7.8,3.6,4.8,2.0,0.8,1.6,14.0,17.4,2012,18
33,27,1,1,1,4,40.0,0.0,1.8,0.8,11.8,10.0,7.0,5.2,5.8,2.6,1.0,1.6,13.4,13.4,2012,19
1,0,1,0,0,13,20.0,40.0,1.4,1.4,12.0,12.2,7.2,7.0,6.2,6.6,1.6,1.0,14.6,11.2,2012,24
11,22,1,1,1,-5,60.0,0.0,2.0,0.6,16.6,9.8,8.8,4.0,6.8,4.0,1.2,1.4,9.8,13.0,2012,24
19,23,2,3,1,-15,80.0,0.0,3.0,0.8,15.2,10.4,8.8,5.6,6.2,4.8,1.6,2.0,9.4,16.2,2012,24
27,12,2,1,0,5,40.0,20.0,0.8,2.0,8.4,13.0,4.6,8.0,4.8,7.0,0.2,2.4,12.4,15.6,2012,24
28,32,0,2,4,3,20.0,20.0,0.6,1.0,10.0,9.8,4.4,5.6,5.0,5.0,0.8,1.6,12.8,16.8,2012,24
34,24,2,3,2,-3,20.0,0.0,1.6,1.0,13.6,9.8,7.8,5.0,5.6,4.4,1.8,1.8,13.2,20.6,2012,24
9,18,1,0,0,5,60.0,40.0,2.0,1.4,14.8,17.2,8.4,9.8,7.4,5.8,1.0,1.0,11.0,9.6,2012,25
26,21,2,2,0,13,20.0,0.0,2.0,1.2,12.4,10.0,5.8,5.0,5.0,3.2,1.8,1.6,11.2,15.6,2012,25
29,17,1,0,0,3,20.0,20.0,1.4,1.8,16.8,13.0,11.0,6.4,8.8,5.4,1.8,1.8,12.6,12.0,2012,25
30,33,2,3,1,-14,40.0,40.0,1.4,0.8,18.4,11.6,11.8,7.2,7.6,6.4,1.4,1.2,9.0,14.8,2012,25
1,24,2,1,0,-2,20.0,0.0,1.2,1.0,12.6,11.6,8.2,6.0,7.4,4.4,1.0,1.6,13.4,19.8,2012,27
28,23,1,0,0,-4,20.0,0.0,1.0,0.8,12.6,10.6,5.8,5.8,6.2,5.6,1.4,2.0,11.6,15.4,2012,27
9,12,1,0,0,-3,40.0,20.0,1.6,2.0,13.6,11.8,7.4,6.4,8.2,6.2,1.0,2.0,11.0,14.6,2012,28
11,0,1,1,1,4,40.0,20.0,2.0,1.0,16.2,12.6,9.2,6.8,6.4,7.4,1.4,1.0,9.0,9.8,2012,28
19,33,2,1,0,-16,80.0,40.0,3.0,1.0,14.2,12.2,8.6,7.2,6.4,6.0,1.4,1.2,8.6,17.8,2012,28
26,22,1,1,1,6,40.0,0.0,2.0,0.6,12.8,9.4,6.2,4.0,5.0,4.0,1.2,1.4,9.2,12.8,2012,28
27,21,2,2,1,9,60.0,0.0,1.0,1.2,9.4,9.4,4.4,4.6,6.2,3.2,0.2,1.6,10.8,16.8,2012,28
29,32,2,3,1,1,20.0,40.0,1.0,1.6,17.4,10.0,10.6,5.8,8.6,4.4,1.4,1.8,16.0,17.0,2012,28
30,17,2,2,1,-4,60.0,20.0,1.8,1.8,20.4,14.4,12.6,7.8,7.6,6.0,1.4,1.2,9.0,12.4,2012,28
34,18,0,0,2,14,40.0,40.0,1.8,1.0,15.6,17.2,9.0,10.2,7.0,7.2,1.8,0.6,13.2,7.6,2012,28
0,29,0,0,2,-8,60.0,20.0,3.2,0.6,16.6,9.4,9.4,4.4,6.6,4.6,1.6,1.4,7.6,15.0,2012,1
12,30,0,0,3,5,40.0,60.0,1.6,2.2,14.6,11.0,8.6,5.4,4.4,4.0,1.4,2.2,15.6,11.8,2012,1
17,26,2,1,0,-10,40.0,20.0,1.2,1.2,18.8,11.6,9.8,6.0,8.4,5.6,0.6,3.2,8.0,15.0,2012,1
18,11,1,1,1,-6,80.0,20.0,2.4,1.8,17.4,20.6,9.4,12.0,8.8,7.0,0.4,1.4,8.6,12.4,2012,1
23,1,1,1,1,1,0.0,20.0,0.8,0.4,14.6,8.8,8.0,5.0,4.6,3.8,1.4,2.4,15.8,16.8,2012,1
24,19,0,3,4,16,20.0,80.0,1.6,2.2,10.4,12.6,5.0,7.2,7.2,6.6,1.8,1.2,15.4,12.0,2012,1
32,27,0,0,1,-4,80.0,0.0,1.8,0.6,12.4,9.2,6.4,4.8,5.0,3.2,1.0,1.4,14.0,14.8,2012,1
33,9,2,3,1,12,20.0,40.0,1.4,1.6,11.6,12.8,6.8,8.0,7.0,6.2,1.2,1.2,13.0,12.8,2012,1
22,28,2,2,1,-1,60.0,20.0,1.0,1.0,11.8,7.2,7.4,4.8,4.8,2.8,1.0,1.4,10.4,18.2,2012,2
21,34,2,3,0,-10,40.0,20.0,0.8,0.4,16.0,8.4,7.2,4.2,6.8,3.2,1.4,2.0,10.6,16.2,2012,3
0,32,2,2,0,-7,40.0,40.0,2.0,1.8,14.6,9.2,8.6,4.6,6.6,4.0,1.8,1.8,8.2,15.0,2012,8
1,27,1,0,0,2,20.0,20.0,1.0,0.8,12.2,7.8,7.0,4.4,6.8,3.6,1.0,1.2,13.6,14.2,2012,8
26,24,2,1,0,0,20.0,0.0,1.4,1.0,12.0,12.2,5.8,7.0,5.4,4.8,1.2,1.6,9.4,21.0,2012,8
28,9,0,1,3,7,20.0,40.0,0.8,1.8,14.0,13.4,6.6,8.0,6.8,6.4,1.2,1.8,10.2,14.0,2012,8
29,22,0,3,4,-1,40.0,0.0,1.6,0.8,16.4,9.6,10.0,4.4,8.0,4.4,1.0,1.4,11.2,11.2,2012,8
34,23,1,2,2,-2,40.0,0.0,1.6,0.6,13.8,11.4,8.0,6.4,6.6,5.4,1.8,1.6,13.8,14.4,2012,8
11,30,2,2,1,3,40.0,60.0,1.8,2.2,15.6,8.6,9.2,4.4,7.0,3.4,1.2,2.0,9.2,12.6,2012,9
18,19,0,2,3,-1,80.0,80.0,2.4,2.6,16.4,13.0,8.6,7.4,8.0,6.2,0.4,1.6,8.2,11.4,2012,9
33,17,0,2,3,10,40.0,20.0,1.8,1.8,10.8,13.2,7.2,7.8,7.8,7.0,1.2,1.4,15.4,14.0,2012,9
12,21,2,2,1,4,20.0,0.0,1.0,1.0,11.6,8.6,6.2,4.4,3.8,3.0,2.0,1.6,15.6,15.6,2012,10
28,24,2,3,0,-5,0.0,0.0,0.8,0.6,14.6,11.8,7.4,6.2,7.4,5.0,1.8,1.4,10.8,19.6,2012,11
17,1,0,1,3,-8,60.0,20.0,1.2,0.4,21.0,8.6,10.4,5.2,9.0,3.8,0.2,1.8,8.0,17.8,2012,15
19,28,2,3,1,-11,80.0,20.0,2.4,1.0,15.4,9.6,9.2,5.6,6.4,3.8,1.4,1.6,8.8,15.6,2012,15
21,18,0,1,3,4,40.0,60.0,1.2,1.2,16.0,17.2,7.2,9.2,6.8,7.4,1.4,0.4,10.8,8.6,2012,15
22,34,2,2,1,-3,80.0,20.0,1.4,0.4,9.2,8.6,5.6,4.2,3.6,3.0,1.2,1.8,11.8,16.0,2012,15
23,12,2,2,1,8,0.0,0.0,1.0,1.6,16.0,11.0,9.2,6.0,6.4,5.2,1.6,1.8,14.6,14.4,2012,15
27,11,1,1,1,7,80.0,0.0,1.2,1.4,10.8,16.2,4.8,9.2,6.4,6.8,0.2,1.6,9.2,10.6,2012,15
30,29,2,1,0,-7,60.0,40.0,1.8,1.0,19.6,9.8,11.2,5.4,5.8,4.6,1.4,1.0,10.0,13.6,2012,16
32,33,1,0,0,-8,60.0,40.0,1.6,1.0,13.4,12.2,7.8,7.0,4.2,6.0,1.2,1.4,13.6,18.4,2012,16
24,0,0,2,5,15,20.0,20.0,2.0,1.0,11.6,13.0,6.0,7.8,7.0,7.8,2.0,1.0,13.0,9.8,2012,17
17,12,2,4,0,-1,60.0,0.0,1.4,1.4,23.0,9.4,12.8,5.6,9.4,4.2,0.8,1.8,8.8,15.6,2012,22
18,24,2,1,0,-17,60.0,0.0,2.2,0.6,14.4,12.6,7.6,6.2,6.6,5.6,1.0,1.8,8.2,18.2,2012,22
21,23,2,1,0,-12,40.0,0.0,1.4,0.6,16.8,10.4,8.2,6.0,7.6,5.2,1.4,1.4,11.6,14.6,2012,22
26,28,0,0,1,5,40.0,20.0,1.2,1.2,13.0,10.6,6.4,6.4,5.2,4.8,0.8,1.6,7.8,13.4,2012,22
30,27,1,0,0,-10,60.0,20.0,1.6,0.8,19.8,7.0,12.4,3.8,6.0,3.0,1.4,1.2,9.2,12.8,2012,22
32,22,2,2,1,-2,40.0,20.0,1.0,1.4,14.6,10.2,8.2,5.2,5.4,4.4,0.8,1.2,13.0,11.4,2012,22
33,11,0,1,2,11,40.0,0.0,2.0,1.2,11.2,14.8,7.8,8.0,7.4,7.2,1.2,1.4,14.6,11.4,2012,22
34,0,0,0,1,12,40.0,20.0,1.6,1.4,14.6,14.0,8.6,8.4,7.4,6.0,1.8,1.2,12.2,9.8,2012,22
9,1,2,8,0,-10,20.0,40.0,1.4,1.0,13.6,8.8,8.2,5.4,7.6,4.2,1.0,1.6,10.0,18.4,2012,23
29,19,1,1,1,9,40.0,80.0,1.8,2.6,15.6,12.2,8.8,6.2,7.0,5.4,1.4,2.0,11.6,12.0,2012,23
1,30,0,0,4,12,20.0,40.0,0.8,1.8,10.2,8.2,6.4,4.4,5.2,3.2,0.8,2.0,11.0,13.0,2012,26
11,34,2,2,1,-8,40.0,20.0,1.6,0.6,15.6,9.4,9.6,4.8,5.8,3.4,1.2,2.0,9.2,17.0,2012,26
12,26,1,1,1,-9,40.0,20.0,1.2,1.0,13.4,11.4,7.0,6.0,4.4,5.8,1.8,2.2,15.4,15.8,2012,26
19,21,2,4,3,-3,100.0,0.0,2.6,0.8,15.4,11.0,8.8,6.4,6.4,3.2,1.0,1.6,9.4,16.0,2012,26
22,9,0,0,1,6,100.0,40.0,1.4,2.0,10.4,13.6,6.2,8.0,4.0,5.6,0.4,1.8,12.2,14.0,2012,26
23,32,0,1,2,7,20.0,40.0,1.2,1.6,17.2,7.8,9.2,3.6,6.2,4.0,1.4,2.0,12.4,14.4,2012,26
24,29,1,0,0,7,20.0,40.0,2.0,1.0,10.2,9.0,5.6,5.4,6.4,3.6,2.6,0.8,16.4,16.4,2012,26
27,17,2,3,1,6,60.0,20.0,1.0,1.4,11.6,14.4,5.4,8.2,6.0,7.0,0.4,1.4,9.4,13.8,2012,26
28,18,2,1,0,12,20.0,60.0,1.2,1.4,14.6,16.2,8.4,8.8,7.0,8.0,1.6,0.4,11.2,10.6,2012,26
0,21,2,7,3,-2,60.0,0.0,2.2,1.2,15.0,12.2,9.0,7.2,6.8,2.8,1.4,2.2,7.6,16.0,2012,29
1,34,0,0,3,1,20.0,20.0,0.6,0.6,9.6,9.4,5.6,4.6,5.0,3.4,1.4,2.0,12.2,16.8,2012,29
12,29,0,1,2,-2,20.0,40.0,1.2,1.0,12.0,9.2,5.8,5.2,3.8,4.4,2.0,0.6,15.0,15.0,2012,29
19,32,2,2,0,-8,100.0,60.0,2.6,1.8,16.0,8.6,9.2,4.0,6.2,5.0,1.2,1.8,11.0,16.0,2012,29
22,18,0,3,4,11,80.0,40.0,1.2,1.0,10.6,15.8,6.4,8.6,4.6,7.6,0.6,0.4,13.6,9.8,2012,29
24,33,2,1,0,0,20.0,20.0,1.4,0.6,7.8,10.8,4.2,5.4,6.4,3.8,2.0,1.2,15.2,19.6,2012,29
27,26,1,3,3,-4,80.0,20.0,1.6,1.0,10.8,11.2,5.4,6.2,5.8,6.2,0.6,1.8,10.6,14.4,2012,29
28,30,0,1,2,9,40.0,40.0,1.4,2.2,14.8,10.0,9.4,6.8,6.4,5.8,1.4,1.8,13.2,11.6,2012,29
11,9,0,1,2,1,60.0,40.0,1.6,1.4,15.6,15.4,9.8,8.8,6.2,6.2,1.0,1.4,8.8,11.0,2012,30
23,17,0,0,3,9,20.0,20.0,1.2,1.2,18.0,14.4,9.6,8.4,8.0,7.6,1.6,1.6,12.8,11.8,2012,30
18,27,2,3,0,-13,60.0,20.0,2.2,0.4,15.8,6.2,8.6,3.0,8.4,3.2,1.0,0.4,7.6,14.4,2013,1
26,0,1,1,1,15,40.0,40.0,1.0,1.6,13.4,13.4,6.6,8.6,6.4,4.8,0.6,1.0,7.6,11.0,2013,1
29,1,1,2,2,-5,20.0,40.0,1.6,1.0,14.8,8.4,8.6,5.4,5.8,4.2,1.4,3.0,13.4,19.8,2013,1
30,24,2,3,1,-14,60.0,0.0,1.2,0.4,19.4,10.2,12.0,4.8,6.8,4.6,0.6,1.8,7.8,17.0,2013,1
32,12,0,1,2,1,60.0,0.0,1.2,0.8,13.8,7.6,8.2,5.2,5.4,3.0,0.6,2.0,10.8,17.0,2013,1
33,22,2,2,1,6,20.0,20.0,1.4,1.4,10.6,9.4,7.2,4.8,6.8,3.8,1.4,1.4,15.4,12.4,2013,1
34,19,0,0,4,13,20.0,60.0,1.2,2.2,13.8,13.0,7.0,8.0,7.0,5.4,1.8,1.8,11.2,12.0,2013,1
9,23,0,0,1,-11,20.0,0.0,2.2,0.6,14.4,10.6,9.2,6.2,7.2,5.4,0.8,1.4,10.0,14.0,2013,2
17,28,2,3,0,-5,60.0,40.0,2.0,1.4,22.8,11.4,12.6,7.0,9.8,5.2,0.8,1.6,8.6,13.8,2013,2
21,11,0,1,2,-2,40.0,20.0,1.2,1.4,18.4,15.8,8.6,8.8,8.4,7.4,1.2,1.4,11.0,9.8,2013,2
1,26,0,0,1,-2,20.0,20.0,0.2,1.4,9.8,10.6,5.0,6.8,4.8,6.4,1.4,1.6,10.8,14.6,2013,12
11,29,1,0,0,-4,40.0,60.0,1.4,1.2,14.8,10.2,9.0,6.4,6.4,4.8,1.2,0.6,10.6,17.2,2013,12
12,34,1,1,1,-6,20.0,20.0,1.0,1.0,14.8,9.8,7.4,5.0,4.6,3.4,2.0,2.0,11.8,16.4,2013,12
22,21,1,0,0,7,60.0,0.0,1.6,1.6,10.8,12.2,6.4,8.2,3.6,3.4,1.4,3.4,14.6,15.2,2013,12
23,30,1,0,0,13,20.0,60.0,1.0,2.4,16.2,12.4,8.6,9.2,6.6,7.0,2.0,1.6,12.4,10.2,2013,12
24,32,2,3,2,8,40.0,40.0,1.6,1.4,7.0,9.8,4.0,5.0,4.8,4.6,2.0,2.0,15.4,16.6,2013,12
27,9,0,0,4,8,60.0,60.0,2.0,1.6,10.8,16.2,6.0,9.4,6.2,6.4,1.2,1.4,8.8,11.6,2013,12
28,33,2,3,0,-5,40.0,20.0,1.2,0.4,12.8,10.0,8.2,3.8,5.6,3.0,1.0,1.0,14.6,16.8,2013,12
0,18,0,0,2,2,60.0,60.0,3.4,1.8,14.0,14.8,9.2,8.8,6.8,8.0,2.0,1.0,8.8,11.2,2013,13
19,17,2,2,1,-6,100.0,40.0,2.6,1.6,17.2,15.8,10.6,9.6,6.8,8.0,1.0,1.4,12.2,12.2,2013,13
9,26,1,2,2,-12,20.0,40.0,1.8,1.6,16.2,11.0,9.2,6.6,8.4,6.2,0.4,1.2,8.6,14.6,2013,16
17,22,2,5,0,-4,80.0,20.0,2.4,1.6,24.2,9.2,13.4,4.8,8.8,3.8,0.6,1.8,7.8,13.8,2013,19
18,12,2,2,0,-8,60.0,20.0,2.4,0.6,16.0,7.8,8.8,5.2,8.2,2.8,0.8,1.6,7.2,17.4,2013,19
21,24,0,1,2,-13,40.0,0.0,1.4,0.2,18.4,8.4,9.0,3.6,7.0,4.2,1.4,1.8,10.4,19.2,2013,19
29,27,2,3,1,-3,20.0,20.0,1.8,0.4,17.6,5.4,9.8,3.0,4.8,3.4,1.6,0.8,12.8,15.4,2013,19
32,1,1,2,2,-6,40.0,20.0,1.0,1.2,14.0,8.2,9.0,5.4,5.8,3.2,1.0,3.4,11.0,22.2,2013,19
33,23,1,1,1,1,40.0,20.0,1.8,0.8,12.2,8.8,8.6,5.6,8.4,4.8,1.6,1.2,13.6,16.6,2013,19
34,28,0,2,3,2,20.0,40.0,1.0,1.2,12.4,11.4,6.4,7.2,6.2,5.8,2.2,1.8,12.6,16.0,2013,19
9,0,2,2,1,3,20.0,40.0,2.0,1.6,17.6,13.2,10.6,8.8,8.4,5.2,0.6,0.8,8.2,10.6,2013,20
30,19,1,1,1,2,80.0,60.0,1.8,2.4,22.8,12.6,14.0,8.4,7.4,5.4,0.6,1.4,7.8,11.4,2013,20
26,11,1,0,0,11,40.0,40.0,1.0,1.4,13.0,12.0,6.8,7.0,5.0,6.8,0.6,1.2,7.8,11.0,2013,21
0,33,2,5,1,-15,60.0,0.0,2.8,0.2,12.8,9.8,8.2,3.6,5.6,3.4,1.8,1.6,10.2,17.6,2013,23
1,21,0,1,2,11,20.0,0.0,0.2,1.6,11.0,12.4,5.4,8.4,5.2,3.6,1.6,3.0,10.4,14.2,2013,29
23,18,1,0,0,16,20.0,80.0,0.8,2.2,14.4,15.8,7.4,9.2,6.2,7.2,1.4,1.0,11.4,12.0,2013,29
27,34,1,2,2,-1,40.0,20.0,1.8,1.2,10.6,11.0,6.4,5.6,6.0,4.0,2.0,1.6,9.4,14.8,2013,29
28,29,1,0,0,2,60.0,40.0,1.8,0.8,13.8,8.0,9.4,5.0,5.4,4.2,1.0,0.4,13.8,15.0,2013,29
0,17,1,2,2,-5,60.0,40.0,2.8,1.8,14.8,14.0,9.6,7.8,7.0,7.0,1.6,1.8,10.4,11.8,2013,30
11,32,2,2,1,-3,40.0,20.0,1.2,1.0,15.2,9.8,8.8,5.0,7.0,5.0,1.0,2.2,9.8,14.2,2013,30
12,33,2,3,1,-9,20.0,0.0,1.0,0.2,14.0,9.2,5.8,3.4,5.0,4.0,1.6,2.0,12.4,17.2,2013,30
19,26,2,2,1,-16,100.0,20.0,2.4,1.4,17.2,8.2,10.6,4.2,5.6,4.2,1.0,1.4,12.6,15.8,2013,30
22,30,1,1,1,8,40.0,60.0,1.4,2.0,11.2,14.4,6.0,10.0,4.6,7.0,1.4,0.6,14.0,8.4,2013,30
24,9,1,2,2,12,40.0,80.0,1.8,2.2,6.0,14.6,4.6,8.8,5.0,5.4,2.2,1.0,13.4,12.2,2013,30
0,27,2,1,0,-11,60.0,20.0,3.2,0.4,15.6,4.4,9.2,2.2,7.0,3.8,1.6,1.2,10.0,14.6,2013,2
11,1,1,3,3,-9,60.0,20.0,1.4,1.6,14.6,8.4,7.6,5.2,6.8,4.0,1.0,2.8,8.8,23.0,2013,2
12,19,0,0,1,7,40.0,60.0,1.6,2.6,15.0,11.4,6.6,7.4,5.0,3.8,1.2,1.4,12.0,14.0,2013,2
21,9,2,3,2,-1,40.0,80.0,1.4,2.4,16.0,14.2,9.0,8.0,7.2,5.6,1.4,0.8,8.6,10.0,2013,2
23,22,1,0,0,5,20.0,20.0,0.6,1.4,12.0,8.6,5.6,4.6,4.4,4.2,1.2,2.6,13.0,14.4,2013,2
24,28,2,2,1,5,40.0,40.0,1.6,1.2,5.0,11.0,3.6,6.4,3.8,5.0,1.8,2.0,14.2,16.4,2013,2
33,29,2,1,0,7,40.0,20.0,1.8,0.4,13.4,9.2,9.0,4.6,8.4,4.0,1.6,0.4,13.0,13.8,2013,2
34,26,1,2,2,-3,0.0,20.0,0.8,1.6,12.6,10.8,6.4,5.4,6.2,5.0,2.4,1.6,11.4,13.2,2013,2
18,17,1,2,2,-7,60.0,40.0,1.8,2.0,15.8,13.2,9.4,7.0,6.6,5.8,0.8,1.8,5.8,11.8,2013,3
32,30,0,0,1,6,20.0,40.0,1.0,1.6,17.4,14.8,9.6,10.2,7.4,8.0,1.2,0.8,9.4,8.4,2013,3
9,34,2,4,1,-9,40.0,20.0,2.4,1.6,19.2,11.4,12.0,6.0,7.8,3.4,0.8,1.4,8.4,13.4,2013,9
22,12,1,0,0,3,20.0,20.0,1.2,0.6,11.4,6.8,5.8,4.2,4.8,2.8,1.4,1.8,13.2,19.0,2013,9
26,18,2,3,1,17,20.0,60.0,0.6,1.8,12.4,15.8,7.0,9.4,6.2,8.0,0.6,1.0,8.2,11.2,2013,9
27,24,2,2,1,-4,20.0,20.0,1.8,0.6,10.2,7.4,6.2,2.8,4.6,4.0,2.2,1.8,10.2,19.2,2013,9
28,0,0,0,1,10,60.0,40.0,1.6,1.8,11.8,13.0,7.8,9.2,3.8,5.8,0.4,1.2,15.2,11.2,2013,9
29,23,2,4,1,-6,40.0,20.0,2.4,0.8,16.6,8.6,9.4,5.6,4.8,3.8,1.8,0.8,10.0,18.0,2013,9
30,21,2,2,1,-1,60.0,20.0,1.4,1.8,22.4,13.0,15.0,8.6,8.4,4.0,0.6,2.8,7.0,14.0,2013,9
1,33,2,2,1,-2,0.0,0.0,0.2,0.4,10.0,9.0,4.8,3.6,4.2,4.6,2.0,2.4,10.2,15.2,2013,10
19,11,2,2,0,-5,100.0,40.0,2.6,1.2,14.8,9.8,9.4,6.2,5.4,5.4,1.2,0.8,15.0,11.4,2013,10
17,32,0,0,2,-2,80.0,20.0,2.8,1.0,23.2,10.0,13.2,5.4,8.8,5.0,0.6,2.0,7.0,13.8,2013,11
17,29,2,5,0,-3,60.0,20.0,2.6,0.4,23.0,10.6,13.8,6.0,9.4,4.0,1.0,0.4,6.2,12.6,2013,17
0,1,2,2,1,-13,60.0,20.0,3.0,2.0,15.4,8.6,9.6,5.4,7.8,3.6,1.6,3.2,9.8,24.0,2013,23
12,27,2,1,0,-5,20.0,0.0,1.2,0.2,14.8,4.4,6.8,1.8,5.0,3.0,1.2,1.4,10.6,14.8,2013,23
22,11,2,2,1,5,0.0,40.0,0.8,1.0,11.2,10.0,5.4,6.8,4.0,6.2,1.2,1.0,12.2,11.6,2013,23
23,19,0,0,2,15,0.0,60.0,0.2,2.0,11.2,12.0,5.2,8.0,5.8,5.2,1.0,0.8,14.6,15.0,2013,23
24,34,0,0,3,3,60.0,20.0,1.6,1.6,5.4,11.6,3.6,6.8,4.4,4.0,1.0,1.8,11.2,15.2,2013,23
32,28,2,2,1,-3,20.0,40.0,1.0,1.2,15.4,9.8,8.0,6.4,6.8,5.4,1.2,2.0,12.4,16.8,2013,23
18,9,2,2,0,-5,60.0,60.0,2.0,2.2,15.8,14.4,9.2,8.2,7.4,6.2,1.0,1.2,8.4,11.0,2013,24
21,26,2,4,2,-13,40.0,20.0,1.4,1.8,16.6,12.4,10.0,6.2,7.4,5.0,1.8,1.8,9.2,12.2,2013,24
33,30,0,2,3,14,40.0,60.0,1.4,1.6,13.8,17.4,8.2,11.6,6.6,10.6,1.4,0.4,12.0,5.8,2013,25
9,32,2,1,0,-4,60.0,40.0,3.2,1.4,20.8,9.4,12.8,5.6,7.8,5.2,1.0,1.6,9.4,15.2,2013,2
11,24,2,3,1,-11,40.0,20.0,1.6,0.8,15.6,7.2,8.0,3.2,9.0,3.8,1.4,2.0,8.8,18.2,2013,2
19,22,2,4,0,-10,100.0,20.0,2.4,1.2,13.8,9.6,9.4,5.4,5.0,4.4,1.0,2.4,14.2,15.8,2013,2
26,23,0,1,2,1,40.0,20.0,1.0,1.0,13.4,8.8,8.0,5.4,6.8,2.6,0.6,1.6,7.8,18.0,2013,2
27,33,0,0,1,-4,40.0,0.0,2.0,0.6,10.0,9.6,6.6,4.6,6.0,6.2,2.2,2.8,9.4,12.8,2013,2
28,12,1,2,2,4,40.0,20.0,1.0,0.6,11.0,6.6,7.0,3.8,4.8,3.2,0.6,1.8,16.4,18.6,2013,2
29,21,2,1,0,6,40.0,20.0,2.6,1.8,16.6,10.8,10.2,7.4,4.8,4.2,1.8,2.8,11.6,14.0,2013,2
34,17,0,0,4,7,0.0,20.0,1.2,1.8,11.8,14.2,6.2,7.8,6.6,6.8,2.4,1.8,11.4,11.8,2013,2
30,0,2,2,1,1,60.0,60.0,1.4,1.8,22.8,14.2,15.4,9.2,10.4,5.0,0.6,1.0,6.0,10.8,2013,3
1,18,0,0,1,15,20.0,40.0,0.6,1.4,9.6,14.0,4.2,8.2,4.4,7.8,2.2,1.4,12.6,10.4,2013,4
22,26,1,0,0,-6,20.0,20.0,1.2,1.6,11.6,13.0,6.4,6.2,4.4,4.8,1.2,2.0,10.4,12.4,2013,9
23,28,2,3,1,4,0.0,40.0,0.0,1.2,10.0,9.2,4.6,5.6,3.4,4.6,1.0,1.8,14.8,17.2,2013,9
24,1,0,1,2,2,60.0,0.0,1.6,1.6,6.2,7.8,3.4,4.8,3.6,3.8,1.6,3.4,12.0,23.6,2013,9
32,29,2,2,1,-1,40.0,20.0,1.4,0.4,15.0,9.4,7.4,5.8,6.2,3.4,1.4,1.4,12.4,18.6,2013,9
17,30,2,3,2,4,80.0,60.0,3.4,1.4,24.4,18.4,14.0,11.6,10.0,9.8,0.4,0.8,5.2,6.6,2013,10
21,27,2,2,1,-9,60.0,0.0,2.0,0.2,15.4,5.6,9.4,2.2,6.4,3.4,1.6,1.6,8.2,17.0,2013,10
1,23,2,3,2,-1,20.0,40.0,0.6,1.0,10.8,8.2,5.0,5.2,5.2,2.4,1.6,1.4,12.6,18.6,2013,16
11,18,2,2,0,6,40.0,60.0,1.8,1.6,15.8,14.2,8.6,8.2,8.6,7.4,1.4,1.2,9.2,10.0,2013,16
19,24,2,1,0,-16,100.0,20.0,2.4,1.0,13.2,7.2,9.4,3.4,6.0,4.2,0.4,2.0,11.2,18.6,2013,16
26,17,2,3,1,10,20.0,40.0,1.0,2.4,13.2,13.4,8.0,8.0,6.6,5.8,1.0,1.2,7.6,13.4,2013,16
27,32,1,0,0,4,20.0,20.0,1.4,1.0,10.6,8.6,5.8,5.2,5.6,4.8,2.2,1.6,9.0,16.6,2013,16
29,0,0,0,2,8,60.0,40.0,2.2,1.0,14.4,11.2,9.6,7.0,5.0,4.8,1.0,1.0,12.4,11.6,2013,16
9,33,2,2,0,-12,60.0,20.0,1.8,0.8,21.0,9.4,13.0,5.4,8.0,6.2,1.0,2.6,9.6,14.2,2013,17
28,22,1,1,1,1,20.0,0.0,1.2,0.4,11.0,7.8,7.0,4.0,5.6,4.6,1.0,2.6,14.0,14.2,2013,17
30,12,0,0,1,-5,60.0,20.0,1.6,0.8,20.2,6.8,13.2,4.0,9.4,3.2,0.8,1.8,7.2,17.2,2013,17
34,21,2,2,1,10,0.0,20.0,0.8,1.2,12.0,10.4,6.6,6.6,5.2,5.2,2.8,2.2,11.4,12.8,2013,17
0,24,2,4,1,-15,60.0,20.0,2.0,1.0,17.0,7.0,10.0,3.4,9.2,4.4,1.2,2.0,8.8,18.6,2013,30
11,27,2,1,0,-7,60.0,0.0,2.0,0.4,15.6,6.2,8.4,2.6,9.8,3.4,1.0,2.0,9.6,15.6,2013,30
18,21,2,4,0,-4,80.0,20.0,2.0,0.8,15.6,10.2,9.2,5.8,7.0,4.6,0.4,1.2,7.6,12.2,2013,30
26,9,2,2,1,12,40.0,40.0,1.6,2.0,14.0,11.2,9.0,6.2,6.4,6.0,1.0,1.6,7.2,12.4,2013,30
28,19,0,0,1,11,20.0,60.0,1.2,1.8,12.4,13.0,7.4,9.0,6.0,5.6,0.8,0.4,11.8,14.2,2013,30
29,30,0,1,2,7,60.0,40.0,2.0,1.4,13.4,17.8,8.0,10.6,5.0,9.0,1.2,1.2,11.6,6.8,2013,30
33,32,2,3,1,8,40.0,20.0,1.4,1.0,13.6,7.8,8.2,4.4,7.4,3.8,1.4,1.2,13.8,15.8,2013,30
34,22,2,1,0,3,20.0,0.0,1.2,0.4,12.0,7.2,7.6,3.8,5.8,5.4,2.8,2.4,11.2,15.0,2013,30
1,17,0,1,2,8,40.0,20.0,1.2,2.0,10.6,11.8,5.4,7.0,6.2,5.0,1.4,1.8,14.4,14.0,2013,31
12,23,2,3,2,-8,40.0,40.0,1.2,1.4,16.8,10.8,8.2,6.6,6.2,3.0,1.0,1.8,10.6,17.0,2013,1
22,29,1,2,2,1,20.0,0.0,0.6,0.2,9.6,9.2,5.2,4.8,3.8,2.4,0.4,1.6,10.8,16.6,2013,6
24,26,0,0,2,0,40.0,0.0,1.6,1.4,7.6,13.8,3.8,6.8,4.4,5.2,2.0,2.0,13.4,9.8,2013,6
27,1,0,1,3,-2,20.0,20.0,0.8,2.0,11.2,10.0,5.2,5.4,5.6,3.2,1.6,2.0,9.2,20.8,2013,6
32,0,0,1,2,7,40.0,40.0,1.4,1.2,15.0,12.2,7.0,7.6,5.6,5.4,1.4,1.0,12.2,10.8,2013,6
9,28,2,2,1,-7,80.0,20.0,2.2,1.2,21.2,8.6,13.6,5.0,6.2,4.6,0.8,2.4,11.0,17.6,2013,7
17,33,1,0,0,-10,80.0,20.0,3.2,0.8,22.0,10.6,12.4,6.4,8.6,6.0,0.8,2.4,6.8,15.4,2013,7
21,12,2,1,0,-4,60.0,40.0,2.2,1.0,14.6,6.6,9.0,3.2,7.2,3.8,1.8,1.0,8.6,15.2,2013,7
23,34,1,1,1,2,20.0,40.0,0.6,2.0,10.2,12.4,4.8,7.2,4.0,5.4,0.6,1.4,13.0,13.2,2013,7
30,11,1,2,2,-3,60.0,40.0,1.6,1.0,18.4,10.4,11.6,6.8,8.2,5.6,1.0,1.2,7.6,10.8,2013,7
19,18,0,1,2,1,100.0,40.0,2.2,0.8,13.2,15.0,8.2,8.6,5.2,6.8,0.4,1.0,9.6,9.6,2013,8
0,22,2,3,1,-9,80.0,0.0,2.8,0.2,19.8,7.2,12.0,4.2,11.0,5.4,1.0,2.2,6.4,14.8,2013,13
1,12,1,1,1,7,40.0,20.0,1.4,0.6,9.4,5.6,4.8,2.8,5.8,3.4,1.6,1.0,15.4,15.8,2013,13
11,23,2,2,0,-10,80.0,20.0,2.2,1.6,15.4,13.0,8.6,7.8,9.2,3.8,1.0,2.4,10.8,14.2,2013,13
24,17,1,0,0,10,20.0,40.0,1.0,2.2,7.8,12.6,3.0,8.4,4.4,6.4,2.0,1.6,13.6,13.0,2013,13
26,33,1,1,1,0,60.0,20.0,1.8,0.6,14.8,11.2,9.4,6.2,7.2,5.4,1.0,1.4,7.4,14.6,2013,13
21,28,0,0,3,-8,80.0,20.0,2.2,1.4,15.8,8.8,8.8,4.6,8.4,4.6,1.4,2.2,8.2,15.0,2013,14
27,19,0,0,2,12,20.0,80.0,1.0,1.8,10.2,11.2,4.6,7.0,5.2,5.6,1.4,0.2,9.2,13.2,2013,14
0,11,1,0,0,-4,80.0,20.0,2.4,1.0,17.2,9.2,10.0,6.2,10.2,5.8,1.0,1.4,6.0,13.4,2013,16
12,9,0,0,3,3,60.0,20.0,1.6,1.8,14.2,9.6,6.6,5.0,5.0,6.0,1.0,1.8,12.4,12.6,2013,17
18,34,2,1,0,-14,80.0,20.0,2.6,1.6,16.0,13.8,9.4,8.0,6.4,6.8,0.4,1.6,7.4,12.2,2013,17
33,19,1,2,2,16,60.0,80.0,1.8,1.4,15.2,10.2,8.8,5.8,7.8,5.8,1.2,0.2,14.2,14.4,2013,17
12,0,0,0,1,6,60.0,60.0,1.4,1.4,13.6,13.2,7.0,8.0,5.0,5.6,1.4,1.0,12.0,12.2,2013,20
22,24,2,2,1,-6,20.0,20.0,1.0,1.0,9.6,6.4,6.4,3.0,3.2,4.4,0.8,2.2,12.2,17.2,2013,20
23,27,0,0,2,3,20.0,0.0,0.8,0.4,10.6,7.4,5.0,3.0,4.0,3.6,0.8,1.6,13.0,15.2,2013,20
28,11,2,1,0,6,0.0,0.0,0.6,0.6,10.6,9.8,5.4,6.0,5.8,4.8,1.0,1.2,12.0,12.6,2013,20
29,26,1,0,0,-7,60.0,20.0,1.8,1.4,11.0,14.8,6.0,7.0,5.4,5.4,1.2,1.6,11.8,7.6,2013,20
32,21,1,1,1,5,40.0,20.0,1.4,0.8,14.8,9.4,6.0,5.2,4.8,4.2,1.4,2.0,12.4,13.6,2013,20
33,34,2,2,0,3,40.0,20.0,1.8,1.4,14.4,12.4,8.0,8.0,6.0,6.0,1.4,1.6,15.4,11.4,2013,20
17,9,1,2,2,2,60.0,20.0,2.6,1.6,20.4,10.0,11.6,5.2,9.2,5.6,0.8,1.8,7.6,12.6,2013,21
30,18,2,3,1,3,40.0,40.0,1.4,0.8,16.2,13.6,9.6,7.8,7.2,6.2,1.2,1.2,8.0,11.0,2013,21
19,1,2,3,0,-14,80.0,40.0,2.0,2.2,13.4,10.6,7.6,5.8,6.4,3.2,0.6,1.8,9.0,17.4,2013,22
11,12,2,1,0,-2,80.0,20.0,2.2,0.8,16.0,6.6,9.8,3.4,10.8,4.0,0.8,0.8,11.0,14.8,2013,27
18,33,2,2,1,-17,80.0,20.0,2.2,0.6,14.6,10.8,8.4,6.2,6.0,4.6,0.4,1.0,8.2,15.0,2013,27
21,17,0,0,6,-3,80.0,40.0,2.0,1.8,15.8,15.8,8.6,10.4,9.2,7.0,1.6,1.2,8.6,11.6,2013,27
26,32,0,0,3,8,60.0,20.0,2.0,0.8,15.0,9.0,9.4,5.4,6.6,3.6,1.2,1.2,6.6,17.2,2013,27
27,22,2,1,0,2,20.0,0.0,0.6,0.4,11.0,7.2,4.6,4.6,5.8,5.2,1.4,1.8,8.8,13.4,2013,27
34,30,1,2,2,11,40.0,60.0,1.4,1.8,13.2,16.4,8.2,10.4,7.6,8.2,2.0,1.4,10.2,8.2,2013,27
0,19,1,1,1,1,80.0,80.0,2.0,1.6,16.4,12.0,10.0,6.8,10.2,6.0,0.6,0.4,6.0,11.8,2013,28
9,29,2,2,0,-5,100.0,0.0,2.2,0.6,20.2,11.6,13.0,6.2,7.0,3.2,0.6,2.0,11.0,15.8,2013,28
24,23,1,0,0,1,20.0,20.0,0.6,1.4,8.2,12.8,3.6,7.6,5.2,4.4,1.6,2.6,16.0,12.6,2013,28
1,28,2,6,1,3,40.0,20.0,1.4,1.4,10.4,8.4,5.4,5.0,6.8,6.4,1.4,1.8,15.0,14.0,2013,29
12,24,0,2,4,-9,40.0,0.0,0.8,0.8,12.4,8.0,6.8,3.8,6.0,5.6,1.4,2.4,12.4,18.0,2013,4
22,1,0,1,2,-4,40.0,40.0,1.2,1.8,11.8,10.0,7.4,5.4,4.2,2.2,0.8,2.0,12.6,14.4,2013,4
23,0,0,0,1,14,20.0,80.0,0.8,1.4,14.6,12.8,6.6,7.8,4.6,4.4,1.2,0.6,12.2,11.0,2013,4
29,18,1,0,0,10,40.0,40.0,1.2,1.0,11.4,12.8,6.2,7.8,5.4,5.2,1.0,1.8,12.2,12.2,2013,4
30,26,2,1,0,-14,60.0,20.0,1.8,1.2,13.8,12.4,7.6,6.0,6.2,4.2,1.2,1.2,9.0,8.2,2013,4
32,34,0,2,3,-5,40.0,20.0,1.2,1.0,11.4,13.8,5.0,8.8,6.2,7.0,1.2,1.6,12.2,13.0,2013,4
33,21,1,0,0,13,60.0,0.0,2.0,0.6,13.4,9.4,7.6,5.0,4.2,3.8,1.2,2.0,17.2,13.2,2013,4
17,11,1,0,0,1,40.0,0.0,2.0,0.6,21.6,9.4,12.0,5.6,8.8,5.6,1.2,1.4,8.4,11.4,2013,5
19,9,0,0,1,-4,80.0,20.0,2.2,1.6,13.2,9.0,7.2,5.4,6.6,5.4,0.4,1.8,6.4,16.2,2013,5
28,27,1,1,1,-1,20.0,20.0,0.8,0.6,11.4,8.2,5.8,3.4,5.8,3.4,1.0,1.0,10.0,17.8,2013,6
18,32,2,1,0,-9,80.0,40.0,2.2,1.2,13.8,9.8,8.2,6.4,7.6,4.4,0.6,0.8,9.4,18.2,2013,7
34,29,0,2,3,4,40.0,0.0,1.4,0.6,10.4,10.2,6.8,6.2,6.4,3.0,1.8,2.4,11.0,19.2,2013,7
9,30,1,2,2,2,100.0,60.0,2.2,2.0,21.8,16.8,14.2,10.4,7.6,7.6,0.4,1.6,10.8,7.8,2013,8
1,9,0,1,2,10,40.0,40.0,2.2,1.4,12.6,9.6,8.0,5.4,6.8,6.0,1.4,1.2,13.8,14.4,2013,11
11,33,2,2,0,-11,100.0,20.0,1.8,0.6,15.0,10.0,9.2,6.0,9.2,3.4,0.2,1.0,10.6,16.8,2013,12
12,17,0,1,3,1,40.0,60.0,1.2,2.6,13.0,13.8,7.8,10.0,5.6,6.4,2.0,0.8,13.8,10.8,2013,12
19,29,2,2,1,-9,60.0,20.0,1.8,1.2,13.2,10.0,6.8,6.0,5.6,3.2,0.6,2.6,7.6,18.4,2013,12
22,32,2,4,0,2,40.0,20.0,1.4,0.8,10.6,13.0,6.6,8.0,4.8,5.0,1.2,1.0,13.6,17.8,2013,12
23,21,0,1,2,12,20.0,0.0,0.8,0.4,14.4,9.8,6.4,4.8,3.2,3.4,1.4,1.6,12.0,11.8,2013,12
27,30,0,1,2,10,20.0,40.0,0.4,2.2,10.8,15.2,3.4,9.0,4.6,5.2,1.2,2.0,8.8,10.0,2013,12
28,26,1,1,1,-5,20.0,20.0,1.0,0.8,11.8,11.4,5.8,5.8,4.6,4.2,1.0,1.0,8.6,8.6,2013,12
0,34,2,4,1,-12,60.0,40.0,2.0,1.4,17.2,13.8,10.8,8.4,9.4,6.8,0.8,1.2,6.8,11.4,2013,14
24,18,0,0,2,17,0.0,40.0,0.2,0.8,9.0,13.8,4.0,8.6,5.8,4.8,1.4,1.2,17.0,11.0,2013,14
9,11,2,2,1,-1,80.0,0.0,1.8,0.6,19.8,9.8,12.4,4.8,6.8,5.4,0.6,1.0,10.8,12.6,2013,19
17,23,2,1,0,-9,40.0,20.0,2.0,1.2,20.2,13.0,10.8,7.0,6.8,5.4,0.8,1.8,9.8,12.6,2013,19
18,22,0,2,3,-11,100.0,0.0,2.0,0.4,16.2,5.4,9.0,2.8,7.0,4.2,0.2,2.0,9.2,12.8,2013,19
21,0,0,0,1,2,60.0,80.0,1.4,1.4,13.0,11.8,6.2,8.2,9.2,5.4,2.4,0.6,8.4,11.4,2013,19
26,27,1,1,1,4,40.0,20.0,1.4,0.8,15.6,9.2,8.8,4.4,6.8,4.4,1.6,1.0,7.4,17.6,2013,19
29,12,0,0,3,2,20.0,20.0,0.4,0.8,10.2,6.4,4.0,2.8,5.2,3.6,0.8,1.0,11.8,15.2,2013,19
30,28,2,1,0,-9,60.0,20.0,1.6,1.4,12.0,7.8,6.6,4.6,5.0,5.6,1.0,2.6,9.2,15.8,2013,19
32,19,1,5,5,8,40.0,60.0,1.6,1.6,14.0,11.4,6.6,6.2,7.2,4.8,1.6,0.6,10.6,12.6,2013,19
33,24,2,4,2,0,40.0,20.0,1.8,1.4,11.6,11.0,6.4,5.6,4.6,5.6,1.2,2.4,17.2,19.0,2013,19
34,1,1,2,2,-1,40.0,60.0,1.4,1.6,12.2,10.8,8.4,5.8,5.6,2.8,2.0,1.6,10.0,11.8,2013,19
0,1,0,1,3,-11,60.0,60.0,2.4,1.8,16.2,10.8,10.4,5.6,8.4,2.6,0.8,1.6,7.8,9.4,2013,17
17,27,2,1,0,-6,40.0,20.0,1.2,1.0,19.0,9.2,11.2,4.6,7.6,4.4,0.8,1.0,11.0,15.8,2013,17
22,11,1,2,2,5,40.0,0.0,1.8,0.6,10.8,10.8,6.4,5.6,5.0,5.2,1.0,1.0,13.0,14.6,2013,17
28,12,0,0,1,5,20.0,40.0,0.8,1.0,10.4,6.6,5.6,3.2,3.8,3.0,0.8,0.6,10.2,16.6,2013,17
29,19,0,1,4,8,0.0,40.0,0.2,2.2,12.0,11.2,4.8,6.2,5.4,5.0,1.4,1.6,10.6,13.2,2013,17
32,26,0,0,1,-6,20.0,20.0,2.2,0.6,13.6,12.2,6.8,6.4,6.8,5.6,2.4,0.4,11.0,7.4,2013,17
18,21,2,4,0,-14,80.0,20.0,2.0,0.8,15.6,9.0,7.8,4.8,7.2,2.4,0.8,1.6,10.8,11.4,2013,19
9,1,2,2,1,-12,80.0,60.0,2.0,2.0,18.4,9.0,8.8,5.0,6.4,3.0,0.8,1.6,10.8,10.6,2013,21
1,17,0,0,1,8,40.0,60.0,2.4,2.4,13.0,16.2,8.4,11.4,6.8,7.4,1.6,1.0,12.0,9.8,2013,24
11,32,1,0,0,-2,100.0,20.0,1.6,0.8,16.0,13.0,9.4,8.2,8.8,4.0,0.0,1.6,9.6,15.0,2013,24
12,0,0,1,3,8,20.0,100.0,1.2,1.4,11.0,11.6,7.6,7.6,5.2,5.0,2.6,0.2,16.4,10.6,2013,24
21,33,1,0,0,6,40.0,0.0,0.6,0.4,12.2,9.4,5.6,5.0,8.6,3.2,2.2,1.4,8.0,19.4,2013,24
26,28,1,1,1,-3,40.0,20.0,1.4,1.2,14.4,7.0,8.4,4.2,6.2,4.8,1.4,2.4,7.8,17.0,2013,24
30,29,2,1,0,-4,60.0,20.0,1.4,1.4,14.4,10.2,9.4,5.8,7.0,4.0,0.8,2.0,8.4,15.0,2013,25
19,9,1,0,0,-2,60.0,60.0,1.4,1.8,13.8,11.0,6.6,6.8,5.6,6.2,0.8,1.0,8.4,13.8,2013,26
21,12,2,1,0,4,20.0,40.0,0.2,1.0,12.6,6.4,4.4,3.0,6.8,2.2,2.0,0.6,7.8,18.2,2013,31
22,26,2,1,0,-3,40.0,40.0,2.2,0.8,11.8,10.6,6.4,5.4,6.0,5.8,1.4,0.4,13.8,9.0,2013,31
33,27,0,0,1,-3,60.0,20.0,2.0,0.8,15.0,9.8,6.8,4.6,4.4,4.8,0.8,0.8,14.6,18.2,2013,31
0,30,2,1,0,-1,40.0,60.0,1.8,1.8,14.8,15.2,8.4,7.4,7.0,5.6,1.2,1.2,8.8,8.6,2013,1
17,19,2,1,0,6,40.0,40.0,0.8,2.8,22.2,12.2,12.6,6.4,9.8,4.6,0.4,1.8,10.0,14.8,2013,1
32,29,0,0,2,-1,0.0,20.0,1.8,1.2,13.4,9.8,5.8,6.0,7.0,4.0,2.4,1.8,10.6,16.4,2013,1
1,21,0,1,2,-1,20.0,20.0,1.8,0.6,14.4,8.2,7.8,4.2,6.6,2.0,1.4,2.0,9.4,12.8,2013,14
11,9,2,1,0,3,80.0,60.0,1.2,1.6,18.2,11.2,10.0,6.8,8.4,5.0,0.0,0.6,7.6,13.8,2013,14
12,32,1,1,1,4,0.0,20.0,0.8,0.8,12.4,12.6,8.0,7.6,4.8,4.0,2.8,1.6,16.2,16.8,2013,14
27,18,1,0,0,11,40.0,40.0,1.0,1.4,10.2,15.0,3.6,9.0,4.2,6.2,1.6,1.4,12.4,10.8,2013,14
28,0,0,1,3,13,20.0,100.0,0.6,1.6,11.2,12.2,4.6,6.8,4.0,5.2,0.8,0.4,9.8,12.0,2013,14
30,22,2,2,0,-6,80.0,20.0,1.6,0.8,15.8,8.8,9.2,4.2,7.6,4.2,0.6,1.6,8.6,10.6,2013,14
26,33,1,0,0,4,20.0,0.0,1.0,0.4,14.4,7.6,7.2,3.4,5.8,3.0,1.4,1.0,7.8,17.8,2013,15
29,17,1,2,2,2,0.0,80.0,0.4,2.4,13.6,15.6,5.6,10.4,6.2,6.8,1.8,0.4,10.6,9.8,2013,16
9,12,2,2,0,-9,80.0,40.0,2.0,1.0,18.6,6.0,8.0,2.8,5.0,2.0,0.8,0.6,10.8,19.0,2013,21
17,26,0,0,1,-7,60.0,20.0,1.0,0.4,20.4,10.4,11.2,5.0,7.8,6.0,0.4,0.6,10.0,10.4,2013,21
22,1,0,0,1,-4,60.0,40.0,2.0,1.6,12.4,8.2,5.4,4.0,6.6,3.0,1.0,1.8,12.8,12.4,2013,21
32,28,2,3,0,-9,0.0,20.0,1.6,1.2,12.2,7.8,5.0,4.0,6.2,4.4,2.4,2.2,10.8,18.0,2013,21
33,11,0,2,3,4,60.0,0.0,1.6,0.6,14.8,13.4,6.0,5.4,4.6,6.4,0.6,1.0,14.6,11.2,2013,21
0,27,2,3,1,-9,40.0,40.0,1.4,1.0,15.2,10.8,8.0,4.6,5.8,5.0,1.0,0.6,10.6,17.0,2013,22
18,19,2,4,1,1,80.0,20.0,2.2,2.4,16.2,12.4,8.2,6.6,7.4,4.6,0.8,2.0,10.6,14.2,2013,22
1,18,2,3,2,13,20.0,20.0,1.8,1.0,14.4,15.2,6.6,8.6,6.0,6.2,1.4,1.2,9.6,9.8,2013,28
19,32,0,1,2,-7,60.0,20.0,1.4,0.8,13.6,11.6,5.6,6.2,5.6,4.4,0.4,1.2,8.0,16.4,2013,28
29,0,0,1,2,5,0.0,100.0,0.6,1.8,14.8,12.8,6.6,6.8,5.8,5.8,1.8,0.4,11.2,12.2,2013,28
30,9,1,1,1,2,100.0,40.0,1.6,1.0,16.6,13.0,8.6,5.8,7.8,5.4,0.2,0.8,7.6,13.8,2013,28
27,22,0,0,1,2,40.0,20.0,0.8,0.8,11.2,7.8,3.8,3.4,3.8,3.8,1.0,1.8,12.2,12.6,2013,29
28,17,0,1,3,10,20.0,60.0,0.8,2.4,12.8,14.8,4.2,9.0,4.6,6.6,1.2,0.6,10.6,11.2,2013,29
11,21,2,3,2,-10,80.0,40.0,1.2,1.0,17.4,10.6,9.2,5.6,8.6,2.0,0.0,1.4,10.0,11.0,2013,30
12,27,2,1,0,-1,0.0,20.0,1.2,0.8,13.0,10.4,7.0,4.4,5.2,5.4,2.6,1.2,18.4,15.2,2013,5
18,11,2,3,1,-4,80.0,20.0,2.6,1.2,16.6,13.8,7.2,5.2,7.2,5.4,0.8,1.2,11.6,11.4,2013,5
28,19,0,1,2,16,0.0,20.0,0.8,2.2,15.8,12.2,4.4,5.4,6.0,4.4,1.8,2.4,12.0,15.8,2013,5
22,9,0,1,3,8,40.0,40.0,1.6,0.8,11.0,13.4,3.8,5.6,6.4,5.4,1.0,0.6,13.2,11.6,2013,6
26,29,2,2,0,5,20.0,60.0,0.8,1.6,14.2,9.8,5.0,4.8,6.6,4.4,1.0,1.0,8.0,13.6,2013,6
30,33,0,0,3,-5,80.0,0.0,1.2,0.2,16.8,9.2,7.8,3.0,7.8,3.8,0.2,1.0,7.6,15.8,2013,6
32,0,1,1,1,4,20.0,100.0,2.0,2.0,13.2,12.8,5.0,6.2,4.2,5.8,2.2,0.6,10.2,12.8,2013,6
0,22,2,4,1,-7,60.0,40.0,2.0,0.8,16.4,8.4,8.4,3.0,5.4,3.8,1.2,1.2,10.4,12.2,2013,19
19,26,1,1,1,-13,40.0,40.0,1.0,0.6,14.4,11.0,5.8,5.4,5.6,6.8,0.8,0.6,8.8,9.6,2013,19
21,17,1,2,2,9,20.0,80.0,0.6,3.0,13.4,12.6,2.8,7.2,6.0,6.4,2.0,0.8,8.2,14.4,2013,19
27,32,1,0,0,5,40.0,20.0,0.8,0.6,10.2,11.8,3.2,5.2,4.6,4.8,0.8,1.4,12.0,16.0,2013,19
29,28,2,4,0,-8,0.0,0.0,0.8,0.6,14.0,7.6,5.8,2.6,5.2,3.8,2.2,2.8,11.4,17.6,2013,19
33,18,0,1,3,8,40.0,20.0,1.6,1.2,13.2,17.0,4.0,8.6,5.0,7.8,1.2,1.2,13.0,9.2,2013,19
1,30,0,0,2,10,40.0,60.0,2.2,1.2,13.0,19.2,6.0,7.8,4.8,8.2,1.6,0.8,12.0,8.8,2013,20
1,11,0,0,2,9,20.0,20.0,1.0,1.4,12.4,12.8,3.4,5.2,4.8,4.6,1.8,1.8,13.2,10.6,2013,26
17,32,2,4,1,-1,80.0,20.0,1.2,0.6,17.2,10.2,9.6,4.0,9.0,4.4,0.4,1.2,10.6,13.6,2013,26
19,27,2,3,2,-12,40.0,20.0,1.2,0.6,14.8,11.4,6.0,3.6,6.0,5.2,0.8,1.2,9.4,14.2,2013,26
26,12,2,2,0,2,40.0,60.0,1.2,1.6,13.4,5.8,5.0,3.2,6.6,2.6,0.4,0.8,9.2,20.6,2013,26
9,18,2,2,1,1,100.0,40.0,2.4,1.8,20.6,17.8,7.0,8.8,6.4,8.0,0.6,1.4,9.4,10.0,2013,27
28,21,2,2,1,1,0.0,60.0,0.8,1.6,14.2,13.4,3.4,6.4,5.8,1.8,2.0,2.0,12.4,12.8,2013,27
29,33,1,0,0,-1,20.0,20.0,1.6,0.6,15.4,10.6,6.8,2.8,5.8,4.4,2.2,0.6,10.2,15.4,2013,27
0,17,2,2,0,-3,80.0,60.0,2.6,2.2,16.6,15.0,8.0,6.6,6.0,7.6,1.2,1.2,10.8,16.2,2013,2
12,19,0,1,3,11,20.0,40.0,1.0,2.4,11.2,12.8,4.8,5.6,6.0,4.8,1.8,2.4,17.6,13.2,2013,2
18,22,2,7,0,-9,80.0,40.0,3.0,1.0,14.8,9.8,6.6,4.2,7.6,3.4,1.0,1.8,8.8,13.8,2013,2
21,9,2,2,0,13,20.0,40.0,1.0,1.2,15.2,14.8,3.4,6.0,5.6,5.2,1.2,0.8,10.6,12.4,2013,2
27,26,1,1,1,-1,20.0,40.0,0.6,0.8,9.6,12.6,3.0,5.6,4.8,6.6,0.8,0.6,13.4,10.6,2013,2
33,1,1,0,0,-5,40.0,40.0,1.8,1.4,13.6,11.0,3.8,3.4,4.6,3.6,1.8,1.0,14.0,12.2,2013,2
11,30,1,0,0,1,80.0,80.0,1.6,1.2,17.6,19.2,7.8,7.8,5.8,8.6,0.6,0.4,12.0,8.8,2013,3
1,8,2,2,0,-3,20.0,20.0,0.8,0.8,12.8,12.6,2.6,2.8,5.2,5.2,1.8,1.6,14.0,19.2,2013,9
9,32,1,2,2,-5,100.0,20.0,2.4,0.8,19.0,11.6,5.8,3.6,5.6,5.8,0.6,1.2,9.2,15.0,2013,9
10,11,1,0,0,12,20.0,40.0,0.8,1.6,11.6,12.6,3.6,4.2,4.8,5.0,2.0,1.4,12.2,9.4,2013,9
17,12,2,4,0,-5,80.0,40.0,1.8,1.0,15.4,4.4,7.0,2.0,6.8,3.2,0.6,1.2,11.6,20.8,2013,9
22,33,2,3,1,1,20.0,20.0,0.8,0.6,16.0,12.2,4.0,3.2,7.0,5.4,1.2,0.2,14.8,12.8,2013,9
26,14,2,4,1,-4,60.0,20.0,1.4,0.8,15.2,9.0,4.8,2.8,8.0,3.8,0.2,1.8,8.0,15.6,2013,9
19,0,2,1,0,-3,40.0,80.0,1.4,2.2,15.4,13.2,5.2,5.2,7.0,4.6,1.0,0.8,10.4,13.6,2013,10
28,18,2,1,0,15,20.0,20.0,1.0,1.6,14.8,15.4,3.2,6.0,6.2,7.2,2.0,1.8,12.6,10.2,2013,10
29,27,1,3,3,-4,20.0,20.0,1.6,0.8,13.6,12.0,5.6,4.0,6.0,4.8,1.6,1.6,11.6,15.8,2013,10
30,21,0,0,1,-11,60.0,40.0,1.0,1.4,16.6,14.6,5.2,5.8,6.4,2.0,0.8,2.2,9.6,12.8,2013,10
0,26,2,2,0,-10,80.0,40.0,2.2,0.8,15.2,11.6,7.0,4.0,5.2,5.6,1.0,0.6,11.2,11.4,2013,23
11,17,1,3,3,-1,60.0,40.0,1.2,1.6,14.6,13.4,5.4,4.6,5.8,7.0,0.6,1.4,13.8,16.6,2013,23
12,29,0,1,2,3,20.0,40.0,1.0,0.8,12.2,12.2,4.4,5.2,5.4,4.0,1.8,0.8,15.6,11.8,2013,23
14,10,0,0,1,0,60.0,0.0,0.8,0.4,12.8,9.8,2.2,2.2,4.8,1.8,0.2,2.2,13.6,13.4,2013,23
21,22,2,2,1,5,40.0,20.0,1.4,0.4,16.8,8.8,4.6,3.0,5.4,2.6,1.0,2.8,11.4,16.8,2013,23
27,28,2,2,0,-4,20.0,0.0,0.6,0.4,10.2,8.0,3.0,1.4,5.4,3.6,0.6,2.4,10.8,17.2,2013,23
33,9,0,0,3,7,20.0,20.0,1.0,0.8,12.8,15.2,2.2,4.8,4.4,5.4,1.4,1.0,12.2,13.0,2013,23
8,19,1,2,2,17,40.0,60.0,1.0,2.0,7.2,12.4,2.4,4.8,3.6,4.6,1.0,1.6,17.6,13.2,2013,24
18,30,2,6,0,-3,100.0,60.0,4.0,0.8,17.8,17.8,7.4,6.0,8.2,7.2,0.4,0.2,7.8,9.2,2013,24
32,1,1,2,2,-7,40.0,40.0,1.2,1.0,11.0,11.6,2.8,3.4,5.4,3.4,0.8,0.6,10.4,13.2,2013,25
1,28,1,0,0,-2,40.0,0.0,1.2,0.2,12.8,8.6,3.2,1.4,4.6,4.6,1.6,2.6,14.6,17.2,2013,30
8,0,0,0,3,14,20.0,60.0,0.8,1.6,8.2,11.6,2.0,4.2,3.4,4.2,1.0,0.8,17.6,11.4,2013,30
11,27,2,4,0,-7,60.0,20.0,1.8,1.4,13.8,11.2,6.2,3.8,4.8,4.2,1.2,2.0,14.6,14.0,2013,30
21,32,2,2,1,8,60.0,20.0,1.8,1.2,17.8,12.4,5.6,3.8,5.6,6.4,1.2,1.6,12.2,14.0,2013,30
22,10,2,1,0,-7,40.0,20.0,1.0,0.4,17.4,8.8,4.8,1.6,6.6,2.6,1.0,1.8,13.4,13.6,2013,30
33,12,2,3,0,-2,0.0,20.0,0.6,0.8,10.8,4.2,1.6,2.0,5.2,3.6,2.0,2.0,13.8,23.2,2013,30
9,26,2,3,1,-11,80.0,20.0,2.4,0.6,18.0,12.2,6.2,4.4,6.4,5.2,1.0,1.0,10.0,11.0,2013,1
14,17,2,3,1,11,40.0,20.0,0.6,2.0,14.6,14.6,2.4,5.4,6.8,8.0,0.4,2.0,12.8,16.8,2013,1
18,29,2,3,0,-7,100.0,60.0,4.4,1.2,16.8,15.0,7.2,5.2,7.4,5.0,0.4,0.8,9.4,9.8,2013,1
30,19,1,2,2,4,40.0,40.0,0.8,1.6,19.0,12.6,7.0,4.4,7.0,5.4,1.0,1.8,9.8,12.6,2013,1
10,33,2,1,0,8,20.0,20.0,0.8,0.8,12.4,13.4,3.4,3.8,5.0,5.0,1.8,0.8,11.8,12.6,2013,3
0,14,2,2,0,-14,100.0,20.0,2.4,1.0,13.8,9.6,7.0,2.8,5.4,4.6,0.4,2.2,11.4,14.2,2013,4
12,30,0,1,2,7,20.0,40.0,1.0,0.6,10.8,17.0,3.6,6.6,6.8,7.2,1.6,1.4,16.2,11.2,2013,4
17,22,2,5,1,-4,80.0,20.0,2.4,0.6,16.6,8.2,6.8,2.6,6.2,2.6,0.6,3.0,10.4,19.8,2013,4
19,11,0,0,1,-5,60.0,40.0,1.6,1.2,13.8,11.8,5.0,3.4,7.2,4.8,1.0,1.0,10.8,9.6,2013,4
26,1,0,2,3,-1,80.0,20.0,2.0,0.8,14.8,12.8,5.0,4.0,8.2,3.2,0.2,0.8,8.4,12.2,2013,4
27,8,1,0,0,-5,20.0,20.0,0.6,0.8,10.8,11.8,3.0,3.0,4.6,5.2,0.4,1.6,10.2,19.0,2013,4
28,9,0,3,4,14,40.0,40.0,1.2,1.4,11.8,17.6,3.0,5.6,5.0,6.0,1.8,1.0,16.4,12.0,2013,4
29,21,2,3,0,-7,20.0,60.0,2.0,1.6,13.6,15.2,5.6,6.4,7.4,2.6,1.4,1.4,9.8,15.0,2013,4
32,18,0,2,3,6,40.0,20.0,1.6,1.2,11.0,17.0,3.4,5.8,5.4,8.4,1.0,1.4,12.0,9.4,2013,4
10,8,2,2,0,0,20.0,20.0,0.4,0.6,11.0,12.6,3.2,3.2,4.4,5.8,1.6,1.4,12.0,18.8,2013,7
17,33,2,4,1,-3,80.0,20.0,3.2,0.8,20.2,14.4,8.2,4.0,6.6,5.0,0.8,1.0,11.2,11.6,2013,7
19,21,0,0,1,-15,40.0,40.0,1.2,1.2,13.6,14.6,4.8,5.4,6.6,2.4,1.2,1.8,13.0,15.6,2013,7
26,18,1,1,1,12,80.0,40.0,2.4,1.8,16.0,18.0,5.8,6.2,7.8,8.2,0.8,1.8,8.4,9.6,2013,7
27,9,2,3,2,10,20.0,60.0,0.6,2.2,12.0,17.0,2.8,5.6,4.6,5.6,0.4,1.4,11.0,12.2,2013,7
28,30,0,1,2,12,40.0,60.0,1.6,1.0,10.8,17.8,3.2,6.8,5.0,7.4,2.0,1.4,17.4,12.0,2013,7
32,22,0,0,2,-3,40.0,20.0,2.0,0.8,11.4,10.2,3.4,3.4,5.6,2.4,1.2,3.6,12.6,20.8,2013,7
0,11,1,1,1,-2,100.0,60.0,2.6,1.4,15.4,12.2,7.4,3.6,7.0,4.6,0.4,1.0,10.0,12.4,2013,8
12,1,2,2,0,-3,20.0,40.0,1.0,1.2,11.6,12.6,4.4,4.0,7.8,3.2,1.8,0.8,17.4,13.4,2013,8
29,14,1,1,1,-9,40.0,20.0,2.2,1.0,12.8,9.6,5.0,2.8,7.8,4.0,1.0,2.2,10.2,15.8,2013,9
8,32,2,1,0,10,20.0,20.0,0.8,1.2,9.4,12.8,2.6,3.2,3.2,6.0,1.6,1.8,18.0,14.4,2013,14
9,10,2,2,1,-15,80.0,20.0,2.6,0.4,18.2,10.6,7.0,2.2,7.8,3.2,1.0,1.6,10.4,11.8,2013,14
11,12,2,4,1,-6,60.0,20.0,2.4,0.8,16.0,5.6,7.6,1.6,5.6,3.8,1.2,2.4,11.0,23.0,2013,14
14,27,1,0,0,5,60.0,0.0,1.0,1.2,13.4,9.0,2.2,3.4,6.0,4.0,0.4,2.8,12.6,16.6,2013,14
18,0,2,6,3,-2,100.0,60.0,4.6,1.6,18.8,11.8,7.4,4.2,7.0,3.4,0.4,0.6,9.8,10.0,2013,14
21,26,1,1,1,2,60.0,20.0,2.0,0.8,15.8,11.8,5.0,4.2,3.6,5.0,1.4,1.4,14.4,11.2,2013,14
33,28,1,0,0,-7,20.0,0.0,1.2,0.0,13.6,8.0,4.0,1.2,5.8,4.6,1.8,2.0,12.8,16.4,2013,14
1,19,0,0,3,14,40.0,40.0,1.0,2.0,13.4,12.2,3.8,4.2,5.2,5.4,1.2,2.0,12.6,12.6,2013,15
22,29,1,1,1,2,40.0,40.0,1.0,0.8,16.4,14.4,4.6,5.2,6.6,5.2,1.0,1.4,13.8,12.2,2013,15
30,17,0,0,5,-2,20.0,20.0,0.8,1.8,16.4,14.0,6.4,5.2,6.8,7.8,1.4,2.2,10.6,15.8,2013,15
10,21,0,0,3,2,40.0,60.0,0.8,1.0,13.0,13.4,4.0,4.8,4.8,3.0,1.2,1.2,11.0,13.6,2013,21
12,18,0,2,4,10,40.0,40.0,1.2,1.6,14.2,16.6,5.4,5.4,6.4,6.4,1.4,1.4,15.0,11.0,2013,21
17,8,2,3,1,-11,100.0,0.0,4.0,0.2,24.6,10.2,9.0,2.8,7.0,4.4,0.8,1.6,10.4,20.8,2013,21
19,33,2,3,1,-9,40.0,20.0,1.0,1.0,12.4,12.4,4.4,3.2,6.4,4.6,1.0,1.6,12.4,16.2,2013,21
27,1,2,2,1,-2,40.0,20.0,1.2,1.0,12.2,11.4,3.2,3.6,4.2,3.8,0.6,1.2,12.4,15.4,2013,21
28,22,1,0,0,6,40.0,20.0,1.6,1.0,8.4,10.2,3.0,3.4,3.8,2.4,1.8,3.6,18.8,24.4,2013,21
32,14,1,1,1,-10,20.0,0.0,1.4,0.6,14.0,9.0,5.0,2.2,6.6,3.6,1.6,2.0,12.8,15.0,2013,21
26,30,0,2,3,9,60.0,60.0,2.2,1.2,16.6,16.4,6.0,5.4,7.2,7.0,1.0,1.6,9.4,13.0,2013,22
29,11,0,1,2,3,40.0,40.0,2.2,1.0,13.0,12.6,4.8,3.6,9.4,4.0,0.8,0.8,10.0,12.8,2013,22
0,9,1,0,0,1,80.0,60.0,2.2,2.4,14.4,17.8,6.8,5.8,6.4,5.0,0.4,1.8,10.6,11.6,2013,23
1,10,0,0,1,-3,20.0,20.0,0.4,0.6,15.2,11.0,4.2,3.2,5.4,3.0,1.4,1.6,11.4,12.6,2013,26
8,26,0,0,3,4,40.0,0.0,1.0,0.8,10.4,11.0,3.2,3.4,4.4,4.4,1.4,1.6,14.6,12.4,2013,26
9,29,2,1,0,-6,80.0,20.0,2.6,0.6,16.2,13.4,6.4,4.2,5.8,4.8,1.2,1.6,11.6,13.6,2013,26
11,28,0,0,1,-11,60.0,0.0,2.6,0.0,16.8,10.4,7.6,2.4,7.8,5.2,1.0,1.4,11.2,16.0,2013,26
14,19,0,2,3,17,40.0,60.0,0.8,2.4,14.2,12.2,2.6,4.6,6.2,5.4,0.4,1.2,11.2,12.4,2013,26
18,17,2,2,1,-5,100.0,20.0,5.0,2.2,19.6,15.2,7.8,6.0,7.0,8.0,0.8,2.0,9.4,13.0,2013,26
21,27,2,5,1,3,60.0,0.0,1.8,1.0,16.0,9.4,5.6,3.2,5.2,3.6,1.0,2.2,13.6,16.0,2013,26
22,12,0,1,2,-1,40.0,20.0,1.2,1.0,17.2,8.0,5.0,2.0,6.8,3.6,1.0,2.8,12.6,22.2,2013,26
30,32,1,1,1,-3,20.0,0.0,0.6,0.8,15.8,12.8,5.6,2.8,6.4,5.6,2.2,1.8,12.6,13.8,2013,26
33,0,0,1,3,6,20.0,40.0,0.8,1.8,14.0,12.2,4.2,4.6,5.2,4.4,1.2,1.6,14.6,12.4,2013,26
1,29,1,1,1,6,20.0,20.0,0.4,0.6,14.2,11.6,4.6,3.0,6.0,5.4,1.2,1.4,11.2,15.0,2013,28
8,28,1,2,2,1,40.0,20.0,0.8,0.2,10.6,11.8,2.8,3.4,5.0,5.2,1.6,0.6,12.8,18.4,2013,28
14,12,2,6,0,6,40.0,20.0,1.2,0.6,16.4,9.2,3.4,2.2,6.0,3.0,1.0,2.8,10.2,21.8,2013,28
18,10,2,1,0,-16,100.0,40.0,4.8,0.6,21.2,11.2,7.8,4.2,6.8,3.4,0.8,1.0,10.6,12.0,2013,28
22,19,0,0,1,10,40.0,60.0,1.2,2.6,16.8,12.2,5.0,4.2,7.0,5.6,0.8,1.4,11.2,14.6,2013,28
33,32,1,3,3,2,20.0,0.0,0.8,1.0,14.2,11.8,4.8,2.6,4.2,4.8,1.2,2.0,17.2,16.0,2013,28
9,17,2,2,1,-4,80.0,20.0,2.0,2.0,16.0,13.0,6.4,5.6,7.2,6.6,1.0,2.0,10.6,14.2,2013,29
11,26,2,2,1,-8,40.0,20.0,2.2,1.2,19.2,9.6,8.2,3.2,9.0,4.2,1.0,1.4,12.0,11.8,2013,29
21,0,0,0,1,12,80.0,60.0,2.4,2.2,18.6,15.2,6.4,5.2,6.2,6.0,0.8,1.6,11.2,12.4,2013,29
30,27,2,3,0,-8,20.0,0.0,0.8,1.2,17.0,8.4,5.4,3.2,7.6,3.0,1.8,3.0,10.8,19.6,2013,29
0,8,2,2,0,-14,60.0,0.0,1.4,0.2,11.8,9.6,5.0,2.8,6.0,3.6,0.2,1.4,10.8,22.2,2014,1
10,22,1,1,1,7,40.0,20.0,0.6,0.8,12.0,10.6,4.0,3.2,4.4,3.6,1.0,2.8,11.8,24.0,2014,1
12,33,2,2,1,2,20.0,0.0,1.4,0.6,14.8,10.0,6.0,2.4,5.8,3.6,2.2,2.2,15.2,17.6,2014,1
17,14,2,2,0,-11,100.0,0.0,4.0,0.6,27.4,8.4,9.0,2.6,6.6,2.6,0.8,1.8,10.2,15.0,2014,1
19,30,0,1,2,-4,60.0,60.0,1.4,1.4,14.2,16.4,5.0,4.8,7.2,6.6,1.0,2.0,9.6,12.4,2014,1
26,9,0,0,3,11,40.0,40.0,2.2,1.8,16.6,16.0,6.2,5.0,6.2,5.0,1.6,1.6,8.6,10.2,2014,1
27,11,1,1,1,7,60.0,60.0,1.6,1.2,12.8,14.2,3.0,4.0,4.2,5.4,0.8,0.4,12.8,13.0,2014,1
28,1,0,0,1,2,40.0,20.0,1.4,1.2,10.8,10.6,3.4,3.6,4.2,3.8,1.4,1.6,19.0,16.6,2014,1
29,18,0,2,3,7,20.0,40.0,1.6,1.8,12.8,16.8,4.2,5.6,8.8,6.2,1.2,1.6,11.6,11.2,2014,1
32,21,2,1,0,-8,20.0,60.0,1.4,1.2,14.4,12.0,4.8,4.0,7.2,3.8,1.6,1.0,11.2,13.8,2014,1
8,33,0,0,2,8,20.0,0.0,1.0,0.8,12.0,9.2,3.6,2.2,5.0,3.2,2.0,2.6,15.0,21.6,2014,11
11,22,2,2,0,-5,60.0,20.0,2.6,1.0,19.4,10.8,8.8,4.0,8.0,3.8,1.2,1.6,11.2,21.2,2014,11
12,28,0,1,4,-5,40.0,20.0,1.6,0.6,17.8,14.2,7.0,5.0,7.4,6.0,1.8,0.8,15.4,16.6,2014,11
14,9,0,0,2,15,40.0,60.0,2.2,2.4,15.6,15.6,5.6,5.6,6.4,5.0,1.0,1.2,9.4,9.6,2014,11
19,29,2,2,0,-8,40.0,20.0,1.0,0.8,13.6,13.0,5.2,3.0,7.4,6.4,1.0,1.4,9.4,14.6,2014,11
26,32,2,1,0,6,20.0,0.0,1.8,1.4,15.0,13.2,5.4,3.4,5.4,4.0,2.2,1.8,10.6,15.6,2014,11
30,10,2,2,0,-13,20.0,40.0,1.2,0.6,18.0,10.6,5.6,4.2,7.6,3.8,1.8,0.8,9.2,14.8,2014,11
21,18,0,0,2,14,60.0,60.0,2.0,2.2,17.8,16.6,5.4,5.2,6.4,6.2,1.0,1.6,10.8,11.8,2014,12
27,17,0,3,5,6,60.0,20.0,1.6,2.2,13.0,12.2,3.2,5.6,3.6,6.0,0.8,2.0,14.0,14.0,2014,12
1,0,0,1,2,11,20.0,60.0,0.6,2.0,12.8,15.4,4.6,5.4,4.8,5.6,1.0,1.6,11.6,12.0,2014,13
0,12,2,2,0,-8,60.0,20.0,1.4,0.6,15.0,10.0,4.8,2.6,7.8,2.6,0.2,3.6,10.0,22.0,2014,18
10,27,2,1,0,5,40.0,0.0,0.8,0.8,12.0,6.8,4.0,2.4,5.4,2.8,0.8,3.0,11.4,19.8,2014,18
17,1,1,2,2,-8,100.0,40.0,3.6,1.4,27.2,11.6,8.8,4.2,6.6,4.0,0.6,1.6,9.2,16.6,2014,18
18,8,2,4,2,-16,100.0,0.0,3.6,0.2,20.4,10.0,6.8,2.4,7.2,3.6,0.8,1.8,11.0,21.6,2014,18
22,14,2,1,0,-7,40.0,0.0,1.2,0.6,13.6,8.4,3.8,1.8,6.0,2.6,1.0,2.0,11.4,15.4,2014,18
28,26,1,2,2,3,20.0,20.0,1.0,1.2,12.6,10.0,2.8,3.2,5.2,3.8,1.4,1.6,18.4,11.8,2014,18
33,21,0,1,3,-6,20.0,60.0,1.4,1.0,14.0,10.6,5.2,3.8,4.4,4.0,1.8,0.8,20.0,14.8,2014,18
9,19,2,3,1,2,80.0,60.0,2.0,2.2,15.8,11.6,6.6,4.0,7.4,5.4,1.0,1.2,9.2,14.6,2014,19
29,30,0,1,3,4,20.0,80.0,2.0,1.8,13.8,15.0,4.0,4.4,8.6,6.2,1.8,2.2,11.4,14.0,2014,19
32,11,1,1,1,2,20.0,40.0,1.2,1.0,15.2,14.4,4.8,4.0,5.8,5.2,1.6,0.6,10.6,12.2,2014,20
10,14,2,1,0,0,60.0,0.0,1.0,0.4,12.6,8.4,4.8,1.4,5.4,3.2,0.8,1.4,11.8,17.4,2014,28
17,11,2,4,0,1,80.0,40.0,3.2,1.2,23.6,14.0,8.0,4.4,5.2,4.2,1.0,0.8,10.8,13.2,2014,28
19,8,2,2,0,-17,40.0,0.0,1.2,0.6,15.8,9.8,5.8,3.2,7.0,4.4,1.0,2.2,10.0,23.0,2014,28
22,21,1,0,0,-5,40.0,60.0,0.8,1.4,15.6,12.8,3.4,4.8,7.2,3.8,0.8,1.0,11.0,10.8,2014,28
26,0,1,2,2,10,20.0,80.0,1.2,2.4,15.6,15.0,5.0,5.8,5.0,5.4,2.0,1.6,9.4,13.2,2014,28
29,12,2,2,0,-3,20.0,20.0,1.6,0.6,13.0,10.8,3.4,2.8,7.4,2.8,1.8,3.2,12.4,20.0,2014,28
1,32,2,4,3,7,0.0,0.0,0.4,1.0,11.6,11.8,4.4,3.2,4.4,4.0,1.4,1.6,11.6,15.8,2014,29
9,33,1,0,0,-7,100.0,20.0,2.2,1.0,15.0,8.8,6.4,2.0,6.6,4.2,0.8,2.0,9.0,22.4,2014,29
28,27,2,1,0,4,0.0,0.0,1.2,0.2,13.6,9.0,3.4,2.2,6.0,2.8,1.8,2.6,17.0,18.8,2014,29
30,18,0,1,5,3,40.0,80.0,1.6,2.6,13.8,14.6,3.6,5.6,6.4,4.6,1.6,1.4,10.4,13.4,2014,29
8,22,2,2,1,7,20.0,20.0,0.6,0.8,13.0,11.2,4.2,4.2,6.2,3.8,2.0,1.6,13.8,21.6,2014,1
11,1,2,2,1,-9,80.0,40.0,2.4,1.4,20.4,11.0,7.4,3.4,8.8,4.2,0.6,1.6,11.4,17.2,2014,1
12,26,0,0,3,-2,40.0,20.0,1.6,1.6,19.4,11.4,7.4,4.0,7.8,4.0,2.2,1.6,13.2,12.0,2014,1
14,30,1,1,1,13,40.0,100.0,2.2,2.4,14.6,14.6,5.6,4.4,4.4,5.2,1.2,1.2,10.4,13.6,2014,1
21,28,0,0,3,-1,40.0,40.0,1.6,1.4,16.2,14.0,5.4,5.6,6.2,5.8,1.2,0.6,11.6,16.6,2014,1
27,19,2,2,1,12,40.0,60.0,1.8,2.0,12.2,10.4,3.0,3.8,5.2,4.6,1.8,1.4,14.4,14.4,2014,1
33,29,2,2,0,1,20.0,0.0,1.6,0.4,14.6,11.4,5.4,2.4,3.6,5.8,1.8,1.6,19.8,16.0,2014,1
0,10,2,2,0,-14,60.0,20.0,1.4,0.4,17.6,11.6,5.6,4.2,7.6,5.2,0.2,1.2,9.6,13.8,2014,2
32,17,1,1,1,1,20.0,40.0,1.0,2.6,15.8,12.6,5.2,6.4,5.8,5.0,1.4,2.0,10.2,13.0,2014,2
18,9,0,0,1,-1,100.0,60.0,3.2,2.2,22.2,14.4,6.6,5.0,8.4,5.6,1.2,1.2,9.8,10.0,2014,3
1,33,0,0,2,5,20.0,20.0,1.2,1.0,11.0,6.8,4.8,1.8,3.6,4.0,2.0,1.8,12.6,28.2,2014,8
9,21,2,3,0,-13,80.0,60.0,1.6,1.4,19.6,14.4,6.8,4.8,7.6,5.0,0.6,0.4,7.4,10.0,2014,8
10,32,2,3,1,10,60.0,0.0,1.0,1.4,13.2,11.4,4.4,3.8,6.4,4.0,0.8,2.0,12.2,15.0,2014,8
17,0,2,5,1,3,80.0,60.0,3.0,2.2,22.0,13.4,7.4,5.4,5.4,5.8,0.8,2.0,11.6,13.8,2014,8
22,18,1,0,0,9,20.0,80.0,0.6,3.0,15.4,16.4,3.2,6.6,7.6,5.0,0.8,1.2,12.8,11.8,2014,8
26,27,1,2,2,1,20.0,0.0,1.2,0.2,14.0,11.0,4.2,2.6,4.8,2.8,1.8,2.0,9.6,17.6,2014,8
28,14,0,0,2,-1,20.0,0.0,0.8,0.4,14.4,9.6,4.0,1.8,5.2,3.6,1.0,1.2,16.0,16.0,2014,8
29,8,2,3,0,-9,20.0,0.0,1.4,0.6,13.2,8.4,3.8,2.8,7.4,4.4,1.8,2.6,12.6,23.0,2014,8
19,12,1,2,2,-11,60.0,20.0,1.6,0.6,15.6,11.8,5.6,3.6,6.6,3.8,0.8,3.0,8.4,18.2,2014,9
30,11,2,1,0,-1,40.0,20.0,1.4,1.0,12.6,14.6,3.2,4.4,5.6,5.0,2.2,1.6,13.6,13.6,2014,9
8,1,1,0,0,3,40.0,20.0,1.0,1.0,13.8,10.6,4.4,3.0,7.0,4.0,1.6,1.6,16.2,15.6,2014,11
14,26,0,0,1,4,20.0,40.0,1.8,2.0,14.0,13.0,5.6,4.8,4.8,4.2,1.2,1.0,12.4,10.4,2014,11
32,9,1,1,1,5,20.0,60.0,0.8,1.6,15.8,14.2,5.8,5.2,5.8,5.8,1.0,0.6,9.6,12.6,2014,11
33,22,2,2,0,-1,20.0,20.0,1.4,0.8,12.2,13.8,3.8,4.4,4.0,6.6,1.8,1.0,21.8,18.8,2014,11
0,19,1,0,0,3,60.0,60.0,1.4,1.8,15.8,12.6,5.4,4.0,6.6,5.2,0.2,1.4,10.2,15.0,2014,12
12,17,0,2,3,5,40.0,40.0,1.4,2.6,17.8,13.2,7.0,6.2,6.8,4.6,2.4,1.6,13.0,13.0,2014,12
21,30,0,0,4,11,20.0,80.0,1.2,2.2,19.0,14.8,6.2,4.0,7.0,5.8,1.6,1.2,12.0,12.2,2014,12
27,29,1,1,1,4,60.0,0.0,2.2,0.4,11.4,13.6,3.8,1.6,6.2,7.2,2.0,1.4,15.4,13.8,2014,12
0,28,2,4,1,-13,60.0,60.0,1.2,2.0,17.0,15.8,5.4,6.4,7.0,5.2,0.0,0.6,9.0,19.6,2014,22
8,14,0,0,4,0,20.0,20.0,0.8,0.6,14.0,12.8,4.4,3.2,6.8,4.6,1.6,1.0,17.4,15.2,2014,22
9,11,2,1,0,-3,80.0,20.0,1.8,0.8,20.0,14.4,7.0,4.2,8.2,6.0,0.4,1.6,7.8,13.0,2014,22
10,19,0,0,2,17,60.0,40.0,1.2,1.2,11.4,11.0,4.6,3.4,5.6,5.4,1.0,1.4,13.4,15.0,2014,22
18,27,2,1,0,-11,80.0,0.0,2.6,0.6,22.8,9.8,5.8,3.0,9.8,2.6,1.4,2.4,11.6,18.4,2014,22
32,12,1,1,1,-4,20.0,20.0,1.0,0.8,13.0,9.8,3.6,3.6,4.8,3.6,0.8,2.6,11.0,20.0,2014,22
33,26,2,3,1,-4,40.0,60.0,1.8,2.0,12.4,14.6,4.8,5.6,4.6,4.0,1.8,0.8,20.6,9.6,2014,22
17,29,2,4,3,-2,80.0,0.0,3.2,0.4,20.0,14.2,8.0,1.8,5.0,7.2,0.8,1.4,12.2,12.0,2014,23
21,1,2,1,0,1,20.0,20.0,1.0,1.0,18.4,12.2,6.2,3.8,6.4,4.4,2.2,1.2,13.4,13.6,2014,23
22,30,2,1,0,6,20.0,80.0,0.4,2.6,13.6,13.4,3.0,4.6,6.8,5.0,0.6,1.0,13.8,12.6,2014,23
11,33,2,1,0,-4,80.0,40.0,2.0,1.2,18.6,7.2,6.2,2.0,9.6,5.2,0.8,1.0,11.4,25.0,2014,1
12,9,0,1,3,9,20.0,60.0,1.4,1.4,15.4,14.2,5.6,4.8,7.4,7.0,3.0,0.2,15.2,13.2,2014,1
14,21,0,1,4,2,20.0,40.0,1.8,1.2,13.8,15.0,5.6,5.4,3.8,5.2,1.4,1.0,13.4,12.0,2014,1
26,17,0,0,3,7,20.0,40.0,1.4,2.2,14.4,13.2,4.4,5.6,5.2,3.8,2.0,2.0,8.0,13.2,2014,1
27,0,2,1,0,9,40.0,60.0,1.8,1.8,11.0,13.2,4.0,5.4,5.6,5.4,1.8,1.8,15.0,13.8,2014,1
1,22,2,4,1,4,20.0,0.0,1.2,0.4,10.8,14.8,3.8,5.0,4.6,7.0,1.8,1.4,11.8,16.0,2014,2
29,10,1,1,1,-9,40.0,20.0,1.8,0.4,14.4,11.0,4.6,4.0,6.0,5.4,1.6,1.4,12.2,14.0,2014,2
30,8,2,1,0,-13,60.0,0.0,1.6,0.6,12.4,7.8,3.6,2.6,7.0,4.0,1.2,2.8,11.6,22.6,2014,2
8,12,2,3,1,6,20.0,0.0,0.8,0.6,16.8,8.2,5.4,2.8,7.4,3.2,1.8,2.6,17.6,20.8,2014,8
9,30,2,4,0,-2,80.0,60.0,1.8,2.0,21.2,12.6,7.2,4.4,7.2,4.6,0.4,0.8,7.8,12.8,2014,8
10,26,0,0,1,4,60.0,40.0,1.2,1.6,12.6,17.4,5.0,5.4,6.2,5.6,0.8,1.4,13.6,9.8,2014,8
22,27,1,1,1,-2,40.0,0.0,0.4,0.4,13.8,9.0,3.0,2.8,6.8,2.8,0.2,1.6,12.6,16.8,2014,8
32,19,0,0,3,7,20.0,40.0,1.0,1.0,13.4,11.2,4.0,3.6,4.6,5.2,0.8,1.0,11.2,14.6,2014,8
1,9,2,1,0,12,40.0,80.0,2.0,2.0,10.8,15.0,3.8,5.6,4.4,6.6,1.8,0.4,10.8,13.2,2014,15
11,8,2,2,1,-12,80.0,0.0,1.4,0.4,18.6,7.4,5.4,2.4,9.4,4.4,0.6,2.4,9.4,20.2,2014,15
12,21,2,1,0,-4,20.0,40.0,1.2,1.4,14.4,15.8,5.2,5.6,7.6,4.4,2.8,1.2,15.2,12.8,2014,15
14,18,0,0,2,16,20.0,80.0,1.6,2.8,13.0,16.8,5.2,6.4,3.8,7.0,1.6,1.0,14.2,10.2,2014,15
26,22,2,4,2,3,20.0,0.0,1.0,0.6,14.6,13.4,3.8,4.8,5.4,6.0,2.0,2.2,7.8,14.4,2014,15
27,33,2,3,1,3,40.0,40.0,1.6,1.0,10.2,7.6,4.4,2.0,5.0,5.8,1.6,0.6,14.2,25.2,2014,15
28,10,1,0,0,-1,20.0,20.0,0.6,0.4,13.6,10.4,3.8,3.8,4.8,6.0,1.0,1.2,16.6,12.2,2014,15
29,32,0,1,2,1,40.0,0.0,1.8,1.6,13.2,12.2,5.0,4.6,5.4,4.2,1.4,2.4,10.8,14.8,2014,15
19,17,0,0,3,-6,60.0,60.0,2.0,2.6,20.2,13.2,6.6,5.6,7.8,3.8,1.0,1.6,7.8,11.8,2014,16
30,0,0,0,1,1,80.0,40.0,1.6,1.2,11.4,9.4,4.2,4.2,5.4,4.2,1.0,1.8,11.8,13.0,2014,16
8,17,0,3,6,11,40.0,80.0,1.0,3.0,17.4,15.0,5.8,6.2,7.6,4.2,1.6,1.2,16.2,12.2,2014,22
9,0,2,6,0,-1,80.0,40.0,2.2,1.2,21.4,8.6,7.0,3.8,7.4,4.4,0.2,1.8,7.4,14.2,2014,22
11,29,2,3,2,-3,100.0,0.0,1.8,1.0,17.2,15.4,4.8,2.6,9.2,6.8,0.6,2.0,8.8,12.4,2014,22
14,32,2,2,0,10,0.0,20.0,0.4,1.8,11.8,13.4,3.6,4.6,3.2,4.0,2.0,2.4,14.8,13.8,2014,22
18,12,2,5,0,-10,80.0,0.0,1.6,0.8,22.2,10.0,5.8,3.6,9.8,4.2,0.8,2.0,10.6,20.4,2014,22
21,10,2,1,0,-2,20.0,0.0,0.2,0.2,17.6,10.4,5.6,3.4,6.8,5.4,2.0,1.2,13.2,14.0,2014,22
22,28,2,2,0,-6,40.0,60.0,0.6,2.2,13.4,13.4,3.2,5.8,5.8,4.0,0.2,1.4,12.4,19.8,2014,22
33,19,0,0,2,9,60.0,40.0,2.2,1.4,12.0,12.6,4.8,4.0,5.6,5.6,1.4,1.0,19.8,14.4,2014,22
1,27,0,1,4,2,60.0,0.0,2.0,0.6,12.0,9.8,4.0,3.2,4.8,2.8,1.6,1.2,10.4,15.4,2014,23
30,26,2,3,2,-9,60.0,60.0,1.0,1.6,10.8,17.2,3.2,5.6,5.2,5.6,1.2,1.0,12.8,9.2,2014,23
0,29,1,2,2,-5,80.0,0.0,2.0,1.2,18.0,16.2,6.8,3.4,6.8,7.6,0.2,2.4,7.8,12.8,2014,25
19,18,0,0,3,-1,40.0,80.0,1.4,2.4,18.6,15.0,5.2,5.0,6.8,7.0,1.4,0.6,10.4,10.8,2014,25
21,11,0,0,3,10,40.0,0.0,0.4,0.4,19.6,13.2,6.6,3.4,7.8,6.0,1.8,1.6,12.6,15.4,2014,25
17,28,2,2,1,-10,80.0,40.0,3.4,2.0,18.8,12.8,8.6,5.0,3.8,4.6,1.2,1.8,13.0,17.4,2014,26
33,14,2,2,1,-8,60.0,40.0,1.6,1.2,10.8,14.0,3.8,3.8,6.8,4.6,1.2,0.8,18.6,17.0,2014,26
0,18,1,1,1,2,60.0,80.0,2.0,2.4,15.0,14.8,6.4,5.0,5.8,7.4,0.6,0.2,7.8,9.8,2014,29
10,9,2,1,0,15,60.0,60.0,1.0,1.4,11.2,15.8,4.4,5.0,6.0,6.0,0.8,0.6,14.2,13.4,2014,29
19,1,2,4,1,-14,40.0,20.0,1.2,0.8,17.4,11.4,4.8,3.4,5.2,3.2,1.6,1.0,11.2,15.8,2014,29
26,21,2,4,0,-2,40.0,40.0,1.8,1.4,15.4,16.4,4.6,5.6,5.4,5.0,1.8,1.2,6.8,12.6,2014,29
27,14,2,1,0,-5,60.0,40.0,2.0,1.4,11.6,14.0,5.4,4.4,5.8,4.8,1.6,0.8,12.6,15.4,2014,29
29,22,2,3,0,-2,40.0,0.0,1.6,0.8,13.2,13.0,5.0,4.4,4.6,5.4,1.2,2.8,10.6,15.0,2014,29
32,8,1,3,3,-10,0.0,0.0,0.8,0.6,13.6,7.8,3.8,2.6,4.6,5.0,1.4,2.4,12.2,18.4,2014,29
12,11,0,1,3,6,20.0,20.0,1.0,0.8,10.8,11.6,3.6,3.8,7.0,6.6,2.6,1.4,15.4,16.6,2014,30
17,30,2,4,0,2,80.0,40.0,3.4,1.6,19.6,12.0,8.8,4.0,3.8,5.0,1.4,1.4,13.4,12.0,2014,30
28,33,0,1,2,7,20.0,40.0,0.6,1.0,13.8,7.0,3.4,1.8,4.8,5.8,1.0,0.8,16.2,22.6,2014,31
1,12,0,1,2,3,60.0,0.0,2.0,0.8,12.2,9.6,3.6,3.2,5.2,3.8,2.0,2.6,10.8,20.4,2014,5
8,10,0,0,3,0,40.0,0.0,1.6,0.2,15.4,10.2,5.0,2.8,6.8,5.4,2.4,1.2,18.0,13.6,2014,5
9,27,2,3,0,-10,80.0,20.0,2.8,1.4,23.0,8.4,8.0,3.8,7.8,2.8,0.0,1.2,7.8,15.4,2014,5
14,29,2,1,0,9,20.0,0.0,0.8,1.6,12.2,15.2,4.2,3.4,3.8,6.6,1.6,2.4,15.4,12.2,2014,5
18,26,2,4,1,-12,80.0,60.0,2.2,1.6,22.6,16.2,7.0,4.8,11.0,4.8,0.6,1.2,9.4,10.2,2014,5
21,19,0,0,4,15,40.0,60.0,0.4,1.6,20.2,13.8,6.2,4.6,8.6,6.2,2.0,0.4,11.4,13.8,2014,5
22,32,0,0,1,3,40.0,20.0,0.8,1.2,11.2,12.4,4.0,4.0,5.4,4.0,0.2,2.2,12.4,13.0,2014,5
11,0,2,3,0,2,100.0,20.0,2.0,0.8,17.2,9.4,5.2,4.0,9.8,3.6,0.8,2.8,10.6,16.2,2014,6
33,17,0,1,2,3,80.0,80.0,1.8,3.2,10.4,16.2,4.0,6.2,6.8,5.0,0.8,1.2,16.8,11.4,2014,6
30,28,2,5,1,-12,60.0,40.0,1.2,1.8,11.8,11.0,3.6,4.0,5.6,4.2,1.6,1.8,12.4,18.4,2014,7
10,1,2,1,0,3,60.0,0.0,1.0,0.8,11.6,10.8,4.0,2.6,5.6,3.8,0.8,1.8,15.0,14.2,2014,12
12,22,2,1,0,1,20.0,0.0,1.0,0.8,12.0,12.2,4.2,4.6,6.0,5.2,2.4,3.0,16.2,13.6,2014,12
26,8,0,0,1,-4,40.0,0.0,2.4,0.8,16.4,8.6,5.8,2.4,6.0,3.8,1.8,2.2,7.0,16.8,2014,12
27,21,2,1,0,-3,80.0,20.0,1.6,0.8,12.0,13.6,5.2,4.2,5.2,5.4,0.6,1.8,11.0,15.0,2014,12
28,11,0,0,1,11,20.0,40.0,0.8,1.2,15.6,11.8,4.6,4.4,4.4,7.4,1.2,1.4,15.8,18.4,2014,12
32,30,1,3,3,3,0.0,20.0,1.2,1.0,14.0,12.8,3.8,3.8,4.6,6.0,1.8,2.0,11.8,11.6,2014,12
17,18,2,3,2,5,100.0,60.0,3.8,2.2,19.0,15.0,8.6,4.6,4.4,7.4,1.0,0.4,14.0,9.2,2014,13
29,9,0,0,1,6,60.0,40.0,2.0,1.0,13.8,17.2,5.8,4.4,4.4,7.2,0.6,0.8,10.0,14.2,2014,13
0,33,2,3,1,-6,40.0,40.0,1.8,1.0,12.6,7.2,5.4,2.4,6.2,5.0,0.8,1.0,9.2,24.0,2014,15
11,10,0,2,3,-12,100.0,20.0,2.2,0.8,15.4,10.0,5.8,4.0,8.4,3.8,0.8,0.8,11.2,14.2,2014,16
18,28,1,2,2,-15,80.0,20.0,2.8,1.2,21.0,10.6,7.8,3.6,9.6,3.4,0.8,2.6,8.6,20.8,2014,16
1,26,1,0,0,1,40.0,40.0,1.4,1.2,12.6,13.8,3.6,4.0,5.0,5.6,1.8,2.0,11.6,11.6,2014,19
8,27,1,1,1,5,20.0,20.0,1.2,1.4,15.2,6.4,4.8,3.2,7.4,2.8,2.8,1.6,15.2,15.8,2014,19
9,28,0,1,2,-14,100.0,0.0,3.4,1.0,18.8,9.6,7.8,3.2,6.6,4.0,0.0,3.0,8.4,18.4,2014,19
21,29,0,1,2,7,40.0,0.0,0.4,1.6,17.4,13.6,5.0,3.8,8.0,4.8,2.2,2.2,9.8,11.6,2014,19
30,12,2,3,1,-7,80.0,20.0,2.0,1.2,16.8,9.8,5.4,4.0,6.6,3.6,0.8,2.4,9.2,20.0,2014,19
33,10,0,0,1,-8,60.0,40.0,1.6,1.4,10.4,9.4,3.4,4.4,6.0,3.4,1.2,0.8,16.2,15.4,2014,19
11,19,2,2,0,5,80.0,80.0,2.2,2.2,16.2,11.6,5.6,4.6,8.4,5.2,1.2,0.0,11.8,14.0,2014,20
14,0,0,0,3,14,40.0,20.0,0.8,0.4,12.0,11.0,4.2,4.2,4.4,3.8,1.4,3.0,14.0,16.4,2014,20
22,17,0,2,3,4,40.0,100.0,0.8,3.4,11.8,17.2,4.4,7.2,5.4,5.0,0.4,1.2,9.6,11.2,2014,20
18,32,2,3,1,-6,60.0,40.0,2.4,1.4,19.4,13.2,6.8,4.6,8.2,3.8,0.8,2.0,9.4,11.8,2014,21
12,14,1,2,2,-6,40.0,40.0,1.2,1.4,13.2,13.0,4.0,5.0,6.8,3.4,1.8,0.8,15.4,13.4,2014,26
19,22,2,4,0,-10,40.0,0.0,1.6,0.6,16.0,9.4,5.0,4.0,4.6,4.0,1.8,2.8,10.6,13.6,2014,26
26,11,2,2,0,8,40.0,60.0,2.0,1.4,17.6,12.2,6.2,4.2,5.6,7.0,1.6,0.6,6.8,19.2,2014,26
27,30,0,0,1,8,80.0,20.0,1.4,1.4,11.4,13.0,4.6,4.8,4.6,4.4,0.4,2.4,9.8,11.0,2014,26
29,1,2,4,1,-6,40.0,0.0,1.6,0.4,12.4,9.8,5.2,2.8,4.4,4.0,0.8,1.6,12.2,14.2,2014,26
32,33,2,1,0,-2,0.0,40.0,1.6,1.2,12.8,9.4,4.0,2.6,4.4,5.0,2.2,1.6,13.4,19.0,2014,26
10,18,0,0,2,16,60.0,40.0,1.0,1.6,11.8,12.8,4.2,3.6,4.4,7.8,0.8,0.8,13.8,10.4,2014,27
17,9,0,0,2,4,100.0,40.0,3.6,1.0,17.0,18.8,7.6,3.8,4.8,8.4,1.4,0.8,13.0,10.6,2014,27
28,8,2,4,0,-1,20.0,20.0,0.4,1.0,18.4,8.4,4.8,3.0,4.8,3.8,1.0,1.8,16.4,17.2,2014,27
0,21,2,3,0,-12,40.0,20.0,2.0,0.8,13.2,11.8,5.8,3.8,5.8,5.0,1.0,2.0,9.6,15.2,2014,28
1,14,2,3,1,-3,40.0,40.0,1.4,1.8,10.6,12.0,3.6,5.0,4.4,3.2,1.4,1.0,10.2,12.8,2014,3
11,18,0,2,3,4,80.0,60.0,2.4,2.0,15.2,13.0,6.0,4.4,7.4,6.6,1.2,0.8,12.4,9.6,2014,3
19,28,0,0,1,-16,40.0,20.0,2.0,1.2,17.6,9.6,6.2,3.2,4.6,4.2,1.8,2.4,11.0,22.2,2014,3
21,8,2,3,0,-2,40.0,20.0,0.6,1.0,17.6,8.2,4.8,3.0,6.8,4.6,1.8,2.0,8.8,18.0,2014,3
27,12,2,4,1,1,80.0,20.0,1.2,1.0,13.4,10.8,4.4,4.2,5.0,4.4,0.4,2.6,10.4,16.6,2014,3
29,26,0,0,1,-5,40.0,20.0,1.8,1.0,11.2,11.2,5.6,3.0,5.2,5.8,1.0,2.0,13.0,10.4,2014,3
33,30,2,2,0,5,40.0,20.0,1.2,0.8,10.6,13.2,2.8,4.0,5.6,3.8,1.4,2.4,15.8,11.8,2014,3
0,32,2,1,0,-4,60.0,40.0,2.6,1.0,13.8,12.8,6.4,4.4,7.6,3.6,1.0,1.8,10.0,13.6,2014,4
9,22,1,0,0,-8,80.0,0.0,3.0,0.6,21.4,8.6,9.2,3.2,7.4,3.6,0.4,3.2,7.4,16.2,2014,4
10,17,1,3,3,11,40.0,100.0,0.4,3.4,10.4,15.8,3.4,7.0,4.4,4.6,1.0,1.2,13.8,11.8,2014,5
19,14,2,3,1,-17,40.0,20.0,1.6,1.6,14.8,8.4,4.8,3.6,4.2,3.0,1.6,1.6,11.4,14.4,2014,6
18,1,2,4,0,-13,80.0,0.0,3.0,0.4,18.2,11.2,7.4,3.2,7.4,5.0,0.8,2.0,7.8,13.8,2014,7
28,32,2,2,0,9,20.0,40.0,1.0,0.8,19.4,11.8,5.0,3.4,6.6,4.2,1.0,1.4,14.8,14.6,2014,7
8,9,0,1,2,15,20.0,60.0,1.4,1.2,15.4,18.0,5.0,3.8,8.4,7.4,3.0,0.6,14.4,13.4,2014,11
12,10,1,2,2,-6,40.0,60.0,1.2,1.4,13.2,10.2,4.0,4.2,6.8,4.8,1.6,0.6,12.8,16.6,2014,11
14,11,0,0,2,12,40.0,60.0,0.8,1.4,12.2,11.8,4.2,4.0,5.4,7.0,1.8,0.8,13.2,20.4,2014,11
17,21,2,2,1,-9,80.0,20.0,2.6,0.8,17.8,11.0,6.8,3.2,6.4,4.0,1.6,2.0,13.0,15.6,2014,11
18,33,2,2,0,-8,80.0,20.0,3.6,0.8,18.0,9.2,7.8,2.8,7.2,4.2,0.8,1.8,7.4,19.6,2014,11
22,0,0,0,2,7,40.0,40.0,1.2,0.8,13.0,11.2,5.0,4.2,6.2,2.6,1.0,2.0,9.4,14.6,2014,11
26,19,1,1,1,13,60.0,80.0,2.0,2.2,17.0,12.2,6.0,4.6,5.0,5.2,1.2,0.4,7.6,14.0,2014,11
28,29,0,1,3,8,40.0,20.0,1.4,1.8,20.0,13.0,5.2,3.6,7.2,5.4,0.6,2.2,12.4,13.0,2014,11
30,1,2,3,0,-10,80.0,0.0,2.4,0.4,18.0,8.6,6.0,2.0,5.6,3.6,1.0,2.8,9.2,15.0,2014,11
32,27,0,1,2,-5,20.0,20.0,1.6,1.2,14.2,8.2,5.0,3.4,4.8,3.4,2.0,1.4,12.2,15.0,2014,11
0,10,2,2,1,-7,60.0,60.0,2.0,1.8,14.4,10.8,5.4,4.4,8.0,5.2,0.8,1.0,10.8,15.8,2014,16
19,29,0,1,2,-5,60.0,40.0,2.2,1.8,15.8,11.8,6.0,3.4,5.2,5.0,1.2,1.6,8.4,12.8,2014,16
23,14,0,0,1,2,20.0,0.0,1.0,1.0,13.6,6.4,6.0,2.8,3.2,2.6,1.4,2.2,11.4,13.4,2014,16
27,1,0,0,1,-6,80.0,0.0,1.8,0.4,16.4,7.4,5.2,1.8,5.0,3.6,0.6,3.2,10.4,12.8,2014,16
32,28,1,2,2,3,20.0,40.0,1.6,1.4,14.4,9.2,4.8,3.0,5.4,3.2,2.2,2.0,13.8,22.8,2014,16
33,30,0,0,1,7,40.0,20.0,1.0,0.8,12.6,13.8,3.4,4.2,6.6,4.4,1.2,2.6,13.2,13.2,2014,16
17,26,2,2,1,-6,80.0,40.0,2.2,1.0,16.2,9.8,5.8,2.8,7.0,4.6,1.2,1.4,11.8,10.8,2014,17
21,18,0,0,2,9,40.0,60.0,1.0,2.2,17.4,15.0,5.0,5.0,6.8,6.4,1.8,1.2,10.0,8.4,2014,17
1,21,1,0,0,5,40.0,0.0,1.2,0.2,11.6,9.2,4.6,2.2,4.8,3.8,1.4,2.2,10.2,15.6,2014,23
10,33,0,1,3,-2,40.0,20.0,1.0,0.8,9.4,8.6,3.4,2.6,4.6,3.4,1.2,2.0,16.2,20.8,2014,23
11,0,1,2,2,1,60.0,60.0,2.4,1.2,13.2,12.0,5.6,5.4,6.2,2.6,1.6,1.8,14.0,15.2,2014,23
26,32,1,0,0,-9,60.0,20.0,2.2,0.4,17.4,11.8,6.8,3.2,5.6,4.0,0.8,1.6,6.8,13.6,2014,23
14,27,1,1,1,7,40.0,40.0,0.6,1.6,12.0,9.8,4.2,3.8,5.4,4.0,1.4,1.4,12.0,14.6,2014,24
28,19,1,1,1,7,40.0,60.0,1.6,2.0,20.2,11.0,5.6,4.0,7.2,4.8,1.2,0.6,11.6,14.0,2014,24
30,23,2,4,0,-12,80.0,0.0,2.8,0.8,17.4,14.0,6.0,7.0,5.8,4.8,1.0,1.8,8.4,14.6,2014,24
18,17,2,3,1,-1,80.0,80.0,3.0,3.4,19.2,18.6,6.8,7.8,7.0,4.8,0.8,1.8,6.8,11.2,2014,25
11,9,0,3,6,2,40.0,80.0,2.2,1.6,13.0,19.4,4.8,3.8,5.8,7.8,1.6,0.6,12.4,13.2,2014,30
18,27,0,0,1,-8,80.0,40.0,2.8,1.6,18.0,12.4,6.0,3.8,7.2,4.8,0.8,1.4,8.0,13.8,2014,30
21,10,1,3,3,-1,20.0,60.0,0.8,2.0,15.6,10.0,3.4,4.6,5.6,4.8,2.2,1.2,11.0,14.4,2014,30
23,28,2,1,0,4,0.0,40.0,0.4,1.6,14.4,8.2,5.6,2.6,4.0,3.0,1.4,2.0,12.2,20.6,2014,30
29,32,2,3,0,-5,60.0,20.0,1.6,0.4,11.2,10.0,5.4,2.8,5.2,4.0,0.6,1.2,15.0,12.8,2014,30
33,26,0,1,3,5,40.0,20.0,1.0,1.0,14.2,10.0,4.0,3.4,5.8,5.2,1.0,1.8,12.0,12.0,2014,30
1,14,2,2,1,-1,20.0,20.0,1.0,1.0,10.8,6.6,3.8,3.0,5.4,3.4,1.4,1.8,9.4,15.4,2014,31
30,17,0,0,3,4,100.0,60.0,3.6,3.0,17.6,17.4,6.6,7.0,6.2,5.4,0.8,2.4,8.8,10.4,2014,31
0,18,1,2,2,3,80.0,60.0,2.0,2.0,14.6,15.0,5.8,5.2,8.4,5.4,0.6,1.2,10.0,8.8,2014,13
9,29,2,4,2,-9,60.0,60.0,2.4,1.8,24.0,8.6,9.6,2.8,7.4,2.6,0.4,1.2,7.0,13.8,2014,13
17,1,0,0,1,-13,80.0,20.0,2.2,0.4,14.4,6.8,5.4,2.0,6.8,4.2,1.2,2.4,11.8,13.4,2014,13
26,21,2,4,0,-2,40.0,0.0,1.4,0.2,15.8,9.0,6.0,2.4,4.6,3.8,0.4,2.0,7.2,15.0,2014,13
28,30,1,2,2,8,40.0,40.0,1.6,1.0,17.2,14.6,4.8,4.6,6.4,4.6,1.0,1.8,11.4,14.4,2014,13
32,11,0,0,2,12,20.0,60.0,2.0,1.6,13.6,13.4,5.2,3.8,6.0,5.8,2.0,1.0,12.4,16.8,2014,13
19,23,2,4,0,-11,60.0,0.0,2.4,0.4,16.6,12.2,6.2,5.0,5.0,4.8,1.0,2.0,6.8,16.2,2014,14
14,33,1,2,2,3,40.0,40.0,0.8,1.2,10.8,10.4,3.6,3.8,5.6,4.4,1.2,1.6,14.2,19.2,2014,15
1,0,0,0,3,11,40.0,40.0,1.2,1.6,10.6,15.6,4.0,5.6,5.0,4.6,0.8,1.2,9.2,11.0,2014,20
21,14,1,2,2,-6,20.0,20.0,1.4,1.2,16.0,7.4,3.6,3.0,6.0,4.6,2.2,2.0,11.8,14.6,2014,20
23,27,1,2,2,9,20.0,40.0,0.4,1.0,16.8,11.8,6.2,3.2,4.4,5.0,1.2,1.2,12.2,14.6,2014,20
29,26,0,0,1,4,60.0,40.0,1.6,1.2,11.0,11.2,5.6,4.2,3.8,6.4,0.6,1.4,16.6,9.8,2014,20
33,17,2,3,1,11,20.0,60.0,0.8,2.4,13.2,17.0,3.8,6.8,5.4,4.8,1.4,1.8,13.6,10.0,2014,20
11,10,0,2,3,-6,20.0,40.0,2.2,2.0,13.6,9.8,4.6,4.4,6.8,5.0,2.8,1.8,11.8,15.4,2014,21
18,9,1,1,1,-2,80.0,100.0,2.4,2.8,18.0,17.6,5.6,5.0,8.8,5.6,0.6,1.0,7.2,13.8,2014,21
30,32,0,0,1,-11,80.0,0.0,3.0,0.2,16.0,11.6,5.6,2.2,6.2,4.8,1.0,1.8,9.8,13.4,2014,21
0,30,1,1,1,-2,80.0,40.0,2.2,1.4,15.6,14.6,6.4,5.0,7.2,4.2,0.8,1.4,10.0,13.4,2014,27
9,1,2,3,0,-12,60.0,40.0,2.0,0.6,25.6,6.4,9.2,1.4,7.4,4.6,0.8,2.2,6.8,14.2,2014,27
14,18,0,2,4,15,20.0,60.0,0.8,2.2,10.6,15.0,3.8,6.0,5.4,4.8,1.6,1.4,14.0,9.8,2014,27
17,11,1,1,1,-3,60.0,60.0,1.4,1.4,15.8,12.8,4.6,3.2,7.2,4.8,1.4,0.8,9.8,14.4,2014,27
19,33,2,2,1,-6,60.0,20.0,2.4,1.2,18.6,11.4,6.8,3.4,5.6,5.8,0.8,1.8,6.6,16.2,2014,27
26,23,2,2,1,-10,40.0,0.0,1.4,0.0,13.2,10.2,5.2,3.2,4.2,3.8,0.4,2.2,8.0,18.2,2014,27
28,29,1,0,0,2,40.0,60.0,2.0,1.8,13.6,9.2,3.8,2.8,6.2,3.4,1.2,1.6,10.4,17.0,2014,27
27,21,2,1,0,-1,40.0,0.0,1.0,0.2,17.2,9.8,4.0,2.8,5.2,3.8,0.8,2.0,10.8,12.4,2014,29
1,18,0,0,2,14,40.0,80.0,1.0,2.6,9.4,16.4,3.2,6.2,5.6,5.0,1.0,1.2,7.8,9.8,2014,4
14,10,2,2,0,5,0.0,40.0,1.0,2.0,11.0,10.4,4.0,4.2,4.6,4.6,2.4,1.8,15.6,15.4,2014,4
17,32,2,2,1,-15,40.0,20.0,1.0,0.2,18.6,11.6,5.4,2.4,7.4,5.8,1.2,1.2,9.4,11.0,2014,4
28,27,2,3,1,5,20.0,40.0,1.2,1.4,12.4,12.6,3.0,3.6,6.0,4.6,1.2,1.0,10.6,15.2,2014,4
29,21,1,2,2,2,60.0,0.0,1.6,0.2,10.6,10.4,5.2,2.8,3.2,4.8,0.6,2.0,13.6,12.8,2014,4
9,0,2,2,0,-1,60.0,60.0,2.0,2.2,25.4,14.4,9.2,5.2,7.8,4.4,0.8,0.6,7.4,9.4,2014,5
19,11,2,2,1,2,60.0,40.0,2.0,1.4,15.2,11.0,5.2,3.6,6.0,4.0,1.0,1.0,7.4,14.4,2014,5
30,26,2,1,0,-2,60.0,60.0,2.0,1.2,11.6,12.4,3.6,4.8,6.4,5.4,1.0,0.6,10.2,7.8,2014,5
33,23,2,2,0,-5,40.0,0.0,1.2,0.2,13.6,10.6,5.0,2.6,6.0,3.4,1.2,2.2,12.4,19.2,2014,5
0,14,1,2,2,-12,60.0,20.0,1.8,1.2,16.0,7.8,6.0,2.8,9.4,4.6,0.8,2.0,8.8,17.6,2014,18
10,9,0,1,2,8,20.0,80.0,1.2,2.8,10.4,13.6,4.2,4.8,5.6,3.6,1.6,1.2,15.4,15.6,2014,18
11,1,2,3,0,-10,20.0,40.0,2.2,0.4,13.6,5.6,4.8,1.0,5.6,3.8,2.8,2.0,12.4,15.4,2014,18
18,30,2,4,1,-5,60.0,40.0,2.0,1.0,17.4,11.8,5.2,4.2,10.0,4.8,0.6,1.0,6.4,15.4,2014,18
26,28,2,8,0,-6,60.0,40.0,1.8,1.0,13.2,10.4,5.6,3.6,4.4,2.8,0.4,0.8,8.8,18.6,2014,18
23,17,0,2,3,16,20.0,40.0,0.8,2.2,16.0,15.8,5.0,6.2,5.4,5.0,1.2,2.2,11.6,10.4,2014,19
27,29,2,2,1,-3,40.0,60.0,1.0,1.8,17.6,8.2,4.0,2.6,4.8,3.2,0.8,1.4,11.4,18.4,2014,19
32,19,1,2,2,10,40.0,0.0,1.6,1.0,15.4,10.0,4.4,2.8,8.6,4.2,1.2,1.8,10.4,13.4,2014,20
17,14,1,0,0,-14,60.0,20.0,1.4,1.4,17.2,7.2,5.2,3.2,5.6,3.6,1.0,1.8,8.8,19.6,2014,25
26,27,2,1,0,-1,60.0,40.0,3.0,1.4,14.4,12.0,7.0,3.6,4.6,4.0,0.4,1.4,9.4,14.2,2014,25
28,0,0,0,2,10,20.0,40.0,1.4,1.6,12.0,14.0,2.8,4.0,6.4,4.8,1.4,1.0,10.2,7.8,2014,25
32,10,1,2,2,6,20.0,20.0,1.8,1.8,13.2,10.4,3.6,4.0,7.2,3.8,1.6,2.2,13.0,15.8,2014,25
33,18,2,2,1,12,60.0,80.0,1.6,2.6,13.2,18.6,4.8,6.4,6.8,4.8,1.0,1.2,12.2,10.4,2014,25
19,9,1,1,1,4,80.0,80.0,2.4,2.8,14.8,14.2,5.6,5.0,6.6,3.4,1.0,1.4,7.8,11.8,2014,26
30,21,0,1,2,-4,60.0,0.0,1.6,0.6,10.6,10.6,3.4,3.0,7.6,5.0,0.8,1.8,9.4,11.0,2014,26
23,1,2,2,0,3,20.0,40.0,1.2,0.4,16.2,6.6,5.0,1.4,6.2,4.2,1.6,1.8,12.0,14.8,2014,27
9,23,2,2,1,-15,80.0,0.0,2.2,0.2,20.2,9.6,6.8,2.2,6.2,3.0,0.4,2.6,8.0,18.8,2014,1
11,29,1,0,0,-7,20.0,40.0,2.4,1.6,13.2,8.8,5.0,3.2,5.0,2.6,2.8,1.6,12.6,19.0,2014,1
14,26,0,0,1,8,20.0,60.0,1.4,1.2,11.4,13.2,3.6,5.0,4.4,5.8,1.8,0.8,15.4,8.4,2014,1
21,17,2,1,0,8,40.0,40.0,1.8,2.2,19.2,16.0,4.6,6.0,7.6,4.8,1.4,2.2,11.6,10.8,2014,1
27,33,1,2,2,-4,60.0,40.0,1.4,1.8,17.6,14.2,4.0,4.4,4.6,7.4,0.8,1.6,10.8,14.6,2014,1
1,30,0,1,2,9,40.0,20.0,1.0,1.0,9.4,12.4,3.2,4.8,4.6,5.0,1.4,1.8,12.6,16.0,2014,2
18,19,2,1,0,-6,60.0,0.0,2.0,1.4,17.8,12.6,5.8,3.8,9.2,5.4,0.8,1.8,9.2,11.6,2014,2
10,28,0,1,3,-3,20.0,20.0,1.4,0.6,11.2,11.4,4.6,3.2,5.4,3.2,1.6,2.2,15.0,16.4,2014,3
7,14,2,1,0,2,0.0,20.0,0.6,1.2,13.2,8.0,3.4,3.4,4.4,3.8,1.8,1.2,13.8,19.4,2014,8
17,9,0,1,2,-1,40.0,60.0,1.0,2.6,18.0,10.4,5.0,4.4,7.2,3.2,0.8,1.4,8.4,13.6,2014,8
19,10,2,1,0,-4,60.0,20.0,2.0,1.8,15.0,9.0,5.6,4.0,5.8,3.6,1.0,2.2,9.2,16.2,2014,8
23,18,1,2,2,17,40.0,60.0,1.4,2.2,16.8,19.2,5.2,6.2,6.2,5.8,1.2,1.2,13.0,11.0,2014,8
26,16,2,2,0,-10,80.0,20.0,3.0,0.2,15.4,7.4,6.2,2.4,4.6,5.0,0.2,1.4,9.4,18.6,2014,8
33,1,1,0,0,-2,60.0,40.0,1.6,0.4,11.6,8.8,4.0,2.4,5.6,4.8,1.2,1.6,14.0,14.6,2014,8
28,11,1,1,1,9,20.0,40.0,1.2,1.8,10.2,12.0,2.6,4.8,5.8,3.8,1.2,1.2,11.6,15.0,2014,9
29,0,2,2,1,8,60.0,40.0,1.6,1.6,9.6,14.2,4.6,3.4,1.8,4.6,0.6,1.0,11.4,7.8,2014,9
30,27,0,1,2,-3,40.0,20.0,1.2,1.0,11.6,10.6,2.6,3.0,8.6,3.4,1.2,1.4,10.2,14.8,2014,9
32,21,0,0,2,7,20.0,20.0,2.0,0.8,13.2,10.6,3.6,3.0,6.2,5.0,1.6,1.6,11.6,11.8,2014,9
0,19,0,1,2,-3,40.0,0.0,2.0,1.2,20.4,12.8,8.0,3.8,10.4,5.8,1.2,1.8,7.0,11.8,2014,22
9,32,2,2,0,-14,100.0,40.0,2.6,0.6,19.2,10.0,7.6,3.0,7.8,5.4,0.6,1.0,8.2,12.6,2014,22
11,33,2,2,1,-8,20.0,40.0,2.0,2.2,14.8,15.6,4.8,4.8,6.4,7.6,2.2,1.6,10.6,13.2,2014,22
16,28,1,0,0,4,20.0,20.0,2.0,1.0,12.8,11.4,4.4,4.4,5.4,3.6,1.8,2.4,14.2,14.8,2014,22
18,29,2,2,1,-11,60.0,20.0,1.8,1.0,15.4,8.8,5.6,2.4,8.2,2.0,0.8,1.4,10.4,18.4,2014,22
21,23,2,1,0,-8,40.0,0.0,1.4,0.4,17.6,9.0,4.0,1.8,7.0,3.4,1.4,2.8,9.6,17.0,2014,22
27,7,0,1,2,-9,40.0,0.0,1.0,0.4,17.2,9.8,3.6,2.4,5.8,2.8,1.0,2.0,10.8,18.2,2014,22
10,17,2,3,1,9,20.0,40.0,1.0,1.6,11.0,12.0,3.6,4.8,6.2,3.8,1.6,1.8,11.4,11.6,2014,23
14,30,0,1,2,10,20.0,40.0,1.4,1.4,10.6,13.6,3.2,5.6,4.6,5.6,1.6,1.6,15.2,14.4,2014,23
1,26,1,1,1,7,20.0,60.0,0.6,1.2,8.8,11.6,1.6,4.8,3.6,5.6,1.6,0.8,14.8,7.6,2014,24
7,1,1,1,1,3,20.0,20.0,0.6,0.2,14.2,9.8,3.6,2.8,5.0,3.6,1.2,1.6,14.0,16.4,2014,29
17,27,2,1,0,-7,20.0,40.0,0.8,1.2,18.0,9.0,4.8,3.2,7.8,3.4,1.0,1.4,9.0,15.8,2014,29
19,14,2,3,0,-9,80.0,0.0,2.0,1.0,16.8,8.2,5.6,2.8,7.2,2.2,0.6,1.4,9.4,18.4,2014,29
23,16,2,3,2,0,40.0,20.0,1.8,0.2,16.4,7.2,4.8,1.6,6.0,4.4,1.4,1.4,15.4,16.8,2014,29
28,9,1,0,0,11,20.0,60.0,1.2,2.4,10.0,11.2,2.6,4.8,6.0,4.0,1.2,1.4,12.8,14.2,2014,29
29,10,1,1,1,1,60.0,20.0,1.8,1.6,9.8,9.4,4.6,3.8,2.6,3.8,0.8,2.0,11.4,18.0,2014,29
32,0,0,0,1,13,20.0,40.0,1.6,1.4,13.2,14.0,3.0,3.6,6.4,6.0,1.6,1.0,11.8,8.4,2014,29
33,21,2,1,0,3,60.0,40.0,1.6,1.2,12.2,10.0,4.2,2.8,6.6,4.4,1.0,1.6,14.4,12.0,2014,29
26,18,0,0,3,7,100.0,40.0,3.4,2.2,17.4,21.2,7.0,6.4,7.0,6.6,0.2,1.6,8.8,12.0,2014,30
30,11,2,2,1,1,20.0,40.0,0.6,1.6,10.8,12.6,2.4,5.6,8.2,3.4,1.6,1.0,10.6,14.8,2014,30
7,21,1,1,1,8,20.0,40.0,0.8,1.2,14.6,9.6,3.8,2.2,4.6,3.8,1.4,1.0,16.2,12.4,2014,2
10,1,0,0,1,-4,40.0,0.0,1.4,0.2,12.2,12.4,3.8,4.0,5.8,3.4,1.2,1.8,10.4,15.0,2014,2
16,17,0,1,3,16,20.0,40.0,1.6,1.6,13.2,12.2,4.6,4.4,6.0,3.0,1.4,1.8,13.6,12.8,2014,2
19,27,2,2,1,-2,80.0,20.0,1.8,1.0,15.4,10.2,5.0,3.6,8.0,3.6,0.6,1.6,8.4,15.8,2014,2
29,23,2,2,0,-6,40.0,0.0,1.4,0.4,10.4,9.8,3.8,2.4,3.4,3.6,1.0,2.2,10.4,16.2,2014,2
32,33,0,1,2,4,20.0,20.0,1.6,1.8,12.8,15.0,3.0,3.8,5.4,6.8,1.4,1.8,13.0,14.2,2014,2
0,26,2,1,0,-4,20.0,60.0,1.8,1.2,22.2,12.2,8.6,4.4,10.8,6.0,1.4,0.6,8.6,6.6,2014,3
9,30,2,3,0,-3,100.0,40.0,2.6,1.6,18.0,16.2,7.2,6.0,9.2,6.4,0.6,1.8,8.0,12.8,2014,3
11,14,1,1,1,-11,40.0,0.0,2.0,0.8,16.0,7.2,5.2,2.6,6.0,0.8,2.0,1.6,10.8,18.6,2014,3
28,18,0,1,4,13,20.0,60.0,0.8,2.4,11.2,21.2,3.0,6.0,5.4,7.2,0.8,1.2,14.6,11.6,2014,3
14,32,1,0,0,-1,20.0,40.0,1.4,0.6,10.8,9.4,3.2,2.8,4.4,4.4,1.8,1.4,16.0,15.2,2014,6
17,28,1,0,0,-12,40.0,20.0,1.0,0.6,17.6,12.0,5.2,5.0,7.4,4.8,0.8,2.0,10.6,15.4,2014,6
18,11,2,1,0,-4,60.0,20.0,1.6,1.4,18.2,12.4,6.8,5.8,8.4,4.0,0.8,1.4,9.8,15.2,2014,6
21,9,2,2,1,7,60.0,40.0,1.6,1.2,18.0,13.6,5.2,4.4,9.6,5.2,1.0,0.8,9.6,13.2,2014,6
23,7,2,2,0,0,40.0,20.0,2.2,0.8,19.2,8.4,5.0,3.0,7.4,2.2,1.8,2.0,16.0,21.2,2014,6
27,0,2,3,2,5,40.0,60.0,1.2,1.4,19.8,12.6,4.0,3.4,8.2,4.8,1.2,0.8,10.4,8.4,2014,6
30,10,1,0,0,-5,40.0,20.0,1.0,1.2,12.0,9.2,3.4,3.4,7.4,4.2,1.2,1.6,9.2,18.0,2014,6
1,16,2,2,1,-3,20.0,0.0,0.8,0.4,8.4,9.4,1.8,2.4,2.6,4.8,1.8,2.0,15.6,18.4,2014,7
33,29,2,3,1,1,80.0,0.0,1.6,0.8,13.8,9.4,4.4,2.2,7.4,2.6,0.4,1.6,12.2,20.2,2014,7
26,19,0,1,2,1,80.0,20.0,2.6,1.4,18.0,13.2,6.4,3.6,7.6,6.0,0.8,1.8,10.0,14.2,2014,8
0,21,2,4,1,-6,40.0,40.0,1.6,1.4,23.0,8.6,9.0,2.8,12.6,2.8,1.0,1.0,6.8,12.4,2014,13
7,26,2,1,0,10,20.0,40.0,1.0,0.6,13.6,9.8,3.0,3.0,4.0,5.0,1.6,0.6,15.6,9.6,2014,13
9,14,2,2,0,-13,100.0,0.0,2.4,0.6,14.6,6.8,7.0,2.2,8.0,1.2,0.2,1.4,7.8,16.2,2014,13
10,27,1,1,1,2,40.0,20.0,1.4,0.8,12.8,9.6,4.2,3.6,6.4,3.8,1.4,1.6,9.2,13.6,2014,13
16,18,0,0,1,17,20.0,60.0,1.6,2.4,15.4,20.2,4.8,5.6,6.4,5.6,1.8,1.0,11.0,11.2,2014,13
28,33,1,1,1,1,20.0,40.0,1.0,1.8,9.8,14.0,2.8,4.2,3.8,5.4,1.6,1.6,16.2,16.6,2014,13
32,1,2,1,0,2,0.0,20.0,1.0,0.4,13.4,12.0,2.8,4.4,4.8,3.4,1.8,1.2,13.2,15.0,2014,13
19,17,2,3,0,5,80.0,40.0,1.8,1.6,15.8,11.0,5.0,3.4,7.0,3.2,0.6,2.0,6.8,15.4,2014,14
29,30,0,1,2,6,60.0,40.0,1.8,1.2,13.0,15.2,4.8,5.2,4.8,6.6,0.8,2.0,9.2,14.0,2014,14
11,23,2,3,1,-13,40.0,0.0,1.6,0.4,15.2,9.0,4.8,2.2,5.6,3.8,1.0,1.8,10.0,16.0,2014,15
1,19,1,1,1,8,20.0,40.0,0.8,1.8,9.4,12.4,2.4,3.6,3.0,5.0,1.8,2.0,15.8,15.4,2014,20
14,29,0,0,1,4,20.0,0.0,1.0,0.6,11.0,9.4,2.4,2.2,4.4,2.6,1.4,1.4,14.0,17.4,2014,20
18,10,2,3,0,-10,80.0,0.0,1.8,0.6,18.8,10.4,7.0,3.6,8.4,6.4,0.6,1.2,10.2,17.4,2014,20
23,32,2,3,2,1,60.0,40.0,2.2,0.6,17.2,7.4,5.2,3.0,6.0,3.4,1.4,0.8,17.4,14.6,2014,20
26,11,2,3,0,3,60.0,20.0,2.4,1.2,17.2,12.0,5.4,5.2,7.4,5.0,1.0,1.4,8.6,14.2,2014,20
30,7,2,2,1,-12,40.0,20.0,1.0,0.8,13.4,9.2,3.8,3.0,6.0,3.4,1.0,2.4,10.4,20.6,2014,20
33,16,2,2,0,-5,80.0,0.0,1.6,0.6,14.2,10.0,4.4,3.0,7.4,4.6,0.4,2.0,12.2,18.4,2014,20
17,0,1,2,2,-2,40.0,40.0,0.8,1.2,15.8,13.8,4.0,4.0,6.8,5.6,0.6,1.4,9.8,9.8,2014,21
21,28,0,0,1,-4,80.0,20.0,1.4,0.6,16.2,10.2,5.0,4.0,7.6,5.0,0.6,1.8,12.4,14.8,2014,21
27,9,0,0,2,6,60.0,40.0,1.8,1.2,17.6,17.6,4.0,5.6,6.2,6.8,1.4,1.0,11.8,11.8,2014,22
0,23,2,2,1,-14,60.0,0.0,2.2,0.4,23.2,10.4,8.6,2.6,11.4,4.8,1.0,2.0,7.6,14.8,2014,26
7,17,0,0,1,16,40.0,40.0,1.0,1.4,11.6,12.6,2.8,4.2,3.4,3.6,1.0,2.0,14.2,15.0,2014,26
9,33,2,2,0,-10,100.0,40.0,2.2,1.8,13.6,15.2,6.0,5.0,7.2,5.0,0.2,1.4,8.0,17.6,2014,26
10,26,0,1,3,3,20.0,20.0,1.2,0.4,11.6,10.6,3.6,3.0,7.0,5.2,1.6,0.8,9.2,10.0,2014,26
11,27,0,0,1,-4,60.0,20.0,1.8,0.8,14.4,8.8,4.6,3.2,4.4,4.6,0.6,1.2,11.4,14.0,2014,26
16,30,0,1,2,12,0.0,60.0,0.6,1.4,13.8,16.0,4.0,5.2,7.6,7.4,1.4,2.0,9.6,13.8,2014,26
19,21,2,3,1,-3,80.0,40.0,2.0,1.2,15.0,8.8,5.4,2.8,5.2,3.8,0.4,1.4,8.6,13.6,2014,26
28,14,0,1,3,-2,0.0,0.0,0.6,0.2,10.8,7.6,3.0,1.4,3.6,2.0,1.6,1.4,17.8,13.6,2014,26
29,1,2,1,0,-3,60.0,20.0,1.6,0.4,13.8,11.4,4.4,4.4,5.6,3.0,0.8,0.8,9.4,14.6,2014,26
32,18,0,1,3,16,20.0,60.0,0.8,2.2,14.4,16.6,3.4,5.0,5.6,4.6,1.4,1.0,10.2,11.4,2014,26
1,28,1,0,0,1,20.0,40.0,1.0,0.8,10.2,10.6,2.8,3.4,2.6,5.0,1.4,1.8,17.2,14.4,2014,28
14,16,0,0,1,-2,20.0,0.0,0.6,0.6,11.2,10.6,2.0,3.4,4.6,4.0,0.8,2.2,12.6,16.6,2014,28
18,7,1,2,2,-17,100.0,20.0,2.2,1.0,18.6,9.0,6.8,3.6,7.2,4.2,0.4,2.0,10.2,21.2,2014,28
21,11,2,3,2,5,80.0,20.0,1.0,1.0,14.2,12.6,5.0,4.8,8.2,5.0,0.4,1.6,13.6,13.4,2014,28
23,10,1,0,0,7,80.0,0.0,2.4,0.6,17.6,9.4,5.4,3.4,5.6,6.2,1.2,1.4,17.6,17.4,2014,28
26,9,1,1,1,5,60.0,40.0,1.4,1.2,15.4,17.8,3.8,5.8,7.2,7.4,1.0,0.8,8.8,13.0,2014,28
27,32,2,2,0,-8,40.0,20.0,1.6,0.8,17.8,8.6,3.8,3.4,7.0,4.2,1.8,1.4,11.6,16.6,2014,28
30,19,1,0,0,-1,40.0,40.0,1.2,1.4,16.2,12.4,4.2,4.4,5.8,6.0,1.2,1.2,10.8,14.4,2014,28
33,0,0,1,2,9,80.0,40.0,1.6,1.6,14.0,13.2,4.2,4.6,7.8,6.4,0.4,1.4,12.2,14.2,2014,28
17,29,2,4,1,-10,20.0,20.0,0.8,0.8,17.4,10.6,4.6,2.6,7.8,3.4,0.8,1.4,9.6,16.6,2014,29
1,10,1,0,0,4,20.0,0.0,1.0,0.2,11.8,9.8,3.2,2.8,3.4,6.4,1.0,1.0,14.8,16.2,2015,1
14,11,2,2,0,11,0.0,0.0,0.2,0.8,11.8,11.4,2.6,4.0,4.8,4.8,1.0,2.0,11.2,13.2,2015,1
17,16,1,2,2,-16,40.0,20.0,1.6,0.8,18.2,9.6,6.0,3.0,6.2,3.8,1.0,1.8,10.6,18.8,2015,1
18,28,2,3,2,-13,80.0,40.0,1.8,0.8,18.0,11.2,5.6,3.8,8.6,4.6,0.6,0.2,8.8,13.2,2015,1
21,7,1,3,3,-8,80.0,20.0,1.4,1.0,13.0,9.4,5.0,3.4,7.8,4.2,0.8,2.0,14.0,21.6,2015,1
23,29,1,1,1,6,60.0,20.0,2.0,0.8,17.6,10.2,5.2,2.4,7.0,3.0,1.2,1.8,16.6,17.4,2015,1
26,0,2,2,0,4,40.0,40.0,1.4,1.6,13.2,14.4,3.6,5.0,6.8,7.4,1.2,1.6,8.6,14.8,2015,1
27,19,1,1,1,2,40.0,40.0,1.6,1.0,17.0,9.8,3.8,4.0,7.4,5.0,1.6,0.8,12.0,14.6,2015,1
30,9,2,5,3,3,40.0,40.0,1.0,1.2,14.6,17.4,4.6,5.2,4.4,7.2,0.8,0.8,11.0,11.0,2015,1
33,32,1,1,1,-4,60.0,20.0,1.4,0.6,14.4,10.0,4.2,3.4,8.4,3.8,0.6,1.4,12.2,15.4,2015,1
7,23,2,2,1,0,40.0,0.0,0.8,0.6,12.0,11.6,2.2,2.4,4.0,4.2,0.6,2.0,13.2,15.6,2015,10
9,21,2,2,0,-7,100.0,20.0,2.2,1.0,18.2,8.8,7.2,3.2,8.4,4.4,0.2,1.8,7.2,12.0,2015,10
10,30,2,2,1,5,20.0,80.0,1.2,1.6,12.4,13.8,3.6,4.4,8.0,6.8,1.8,1.4,9.0,14.2,2015,10
11,18,1,1,1,4,40.0,80.0,1.2,2.6,14.6,14.2,4.4,5.0,5.6,4.2,0.8,0.8,11.8,12.6,2015,10
16,1,2,1,0,3,0.0,20.0,0.4,0.4,15.2,10.6,4.0,3.8,8.0,2.2,1.4,0.6,9.2,13.8,2015,10
28,17,0,0,1,12,0.0,40.0,0.8,1.0,11.0,11.6,3.0,3.8,5.0,3.6,1.8,1.6,17.4,15.2,2015,10
29,33,1,1,1,-1,60.0,20.0,1.4,1.2,13.8,12.0,4.2,3.8,6.0,4.8,0.8,1.6,9.8,19.8,2015,10
32,14,2,1,0,1,20.0,20.0,0.6,0.8,14.6,9.0,3.8,1.8,6.4,2.6,1.6,1.6,10.4,12.6,2015,10
0,27,2,3,0,-5,80.0,40.0,2.2,1.0,21.2,9.6,7.8,3.4,10.6,4.6,0.8,1.0,10.0,13.2,2015,11
19,26,0,0,1,-1,100.0,40.0,2.4,1.0,13.0,11.8,4.8,3.6,5.2,5.0,0.4,0.8,8.4,10.4,2015,11
1,17,0,0,2,13,20.0,60.0,0.8,1.2,12.2,14.6,3.6,4.0,3.8,4.4,0.6,1.4,12.4,13.4,2015,17
7,10,0,2,3,7,40.0,0.0,1.0,0.2,12.8,9.8,3.0,2.6,4.6,6.0,0.8,0.8,14.2,14.4,2015,17
16,27,0,0,1,9,20.0,20.0,0.6,0.6,14.6,8.8,3.6,3.0,7.6,3.8,1.2,1.4,10.0,13.2,2015,17
21,26,0,1,2,2,60.0,40.0,1.8,1.0,12.2,11.6,5.2,3.2,7.4,5.2,1.4,0.8,15.8,10.8,2015,17
23,19,0,0,2,11,60.0,40.0,1.8,1.2,19.0,9.2,5.6,4.0,6.4,5.6,1.0,0.8,17.0,13.6,2015,17
29,9,0,0,5,9,40.0,20.0,1.2,1.4,15.4,18.2,3.8,5.6,5.6,6.4,0.8,1.6,9.6,10.8,2015,17
30,28,2,2,1,-8,60.0,20.0,1.8,0.6,14.0,10.4,5.4,3.2,4.4,5.0,1.0,0.6,12.6,17.8,2015,17
18,0,0,0,2,-3,80.0,40.0,2.2,1.4,21.2,14.2,6.8,5.4,9.2,6.8,1.0,1.6,7.8,15.2,2015,18
33,14,2,3,0,-3,60.0,20.0,1.6,0.8,11.8,9.0,3.8,2.0,5.8,2.8,0.8,1.6,12.6,11.6,2015,18
11,32,1,0,0,-12,40.0,0.0,1.4,0.6,13.4,11.2,4.6,3.4,4.2,3.4,1.0,1.6,13.8,14.2,2015,19
9,18,1,1,1,2,100.0,80.0,2.2,2.4,16.4,13.2,6.6,4.2,7.2,4.6,0.0,0.6,8.0,11.4,2015,31
10,11,0,0,1,6,40.0,0.0,1.4,0.6,14.8,10.0,4.8,3.2,6.6,5.6,1.4,2.2,9.2,14.0,2015,31
14,21,0,0,3,6,20.0,0.0,0.6,0.6,13.0,9.4,3.4,3.6,4.2,4.4,0.8,2.2,11.0,11.8,2015,31
17,33,2,2,0,-11,40.0,20.0,1.8,1.0,19.4,12.2,6.4,4.4,6.0,5.4,1.0,1.4,10.8,19.4,2015,31
19,16,2,3,1,-11,80.0,20.0,2.2,1.2,10.4,11.8,3.8,3.6,3.6,4.0,0.6,1.8,9.0,18.8,2015,31
27,23,2,3,1,-9,40.0,0.0,1.4,0.6,15.0,13.6,3.0,3.6,7.8,5.0,1.4,2.0,11.2,15.6,2015,31
28,7,2,2,0,-4,0.0,20.0,0.6,1.6,10.0,11.2,2.6,3.8,5.2,5.0,1.8,2.0,18.4,17.2,2015,31
32,30,0,0,3,11,40.0,60.0,0.8,1.4,14.4,12.0,4.0,4.0,6.0,6.2,1.2,1.6,11.2,16.0,2015,31
0,1,2,5,0,-11,80.0,20.0,2.2,0.4,17.6,10.6,6.4,3.2,8.8,3.0,0.8,0.8,10.2,11.8,2015,1
26,29,0,0,1,-4,40.0,20.0,1.4,1.0,12.2,13.6,3.6,3.6,4.6,4.8,1.2,2.0,9.8,18.8,2015,1
1,9,0,1,2,12,20.0,40.0,0.6,2.4,13.8,17.6,4.2,6.6,5.2,5.2,0.8,1.6,11.8,10.6,2015,7
11,17,1,0,0,3,20.0,80.0,1.0,1.4,14.0,14.6,4.6,4.8,5.6,4.8,0.8,0.8,12.0,13.4,2015,7
16,10,0,0,1,7,20.0,20.0,0.6,0.6,13.4,9.8,3.4,2.4,7.6,6.2,1.4,1.0,10.6,12.2,2015,7
18,14,1,1,1,-15,60.0,20.0,1.8,0.8,19.0,10.0,5.6,2.2,11.0,4.2,1.2,1.6,8.0,12.6,2015,7
23,26,0,0,1,10,40.0,60.0,1.2,1.2,16.2,9.6,5.2,3.0,4.8,3.6,1.0,0.8,15.6,12.6,2015,7
29,28,1,1,1,-2,40.0,20.0,1.0,0.8,14.0,10.0,3.0,3.0,5.0,4.4,1.6,1.0,11.6,20.2,2015,7
30,0,2,2,1,2,60.0,40.0,1.8,1.6,16.4,12.6,5.8,5.0,5.0,6.6,1.0,1.6,12.2,15.8,2015,7
7,32,1,2,2,1,40.0,0.0,1.2,0.6,12.0,11.2,3.0,3.2,5.4,3.6,1.2,1.2,12.8,13.4,2015,8
21,27,1,1,1,1,40.0,40.0,1.8,0.8,12.6,8.8,4.6,2.8,6.0,3.8,1.8,1.2,14.2,11.4,2015,8
33,19,1,1,1,6,60.0,40.0,2.0,1.2,12.8,9.2,4.4,5.0,5.4,5.2,0.8,0.6,13.0,12.6,2015,8
0,16,2,2,1,-14,100.0,20.0,3.0,1.0,15.6,8.8,6.2,2.8,8.0,3.6,0.4,1.8,9.6,14.8,2015,10
14,1,2,2,0,1,20.0,20.0,0.4,0.2,13.6,8.8,4.6,2.2,4.2,3.4,1.0,1.6,8.8,12.2,2015,10
17,30,2,3,2,-4,40.0,60.0,2.0,1.6,20.4,10.2,7.2,3.6,6.0,5.0,1.0,1.4,9.6,16.6,2015,10
28,23,0,0,2,-4,20.0,0.0,1.0,0.8,9.2,13.8,2.6,3.6,6.0,4.6,1.8,2.4,16.2,15.8,2015,10
9,11,2,1,0,-2,80.0,20.0,2.0,0.6,12.8,10.8,5.4,2.6,4.4,5.0,0.2,1.8,9.0,14.0,2015,11
10,21,1,1,1,1,20.0,20.0,0.8,1.2,14.4,10.4,4.4,4.4,7.0,4.6,1.4,2.0,9.6,12.0,2015,11
19,7,2,3,1,-11,80.0,0.0,2.2,1.2,10.4,12.8,3.6,3.8,3.0,5.6,0.8,2.2,9.0,13.8,2015,11
26,33,1,0,0,-5,40.0,20.0,1.4,0.8,12.6,10.8,4.0,4.2,4.8,5.8,0.8,1.4,8.0,20.8,2015,11
27,18,0,1,4,8,60.0,60.0,1.8,2.0,13.0,12.2,2.8,4.0,5.6,4.2,1.2,0.8,13.0,9.4,2015,11
32,29,2,2,0,5,40.0,40.0,0.8,1.0,15.2,13.2,4.6,3.2,6.4,4.2,1.6,1.6,10.6,17.2,2015,11
1,27,0,1,2,6,0.0,40.0,0.4,0.8,12.2,9.2,3.0,2.6,5.6,5.0,1.0,1.0,12.2,11.2,2015,21
9,7,1,1,1,-15,80.0,0.0,1.6,1.4,14.6,12.4,5.2,3.8,6.2,5.0,0.2,2.4,8.4,13.8,2015,21
10,0,0,1,2,7,20.0,40.0,1.0,1.4,12.4,11.0,4.0,4.4,6.4,5.4,1.4,1.4,9.6,17.8,2015,21
14,23,2,2,1,-2,40.0,20.0,0.8,1.2,13.2,16.6,5.0,4.2,4.2,5.0,1.0,2.0,9.8,15.4,2015,21
18,21,2,5,0,-9,40.0,20.0,1.8,1.2,18.8,9.2,6.0,3.8,11.4,4.0,1.4,2.0,7.6,11.0,2015,21
28,32,1,0,0,-3,20.0,0.0,0.8,1.0,10.8,12.4,3.2,3.6,7.2,4.4,1.4,1.6,17.0,13.4,2015,21
29,19,2,2,1,5,20.0,20.0,0.8,1.0,13.6,12.2,3.0,5.8,4.6,6.8,1.8,0.6,11.4,12.2,2015,21
11,16,1,2,2,-13,20.0,20.0,0.8,1.0,12.6,9.0,3.8,2.8,5.0,3.8,0.6,1.8,13.8,15.0,2015,22
26,17,0,0,2,6,40.0,60.0,1.2,0.8,13.8,15.8,4.6,5.4,5.4,5.2,0.4,0.6,8.2,10.6,2015,22
30,33,1,2,2,-7,80.0,0.0,2.2,0.4,18.2,9.4,6.8,3.2,6.6,5.6,1.2,1.2,10.4,20.4,2015,22
7,29,0,0,1,6,40.0,40.0,1.4,0.8,12.0,13.0,3.6,3.4,6.0,4.2,1.4,1.4,13.0,16.4,2015,28
19,28,2,2,0,-7,80.0,20.0,2.4,1.0,10.6,9.4,4.4,3.0,3.6,3.2,0.8,1.2,10.6,20.4,2015,28
21,1,2,1,0,-5,20.0,0.0,1.6,0.0,12.6,10.0,4.6,2.4,6.8,4.4,1.8,2.0,10.4,10.8,2015,28
27,14,2,1,0,-7,40.0,20.0,1.4,0.8,13.8,9.8,3.0,2.6,5.6,3.6,1.6,1.6,12.8,13.6,2015,28
32,26,2,1,0,9,60.0,80.0,1.0,1.4,12.8,11.6,4.4,3.8,6.0,3.6,1.2,0.6,10.4,11.2,2015,28
33,10,0,1,3,2,40.0,40.0,1.6,0.8,12.4,9.4,4.2,2.0,5.8,5.0,0.8,1.0,14.4,13.2,2015,28
0,11,2,2,0,-1,100.0,20.0,3.2,0.6,15.2,10.4,6.0,3.0,7.4,4.0,0.6,1.8,10.6,14.4,2015,1
17,18,2,2,1,1,60.0,60.0,2.6,2.0,20.6,12.0,8.2,4.8,6.0,4.6,1.4,0.8,11.0,11.2,2015,1
1,32,2,2,1,-2,0.0,0.0,0.4,0.6,10.8,10.2,2.6,2.6,7.2,2.6,1.2,1.0,11.2,12.6,2015,3
14,28,1,1,1,2,60.0,0.0,1.2,0.8,14.2,7.2,5.6,3.0,4.4,3.2,1.0,1.6,8.8,23.4,2015,3
26,10,2,1,0,-3,20.0,60.0,0.6,1.4,14.2,10.6,5.0,2.8,5.8,5.2,0.8,0.6,6.8,14.6,2015,3
17,7,2,2,0,-16,80.0,0.0,2.6,1.4,17.4,12.6,7.2,3.8,4.6,5.2,1.2,2.2,11.2,12.0,2015,4
18,16,2,2,0,-17,40.0,20.0,2.2,1.4,19.0,10.0,7.2,2.8,11.2,4.4,1.4,1.8,8.0,16.6,2015,4
21,19,0,0,1,3,40.0,20.0,1.8,1.0,12.4,12.6,4.2,4.6,7.2,7.0,1.6,0.8,9.8,12.4,2015,4
23,0,0,1,2,14,20.0,60.0,0.8,1.4,16.4,12.0,4.6,4.6,4.8,4.4,1.2,1.2,15.8,16.8,2015,4
27,11,2,2,0,4,60.0,20.0,1.6,0.6,14.6,9.4,3.0,2.6,5.4,4.6,1.2,1.6,10.0,15.6,2015,4
30,29,2,3,2,-6,60.0,40.0,2.2,0.8,19.0,12.0,7.2,3.2,6.2,4.0,1.4,1.4,11.0,16.8,2015,4
33,9,0,0,1,10,20.0,60.0,1.4,2.6,14.8,14.8,4.8,6.0,6.2,4.6,1.4,1.4,14.8,10.4,2015,4
23,30,0,1,2,12,0.0,60.0,0.4,2.0,15.0,11.0,3.8,4.2,4.0,5.2,1.2,1.4,16.6,17.4,2015,7
0,33,2,3,0,-9,100.0,0.0,2.8,0.6,15.2,8.0,6.0,2.6,7.2,5.8,0.4,1.4,10.2,23.2,2015,14
7,18,2,1,0,17,20.0,40.0,1.2,2.0,13.2,11.8,4.4,4.2,6.8,4.2,1.6,1.2,11.6,12.0,2015,14
10,23,2,3,1,-7,20.0,20.0,1.0,1.2,14.8,14.8,4.0,4.0,6.6,4.8,1.6,1.8,10.6,16.0,2015,14
16,14,1,0,0,2,20.0,20.0,0.4,0.8,13.2,8.4,3.6,2.6,7.8,3.2,1.0,1.4,11.2,14.6,2015,14
28,1,0,0,4,-1,20.0,0.0,0.6,0.0,10.8,11.2,2.8,2.6,8.2,5.0,1.2,2.0,14.2,11.0,2015,14
32,27,2,1,0,8,60.0,60.0,1.0,1.0,11.6,10.0,4.0,3.2,5.6,4.0,1.2,1.0,11.4,9.8,2015,14
9,26,1,1,1,-5,60.0,80.0,1.4,1.4,15.0,11.0,5.6,3.4,6.6,3.2,0.4,0.6,8.8,11.2,2015,15
11,21,2,3,0,-5,0.0,20.0,0.6,1.0,13.6,8.8,3.4,3.2,5.6,3.4,0.8,2.2,13.4,10.8,2015,15
19,30,2,3,0,1,80.0,60.0,2.2,2.0,14.4,11.6,5.2,4.6,5.8,4.4,0.8,1.4,7.8,17.8,2015,15
29,17,0,0,1,10,40.0,80.0,1.0,1.2,12.8,13.2,3.6,4.4,4.0,4.0,1.6,0.0,13.0,11.0,2015,16
1,29,0,0,1,3,20.0,40.0,0.8,1.0,11.2,11.8,3.6,3.4,6.4,4.2,1.4,1.2,8.8,16.6,2015,21
18,32,2,3,0,-16,60.0,0.0,2.2,0.8,20.0,7.8,7.8,2.0,11.2,2.6,1.0,1.0,6.8,13.2,2015,21
21,0,0,1,2,6,20.0,60.0,1.2,1.4,11.6,11.8,3.4,5.0,6.4,4.0,1.4,1.2,10.2,16.0,2015,21
26,7,2,2,0,-10,40.0,0.0,0.6,1.0,17.0,12.0,5.4,3.4,7.0,5.6,0.6,2.2,7.2,12.6,2015,21
27,10,0,1,2,-2,60.0,60.0,1.6,1.4,14.2,10.4,3.0,2.8,5.4,4.8,1.2,0.8,9.0,17.0,2015,21
30,16,2,4,3,-12,80.0,0.0,2.8,1.2,21.2,10.4,7.8,2.8,6.8,4.8,1.8,2.2,11.2,17.4,2015,21
33,28,2,1,0,-1,20.0,0.0,1.2,1.0,15.6,6.0,5.0,3.0,5.8,3.2,1.2,1.8,13.0,23.6,2015,21
14,9,0,2,3,13,60.0,60.0,1.4,2.4,13.6,14.2,5.6,5.4,4.2,4.4,1.0,1.4,9.8,11.4,2015,22
17,19,0,1,2,-5,80.0,40.0,2.2,1.2,17.2,13.0,6.6,4.6,4.6,6.0,1.0,0.8,10.8,12.4,2015,22
23,11,0,1,2,13,0.0,20.0,0.6,0.2,16.2,9.6,4.4,3.2,2.8,5.2,1.6,1.4,17.2,15.2,2015,22
0,17,2,4,1,2,100.0,80.0,3.0,1.2,16.0,14.4,6.8,4.8,7.4,4.6,0.2,0.0,8.4,9.8,2015,4
9,27,2,2,1,-6,40.0,40.0,1.2,0.8,13.8,9.4,5.2,3.2,6.8,4.4,0.6,1.2,10.0,9.4,2015,4
11,26,2,1,0,-3,20.0,60.0,1.2,1.0,13.4,10.8,4.2,3.2,4.4,2.8,0.6,0.6,13.4,13.4,2015,4
16,33,2,2,1,5,20.0,0.0,0.4,0.6,14.8,8.2,4.0,2.8,7.6,5.6,0.8,1.6,11.8,21.4,2015,4
19,1,2,3,1,-8,80.0,20.0,2.2,0.8,14.8,11.8,5.0,3.6,5.8,6.0,0.6,1.8,7.2,12.0,2015,4
29,14,2,3,1,-4,20.0,0.0,0.8,0.2,13.4,8.2,3.8,2.6,4.0,3.4,1.8,1.2,14.0,15.2,2015,4
32,23,0,1,4,-1,80.0,20.0,1.0,1.2,10.8,13.8,3.8,4.4,5.0,5.0,0.6,2.0,11.4,16.0,2015,4
7,30,1,0,0,12,40.0,40.0,1.4,1.6,12.0,11.0,5.2,4.2,5.6,4.6,1.4,1.8,13.8,15.6,2015,5
28,21,2,1,0,4,20.0,20.0,0.4,0.8,10.8,9.6,2.6,3.2,6.6,3.2,1.4,2.2,14.4,12.0,2015,5
10,18,2,2,1,10,40.0,20.0,1.4,1.4,15.6,14.2,4.0,4.2,6.2,4.2,1.2,1.2,10.2,10.4,2015,6
1,23,1,3,3,-3,20.0,40.0,0.8,1.8,10.8,12.8,3.6,4.4,6.2,4.6,1.6,1.8,9.4,16.6,2015,7
7,0,0,0,1,14,20.0,80.0,1.0,1.8,11.4,11.0,4.6,4.4,4.6,3.4,1.2,1.0,12.8,16.6,2015,11
26,14,2,2,0,-8,40.0,0.0,0.6,0.4,18.4,7.8,4.8,2.4,8.6,4.4,0.6,1.6,8.0,15.2,2015,11
28,10,0,1,4,3,40.0,80.0,0.6,1.8,13.0,11.6,3.2,3.4,7.0,5.2,1.2,1.0,12.2,17.6,2015,11
29,11,1,1,1,7,40.0,40.0,1.2,0.6,11.4,9.4,4.0,3.2,4.0,4.2,1.8,1.2,13.8,15.2,2015,11
30,1,0,0,1,-9,80.0,20.0,2.6,1.0,21.0,10.2,7.0,3.8,6.6,5.2,1.8,2.2,10.2,13.6,2015,11
32,16,0,2,3,-1,60.0,0.0,1.0,1.4,13.2,10.0,4.4,3.2,4.4,4.6,1.4,2.6,11.4,15.8,2015,11
33,27,1,1,1,4,40.0,40.0,1.2,1.0,17.0,9.4,5.2,3.2,7.0,4.2,1.0,1.0,11.6,10.4,2015,11
19,18,2,4,2,6,100.0,20.0,2.8,1.4,16.6,15.0,6.4,4.6,7.2,5.0,0.6,1.4,6.2,9.2,2015,12
23,9,0,0,1,15,0.0,80.0,0.6,2.8,14.2,14.4,3.4,5.8,2.2,4.4,1.8,1.6,13.8,13.4,2015,12
17,21,2,2,0,-8,80.0,20.0,2.0,0.8,15.0,9.4,5.6,2.4,4.2,3.2,1.0,2.0,8.8,13.4,2015,13
9,19,2,1,0,-4,40.0,60.0,1.2,1.4,15.8,13.0,6.2,5.0,7.2,5.2,0.8,0.8,9.2,11.6,2015,18
10,32,0,0,2,-6,40.0,0.0,1.4,0.6,12.4,5.6,3.2,1.4,6.2,2.8,1.2,1.4,12.8,20.2,2015,18
11,7,2,1,0,-13,40.0,0.0,1.2,0.4,13.4,12.0,3.6,3.2,4.4,5.6,0.4,2.0,12.0,14.6,2015,18
16,29,2,2,0,6,40.0,60.0,0.6,1.0,14.4,8.6,4.2,3.4,6.8,4.2,0.6,1.0,13.0,14.2,2015,18
27,26,2,2,1,1,60.0,40.0,1.6,0.8,15.4,11.2,3.4,3.4,4.8,3.8,1.4,0.8,10.2,13.6,2015,18
18,33,2,2,0,-12,60.0,0.0,2.2,0.6,22.2,8.8,8.6,3.2,11.0,5.8,0.6,1.8,6.6,21.6,2015,19
21,30,0,1,3,4,20.0,40.0,0.8,1.4,12.8,11.6,3.4,3.6,7.2,4.0,1.2,1.4,8.6,14.4,2015,19
7,16,0,0,1,0,20.0,20.0,0.6,1.8,11.6,11.6,4.6,3.8,3.8,5.2,0.8,2.4,14.0,15.0,2015,25
10,14,0,0,2,-5,40.0,0.0,1.4,0.4,13.6,9.0,3.4,2.6,6.4,4.0,1.4,1.4,11.6,13.6,2015,25
18,1,2,3,2,-14,80.0,40.0,2.6,1.2,23.4,10.4,8.4,4.0,9.0,5.0,0.2,1.2,6.6,13.8,2015,25
21,29,0,2,3,-2,20.0,40.0,0.8,0.8,11.8,9.4,3.8,4.4,6.2,4.8,1.4,1.4,10.4,14.8,2015,25
23,33,1,0,0,5,0.0,0.0,0.6,0.6,13.6,9.2,3.4,3.4,2.6,5.0,1.6,1.8,13.2,21.0,2015,25
26,30,1,2,2,2,60.0,40.0,1.0,1.4,17.2,11.6,4.4,4.4,7.2,4.0,0.4,1.6,9.8,14.0,2015,25
27,28,1,1,1,-5,60.0,0.0,1.4,0.6,15.4,6.6,3.2,2.8,4.6,3.2,1.4,1.4,9.8,20.2,2015,25
32,17,1,0,0,15,60.0,60.0,1.4,1.2,12.2,12.8,4.6,4.4,4.0,4.4,1.4,0.8,11.0,12.0,2015,25
0,9,1,0,0,1,100.0,100.0,3.2,2.4,16.4,12.4,7.6,4.6,6.8,5.0,0.4,0.6,9.6,14.2,2015,26
11,19,2,3,0,-2,60.0,40.0,1.4,1.0,14.2,13.6,4.4,4.0,3.8,6.0,0.4,1.0,13.0,9.4,2015,26
14,17,2,1,0,14,40.0,40.0,1.4,0.8,14.6,14.8,6.2,4.4,4.6,4.2,1.6,0.8,9.6,11.0,2015,28
16,9,0,1,3,15,40.0,80.0,0.8,1.4,15.8,9.6,4.8,3.0,6.8,5.0,0.6,0.6,12.6,14.4,2015,29
1,11,2,3,2,10,20.0,20.0,1.4,0.6,12.0,9.0,4.2,4.4,5.8,5.2,1.8,1.4,9.2,14.8,2015,2
16,21,2,3,0,8,40.0,0.0,1.0,0.2,16.0,9.0,4.6,2.0,6.0,3.8,1.0,2.4,12.2,13.6,2015,2
17,23,2,2,1,-16,80.0,40.0,2.0,2.2,13.6,12.2,5.4,4.6,4.4,4.2,1.0,1.8,9.4,17.8,2015,2
19,32,0,0,1,-10,100.0,20.0,3.0,1.0,16.4,6.2,6.8,2.2,6.6,3.8,0.8,1.4,7.4,20.6,2015,2
28,26,2,2,1,6,20.0,20.0,0.4,0.6,13.8,12.6,3.2,4.0,7.4,4.8,2.0,1.0,12.4,13.4,2015,2
29,27,2,2,0,3,40.0,20.0,1.4,1.0,11.4,10.4,4.6,3.0,4.4,5.2,1.0,1.2,12.0,11.2,2015,2
33,7,2,1,0,-5,20.0,0.0,0.8,0.4,15.8,11.4,4.6,2.6,7.0,6.2,1.2,1.8,13.4,17.2,2015,2
9,10,2,1,0,-8,60.0,80.0,1.2,2.0,16.6,12.2,6.2,3.6,7.6,4.6,0.6,0.8,10.2,18.6,2015,3
30,18,0,0,1,5,60.0,20.0,2.2,1.6,18.8,15.0,6.0,4.2,7.2,5.2,1.8,2.0,10.6,10.8,2015,3
14,0,0,1,3,12,60.0,80.0,1.6,1.6,13.4,12.6,5.4,4.8,5.4,4.0,1.0,1.0,9.6,15.8,2015,4
1,33,2,1,0,2,40.0,0.0,1.8,0.6,12.6,10.0,4.8,3.6,5.4,5.8,1.8,1.8,8.6,20.4,2015,9
10,19,0,1,2,4,40.0,40.0,1.2,0.8,13.6,13.4,3.4,3.6,5.4,5.6,1.6,1.4,14.8,8.6,2015,9
11,28,0,0,2,-9,80.0,0.0,2.0,0.6,14.8,8.0,5.6,3.0,4.6,3.6,0.4,1.2,13.0,19.8,2015,9
14,7,0,0,1,-2,40.0,0.0,1.4,0.2,13.0,10.4,4.8,2.4,4.8,5.2,1.6,1.4,11.8,20.8,2015,9
16,26,2,2,0,10,60.0,0.0,1.6,0.6,16.0,11.6,5.0,3.4,6.4,4.2,0.8,1.4,11.8,13.4,2015,9
21,32,1,1,1,-7,20.0,40.0,1.0,0.8,12.4,5.0,4.0,1.8,7.0,3.2,1.8,1.0,11.2,23.4,2015,9
27,30,2,3,0,3,60.0,40.0,1.4,1.4,16.6,10.2,3.8,3.8,5.8,3.2,0.8,1.4,10.0,13.4,2015,9
9,17,1,1,1,1,60.0,40.0,1.2,0.8,15.8,13.8,6.2,5.0,6.2,4.4,0.6,1.0,10.4,11.2,2015,10
18,23,2,6,0,-17,100.0,20.0,3.0,2.0,22.0,10.4,8.2,4.2,7.8,4.6,0.4,2.2,7.8,19.6,2015,10
0,29,0,0,1,-8,80.0,60.0,2.2,1.4,16.2,9.6,6.2,5.0,6.6,5.2,0.4,1.4,9.2,15.0,2015,11
7,27,1,0,0,9,20.0,20.0,0.2,0.8,11.6,10.8,4.4,3.0,4.0,4.0,0.6,1.4,13.2,12.6,2015,16
17,10,0,1,3,-9,80.0,60.0,1.8,1.8,15.4,11.0,5.6,3.4,5.2,4.6,0.8,1.0,8.6,18.2,2015,16
23,21,2,2,1,8,0.0,0.0,0.6,0.0,14.8,10.4,4.2,2.4,3.2,4.8,1.4,2.8,11.6,16.0,2015,16
26,1,2,6,1,-7,60.0,40.0,1.4,1.6,15.6,10.8,3.8,4.0,7.2,4.8,0.8,1.4,10.4,14.0,2015,16
28,16,1,0,0,-4,40.0,40.0,0.8,1.8,13.0,11.0,3.4,3.8,6.0,4.8,1.8,2.0,10.8,14.0,2015,16
30,14,2,2,0,-10,40.0,20.0,1.8,0.6,18.4,11.8,5.4,3.4,6.8,5.6,1.8,1.2,12.2,11.4,2015,16
33,11,0,1,2,8,40.0,20.0,0.8,1.0,19.0,9.4,4.8,4.6,7.8,5.4,1.0,1.8,11.4,12.8,2015,16
19,0,1,1,1,3,80.0,100.0,2.4,2.0,19.4,15.6,7.2,6.0,7.4,4.4,0.8,0.8,6.0,12.8,2015,17
29,18,0,2,4,11,60.0,20.0,1.6,1.0,11.4,15.2,4.0,3.4,4.2,6.2,0.8,1.8,13.0,11.6,2015,17
32,9,2,3,0,14,40.0,80.0,1.0,1.6,12.0,9.4,4.6,2.8,3.4,4.8,1.4,0.6,13.4,14.4,2015,18
0,28,1,0,0,-10,60.0,20.0,1.8,0.8,17.4,9.2,6.6,3.4,6.6,3.6,0.4,1.0,8.6,21.0,2015,20
0,32,2,4,1,-13,40.0,40.0,1.4,1.0,19.6,5.6,7.4,2.2,6.0,3.2,0.4,1.2,8.4,23.8,2015,24
1,7,0,0,1,-3,60.0,20.0,1.8,0.2,15.0,10.0,5.4,1.8,3.6,4.4,1.4,1.2,7.4,22.2,2015,24
9,28,2,3,1,-11,60.0,20.0,1.2,0.8,14.6,9.6,5.8,3.4,6.0,3.8,0.6,0.6,11.4,20.6,2015,24
10,29,2,1,0,-1,40.0,60.0,1.2,1.4,11.8,9.6,3.6,5.2,4.8,4.6,1.6,1.4,15.0,17.0,2015,24
11,30,0,0,1,-1,80.0,20.0,1.6,1.0,15.6,9.4,5.8,3.2,6.8,3.8,0.4,1.8,12.0,13.4,2015,24
14,19,1,0,0,9,20.0,60.0,1.0,1.0,14.0,12.4,4.2,3.8,5.6,4.8,1.6,1.2,11.8,9.0,2015,24
16,23,2,5,1,0,80.0,20.0,2.0,1.8,15.0,10.6,5.0,4.2,5.8,4.0,0.8,3.0,11.4,21.0,2015,24
18,26,2,2,0,-7,100.0,0.0,3.2,0.6,23.4,11.2,8.6,3.6,7.8,5.2,0.4,1.6,8.0,14.0,2015,24
21,33,2,2,0,-3,0.0,0.0,1.0,0.2,12.6,8.6,4.0,2.8,6.6,5.2,2.0,1.6,10.2,18.0,2015,24
27,17,2,6,1,7,60.0,20.0,1.8,0.6,16.6,15.6,5.2,5.0,6.0,5.0,0.8,1.2,11.6,10.2,2015,24
9,29,1,2,2,-7,80.0,60.0,1.6,1.0,15.0,8.6,6.0,4.6,6.4,4.4,0.6,1.0,12.4,15.6,2015,8
16,28,2,4,2,-2,80.0,20.0,2.6,0.8,15.4,11.2,5.0,4.6,5.4,3.6,0.8,1.0,12.2,22.4,2015,8
19,30,2,1,0,-1,60.0,40.0,2.2,1.2,15.8,11.6,6.0,3.6,5.8,4.4,1.0,1.2,6.0,13.0,2015,8
22,10,0,1,3,8,20.0,60.0,1.0,1.8,12.6,11.6,5.4,3.6,6.0,4.2,1.4,1.0,10.4,17.4,2015,8
0,33,0,0,2,-9,40.0,0.0,1.6,0.2,20.6,8.0,8.2,2.8,6.0,4.8,0.6,1.4,9.8,17.6,2015,9
21,26,1,2,2,8,20.0,0.0,1.4,0.4,14.2,11.4,4.4,3.4,6.2,5.6,1.8,1.8,8.8,12.6,2015,9
27,17,0,0,1,3,60.0,0.0,2.6,0.6,17.4,15.0,6.4,4.8,5.6,5.8,1.0,2.4,12.2,11.2,2015,9
32,18,0,0,3,11,40.0,40.0,1.4,1.6,12.4,18.0,5.0,5.4,3.6,7.6,1.4,1.8,13.4,12.0,2015,10
1,19,0,0,1,13,40.0,40.0,1.4,0.8,15.0,11.6,4.8,3.0,5.0,4.8,1.4,1.2,8.0,10.4,2015,14
26,11,0,0,3,-4,80.0,40.0,2.6,1.4,16.6,12.0,5.0,5.2,7.2,5.2,0.6,1.6,11.0,12.0,2015,15
28,22,0,1,3,-2,40.0,0.0,0.8,0.4,13.0,8.4,3.6,3.0,5.4,3.6,1.8,2.4,12.0,18.8,2015,15
29,21,2,2,0,-7,40.0,0.0,1.6,0.2,11.8,13.2,4.6,3.8,5.6,6.6,1.4,2.2,13.8,14.4,2015,15
30,27,1,2,2,-4,60.0,0.0,1.8,0.4,15.0,10.8,4.4,2.4,6.6,4.6,1.4,1.2,12.6,14.2,2015,15
33,16,0,1,2,-2,40.0,40.0,0.8,1.4,17.2,10.2,4.4,3.0,7.0,5.2,0.8,1.6,13.2,13.0,2015,15
10,0,0,1,2,7,40.0,80.0,0.8,1.8,11.4,14.2,4.2,5.8,5.0,5.2,1.4,0.8,13.8,10.8,2015,16
18,9,2,3,0,1,100.0,60.0,3.2,1.4,22.0,9.4,8.0,2.8,7.4,4.8,0.4,1.2,9.4,12.6,2015,16
10,1,2,2,1,-7,20.0,40.0,0.6,1.2,12.6,8.6,4.4,3.2,5.4,4.0,1.6,2.4,13.4,14.6,2015,22
16,30,1,1,1,9,80.0,40.0,3.0,1.2,15.6,11.0,5.4,4.0,5.4,4.2,1.2,1.4,12.2,11.8,2015,22
19,21,1,0,0,-11,60.0,0.0,1.8,0.2,15.4,11.6,5.6,3.4,5.2,6.6,1.0,2.0,6.8,15.2,2015,22
22,27,1,1,1,9,20.0,0.0,1.0,0.8,13.4,12.2,5.6,3.4,5.6,4.2,1.8,1.4,11.4,14.0,2015,22
28,29,1,1,1,8,40.0,40.0,1.0,1.2,11.8,10.4,3.6,5.4,6.2,4.2,1.6,1.4,13.0,15.4,2015,22
11,18,0,0,2,9,40.0,60.0,1.2,2.2,14.2,17.6,5.0,5.8,7.6,7.6,1.0,1.6,12.8,11.8,2015,23
32,9,0,2,3,12,20.0,40.0,1.2,0.8,11.4,9.8,4.4,2.8,3.4,3.8,2.0,1.4,15.4,12.4,2015,23
0,17,1,0,0,-3,20.0,20.0,0.8,0.6,21.8,14.0,7.4,5.0,5.8,5.8,0.8,1.6,8.8,9.4,2015,24
1,28,1,2,2,1,40.0,20.0,1.4,1.2,13.6,11.8,4.4,5.0,4.8,3.4,1.4,1.6,8.0,23.2,2015,29
9,10,0,1,2,-9,60.0,80.0,1.6,2.4,13.4,12.0,4.6,4.4,5.4,4.6,0.8,1.0,14.6,16.2,2015,29
17,33,0,0,3,-6,60.0,20.0,1.4,0.4,16.4,6.8,4.0,2.2,5.4,4.4,1.2,1.0,10.8,18.0,2015,29
21,0,0,0,1,12,20.0,80.0,1.6,1.8,12.8,14.2,4.4,5.4,5.6,5.2,1.8,0.8,10.4,11.0,2015,29
27,32,0,0,1,-4,60.0,40.0,2.4,1.0,15.4,8.4,5.8,3.0,4.6,3.6,0.8,1.0,11.4,20.0,2015,29
30,11,1,0,0,-6,40.0,60.0,1.6,2.0,13.6,12.0,4.4,5.0,6.2,5.8,1.4,1.2,13.8,13.2,2015,29
26,22,2,3,0,-11,60.0,20.0,2.4,0.6,15.4,11.0,5.2,3.6,7.0,4.6,1.2,1.8,11.2,16.8,2015,30
29,19,2,2,1,4,60.0,40.0,2.0,0.6,13.6,12.2,5.2,2.6,5.6,5.2,1.2,1.0,11.4,10.0,2015,30
0,27,2,2,0,-6,20.0,0.0,0.8,0.8,23.2,12.0,8.2,3.2,6.0,4.2,0.8,1.2,10.4,14.4,2015,12
10,18,0,0,1,8,40.0,80.0,1.0,2.4,12.0,16.4,4.8,6.8,5.2,6.4,1.4,1.2,14.0,12.8,2015,12
11,9,2,3,1,10,20.0,40.0,1.0,1.2,12.0,11.0,3.6,3.6,8.2,4.0,1.4,1.8,14.0,12.4,2015,12
19,17,2,3,1,-2,40.0,20.0,1.2,0.6,15.6,12.6,5.8,5.6,5.4,6.6,0.8,1.6,7.4,11.2,2015,12
32,26,1,0,0,6,20.0,0.0,1.4,0.6,10.2,12.6,4.4,3.8,4.6,4.2,1.8,1.6,16.0,11.8,2015,12
16,1,2,3,2,-3,80.0,40.0,3.0,1.2,16.6,10.0,5.4,3.2,5.4,4.4,0.8,2.2,13.8,14.0,2015,13
28,30,0,0,1,11,20.0,20.0,1.0,0.8,10.6,12.0,3.2,3.6,5.2,5.0,1.8,1.4,15.0,12.2,2015,13
33,21,2,2,0,-3,20.0,0.0,1.4,0.2,14.6,11.0,4.0,3.2,7.4,6.8,1.8,1.8,14.6,16.0,2015,14
1,32,0,0,1,4,40.0,40.0,1.2,0.8,13.6,9.8,4.2,3.2,4.4,3.4,1.2,1.0,7.2,18.8,2015,19
9,0,2,2,0,-2,40.0,80.0,1.6,1.6,17.2,17.2,6.0,6.6,6.2,6.2,1.2,0.6,14.2,8.0,2015,19
18,33,0,1,2,-10,100.0,40.0,3.2,1.0,17.0,7.4,6.8,2.6,7.2,5.2,0.4,0.6,10.4,17.0,2015,19
27,16,1,2,2,-5,40.0,60.0,2.0,1.4,15.0,9.2,6.4,3.2,5.4,5.4,0.8,0.8,12.0,9.6,2015,19
29,11,1,0,0,-3,60.0,40.0,1.8,1.6,13.6,12.0,5.2,5.0,4.8,5.6,1.2,1.0,11.6,14.4,2015,19
17,22,1,1,1,-12,60.0,20.0,1.2,0.6,17.6,10.6,4.0,3.0,6.0,4.6,1.4,1.8,12.0,18.2,2015,20
26,19,0,2,3,3,60.0,40.0,2.6,0.8,16.0,11.4,6.2,3.0,6.2,4.0,1.2,1.2,9.4,10.4,2015,20
30,10,2,1,0,-5,20.0,80.0,0.8,2.4,15.6,12.2,4.8,5.0,6.6,5.2,0.8,1.0,12.6,18.0,2015,20
16,0,0,2,5,11,80.0,60.0,3.0,1.4,17.0,15.6,5.2,6.0,4.2,6.0,1.2,1.0,13.6,10.8,2015,26
17,1,2,3,2,-11,40.0,20.0,1.0,1.4,19.4,10.2,4.2,3.4,6.0,4.2,1.6,2.8,11.4,15.4,2015,26
19,28,2,3,0,-12,40.0,0.0,1.0,1.0,15.2,10.0,5.0,4.4,6.0,3.0,0.6,2.2,7.0,21.4,2015,26
21,9,1,2,2,14,20.0,40.0,1.2,1.4,11.4,12.6,3.6,3.4,4.0,6.4,1.2,2.4,12.4,12.8,2015,26
26,29,2,3,1,-1,40.0,20.0,2.6,0.8,17.2,11.8,7.0,5.4,6.8,3.8,1.8,1.0,8.4,14.8,2015,26
30,18,2,4,1,3,40.0,100.0,1.0,2.2,17.2,18.6,5.4,7.6,6.0,6.2,0.6,0.4,13.0,12.6,2015,26
33,22,1,2,2,-6,40.0,20.0,1.6,0.8,15.8,9.4,4.0,2.8,7.8,3.4,1.6,1.8,13.8,20.0,2015,26
32,11,0,2,3,2,20.0,40.0,1.0,1.4,10.2,13.0,3.6,3.8,4.6,5.2,1.2,0.8,16.4,14.6,2015,28
1,27,0,0,1,8,20.0,0.0,0.6,0.6,14.0,10.2,4.0,3.6,3.8,2.4,1.0,1.4,7.6,18.0,2015,3
9,26,0,1,3,-6,40.0,0.0,1.8,0.4,18.2,13.2,6.0,4.2,6.6,5.0,1.2,1.2,14.4,11.0,2015,3
10,32,2,2,0,-3,40.0,40.0,1.0,0.8,12.6,10.8,4.6,3.8,6.0,4.2,1.2,1.0,14.0,16.2,2015,3
18,21,2,6,1,-13,80.0,0.0,2.8,0.2,20.2,11.8,7.6,3.4,9.0,7.0,0.4,1.8,9.0,16.6,2015,3
22,16,0,1,2,4,20.0,40.0,1.4,1.2,14.8,9.2,5.4,3.4,5.2,5.0,2.0,0.8,10.4,10.2,2015,3
28,33,1,2,2,4,20.0,60.0,0.8,1.4,10.6,7.0,3.0,2.8,4.8,4.6,1.2,0.8,15.2,18.8,2015,3
0,19,2,3,0,-1,40.0,60.0,1.2,1.4,24.4,10.0,8.8,2.8,7.4,3.6,0.6,1.0,10.6,11.6,2015,4
11,17,1,1,1,5,20.0,20.0,1.0,0.8,13.0,11.8,4.0,4.6,8.2,6.0,1.6,2.0,13.6,11.6,2015,4
29,30,1,2,2,3,60.0,40.0,1.6,0.6,13.8,13.6,5.2,4.0,4.6,6.0,1.0,1.0,12.6,12.0,2015,4
9,1,2,2,0,-16,40.0,20.0,1.8,1.4,18.6,9.6,6.0,3.4,6.2,3.2,1.6,2.8,14.0,17.4,2015,17
10,33,0,1,3,-2,60.0,60.0,1.2,1.8,14.2,10.0,5.4,3.8,6.2,5.0,0.8,1.0,12.8,18.2,2015,17
11,19,0,0,3,7,20.0,40.0,1.2,1.0,11.4,9.2,4.0,3.0,6.2,3.6,1.4,1.4,14.2,11.4,2015,17
26,16,1,2,2,-7,60.0,40.0,2.8,1.4,18.2,10.8,7.6,3.6,6.0,5.8,1.6,1.0,9.2,11.2,2015,17
30,17,1,0,0,-1,60.0,20.0,1.8,0.8,16.0,11.4,6.0,4.6,5.4,7.4,0.6,2.0,14.4,12.8,2015,17
32,28,2,1,0,-3,20.0,0.0,1.4,1.0,10.0,10.4,3.6,4.6,5.4,3.0,1.8,2.8,14.4,18.2,2015,17
21,22,2,6,2,-3,20.0,20.0,1.4,1.2,10.6,10.8,3.6,3.8,3.4,3.8,1.4,1.4,14.0,18.8,2015,18
29,27,0,0,1,-1,40.0,20.0,1.6,0.8,12.8,10.8,4.8,4.0,4.4,3.0,1.4,1.0,14.6,17.4,2015,19
0,11,2,2,1,-8,60.0,60.0,1.8,1.6,21.2,13.6,8.2,3.6,7.0,5.4,0.6,0.6,11.0,14.2,2015,24
1,29,0,1,2,9,0.0,0.0,0.4,0.8,13.6,12.4,3.4,5.6,5.2,4.2,1.2,1.6,9.0,13.8,2015,24
16,10,2,1,0,4,60.0,80.0,3.0,1.8,18.2,13.4,6.0,5.2,4.6,5.0,2.2,0.8,16.8,19.6,2015,24
22,32,0,0,1,5,20.0,40.0,1.2,0.6,15.6,10.6,4.8,3.6,6.8,4.4,1.8,1.2,10.8,17.4,2015,24
33,9,2,2,1,11,20.0,20.0,1.8,1.2,13.8,13.6,4.0,3.4,6.6,6.4,2.0,2.6,15.4,13.4,2015,24
17,26,1,1,1,-1,40.0,20.0,1.2,1.0,18.6,13.8,5.0,4.6,6.4,4.6,1.8,1.0,11.4,11.0,2015,25
19,18,1,0,0,2,60.0,80.0,1.6,2.2,12.4,20.0,4.6,8.4,5.2,6.6,0.4,1.2,7.6,11.4,2015,25
28,21,2,3,0,1,0.0,0.0,0.8,0.4,10.6,10.6,2.4,3.6,4.8,6.2,1.4,2.4,17.0,17.4,2015,25
9,17,0,1,3,-5,40.0,20.0,1.6,0.6,15.6,11.2,5.0,4.4,4.8,6.8,1.4,0.8,12.2,12.4,2015,31
10,19,1,0,0,6,40.0,60.0,1.2,1.6,12.8,9.8,4.2,4.2,5.0,4.0,1.4,1.4,16.6,10.6,2015,31
18,22,2,2,1,-16,80.0,20.0,3.4,1.6,20.2,13.2,8.6,4.4,7.4,4.8,0.8,2.6,6.8,16.4,2015,31
21,27,1,0,0,6,20.0,40.0,2.2,1.0,9.4,10.4,4.0,3.8,3.6,2.2,1.8,1.0,16.8,18.0,2015,31
29,0,0,0,3,5,40.0,80.0,1.2,2.2,13.0,18.8,3.4,7.2,2.4,6.8,0.8,1.0,12.0,11.6,2015,31
31,33,2,2,0,6,20.0,80.0,0.2,2.4,13.8,14.0,2.8,4.4,3.4,6.2,0.8,0.8,12.2,16.0,2015,31
32,16,0,2,3,-1,20.0,40.0,1.0,1.8,9.8,13.8,2.8,5.0,5.0,5.4,1.8,1.4,13.8,11.4,2015,31
11,28,2,6,2,-5,20.0,0.0,1.2,0.8,12.0,8.8,4.4,3.2,6.6,3.4,1.8,2.4,13.0,15.0,2015,1
26,4,2,2,0,-11,40.0,20.0,2.0,1.4,17.4,10.2,6.6,3.6,6.0,6.0,1.8,2.8,12.6,12.6,2015,1
30,1,2,3,1,-12,40.0,20.0,1.4,1.2,16.6,9.4,6.2,2.8,5.8,3.4,0.6,2.0,14.0,15.6,2015,2
4,21,0,0,1,3,20.0,0.0,1.0,0.2,10.8,10.4,3.6,3.6,5.2,5.8,1.6,2.6,9.0,17.6,2015,7
16,31,2,2,1,-4,60.0,40.0,2.2,1.4,16.2,11.0,5.2,2.8,4.2,3.6,2.0,1.2,15.0,13.4,2015,7
19,32,2,2,0,-9,60.0,60.0,1.4,0.6,11.2,9.2,4.0,3.4,5.4,4.4,0.2,0.4,7.8,15.8,2015,7
22,29,2,1,0,10,20.0,20.0,1.2,1.2,16.6,13.6,4.4,6.0,8.6,4.8,1.6,1.6,9.4,13.0,2015,7
27,9,2,1,0,8,20.0,20.0,0.8,1.4,10.2,12.8,3.2,3.6,5.2,6.4,1.4,2.4,11.8,14.0,2015,7
28,26,0,0,1,9,20.0,20.0,1.4,1.2,9.8,12.8,2.4,4.4,3.4,5.2,1.4,0.8,19.0,11.0,2015,7
33,11,1,1,1,1,40.0,40.0,2.0,1.4,13.6,11.4,4.4,3.6,6.6,4.8,1.8,0.8,12.8,15.6,2015,7
0,30,1,1,1,-2,60.0,40.0,1.4,1.8,20.4,15.2,6.6,6.8,7.0,5.6,0.6,1.0,10.2,11.2,2015,8
1,18,1,0,0,15,0.0,60.0,0.6,1.4,12.2,16.8,3.0,6.4,4.6,6.0,1.4,0.8,10.0,10.0,2015,8
17,10,0,1,2,-4,40.0,60.0,1.2,1.2,18.0,12.2,4.8,4.8,7.6,4.4,1.4,0.8,10.0,18.4,2015,8
9,22,2,1,0,-17,40.0,0.0,1.4,1.2,15.0,10.4,4.8,3.8,4.2,4.4,1.6,2.8,11.8,19.4,2015,21
11,1,2,4,0,-6,40.0,0.0,2.0,1.2,13.0,10.6,5.0,2.6,6.2,3.4,1.8,2.6,14.2,16.8,2015,21
18,17,0,1,4,-4,80.0,20.0,3.2,1.0,20.8,12.8,8.0,5.2,8.8,7.2,1.0,1.0,5.8,12.6,2015,21
21,16,0,0,3,1,20.0,40.0,1.8,2.0,10.6,14.2,4.4,4.8,4.6,5.4,1.4,1.6,15.6,12.2,2015,21
26,27,0,0,1,-2,60.0,40.0,2.4,0.6,16.2,9.0,6.2,2.8,5.0,2.4,1.2,0.6,13.8,18.4,2015,21
29,4,1,2,2,-10,20.0,20.0,0.8,1.4,10.8,10.8,2.8,3.6,2.4,5.6,1.4,3.0,14.2,11.2,2015,21
31,19,0,1,2,14,40.0,40.0,0.6,1.4,14.6,9.0,2.8,4.0,4.4,3.6,0.8,1.4,12.6,11.6,2015,21
32,0,2,2,1,10,20.0,80.0,1.4,2.4,10.8,17.8,3.6,6.8,5.0,6.4,1.8,0.8,12.6,11.0,2015,21
30,33,2,4,1,-7,60.0,60.0,1.6,2.0,17.4,14.0,6.0,4.2,5.8,5.8,0.4,1.2,13.4,15.6,2015,22
10,28,0,0,1,-6,40.0,0.0,1.0,0.8,12.6,10.2,4.4,4.0,5.2,3.0,1.0,2.8,13.6,14.2,2015,23
1,31,0,2,3,-1,0.0,40.0,0.6,1.2,11.8,10.4,2.8,2.6,4.6,3.6,1.2,1.2,10.8,13.8,2015,28
4,11,1,3,3,7,20.0,20.0,1.0,1.0,12.6,12.0,4.2,3.6,7.2,4.0,1.6,1.0,8.0,15.4,2015,28
10,21,2,5,1,-5,20.0,20.0,0.6,0.4,13.2,10.0,4.6,3.4,6.2,5.0,1.0,2.2,13.8,17.8,2015,28
16,19,1,1,1,10,60.0,60.0,1.8,1.6,14.8,9.4,4.8,4.4,3.8,5.4,1.8,1.2,14.6,11.8,2015,28
18,26,2,3,1,-5,60.0,40.0,3.0,1.0,19.4,12.0,7.6,4.2,9.2,6.2,1.8,0.4,7.2,11.0,2015,28
28,27,2,2,0,7,20.0,60.0,1.2,0.6,10.4,11.0,2.6,3.4,4.2,3.0,1.0,0.4,17.4,17.4,2015,28
17,29,2,1,0,-2,20.0,20.0,1.2,0.8,18.8,11.6,5.2,4.0,9.2,3.6,1.8,1.4,9.2,12.6,2015,29
22,0,1,1,1,15,40.0,60.0,1.2,2.4,15.0,15.6,4.2,5.6,9.4,5.6,1.0,1.2,8.8,11.6,2015,29
30,9,1,0,0,4,80.0,20.0,2.4,1.4,17.8,14.6,7.2,3.8,6.0,8.0,0.6,2.0,13.8,12.0,2015,29
33,32,1,1,1,-1,40.0,60.0,2.0,0.6,14.8,8.8,4.8,3.4,5.6,3.8,1.6,0.8,13.2,15.2,2015,29
0,28,2,3,1,-13,60.0,20.0,1.6,0.6,18.0,11.2,6.2,4.2,7.4,2.6,0.4,2.4,11.4,13.8,2015,5
9,4,0,0,1,-17,60.0,0.0,1.4,1.0,14.0,11.0,4.4,3.0,4.0,5.8,1.2,2.8,10.0,11.4,2015,5
19,33,1,0,0,-8,60.0,40.0,1.6,1.6,12.0,13.6,4.4,4.0,6.2,5.6,0.2,2.0,6.8,17.4,2015,5
26,1,1,1,1,-10,40.0,0.0,1.8,1.0,14.8,10.4,4.8,2.8,5.2,3.2,1.4,3.0,15.8,16.8,2015,5
27,18,2,2,0,7,40.0,40.0,1.0,0.8,10.4,15.6,3.4,5.6,4.8,6.4,1.2,0.8,14.0,8.8,2015,5
29,16,0,0,3,-6,0.0,60.0,0.8,2.4,11.2,17.0,2.8,5.8,3.2,6.4,1.6,1.4,15.2,13.0,2015,5
31,22,2,2,0,0,40.0,0.0,0.8,1.2,14.0,10.0,3.8,4.0,4.2,4.6,1.2,2.4,12.4,19.0,2015,5
32,30,1,1,1,8,40.0,40.0,1.4,2.0,8.6,16.2,2.6,6.8,4.0,6.4,1.4,1.0,11.8,11.4,2015,5
21,17,2,2,0,9,20.0,40.0,1.8,1.8,12.2,12.6,4.6,5.4,5.4,6.6,1.8,1.2,14.8,11.0,2015,6
11,10,1,1,1,1,60.0,60.0,2.8,1.0,14.2,11.8,6.6,4.2,5.0,4.8,1.4,0.8,13.0,19.4,2015,7
4,19,2,2,1,14,20.0,40.0,1.4,1.2,15.4,9.4,5.8,4.2,8.4,6.0,2.0,1.0,9.4,10.2,2015,12
10,26,2,1,0,3,40.0,40.0,1.6,1.2,15.0,11.6,5.8,4.8,6.8,6.6,1.0,1.0,11.0,11.6,2015,12
18,29,2,2,1,-6,80.0,20.0,3.4,0.6,17.2,9.2,7.8,2.2,7.2,4.2,1.6,1.4,8.4,12.6,2015,12
22,11,1,1,1,7,40.0,20.0,1.2,1.6,12.2,12.6,3.2,4.2,8.2,4.6,1.0,1.6,10.0,15.2,2015,12
28,31,0,0,1,-2,40.0,60.0,1.4,1.8,12.0,11.8,3.2,3.8,5.4,5.0,0.8,1.2,14.8,12.6,2015,12
33,27,1,0,0,3,40.0,60.0,1.6,0.6,16.2,10.6,5.2,3.2,5.6,3.8,1.0,0.4,11.6,15.2,2015,12
1,0,0,0,2,14,0.0,60.0,0.6,2.6,10.0,16.2,2.8,5.8,5.6,5.8,1.4,1.0,12.2,8.6,2015,13
17,32,1,2,2,-7,40.0,40.0,1.4,0.6,18.2,7.2,5.4,3.0,9.8,3.2,1.2,1.0,8.4,16.0,2015,13
30,21,0,1,2,-10,60.0,20.0,2.2,0.6,15.2,10.0,6.8,3.8,5.6,5.0,0.6,3.2,12.4,17.6,2015,13
16,9,2,2,1,13,60.0,0.0,1.8,0.8,13.6,12.6,5.0,3.0,3.6,7.4,1.8,1.6,12.8,10.8,2015,14
9,28,2,3,1,-15,40.0,20.0,1.0,0.8,13.4,11.6,4.2,4.6,5.2,2.4,1.4,2.6,11.2,14.0,2015,19
11,16,0,2,3,-3,40.0,80.0,2.4,2.6,15.2,17.8,5.6,5.8,6.2,7.2,1.4,1.0,12.8,12.8,2015,19
19,22,0,1,2,-14,60.0,0.0,1.6,1.0,12.2,9.8,3.0,3.8,5.2,4.4,0.2,2.6,7.2,17.2,2015,19
21,1,1,1,1,-2,40.0,0.0,2.0,0.8,10.4,10.0,3.8,2.4,4.8,3.0,1.4,2.6,14.2,17.2,2015,19
26,30,0,0,2,2,40.0,40.0,1.6,2.0,16.4,14.2,4.2,6.2,6.2,6.2,1.0,1.0,15.6,11.0,2015,19
27,10,0,1,2,-1,60.0,40.0,1.4,0.8,9.2,12.0,3.2,4.0,3.8,4.6,1.0,0.8,13.2,18.0,2015,19
32,4,0,1,2,-5,40.0,20.0,1.6,1.0,9.2,12.6,3.2,3.6,3.8,5.8,1.6,2.2,10.8,12.8,2015,19
29,33,1,0,0,-4,0.0,20.0,0.8,1.2,10.8,14.2,2.6,3.8,3.4,5.4,2.2,1.8,15.0,16.2,2015,20
31,17,2,3,0,12,40.0,40.0,1.0,1.6,13.4,13.0,4.0,4.8,4.8,7.2,1.2,1.0,12.0,10.4,2015,20
0,18,2,2,1,1,80.0,20.0,2.2,0.4,17.4,14.6,6.6,4.6,6.6,6.2,0.6,1.2,10.6,8.2,2015,21
1,33,1,1,1,5,0.0,20.0,0.6,0.8,11.0,12.4,2.6,3.0,6.2,5.6,1.6,1.4,11.6,18.0,2015,26
4,10,1,0,0,8,20.0,60.0,1.4,1.2,14.6,12.0,5.8,3.8,8.0,4.2,2.2,0.8,9.8,18.8,2015,26
9,31,1,2,2,-17,60.0,60.0,1.4,1.6,14.8,11.8,5.0,4.2,4.8,4.6,1.0,1.0,10.8,12.4,2015,26
17,16,2,1,0,-8,40.0,80.0,1.6,2.8,19.2,16.6,5.6,5.8,9.4,6.0,1.4,1.2,7.8,12.0,2015,26
18,28,2,4,1,-14,80.0,20.0,2.6,1.0,15.2,12.0,6.6,4.4,7.0,2.4,1.6,2.6,9.8,15.0,2015,26
21,11,0,0,1,4,40.0,20.0,1.8,1.8,9.8,12.2,3.6,4.4,4.6,4.6,1.2,1.8,13.0,14.6,2015,26
26,0,2,4,0,4,20.0,60.0,1.0,2.0,15.0,12.6,3.6,4.2,6.2,5.8,1.2,0.6,16.0,9.0,2015,26
27,19,2,2,0,5,60.0,40.0,1.2,1.4,12.2,9.8,3.4,4.2,4.6,6.2,1.0,0.8,13.2,10.0,2015,26
29,32,2,1,0,-5,0.0,20.0,0.4,0.8,12.8,5.8,2.6,2.2,4.0,2.6,1.8,1.4,13.4,19.0,2015,26
30,22,2,3,0,-13,40.0,20.0,1.6,1.0,16.2,7.8,6.8,3.2,5.8,3.4,0.8,2.4,9.6,15.6,2015,26
0,4,2,2,0,-15,80.0,40.0,2.2,1.2,13.2,13.6,5.2,3.8,4.8,6.0,0.8,2.0,12.8,12.4,2015,28
10,29,1,0,0,2,40.0,20.0,1.4,0.8,13.2,10.2,5.2,3.0,6.8,4.6,1.0,1.6,12.6,11.8,2015,28
11,27,0,3,4,2,40.0,40.0,2.6,0.4,15.0,10.6,5.8,2.8,7.2,4.2,1.8,0.4,12.2,17.0,2015,28
19,9,1,0,0,3,40.0,0.0,1.2,0.8,12.6,11.8,2.8,3.6,6.6,6.2,0.4,1.4,6.8,9.8,2015,28
22,1,2,2,0,1,20.0,0.0,0.8,0.6,11.6,10.0,2.8,3.0,8.4,4.2,1.0,2.2,11.6,14.6,2015,28
31,30,0,1,2,13,60.0,40.0,1.6,2.2,11.6,13.8,4.6,6.6,5.0,6.0,1.0,1.0,11.2,10.8,2015,28
32,21,2,1,0,-2,40.0,40.0,1.4,1.0,8.6,8.8,2.8,3.8,3.4,4.0,1.4,3.0,11.6,18.2,2015,28
33,26,2,2,1,5,20.0,40.0,1.2,1.2,17.2,11.8,6.4,4.6,6.6,6.6,1.0,1.2,11.2,12.4,2015,28
16,18,1,0,0,12,60.0,0.0,1.6,0.4,11.2,14.4,4.8,4.4,3.0,7.0,1.6,1.6,12.8,7.8,2015,29
28,17,0,0,1,10,40.0,40.0,1.4,1.4,12.4,12.8,3.2,4.8,5.8,6.8,0.8,1.4,14.4,8.8,2015,30
0,21,2,1,0,-12,80.0,40.0,2.0,0.8,13.4,9.0,5.4,3.4,6.0,4.6,0.8,2.0,13.0,18.0,2016,2
16,4,1,0,0,-4,60.0,40.0,1.2,1.0,10.2,14.6,4.2,4.2,2.0,5.2,0.6,1.4,11.8,12.0,2016,2
19,29,2,2,1,-4,20.0,20.0,0.6,0.6,12.6,9.0,1.8,2.8,6.6,4.8,0.4,1.0,6.6,10.2,2016,2
22,26,2,1,0,11,40.0,20.0,1.0,0.8,10.0,12.2,3.2,4.4,5.8,6.8,0.6,1.4,9.6,13.0,2016,2
28,1,2,3,1,-1,40.0,0.0,1.0,0.6,11.6,9.6,3.2,3.4,6.8,4.8,0.6,2.2,13.8,14.6,2016,2
31,18,0,1,2,16,60.0,0.0,1.8,0.2,11.8,14.2,4.6,3.8,5.4,7.8,0.8,0.8,9.8,7.0,2016,2
32,27,2,2,1,4,40.0,40.0,1.4,1.0,11.4,10.4,3.6,3.4,6.8,4.2,1.4,1.0,11.2,17.2,2016,2
33,17,2,2,0,6,40.0,60.0,1.2,1.6,16.0,13.8,6.0,5.4,6.0,6.4,0.8,1.4,11.0,7.8,2016,2
10,9,0,0,3,9,40.0,0.0,1.2,0.4,14.0,10.2,5.4,3.4,8.0,5.6,0.4,1.0,8.8,10.0,2016,3
11,30,1,1,1,6,40.0,60.0,3.2,2.2,15.6,12.0,5.8,5.0,7.4,5.4,2.0,0.8,11.8,10.4,2016,3
1,10,2,1,0,7,0.0,40.0,0.8,1.0,11.4,10.4,3.8,3.2,6.2,5.2,1.6,0.8,11.2,17.8,2016,12
4,33,0,1,3,6,20.0,0.0,1.2,0.4,14.2,9.6,5.4,3.0,8.6,5.0,2.0,1.4,9.2,19.8,2016,12
21,19,1,3,3,11,20.0,20.0,0.6,0.8,9.6,10.0,2.6,4.0,4.2,8.0,1.0,1.2,13.4,10.2,2016,12
9,32,1,2,2,-12,40.0,20.0,1.4,0.8,16.4,6.2,4.8,2.4,5.8,3.4,1.4,1.2,11.6,16.2,2016,13
17,0,1,3,3,3,40.0,40.0,1.2,1.4,20.0,10.6,4.0,3.8,8.6,4.8,1.0,1.4,7.2,10.4,2016,13
18,11,1,0,0,-9,80.0,20.0,2.4,1.4,16.0,13.8,6.2,5.0,7.8,5.2,1.6,1.4,11.0,14.8,2016,13
26,31,2,2,0,-11,40.0,60.0,1.4,1.8,15.2,12.0,3.4,4.4,5.6,4.8,0.8,1.2,12.2,13.4,2016,13
27,22,2,3,1,-9,60.0,20.0,1.2,0.6,13.2,6.4,3.0,2.6,4.2,2.8,0.8,1.8,13.2,16.4,2016,13
29,28,0,2,4,-8,20.0,20.0,0.6,1.2,11.4,12.4,2.6,4.6,3.8,1.6,1.6,3.2,13.4,17.2,2016,13
30,16,0,0,1,-9,60.0,80.0,2.2,2.4,16.6,12.8,8.0,5.0,6.0,5.8,0.8,1.0,9.4,14.2,2016,13
1,16,1,1,1,3,20.0,80.0,0.8,2.0,12.2,12.2,3.8,4.4,7.2,6.6,1.2,0.6,10.8,15.6,2016,16
4,22,2,3,0,0,20.0,20.0,1.2,0.6,14.2,6.4,5.6,2.4,8.6,2.6,1.6,2.0,8.4,15.0,2016,16
9,11,1,3,3,-10,40.0,20.0,1.6,1.2,17.6,13.2,4.8,4.4,7.0,5.2,1.2,1.0,11.0,15.2,2016,16
18,10,2,4,0,-8,60.0,40.0,2.0,1.0,16.2,10.4,6.2,2.6,7.8,4.8,1.4,0.8,11.4,18.0,2016,16
21,33,2,2,1,3,20.0,20.0,1.2,1.0,9.4,10.0,2.6,3.4,3.0,6.0,1.6,1.2,14.0,18.0,2016,16
26,32,2,3,0,-6,40.0,0.0,1.4,1.0,16.0,7.4,4.4,2.8,6.4,4.2,0.8,1.6,9.8,15.8,2016,16
30,28,2,4,1,-11,40.0,40.0,1.6,1.6,17.4,10.4,7.8,3.8,8.4,2.6,0.8,2.4,8.8,16.2,2016,16
17,19,0,0,1,2,40.0,20.0,1.6,1.4,21.4,11.4,4.8,4.6,8.4,8.0,1.4,1.8,8.4,11.0,2016,17
27,0,1,0,0,6,80.0,20.0,1.8,1.4,13.6,10.4,3.6,3.8,3.4,4.6,0.6,2.0,11.6,13.2,2016,17
29,31,2,1,0,-10,20.0,40.0,1.0,1.4,11.8,10.2,3.0,4.0,4.6,4.0,1.8,1.6,11.8,14.0,2016,18
10,30,0,1,3,5,40.0,40.0,1.2,1.4,13.6,13.0,5.2,4.0,7.6,5.2,1.0,0.8,9.8,10.6,2016,23
16,27,2,3,0,5,40.0,40.0,1.0,1.2,11.0,10.6,4.0,3.6,2.8,4.6,0.6,1.4,11.8,17.4,2016,23
19,26,0,0,1,-3,40.0,20.0,1.0,0.6,15.2,12.6,2.8,4.6,6.2,7.2,0.6,1.4,7.2,12.0,2016,23
22,17,0,4,5,12,60.0,40.0,1.2,1.0,8.8,15.2,2.8,4.4,4.0,6.8,0.4,1.6,10.2,9.8,2016,23
28,4,1,1,1,-2,40.0,40.0,1.0,1.0,12.4,13.2,3.8,3.8,7.2,4.2,0.8,1.0,11.2,13.0,2016,23
31,21,2,2,1,3,40.0,40.0,1.6,0.8,10.0,7.8,4.2,3.0,4.8,3.4,1.2,1.6,11.4,19.4,2016,23
32,1,1,0,0,-4,60.0,0.0,1.4,0.6,11.8,8.6,3.4,3.6,6.4,4.8,1.0,2.2,10.6,13.8,2016,23
33,18,1,2,2,10,40.0,20.0,1.2,0.6,17.2,16.2,7.0,4.6,5.2,8.0,0.6,1.0,14.0,8.0,2016,23
0,9,0,0,1,2,80.0,20.0,1.8,0.8,12.6,10.6,5.0,3.4,6.0,6.2,0.6,0.6,14.0,9.2,2016,24
11,29,0,1,2,3,20.0,0.0,2.2,0.4,15.0,8.6,4.8,2.8,7.0,4.0,1.8,1.2,12.2,12.2,2016,24
0,26,1,0,0,-4,80.0,20.0,1.6,0.6,12.4,11.8,4.4,4.2,5.8,5.8,0.6,1.4,13.6,11.8,2016,2
10,4,0,1,2,-8,40.0,40.0,1.4,0.8,12.0,13.0,4.4,4.0,6.0,4.0,1.4,0.8,12.2,12.8,2016,2
16,17,2,2,0,8,40.0,40.0,1.2,1.2,11.6,15.0,3.8,4.0,3.6,6.4,0.4,2.2,10.8,8.8,2016,2
19,27,2,3,0,-5,20.0,20.0,0.6,1.0,14.2,8.0,2.4,3.2,6.0,4.8,0.8,2.0,7.8,17.2,2016,2
22,30,0,0,3,13,40.0,60.0,1.8,1.8,8.2,15.0,2.8,5.4,3.6,6.0,1.4,0.8,11.2,10.8,2016,2
28,18,0,0,1,14,40.0,20.0,1.2,1.0,12.6,16.8,4.2,4.6,5.8,6.8,0.8,1.4,12.0,9.4,2016,2
32,29,1,1,1,5,40.0,20.0,1.0,0.8,11.8,8.4,3.2,3.8,6.2,3.8,0.8,1.2,11.4,14.4,2016,2
33,1,2,2,0,-5,40.0,0.0,1.4,0.6,16.0,9.6,6.6,3.8,5.6,5.4,0.8,1.4,14.6,11.4,2016,2
11,21,2,3,0,-4,0.0,20.0,1.6,0.8,15.8,9.6,3.4,3.2,8.0,4.8,2.2,2.0,11.6,18.0,2016,3
31,9,1,0,0,17,60.0,40.0,1.8,1.0,10.6,9.2,4.2,3.8,4.4,5.8,1.0,0.4,11.0,9.4,2016,3
1,22,2,2,0,-1,20.0,20.0,1.0,0.6,14.4,7.6,4.8,2.6,7.2,2.2,1.4,2.4,10.6,13.8,2016,6
17,28,1,2,2,-10,40.0,20.0,1.4,1.6,20.8,9.0,4.8,3.4,6.6,2.8,1.2,3.2,8.0,17.6,2016,6
18,16,0,1,3,-12,80.0,60.0,2.6,1.6,17.4,11.0,6.4,4.0,6.6,5.6,0.6,0.8,10.4,16.6,2016,6
21,32,2,1,0,2,40.0,0.0,1.6,1.0,12.2,8.4,4.4,2.8,2.8,4.6,1.2,1.8,12.4,15.0,2016,6
26,33,2,1,0,-5,60.0,20.0,2.0,1.0,14.6,10.0,5.2,3.2,5.2,5.4,0.6,0.8,8.4,18.2,2016,6
27,11,0,0,3,-2,60.0,20.0,1.6,1.6,14.8,12.4,4.4,4.4,4.4,5.0,0.6,1.4,9.4,14.8,2016,6
29,10,1,1,1,-2,40.0,20.0,0.8,0.6,11.6,10.4,2.6,2.4,5.0,4.8,1.4,1.4,11.2,17.0,2016,6
30,31,2,1,0,-13,40.0,40.0,1.6,1.2,18.2,11.2,7.6,3.6,9.2,4.2,0.8,1.4,7.8,13.6,2016,6
4,0,0,0,2,15,40.0,20.0,1.8,1.2,13.2,9.8,6.2,3.8,6.4,4.8,1.4,1.6,10.0,15.2,2016,7
9,19,1,1,1,-3,20.0,20.0,2.0,1.2,16.2,10.2,4.8,3.6,7.0,6.8,1.8,1.6,12.0,12.8,2016,7
4,27,0,1,3,9,40.0,20.0,1.2,1.0,12.8,8.6,5.0,2.6,5.8,4.8,1.2,2.2,9.8,16.6,2016,13
9,21,2,5,1,-14,20.0,20.0,2.2,0.6,15.6,9.6,4.6,3.4,6.8,4.4,1.8,1.6,12.4,17.8,2016,13
10,31,0,1,2,-8,20.0,20.0,0.6,0.6,11.0,9.0,3.4,2.4,5.6,2.4,1.6,1.2,12.4,16.4,2016,13
11,32,0,0,1,-2,20.0,0.0,2.0,0.8,15.6,8.4,4.0,2.2,6.0,5.0,2.0,1.8,10.2,15.4,2016,13
22,33,1,2,2,6,40.0,20.0,1.6,1.0,8.8,11.8,2.8,3.2,4.2,6.0,1.8,1.0,12.2,15.6,2016,13
28,19,2,2,1,12,20.0,20.0,0.8,1.2,11.2,11.6,3.6,4.6,5.6,7.4,1.0,1.6,11.8,14.6,2016,13
29,26,0,0,1,1,40.0,20.0,1.0,0.4,13.4,12.2,2.8,3.2,6.2,5.6,1.0,0.8,10.4,12.8,2016,13
0,16,2,2,1,-11,60.0,60.0,1.0,1.6,13.4,10.6,5.2,4.4,7.8,4.8,0.4,1.0,14.2,19.0,2016,14
1,17,0,0,6,11,40.0,40.0,1.0,1.2,14.0,15.8,4.2,4.2,5.6,7.4,0.8,2.2,10.2,10.2,2016,14
18,30,0,1,2,-3,60.0,80.0,2.2,2.2,18.6,16.6,5.4,6.0,7.6,6.4,1.0,0.6,10.8,10.6,2016,14
16,22,2,1,0,-4,60.0,20.0,1.4,0.6,12.8,8.8,4.4,3.2,4.0,4.2,0.2,2.4,11.6,13.0,2016,27
26,9,0,1,2,6,80.0,40.0,2.0,1.0,11.6,10.6,4.6,4.4,4.0,6.4,0.4,0.4,10.2,10.0,2016,27
27,1,2,2,1,-8,40.0,0.0,1.2,0.4,15.6,9.0,4.2,3.8,5.4,5.6,1.2,1.6,10.0,11.8,2016,27
31,4,1,0,0,0,40.0,40.0,1.4,1.0,10.2,11.6,3.4,3.8,5.0,3.8,1.0,1.0,12.2,11.8,2016,27
32,10,2,3,2,3,40.0,20.0,1.0,0.6,13.0,10.0,3.8,1.8,7.0,4.6,0.8,1.4,13.2,17.0,2016,27
33,28,2,1,0,-4,60.0,20.0,1.6,1.8,17.6,8.2,6.6,3.0,5.6,2.8,0.6,3.0,14.4,17.6,2016,27
30,29,2,2,1,-3,60.0,20.0,1.8,1.0,21.6,10.4,8.6,4.6,11.4,3.8,0.8,1.2,7.4,15.8,2016,28
19,0,2,3,2,1,40.0,40.0,1.2,1.4,13.0,9.4,3.2,4.2,5.2,4.2,0.8,1.4,8.0,17.2,2016,28
1,11,0,1,3,6,40.0,40.0,1.0,1.6,11.6,13.0,4.0,4.4,4.6,4.8,1.6,0.8,10.8,13.2,2016,1
4,26,2,2,0,11,20.0,40.0,1.0,0.6,12.8,11.8,4.4,3.6,6.6,5.4,1.6,0.6,9.8,13.0,2016,1
16,32,1,2,2,1,60.0,20.0,1.2,0.6,13.6,8.6,4.0,2.0,4.4,4.4,0.0,1.4,11.2,16.6,2016,1
22,9,0,1,2,17,40.0,60.0,1.8,1.2,9.6,11.6,3.0,4.2,3.8,6.4,2.0,0.2,11.4,9.6,2016,1
28,10,1,2,2,6,40.0,0.0,1.2,0.6,12.6,10.6,4.2,1.6,5.2,5.2,1.0,1.8,11.6,14.0,2016,1
0,29,0,1,2,-5,60.0,20.0,1.0,1.0,16.6,9.8,5.4,4.0,9.2,4.2,0.4,1.2,11.6,20.0,2016,2
17,18,2,3,0,4,20.0,40.0,1.6,1.2,22.0,15.8,5.4,4.2,6.4,6.4,1.6,1.0,7.8,10.2,2016,2
19,31,2,1,0,-14,60.0,20.0,1.6,0.8,12.2,8.4,3.8,1.8,3.4,2.8,0.8,1.4,9.4,16.4,2016,2
27,21,2,1,0,-6,60.0,0.0,1.4,0.4,12.6,10.0,3.8,3.4,6.2,4.6,1.0,2.4,8.6,16.8,2016,2
33,30,2,1,0,7,80.0,80.0,1.8,2.2,15.0,15.2,5.4,5.4,4.4,5.2,0.6,0.8,14.6,12.2,2016,2
9,27,1,1,1,-8,20.0,40.0,2.6,1.6,15.2,8.4,4.2,3.2,8.0,3.8,1.8,2.4,12.2,14.4,2016,5
11,33,0,2,3,-1,20.0,20.0,1.6,1.4,19.8,11.8,4.2,4.0,6.8,4.8,1.6,1.4,9.2,14.0,2016,5
18,1,2,4,0,-15,40.0,0.0,2.0,0.4,19.8,8.0,5.2,2.6,8.0,4.2,1.2,1.8,9.4,12.4,2016,5
21,4,0,1,3,-3,40.0,20.0,1.4,0.6,14.8,10.6,5.6,3.0,4.0,3.2,1.2,0.8,11.8,13.4,2016,5
26,28,1,1,1,-9,80.0,20.0,2.2,1.6,10.8,8.6,4.2,3.2,4.6,3.6,0.4,2.6,10.8,16.0,2016,5
29,22,2,1,0,-10,40.0,0.0,1.0,0.2,11.8,9.4,2.8,2.6,5.6,5.0,1.2,2.4,10.8,13.4,2016,5
30,0,1,2,2,2,80.0,20.0,2.0,1.4,24.4,10.4,9.8,4.4,11.6,3.8,0.6,2.0,7.8,15.0,2016,5
31,16,0,0,1,4,20.0,40.0,0.8,1.2,11.8,10.0,2.6,4.0,4.4,4.6,1.0,1.0,12.0,21.2,2016,5
10,17,0,1,2,4,0.0,60.0,0.6,2.4,11.4,15.6,3.8,5.2,5.6,6.8,2.0,1.6,11.4,10.2,2016,6
32,19,2,1,0,9,60.0,20.0,1.4,1.2,14.0,11.8,4.4,4.8,6.8,7.6,0.8,1.6,13.0,16.6,2016,6
4,29,2,3,2,10,40.0,40.0,1.4,1.4,12.6,11.0,4.4,3.8,7.0,4.0,1.6,1.4,9.4,21.6,2016,12
22,18,1,0,0,16,20.0,40.0,1.6,1.0,10.4,12.6,2.6,3.4,4.0,5.2,2.4,1.2,12.2,10.8,2016,12
27,26,0,1,2,2,60.0,40.0,1.2,0.4,11.8,10.0,3.6,3.0,7.0,4.4,1.0,0.6,7.4,12.2,2016,12
1,30,0,0,2,12,40.0,60.0,1.0,1.8,11.4,15.0,3.4,5.2,4.6,5.2,2.0,0.8,10.8,13.2,2016,13
16,21,2,1,0,-1,60.0,0.0,1.6,0.4,15.8,9.6,4.2,3.6,6.4,3.8,0.4,2.4,9.2,14.2,2016,14
9,33,1,2,2,-11,20.0,40.0,2.4,1.8,15.8,13.2,5.2,4.2,7.8,4.8,1.6,1.6,13.0,14.0,2016,19
10,16,0,0,1,-4,0.0,60.0,0.8,1.4,12.2,11.4,4.2,4.8,5.4,5.0,2.4,0.8,14.2,18.4,2016,19
11,0,0,0,2,8,20.0,20.0,1.4,1.8,19.8,11.0,5.2,4.4,7.4,3.4,1.4,1.6,11.0,17.2,2016,19
29,1,2,1,0,-9,40.0,0.0,1.0,0.4,12.4,7.2,3.0,2.2,6.6,3.0,1.2,2.2,10.6,15.0,2016,19
31,27,0,1,2,9,20.0,20.0,0.6,1.0,12.2,10.0,3.2,3.2,4.0,4.2,0.8,2.0,12.8,15.4,2016,19
32,22,0,0,1,-5,60.0,0.0,1.4,0.2,11.4,8.8,3.8,2.6,4.0,4.2,0.8,2.0,13.0,12.4,2016,19
18,19,0,0,1,-2,40.0,20.0,2.0,1.2,20.4,11.0,5.2,3.8,8.8,6.2,1.0,1.4,7.6,15.8,2016,20
21,28,1,1,1,-1,40.0,20.0,1.4,1.6,16.0,8.6,5.4,3.2,4.4,3.8,1.6,2.0,13.0,15.4,2016,20
26,17,2,3,2,1,60.0,60.0,1.6,2.6,11.0,16.0,4.2,5.0,6.4,7.2,0.6,1.8,11.6,11.4,2016,20
30,4,2,3,0,-13,60.0,40.0,1.8,1.2,26.6,11.8,10.0,3.4,11.6,3.4,1.0,0.6,7.6,13.6,2016,20
0,31,2,4,0,-15,40.0,20.0,0.8,0.4,17.6,8.6,5.0,1.8,8.8,3.4,0.8,1.2,11.8,15.8,2016,2
1,9,0,0,4,16,20.0,80.0,0.8,1.6,11.0,12.0,3.2,4.0,3.8,6.6,2.4,0.4,12.8,9.8,2016,2
4,18,0,0,4,16,60.0,40.0,1.8,1.0,12.8,11.4,4.4,3.0,7.2,4.2,1.4,1.2,9.8,9.6,2016,2
17,30,1,1,1,1,40.0,80.0,1.8,2.0,18.6,15.0,5.2,6.0,6.2,6.0,1.2,0.6,7.8,13.0,2016,2
22,21,2,3,2,3,0.0,0.0,1.4,0.4,9.4,9.2,2.4,2.8,3.8,3.8,2.4,2.4,13.2,13.0,2016,2
27,29,1,2,2,1,40.0,40.0,0.8,1.6,11.6,11.6,3.2,3.8,5.8,4.2,1.2,1.6,8.6,20.2,2016,2
28,32,1,0,0,3,40.0,20.0,1.6,1.0,14.4,9.0,4.8,2.0,4.8,3.6,1.2,1.6,10.8,19.6,2016,2
33,10,1,2,2,2,80.0,0.0,1.6,1.0,15.2,11.6,5.0,2.6,4.8,4.4,0.4,2.2,13.4,15.4,2016,2
16,26,2,1,0,7,80.0,60.0,1.8,0.8,14.6,10.2,4.0,3.0,6.6,3.4,0.4,0.6,10.0,12.8,2016,3
19,11,2,1,0,-7,80.0,60.0,1.8,2.0,12.6,12.0,4.0,5.2,4.2,5.6,0.8,0.8,10.4,14.2,2016,3
1,4,0,1,2,-1,20.0,40.0,0.6,1.2,11.2,10.4,3.0,3.4,4.6,4.2,3.0,1.2,12.6,13.8,2016,9
10,22,2,1,0,-8,0.0,20.0,0.8,0.2,13.0,9.2,4.2,2.4,6.4,4.2,2.0,1.4,13.8,11.6,2016,9
18,32,2,2,1,-11,40.0,20.0,2.0,0.6,21.2,7.0,4.6,0.8,8.6,2.8,1.2,1.2,7.2,21.2,2016,9
26,21,2,3,1,-8,60.0,0.0,1.8,0.6,11.2,9.6,3.8,3.4,5.4,3.4,1.0,2.6,14.4,13.0,2016,9
29,9,2,1,0,7,60.0,80.0,0.8,1.8,12.4,12.2,2.2,4.8,5.8,5.6,0.4,0.4,11.6,11.2,2016,9
31,11,1,1,1,7,20.0,40.0,0.6,1.8,11.8,9.4,3.4,4.0,5.0,5.2,0.8,1.0,11.4,14.2,2016,9
33,0,1,3,3,9,60.0,40.0,1.6,1.6,15.2,10.4,4.2,4.0,5.0,3.8,0.8,1.0,11.2,14.4,2016,9
17,27,2,4,1,-3,20.0,40.0,1.8,1.2,16.6,9.8,5.8,3.8,7.2,3.4,1.4,1.8,10.0,14.0,2016,10
28,16,0,0,2,2,20.0,60.0,1.0,1.4,16.2,11.0,5.0,5.0,6.0,4.8,1.0,0.8,9.8,16.6,2016,10
30,19,2,3,0,1,80.0,40.0,2.4,0.8,25.8,9.6,10.6,3.6,9.2,6.6,0.8,0.8,6.0,18.2,2016,10
10,11,1,0,0,-1,20.0,40.0,0.8,2.0,13.4,10.4,4.8,5.0,7.8,5.4,1.4,1.2,11.6,12.4,2016,13
9,18,0,0,3,-1,20.0,40.0,2.4,1.4,17.4,11.2,5.8,3.4,8.4,4.0,1.6,1.0,13.0,9.6,2016,16
11,26,1,1,1,4,20.0,40.0,1.2,0.6,19.0,10.8,5.0,3.0,8.0,4.2,1.6,0.8,9.4,13.4,2016,16
19,1,2,1,0,-13,80.0,0.0,1.6,0.2,10.8,8.0,3.2,2.0,4.4,3.6,0.6,1.8,10.0,14.4,2016,16
21,29,2,3,0,7,40.0,20.0,1.6,1.6,17.4,12.6,6.8,3.4,4.6,5.0,1.6,1.8,11.8,18.6,2016,16
22,28,0,0,3,2,20.0,0.0,1.2,1.0,10.8,10.0,2.6,3.0,4.4,3.6,1.8,1.8,13.2,16.8,2016,16
32,31,0,0,1,-5,40.0,20.0,1.0,0.4,10.2,9.0,2.8,2.0,4.0,3.8,0.8,1.6,12.4,16.6,2016,16
0,10,1,1,1,-7,40.0,0.0,1.4,1.4,18.2,12.2,6.8,3.4,9.0,5.4,0.8,2.4,10.0,16.4,2016,17
4,17,0,1,2,12,40.0,60.0,1.2,3.0,12.0,15.0,3.2,6.4,7.0,6.4,2.2,2.0,10.8,11.0,2016,17
16,33,1,2,2,2,80.0,20.0,1.4,1.6,13.8,13.8,3.8,4.4,6.4,5.2,0.4,1.8,11.4,16.2,2016,17
27,30,0,0,4,4,40.0,60.0,1.2,1.6,11.2,13.8,3.0,4.8,5.6,5.8,1.6,0.6,9.4,13.8,2016,18
21,18,1,1,1,13,60.0,60.0,1.6,1.6,17.0,10.2,7.0,4.4,4.2,4.2,1.0,0.6,11.6,9.8,2016,19
17,11,2,4,0,-5,40.0,40.0,2.0,1.4,15.0,10.4,5.8,5.2,6.6,6.0,1.0,0.6,9.2,13.2,2016,20
19,10,2,2,0,-6,100.0,0.0,1.8,1.6,11.8,11.8,3.8,3.2,6.4,5.2,0.4,1.8,10.0,17.2,2016,20
33,31,2,3,1,-6,60.0,40.0,1.8,0.6,17.0,8.6,5.0,2.4,5.4,3.8,1.0,1.4,10.2,17.8,2016,20
0,32,2,2,0,-10,40.0,20.0,1.6,0.8,20.6,7.8,7.8,1.2,9.8,3.8,0.8,1.0,9.0,22.0,2016,21
1,26,0,2,4,10,0.0,40.0,0.4,0.8,10.4,11.6,2.6,3.2,4.8,5.6,3.4,1.0,12.6,10.6,2016,23
4,9,0,1,4,17,40.0,60.0,1.4,1.6,12.2,11.4,3.4,4.0,6.6,6.0,2.2,0.6,12.6,11.8,2016,23
17,21,1,2,2,-9,60.0,0.0,2.8,0.8,18.6,9.2,7.6,3.4,7.4,3.2,0.8,2.6,8.4,13.4,2016,23
18,27,2,4,0,-7,40.0,40.0,1.6,1.4,20.4,11.2,4.6,4.0,9.2,3.2,1.4,2.0,8.0,13.8,2016,23
16,29,2,4,0,6,60.0,20.0,1.4,1.4,12.4,11.2,3.0,2.8,5.8,5.0,0.8,2.2,12.4,17.6,2016,24
28,0,1,0,0,13,20.0,40.0,0.8,2.2,17.2,11.0,4.2,4.6,5.6,3.4,1.2,1.6,10.2,15.4,2016,24
30,32,1,1,1,-8,80.0,20.0,2.2,0.8,23.8,8.0,10.0,1.4,7.4,4.2,0.6,1.2,6.0,21.4,2016,25
0,22,2,1,0,-15,60.0,20.0,2.0,0.2,19.6,9.8,7.0,2.6,7.6,4.4,0.8,1.0,7.8,11.2,2016,30
11,4,2,2,1,-7,20.0,60.0,1.2,1.4,16.4,9.8,5.0,3.0,7.2,5.0,1.4,1.2,11.6,13.0,2016,30
21,10,2,1,0,5,40.0,0.0,1.4,1.4,13.4,10.4,5.6,2.8,4.6,4.6,1.0,2.0,11.4,16.6,2016,30
27,28,1,1,1,-7,40.0,20.0,1.2,1.4,11.4,10.6,2.8,3.2,5.4,3.0,1.8,1.0,11.2,15.4,2016,30
31,1,2,3,2,1,0.0,0.0,0.4,0.2,11.8,6.4,3.4,1.4,6.0,3.0,0.8,2.0,11.6,16.2,2016,30
32,33,0,0,3,1,40.0,20.0,1.0,1.8,12.6,15.6,3.6,4.6,5.4,5.6,1.0,1.8,11.6,12.8,2016,30
19,16,1,1,1,-10,100.0,80.0,1.6,1.6,12.0,12.0,4.8,5.4,8.0,5.4,0.4,0.6,9.0,16.8,2016,1
26,18,2,4,2,5,60.0,40.0,1.8,1.6,13.4,10.8,4.0,5.0,7.4,4.0,1.2,0.8,13.6,8.6,2016,1
29,17,2,3,1,2,60.0,60.0,0.8,2.4,12.8,16.2,3.0,6.2,4.8,6.6,0.4,1.4,10.6,13.4,2016,1
9,30,1,2,2,-4,20.0,60.0,1.8,1.8,16.8,15.0,5.2,4.8,9.4,4.8,1.6,0.6,13.4,14.2,2016,2
1,21,1,0,0,2,0.0,0.0,0.8,1.0,12.4,8.4,3.8,3.2,6.0,3.4,3.0,2.0,13.8,13.0,2016,7
4,32,1,1,1,5,40.0,0.0,1.4,0.8,12.6,10.2,3.8,1.8,6.8,5.4,2.4,1.4,13.6,18.4,2016,7
10,27,2,2,1,1,20.0,40.0,0.6,1.4,14.2,12.0,5.4,4.4,8.8,3.0,1.0,2.2,11.8,13.0,2016,7
16,11,2,3,1,3,60.0,20.0,2.0,0.8,13.4,8.2,4.2,4.0,6.0,5.4,0.8,1.4,12.4,18.4,2016,7
22,19,0,0,1,14,20.0,20.0,1.2,0.6,12.6,9.2,3.4,3.6,6.0,7.2,1.8,1.4,11.4,17.6,2016,7
28,9,2,3,2,15,20.0,80.0,0.8,2.4,17.4,12.2,4.4,4.0,5.4,6.0,1.0,0.8,13.0,12.0,2016,7
33,29,0,1,4,4,60.0,20.0,2.0,1.2,15.6,11.0,5.2,2.2,5.2,4.8,1.2,2.6,10.4,14.4,2016,7
17,31,2,2,0,-12,60.0,40.0,2.8,0.8,18.0,9.4,7.4,3.2,7.0,4.0,0.8,1.8,8.2,16.2,2016,8
18,0,1,2,2,-1,60.0,20.0,2.2,1.8,18.2,13.0,5.0,5.0,8.8,4.2,0.8,1.6,8.0,14.4,2016,8
30,26,0,1,2,-2,60.0,40.0,2.2,1.4,22.4,12.4,8.6,3.6,6.2,7.0,0.8,1.4,8.6,11.2,2016,8
33,19,2,3,2,8,40.0,40.0,2.0,0.6,18.8,8.8,6.0,2.6,6.8,6.2,2.0,1.2,10.4,16.0,2016,10
17,9,1,1,1,5,60.0,60.0,2.6,2.4,19.6,10.8,7.0,4.8,8.0,5.0,0.8,1.2,10.2,13.6,2016,11
22,31,2,4,2,0,20.0,20.0,0.8,0.4,11.6,10.2,3.2,3.2,5.6,4.6,1.6,2.0,12.2,17.2,2016,11
28,11,2,3,0,5,20.0,0.0,1.0,0.4,16.2,8.0,4.2,3.6,4.8,4.6,1.2,1.8,12.4,22.0,2016,11
0,1,2,4,0,-14,60.0,0.0,1.8,0.6,17.6,6.6,6.4,1.4,6.8,2.8,0.6,2.2,8.8,14.8,2016,15
9,16,1,1,1,-13,20.0,60.0,2.0,1.2,16.2,12.0,5.2,4.6,8.8,5.6,1.8,0.6,13.2,16.6,2016,15
11,22,2,3,0,-7,20.0,20.0,1.0,0.2,15.2,9.8,4.6,2.4,7.2,2.8,1.6,0.8,13.4,12.0,2016,15
21,30,2,5,1,10,40.0,40.0,1.4,1.8,11.6,17.0,5.0,5.2,3.8,6.2,1.0,0.8,11.8,13.0,2016,15
26,10,2,4,1,-3,60.0,0.0,2.4,1.0,14.6,9.2,5.0,3.0,8.2,5.0,1.6,1.6,11.2,16.4,2016,15
27,33,2,2,1,-3,20.0,40.0,1.0,2.4,11.4,13.6,2.8,5.0,3.6,5.8,1.8,1.6,13.0,14.2,2016,15
29,18,1,1,1,6,80.0,40.0,1.2,2.0,12.6,11.2,4.2,5.6,3.8,4.0,0.4,1.0,10.4,9.2,2016,15
31,28,1,2,2,2,20.0,20.0,1.0,1.2,13.0,12.0,4.0,3.8,6.2,4.2,1.2,0.8,10.6,14.4,2016,15
32,17,1,1,1,7,40.0,60.0,0.8,2.6,12.2,15.6,3.2,6.4,5.6,5.6,1.4,1.6,9.6,14.4,2016,15
19,4,2,3,1,-14,80.0,40.0,1.2,1.2,14.8,11.4,5.0,2.6,8.8,5.4,0.2,1.4,9.2,12.6,2016,17
7,29,0,0,1,6,20.0,20.0,0.2,1.6,11.2,11.4,4.0,3.0,4.2,4.8,0.4,2.6,13.8,15.8,2016,13
10,32,0,0,1,1,40.0,0.0,0.8,0.6,14.8,10.4,4.8,2.0,8.0,5.4,0.8,1.2,12.2,16.4,2016,13
11,30,1,1,1,8,40.0,40.0,1.6,2.0,11.4,18.6,5.0,5.8,5.2,7.2,1.4,1.6,14.4,14.0,2016,13
14,16,2,2,1,17,20.0,60.0,0.8,1.2,14.2,14.2,4.4,5.0,6.0,6.6,1.4,0.4,11.4,15.2,2016,13
18,28,2,2,1,-13,60.0,20.0,2.4,1.6,17.2,10.6,4.8,3.8,8.8,3.8,0.8,1.0,7.8,16.8,2016,13
26,31,1,1,1,-7,80.0,20.0,3.0,0.8,16.8,10.0,5.6,4.0,7.2,3.4,1.4,2.6,11.2,18.0,2016,13
0,17,0,3,4,-6,80.0,40.0,2.4,1.6,17.2,14.8,7.0,5.2,6.4,5.4,0.2,1.8,7.6,15.8,2016,14
4,19,0,1,3,11,20.0,40.0,1.2,0.8,13.2,7.0,3.8,1.8,5.8,5.0,2.6,1.4,14.8,15.8,2016,14
9,33,2,2,1,3,0.0,40.0,1.2,2.2,16.6,15.4,5.0,5.2,8.6,7.2,1.8,1.6,14.8,13.0,2016,15
19,26,2,2,0,-1,80.0,60.0,1.6,1.8,14.4,13.2,5.4,3.8,8.4,7.0,0.4,1.2,8.0,13.4,2016,19
7,17,2,2,0,10,0.0,40.0,0.0,2.0,11.2,14.2,3.8,5.6,5.2,5.0,0.6,2.2,13.0,14.8,2016,20
16,0,1,0,0,-1,80.0,20.0,2.2,1.8,15.4,11.4,4.8,4.4,6.2,4.0,0.6,1.4,12.0,15.8,2016,20
27,18,0,1,4,5,20.0,40.0,1.2,2.2,11.0,11.8,3.2,6.0,3.4,3.2,2.0,1.2,16.0,9.0,2016,20
29,14,0,0,2,-6,80.0,20.0,1.4,0.6,10.8,14.4,4.0,3.8,3.6,6.8,0.4,1.4,11.4,10.0,2016,20
30,10,2,1,0,-12,40.0,0.0,2.0,0.8,19.6,9.8,7.0,2.8,6.8,5.0,1.0,2.0,8.6,16.6,2016,20
31,9,0,1,2,3,20.0,40.0,1.4,2.2,14.4,11.4,5.0,5.8,6.8,4.8,1.6,1.2,9.6,16.6,2016,20
32,11,0,1,2,3,20.0,0.0,0.4,0.4,12.6,10.0,2.4,4.6,6.4,4.6,1.2,2.2,8.0,22.8,2016,20
33,4,2,1,0,-9,40.0,40.0,2.4,1.4,20.0,10.6,6.6,2.0,6.8,4.6,2.4,2.0,9.2,12.2,2016,21
9,7,2,3,0,-8,20.0,40.0,1.4,0.4,15.8,9.4,4.8,2.2,8.4,3.8,1.8,0.8,13.0,21.4,2016,27
10,4,1,1,1,-1,40.0,20.0,0.6,0.8,14.8,9.0,4.8,2.0,7.4,5.0,0.6,2.0,11.0,12.4,2016,27
11,27,2,1,0,2,40.0,20.0,1.4,1.0,10.8,11.4,4.6,3.0,4.4,3.6,1.0,2.4,13.6,12.6,2016,27
14,19,0,0,1,13,40.0,60.0,0.8,1.4,13.2,7.8,3.8,3.0,5.8,4.4,1.0,1.4,13.4,15.8,2016,27
16,29,2,2,1,-11,60.0,40.0,2.0,1.4,15.0,12.4,4.8,4.0,5.0,5.0,0.6,2.0,12.0,15.4,2016,27
26,28,1,1,1,-11,80.0,20.0,3.0,1.6,18.4,9.8,5.8,3.8,6.0,4.6,1.4,1.2,10.0,16.8,2016,27
30,17,1,1,1,-5,60.0,40.0,1.8,1.6,18.4,15.8,5.8,4.8,7.0,6.4,0.6,2.0,8.6,12.2,2016,27
31,0,0,1,3,11,20.0,20.0,1.6,1.4,13.4,12.0,4.6,4.4,6.2,5.0,1.8,1.0,9.4,12.2,2016,27
18,33,2,3,1,-3,60.0,20.0,2.0,1.8,16.0,13.4,3.8,4.8,8.8,6.2,1.0,1.6,8.8,13.2,2016,28
0,26,2,2,1,-4,60.0,40.0,2.2,1.4,15.2,13.6,5.6,3.2,5.8,6.2,1.0,1.4,9.6,13.2,2016,10
4,32,2,1,0,2,0.0,20.0,0.8,0.8,12.6,12.4,3.6,2.6,5.6,6.0,2.8,1.2,14.6,14.8,2016,10
7,14,1,1,1,0,20.0,40.0,0.4,1.0,8.8,14.4,3.4,3.6,4.4,6.4,0.6,1.4,15.8,9.6,2016,10
17,16,2,4,1,7,60.0,40.0,2.6,1.2,22.2,15.0,7.4,4.6,7.0,5.6,0.8,0.8,9.2,15.8,2016,10
19,18,0,1,2,1,80.0,40.0,1.8,2.2,14.8,11.2,6.0,5.8,8.2,3.8,0.4,1.4,9.2,8.4,2016,10
27,30,0,0,4,6,20.0,20.0,1.2,1.8,10.0,17.4,3.4,5.0,4.6,6.8,2.4,1.8,16.2,14.2,2016,10
33,31,0,2,4,-6,60.0,20.0,2.2,1.0,19.4,9.8,5.8,3.8,6.2,3.2,2.0,2.0,8.4,19.0,2016,10
29,9,1,2,2,2,60.0,40.0,1.2,1.8,11.4,11.8,4.0,5.0,4.2,5.4,0.8,1.4,12.2,14.8,2016,11
28,11,0,0,3,6,40.0,20.0,1.4,0.6,14.8,10.2,4.2,4.6,4.8,4.2,1.2,2.2,14.2,22.4,2016,12
9,17,0,1,2,2,40.0,20.0,1.6,1.4,15.8,14.6,5.8,4.2,8.2,6.6,1.4,2.0,11.6,10.8,2016,16
14,0,0,1,4,16,20.0,20.0,0.6,1.6,13.4,11.8,3.4,5.2,4.6,4.4,1.2,1.2,16.8,13.4,2016,17
16,7,2,3,0,-17,60.0,40.0,2.2,0.4,15.4,7.6,5.2,1.6,4.4,3.8,0.8,1.0,11.8,21.8,2016,17
18,4,2,4,0,-12,80.0,20.0,2.6,1.0,15.2,10.6,4.4,2.6,7.6,4.8,1.0,1.6,9.6,13.8,2016,17
32,33,2,4,2,7,0.0,20.0,0.4,1.6,13.6,12.6,3.2,4.0,7.2,5.2,1.4,1.8,9.2,13.2,2016,17
10,27,2,4,1,6,40.0,0.0,0.8,0.6,17.2,11.2,5.0,2.0,7.4,3.6,0.6,2.4,11.4,15.0,2016,18
26,29,2,1,0,-6,60.0,40.0,2.6,1.2,18.4,11.8,6.2,4.0,6.4,5.2,1.2,2.0,7.4,15.6,2016,18
30,28,2,1,0,-14,40.0,20.0,1.4,1.6,17.2,8.0,5.0,3.4,7.2,4.6,0.8,1.2,10.8,16.6,2016,18
31,19,2,3,1,8,20.0,60.0,1.6,1.4,14.4,12.6,5.0,4.2,5.0,4.6,2.0,1.4,9.6,12.2,2016,18
0,9,2,3,0,-8,80.0,40.0,2.4,2.2,14.4,15.8,4.8,6.0,5.0,5.8,1.0,1.6,10.4,13.6,2016,24
4,11,2,1,0,5,20.0,40.0,1.0,1.2,12.8,12.4,4.2,5.4,6.8,3.6,2.0,2.2,14.0,21.0,2016,24
17,14,2,5,1,-10,60.0,40.0,2.6,1.0,22.8,14.6,8.4,4.0,6.0,6.8,0.8,1.0,9.6,10.4,2016,24
19,16,2,4,1,4,60.0,20.0,1.8,1.2,15.0,15.8,5.8,4.6,6.2,5.6,0.8,1.6,11.4,16.8,2016,24
27,32,1,1,1,-5,20.0,20.0,0.8,0.6,10.6,12.2,2.8,2.6,5.6,5.4,2.8,1.0,17.8,14.6,2016,24
28,10,0,2,3,2,40.0,20.0,1.4,0.6,14.0,10.4,4.4,2.6,5.6,5.0,1.4,1.8,14.8,15.2,2016,24
29,18,0,1,3,8,40.0,40.0,1.4,2.0,10.6,12.6,4.2,5.4,3.6,4.0,1.2,1.6,15.4,9.0,2016,24
33,26,0,0,3,1,60.0,40.0,2.0,1.6,19.4,13.8,5.2,3.8,5.6,4.8,2.2,1.6,8.8,14.4,2016,25
7,31,2,2,0,5,20.0,20.0,0.6,1.6,9.8,10.2,3.0,4.6,5.2,3.4,0.6,2.4,14.6,19.6,2016,26
11,10,1,1,1,-4,80.0,40.0,2.0,1.2,14.2,13.4,6.8,3.4,5.4,5.6,0.6,1.8,10.8,14.2,2016,30
14,9,0,0,2,8,20.0,20.0,0.6,1.4,13.0,14.4,3.6,5.6,5.0,4.6,1.4,2.0,17.2,13.8,2016,1
28,32,1,1,1,3,40.0,20.0,1.8,0.8,13.8,12.4,4.6,3.0,4.8,5.4,2.0,0.8,14.8,13.8,2016,1
29,17,0,1,2,4,20.0,40.0,1.4,1.6,10.8,15.0,4.0,4.6,3.8,6.0,1.8,1.6,17.4,9.6,2016,1
31,4,1,2,2,-3,40.0,0.0,2.0,0.6,13.8,9.4,5.0,2.4,4.6,4.2,2.0,2.2,10.2,16.6,2016,1
7,0,0,0,1,16,40.0,40.0,1.0,1.8,10.0,14.4,3.0,5.8,5.4,4.4,0.4,0.8,15.4,10.8,2016,2
16,26,1,0,0,-5,80.0,60.0,2.4,2.0,17.0,13.8,6.0,4.8,5.8,3.2,0.4,1.4,9.4,15.6,2016,2
19,27,1,1,1,-4,60.0,0.0,2.2,0.6,15.0,11.4,5.2,2.2,5.8,4.0,1.0,2.4,12.4,15.0,2016,2
30,18,2,2,0,-1,40.0,60.0,1.0,2.4,20.2,14.4,5.2,5.2,9.6,4.8,0.8,1.6,11.0,10.6,2016,2
0,29,2,3,2,-10,80.0,40.0,2.6,1.2,14.0,11.4,4.4,4.4,6.4,4.0,1.0,1.6,10.6,17.0,2016,15
4,14,2,6,1,-2,40.0,40.0,1.0,1.2,11.6,12.0,3.4,3.4,6.8,6.2,1.6,1.6,12.8,15.0,2016,15
9,16,2,3,0,9,40.0,0.0,1.8,1.0,16.0,14.4,5.8,3.8,7.2,5.4,1.2,2.4,12.0,17.0,2016,15
10,33,0,0,1,8,40.0,20.0,1.4,1.6,17.4,13.4,5.4,4.2,7.4,5.4,0.8,2.2,11.0,13.6,2016,15
18,11,1,1,1,-7,80.0,40.0,3.0,1.2,16.6,14.4,6.0,5.8,7.0,4.0,0.8,1.6,8.2,16.0,2016,15
27,28,2,2,0,-8,20.0,0.0,1.0,1.0,10.6,7.6,2.8,3.2,5.8,4.8,2.2,1.4,15.0,19.0,2016,15
32,30,1,1,1,11,20.0,40.0,1.2,2.0,12.0,17.0,3.6,5.4,5.8,8.0,1.6,1.8,11.6,13.0,2016,15
26,7,2,3,1,-12,60.0,40.0,2.2,0.4,18.2,7.0,6.2,1.8,5.6,2.8,1.0,1.4,8.2,20.4,2016,16
17,19,1,0,0,3,60.0,60.0,2.8,1.6,21.8,14.6,8.2,4.4,6.8,4.6,1.0,1.4,9.4,11.0,2016,17
4,30,1,0,0,13,60.0,40.0,2.0,1.8,13.4,17.8,4.6,6.0,5.8,8.0,1.0,1.6,11.8,12.0,2016,22
7,11,2,2,1,7,40.0,40.0,1.0,1.2,9.8,13.2,2.4,5.2,4.4,3.4,0.6,1.2,16.8,13.4,2016,22
14,27,0,0,2,9,20.0,0.0,0.6,0.8,10.4,10.0,3.6,3.0,4.2,3.6,1.6,1.8,20.0,17.6,2016,22
16,10,2,3,1,-14,60.0,40.0,1.6,1.4,15.2,13.6,4.4,3.2,5.6,5.8,0.4,1.8,9.8,14.8,2016,22
17,32,2,2,1,-6,60.0,20.0,2.4,0.8,21.0,12.6,8.0,3.8,6.4,5.0,0.6,0.8,9.6,11.4,2016,22
29,31,1,0,0,-1,0.0,40.0,1.0,1.6,8.8,9.2,2.8,4.2,3.6,3.8,2.0,1.8,18.8,16.8,2016,22
33,28,2,1,0,-10,40.0,0.0,1.4,0.8,17.2,7.0,3.0,2.4,4.2,4.0,2.0,1.6,10.2,20.4,2016,22
9,19,2,4,0,5,60.0,40.0,2.0,1.4,16.6,13.0,6.0,4.2,7.4,3.6,0.8,1.4,9.8,11.2,2016,23
18,26,1,1,1,-2,60.0,40.0,2.4,1.2,18.2,12.6,6.4,4.4,7.8,2.2,1.0,1.0,6.0,14.2,2016,23
10,17,0,2,4,7,40.0,60.0,1.4,1.8,16.2,17.2,4.8,5.2,6.8,7.0,1.0,1.6,11.6,8.6,2016,29
19,7,1,0,0,-13,60.0,40.0,2.2,0.6,15.6,6.6,5.8,1.6,7.2,3.0,1.0,1.8,11.0,21.4,2016,29
28,0,0,1,4,15,20.0,60.0,1.4,2.0,12.2,14.0,4.2,5.0,5.4,4.2,1.8,0.8,16.4,10.4,2016,29
30,16,1,1,1,2,60.0,0.0,1.2,0.8,19.0,12.6,6.2,3.2,8.6,5.4,0.6,2.8,10.2,16.0,2016,29
31,14,2,1,0,-5,20.0,20.0,1.8,1.0,13.6,10.0,5.2,2.8,3.8,5.2,2.0,2.8,11.0,18.0,2016,29
32,18,0,0,4,10,20.0,60.0,1.4,2.0,10.6,15.6,3.4,5.4,5.2,5.0,1.2,1.2,14.0,10.4,2016,29
11,33,2,2,0,4,60.0,20.0,1.8,1.2,14.4,14.2,6.4,4.2,6.8,5.4,0.6,2.2,9.6,13.0,2016,30
26,9,0,0,2,-4,60.0,40.0,2.0,1.4,22.2,17.0,7.6,5.8,5.6,5.4,0.8,1.4,8.2,12.4,2016,30
27,29,2,3,1,-3,40.0,40.0,1.2,1.6,12.0,12.2,3.4,5.4,6.6,4.0,2.0,1.4,14.4,16.6,2016,31
4,28,0,1,2,-1,60.0,0.0,1.8,0.4,12.6,7.8,4.0,2.0,6.2,3.6,0.8,1.4,12.6,20.2,2016,5
7,10,2,3,2,3,60.0,40.0,1.4,1.4,9.6,15.0,2.4,3.8,3.4,6.4,0.6,1.6,17.4,14.6,2016,5
9,11,2,5,0,-1,80.0,40.0,2.6,1.4,16.0,13.8,6.4,5.6,7.0,4.0,0.6,1.0,9.4,12.4,2016,5
18,20,1,1,1,-14,60.0,20.0,2.2,0.8,18.2,8.4,6.4,2.4,8.4,3.2,0.8,1.0,6.2,14.0,2016,5
33,27,1,1,1,-2,40.0,20.0,1.0,1.0,17.2,10.0,2.4,3.6,4.2,4.4,1.6,1.4,11.6,16.0,2016,5
0,30,1,1,1,-1,60.0,40.0,2.2,1.6,13.0,17.6,4.6,5.8,6.6,7.2,1.4,0.6,12.0,9.8,2016,6
14,26,2,2,1,12,20.0,20.0,0.6,1.0,9.0,11.8,2.8,4.4,3.6,2.4,2.0,1.0,21.0,13.0,2016,6
16,32,0,1,2,-13,60.0,20.0,1.6,0.8,12.2,11.4,3.6,3.2,4.8,4.8,0.4,1.0,12.6,13.2,2016,6
17,31,2,6,1,-5,60.0,40.0,2.4,1.2,21.4,8.8,8.4,3.2,5.4,4.0,0.8,1.0,8.0,15.4,2016,6
29,19,0,1,3,7,0.0,40.0,0.8,1.0,10.2,15.6,3.6,4.8,4.2,4.6,1.8,1.6,17.2,10.0,2016,6
10,18,0,1,2,11,20.0,80.0,1.4,2.6,14.2,16.2,5.2,6.0,6.6,5.6,1.6,1.0,12.6,11.4,2016,19
11,29,1,1,1,-1,60.0,20.0,1.6,1.0,14.8,12.4,6.0,5.4,7.6,4.2,0.6,1.8,10.2,15.0,2016,19
19,0,1,1,1,3,40.0,80.0,1.6,2.4,20.6,17.2,7.0,6.0,9.6,5.4,0.8,0.6,11.0,8.2,2016,19
26,17,1,0,0,-2,40.0,60.0,1.2,1.8,20.4,17.4,6.8,5.8,6.6,6.8,1.0,1.4,7.6,8.2,2016,19
27,4,0,0,1,-7,40.0,0.0,1.4,0.6,14.0,10.0,3.4,3.0,7.0,5.4,2.0,2.0,13.2,17.2,2016,19
28,14,2,3,0,-1,0.0,20.0,1.0,1.0,10.0,8.8,2.8,2.8,4.4,4.0,2.6,2.6,17.2,20.4,2016,19
30,33,2,3,2,-4,60.0,20.0,1.2,1.0,19.4,12.8,6.0,3.4,8.2,5.0,0.4,2.2,9.4,15.0,2016,19
31,16,2,2,1,12,40.0,0.0,1.6,0.8,13.8,10.2,4.0,2.4,3.8,4.4,1.6,2.8,11.4,17.0,2016,19
20,9,0,0,1,8,20.0,60.0,1.0,1.6,10.0,17.0,2.8,5.8,5.0,5.4,1.2,1.2,12.4,8.6,2016,20
32,7,2,4,0,-4,20.0,20.0,1.2,0.4,9.8,6.4,3.4,1.4,4.0,2.6,1.8,1.8,16.8,24.6,2016,21
7,18,0,1,2,14,60.0,80.0,1.6,2.2,11.8,15.8,3.4,5.6,4.0,5.6,1.0,1.0,15.4,11.6,2016,26
9,30,2,2,1,7,80.0,40.0,3.2,1.6,17.0,17.0,7.0,5.6,6.4,6.4,0.4,0.6,8.2,10.4,2016,26
14,32,1,1,1,4,20.0,20.0,0.6,1.0,7.4,11.0,2.2,3.6,2.8,4.8,2.0,1.2,21.2,11.4,2016,26
16,20,1,2,2,-17,60.0,0.0,1.8,0.6,11.6,7.8,3.8,2.4,5.4,3.4,0.8,1.0,12.2,15.4,2016,26
17,28,2,2,0,-9,80.0,20.0,3.4,0.6,21.4,8.2,10.0,2.2,5.2,2.8,0.8,1.2,7.6,21.4,2016,26
29,10,2,5,4,-3,0.0,40.0,1.0,1.8,8.8,16.2,3.2,4.4,3.0,7.0,2.0,2.0,16.6,13.4,2016,26
0,4,2,3,1,-14,60.0,20.0,1.8,0.8,14.2,10.2,4.0,2.4,7.0,5.0,0.8,1.8,10.8,17.0,2016,27
19,33,1,1,1,-2,20.0,20.0,1.4,1.2,20.6,13.6,7.0,3.4,10.8,5.8,1.0,2.4,9.4,14.6,2016,27
26,11,2,1,0,-5,40.0,20.0,1.0,1.0,16.2,11.4,5.6,4.2,5.6,3.6,0.8,1.8,9.6,14.4,2016,27
31,27,0,0,1,4,60.0,20.0,1.8,1.0,14.6,10.0,4.2,4.2,4.6,4.0,1.4,1.4,10.8,15.4,2016,27
10,26,2,3,0,9,20.0,20.0,1.6,1.2,13.2,13.0,4.8,5.6,6.4,4.4,1.8,1.0,12.0,11.8,2016,3
18,9,0,1,3,-6,40.0,60.0,2.0,1.4,20.0,17.0,7.0,5.6,8.2,5.0,0.8,1.0,5.8,9.8,2016,3
27,7,2,2,0,-9,40.0,0.0,1.2,0.2,15.2,6.2,4.0,1.2,6.2,2.8,1.4,2.6,12.6,24.6,2016,3
28,16,2,2,1,16,20.0,0.0,1.4,0.8,8.6,8.6,2.6,1.8,3.2,5.0,2.2,2.8,19.0,16.2,2016,3
30,29,2,5,0,-9,60.0,0.0,1.6,1.0,18.2,10.0,6.2,4.2,7.0,4.0,0.8,2.0,9.6,15.8,2016,3
32,31,2,3,1,1,40.0,40.0,1.8,1.2,10.8,10.0,3.8,4.6,3.4,4.2,1.4,2.0,15.2,16.2,2016,3
33,0,0,1,5,5,20.0,80.0,1.0,2.6,16.0,15.6,2.4,5.4,5.2,4.8,1.8,0.8,12.4,9.0,2016,3
4,17,2,4,3,8,60.0,60.0,1.8,1.8,15.2,15.2,4.8,5.2,7.8,6.0,0.6,1.0,12.2,8.2,2016,4
11,19,1,1,1,6,60.0,40.0,1.6,1.0,15.2,15.2,6.0,4.0,8.6,4.2,0.6,1.6,8.6,9.4,2016,4
20,14,2,1,0,0,20.0,0.0,0.8,0.6,10.0,9.8,2.6,3.4,3.6,5.0,1.2,3.2,12.6,20.0,2016,5
0,27,2,3,1,-7,60.0,40.0,2.0,1.2,14.0,11.2,4.2,4.2,6.4,4.2,0.8,1.2,10.4,13.4,2016,10
7,4,2,3,2,2,60.0,20.0,1.6,0.8,11.2,10.0,4.0,2.4,4.0,6.2,1.2,2.2,17.4,15.4,2016,10
14,10,1,3,3,3,20.0,20.0,0.8,2.2,7.8,16.2,2.6,4.4,3.0,7.0,2.0,2.8,17.6,14.6,2016,10
16,18,2,4,2,-3,40.0,80.0,1.8,2.2,11.2,16.4,3.2,5.4,5.0,6.4,1.0,1.0,11.6,10.8,2016,10
29,28,2,3,0,-5,20.0,20.0,1.6,0.4,11.2,8.4,4.6,2.0,4.8,2.6,2.4,1.4,13.4,23.6,2016,10
31,11,2,3,2,2,60.0,0.0,1.6,0.4,14.0,10.0,3.4,2.6,4.6,3.2,1.0,2.0,11.6,15.6,2016,10
9,32,2,1,0,-4,80.0,20.0,3.0,1.2,14.4,10.8,6.0,3.6,5.2,5.0,0.6,1.2,9.4,11.0,2016,11
17,33,1,2,2,1,80.0,20.0,3.0,1.2,23.4,13.0,9.2,3.4,6.8,5.8,0.6,2.0,6.4,13.6,2016,11
19,30,2,1,0,2,20.0,20.0,1.4,1.0,21.2,15.4,8.0,5.2,11.6,6.4,0.8,1.0,7.0,9.2,2016,11
26,20,2,1,0,-12,60.0,0.0,1.0,1.0,16.4,7.6,5.6,2.4,5.6,3.2,0.6,1.4,11.2,15.0,2016,11
4,16,2,1,0,15,60.0,0.0,2.4,0.8,15.2,9.6,5.4,2.2,6.6,4.4,1.2,2.4,11.8,17.2,2016,13
11,0,2,2,1,9,40.0,80.0,1.6,3.0,13.6,17.4,5.4,6.0,8.0,4.8,0.8,0.8,9.0,8.2,2016,13
10,19,0,1,2,10,40.0,20.0,2.0,1.0,10.2,11.4,4.6,2.6,5.2,3.6,1.6,1.8,13.4,10.4,2016,14
18,31,2,2,0,-9,20.0,20.0,1.6,0.6,18.4,10.8,7.0,4.0,9.0,4.2,1.2,2.2,6.0,14.6,2016,14
20,17,0,0,3,10,40.0,60.0,0.8,2.2,10.8,14.6,2.6,5.2,5.0,6.8,0.8,1.6,11.4,8.4,2016,14
27,26,1,0,0,3,60.0,20.0,1.6,1.0,14.2,14.2,4.4,5.2,5.0,6.0,0.6,1.2,11.4,10.2,2016,14
28,9,0,0,1,7,40.0,80.0,1.8,1.6,10.8,13.4,3.4,5.0,2.8,3.2,1.8,0.8,18.4,11.4,2016,14
30,14,2,3,0,-15,80.0,0.0,2.4,0.4,21.6,8.8,8.4,3.2,7.0,4.6,0.6,3.2,7.2,20.6,2016,14
32,29,2,3,1,2,60.0,0.0,2.4,0.8,10.4,8.4,4.0,3.6,3.0,2.8,1.6,2.6,17.2,18.8,2016,14
33,7,2,1,0,-11,20.0,0.0,0.8,0.2,14.2,7.8,2.2,2.0,5.0,3.6,2.0,2.4,13.6,22.2,2016,14
10,9,0,0,1,5,20.0,100.0,1.4,1.8,8.6,15.4,3.6,5.8,3.4,4.0,1.8,0.2,14.4,10.2,2016,17
20,29,2,3,0,6,40.0,0.0,0.6,1.0,11.2,8.2,2.8,3.8,5.6,4.8,1.0,3.0,10.6,17.6,2016,17
27,16,1,2,2,8,60.0,0.0,1.4,0.6,12.8,10.0,4.6,2.4,4.4,5.4,0.4,1.8,12.6,15.8,2016,17
28,31,2,1,0,4,40.0,20.0,1.4,0.6,10.2,9.4,3.2,3.8,3.2,3.4,1.4,2.2,18.2,14.6,2016,17
32,19,0,0,2,9,60.0,40.0,2.2,1.2,11.4,11.6,3.6,3.4,2.6,3.8,1.4,1.4,14.2,9.6,2016,17
33,14,2,1,0,-11,40.0,0.0,1.0,0.2,15.6,10.4,3.4,4.0,5.0,5.2,1.4,2.8,11.6,19.6,2016,17
4,26,0,1,3,10,60.0,0.0,2.4,0.4,14.6,13.6,5.8,4.2,6.4,7.8,1.2,1.2,11.6,8.6,2016,18
18,0,2,2,1,2,20.0,60.0,1.2,2.4,17.0,14.4,6.0,4.8,9.0,4.6,1.2,1.0,5.8,9.8,2016,18
30,7,2,2,1,-15,80.0,0.0,2.8,0.2,20.8,8.0,8.4,2.0,5.2,3.6,0.6,2.0,8.0,23.4,2016,18
11,17,0,0,1,3,40.0,60.0,1.4,2.4,14.2,15.0,5.0,5.0,8.4,6.4,0.8,1.4,9.4,7.6,2016,19
0,32,2,1,0,-12,60.0,20.0,2.0,1.0,15.4,10.2,4.4,3.2,6.0,4.0,1.0,1.2,11.0,11.0,2016,26
7,20,2,1,0,0,60.0,0.0,1.8,0.8,11.8,7.4,4.6,2.8,3.4,3.0,1.6,1.0,18.4,15.6,2016,26
9,4,2,3,0,-6,100.0,20.0,3.0,1.2,14.4,12.2,5.6,2.8,4.6,7.4,0.2,2.0,8.0,14.6,2016,26
14,18,0,0,3,14,20.0,60.0,1.2,2.0,9.6,16.6,3.4,5.4,3.4,7.2,1.8,1.6,15.6,10.2,2016,26
16,11,0,0,2,-10,40.0,0.0,2.0,0.8,10.4,9.6,3.2,3.0,4.2,3.4,1.4,2.4,14.0,15.4,2016,26
19,28,2,3,1,-12,20.0,20.0,0.8,0.4,21.0,9.4,7.6,2.0,10.6,3.2,0.6,1.8,7.4,20.2,2016,26
29,33,0,1,4,5,40.0,20.0,2.0,1.2,11.4,9.8,4.6,3.0,5.8,5.4,1.8,1.6,12.0,15.6,2016,26
31,10,1,1,1,-2,60.0,0.0,1.6,2.2,14.2,15.0,3.6,4.8,4.0,7.4,1.2,3.0,10.8,15.4,2016,26
17,27,2,4,1,-1,60.0,40.0,2.4,1.2,20.6,11.4,7.4,4.4,6.4,4.6,0.8,1.0,7.4,14.8,2016,27
26,30,0,1,4,3,60.0,0.0,1.0,0.6,15.4,14.0,5.0,5.0,5.0,6.0,0.6,1.0,10.6,11.0,2016,28
14,11,1,2,2,7,20.0,20.0,1.2,1.0,10.0,10.6,3.4,3.2,3.2,4.0,2.0,2.2,14.4,13.0,2016,30
7,28,2,4,1,1,80.0,20.0,2.0,0.6,11.0,8.6,5.2,2.6,4.4,3.4,1.4,2.0,16.4,21.8,2016,31
9,27,2,4,2,1,100.0,40.0,3.0,1.2,14.0,11.2,5.2,3.6,4.0,4.6,0.2,1.6,8.4,14.0,2016,31
16,33,2,1,0,-6,40.0,20.0,2.0,1.8,10.0,10.2,3.4,3.6,4.2,5.0,1.8,1.8,13.4,16.0,2016,31
17,18,2,1,0,4,80.0,80.0,3.2,2.6,22.8,17.4,8.0,5.4,7.4,8.0,1.0,1.2,7.2,9.6,2016,31
19,20,2,2,1,-13,40.0,0.0,1.2,0.6,21.4,7.2,7.6,2.6,9.0,2.6,0.6,1.0,7.4,13.0,2016,31
26,32,0,1,2,-8,40.0,20.0,0.6,0.8,10.4,7.4,2.6,2.0,3.8,4.0,1.2,1.2,12.8,14.8,2016,31
29,4,0,0,3,-4,40.0,20.0,2.0,0.8,12.6,11.4,5.4,3.0,6.8,7.4,2.2,2.2,11.2,14.0,2016,31
0,10,2,2,0,-13,60.0,0.0,1.6,2.2,17.4,15.0,5.4,5.2,6.2,6.2,0.6,3.0,9.0,14.6,2017,1
31,30,0,1,4,10,60.0,20.0,1.4,1.2,12.6,13.4,2.8,4.4,4.6,6.4,1.0,1.0,10.6,11.2,2017,1
11,26,2,3,0,5,40.0,20.0,1.2,1.0,12.8,14.2,4.6,4.8,6.6,7.4,0.8,1.4,9.6,8.8,2017,2
18,7,2,2,1,-14,40.0,0.0,1.4,0.2,16.0,7.8,5.4,2.2,8.0,3.2,1.2,1.8,6.4,22.6,2017,2
20,16,1,0,0,17,60.0,0.0,1.2,1.0,11.2,11.8,3.0,4.0,5.4,6.2,0.8,1.6,12.6,15.8,2017,2
28,17,1,2,2,9,60.0,60.0,1.4,2.2,11.2,13.6,3.6,4.6,2.8,5.6,1.2,1.2,16.6,7.2,2017,2
32,14,2,3,1,-4,60.0,0.0,2.0,0.0,11.8,11.4,3.0,4.2,2.0,5.6,1.6,1.8,12.2,18.8,2017,2
33,19,0,0,2,2,60.0,60.0,1.0,1.6,15.4,12.2,4.2,4.2,6.2,4.2,1.2,1.4,13.0,9.8,2017,2
4,0,1,3,3,14,40.0,40.0,1.4,2.4,12.2,12.0,4.8,4.4,6.8,3.6,1.6,1.4,12.2,10.6,2017,3
10,29,0,1,2,3,20.0,0.0,1.4,0.6,7.4,8.4,3.4,3.0,3.0,5.2,1.8,3.0,14.6,16.4,2017,3
27,31,2,2,0,-4,40.0,0.0,1.4,0.4,12.4,10.4,4.8,4.2,5.0,4.4,0.8,2.4,13.2,15.0,2017,3
30,9,2,2,0,-7,80.0,100.0,2.8,1.6,24.2,13.6,8.8,5.2,6.6,3.2,0.8,0.2,6.6,9.8,2017,4
7,26,2,1,0,12,80.0,20.0,2.4,0.8,12.4,15.4,5.8,5.0,5.2,8.4,1.4,1.8,14.6,9.4,2017,14
14,4,2,3,1,2,20.0,40.0,1.6,1.4,10.8,10.6,3.8,3.6,3.2,6.6,2.0,1.8,16.0,14.8,2017,14
16,9,0,0,3,-9,40.0,80.0,1.6,1.2,9.0,13.2,3.4,4.2,4.0,3.8,1.6,0.6,13.8,9.8,2017,14
28,27,0,1,3,8,60.0,20.0,1.6,1.2,12.6,9.8,4.4,2.8,3.2,3.8,0.8,2.4,16.6,15.8,2017,14
29,0,0,0,4,10,40.0,20.0,2.0,2.2,13.2,10.6,5.4,3.8,6.2,3.4,2.8,1.8,11.4,12.4,2017,14
30,32,2,4,0,-11,100.0,40.0,3.0,1.0,21.6,7.6,8.2,2.4,5.2,4.2,0.6,1.0,7.6,12.6,2017,14
31,20,1,0,0,-5,40.0,0.0,1.4,0.8,9.4,6.8,3.2,2.2,3.2,2.4,1.8,1.4,12.8,17.6,2017,14
33,10,2,3,0,-8,40.0,0.0,0.8,2.0,13.0,11.8,4.0,4.6,5.4,5.4,1.6,2.8,13.6,15.6,2017,14
11,18,2,4,0,7,40.0,60.0,1.4,1.8,12.8,15.0,4.6,4.2,7.0,7.8,0.8,1.4,9.4,8.8,2017,15
19,17,1,1,1,-3,60.0,40.0,1.6,1.8,20.4,14.4,7.8,5.6,7.6,6.0,0.8,1.2,7.8,7.8,2017,15
4,31,1,2,2,3,40.0,0.0,2.0,0.4,13.0,10.2,5.8,4.2,6.2,5.2,2.2,2.8,11.8,16.2,2017,21
10,11,0,0,1,4,20.0,20.0,1.2,1.2,7.4,10.6,2.8,3.0,3.2,3.4,1.4,2.2,13.4,13.8,2017,21
17,29,0,2,3,-4,80.0,20.0,3.0,0.8,19.6,7.8,6.8,2.6,7.6,5.4,0.8,2.6,7.8,14.4,2017,21
18,30,1,2,2,1,60.0,40.0,1.6,2.0,16.0,14.0,5.4,4.8,7.6,6.2,1.2,1.2,7.4,10.8,2017,21
20,33,0,1,3,11,40.0,20.0,0.8,1.8,11.0,12.6,2.6,4.0,5.0,4.8,0.8,1.6,11.6,15.0,2017,21
27,19,1,1,1,4,40.0,80.0,1.2,2.0,12.4,11.6,5.0,4.4,5.2,3.0,0.6,0.6,12.2,8.6,2017,21
32,28,2,2,0,-3,80.0,20.0,2.6,0.8,11.6,8.8,3.8,2.8,3.2,3.4,1.0,2.6,11.4,21.0,2017,21
0,7,2,2,1,-16,80.0,0.0,2.0,0.4,20.0,8.6,5.8,2.6,6.2,4.6,0.6,2.2,8.2,18.0,2017,22
9,14,2,2,0,-8,100.0,0.0,3.0,0.2,14.8,13.2,5.4,5.0,4.6,7.0,0.6,2.2,6.2,16.0,2017,22
26,16,2,3,0,5,40.0,0.0,0.8,0.8,10.6,12.6,2.6,4.6,4.0,6.4,1.2,1.4,11.6,13.2,2017,22
0,31,0,1,2,-11,100.0,0.0,2.2,0.6,21.8,10.0,7.0,3.2,6.8,5.4,0.6,2.0,8.8,13.6,2017,31
4,10,0,0,2,1,40.0,0.0,2.2,1.6,11.6,10.6,5.4,3.8,5.6,4.4,2.2,2.8,12.0,15.6,2017,31
7,16,2,1,0,17,80.0,0.0,2.0,0.6,11.4,12.8,5.0,4.6,4.8,5.6,1.0,1.6,15.4,15.2,2017,31
17,9,1,1,1,-2,60.0,80.0,2.2,1.6,17.2,12.2,4.4,4.2,7.6,4.2,1.2,0.6,6.8,8.8,2017,31
20,32,1,1,1,4,40.0,20.0,1.0,0.6,10.8,6.0,2.8,1.4,6.0,3.0,1.2,1.6,11.6,15.8,2017,31
28,30,1,0,0,14,40.0,40.0,1.2,2.2,13.2,13.2,4.2,4.6,3.8,6.6,1.4,1.4,16.0,11.2,2017,31
29,26,2,2,1,6,40.0,20.0,1.8,0.6,14.4,15.6,5.8,4.6,6.4,7.8,3.0,1.6,12.4,10.0,2017,31
19,14,1,0,0,-13,60.0,0.0,1.6,0.2,19.8,11.6,7.4,4.4,6.6,6.8,0.8,2.0,9.4,15.6,2017,1
27,11,1,1,1,-2,40.0,40.0,1.4,1.4,10.8,13.6,4.0,4.6,4.8,4.4,0.6,1.2,15.4,11.2,2017,1
33,18,0,0,4,3,60.0,40.0,1.2,1.4,14.0,15.6,4.2,4.4,4.6,7.6,1.4,2.0,13.2,8.2,2017,1
9,0,2,3,1,8,100.0,40.0,2.4,2.8,12.4,12.4,4.6,4.8,5.6,3.0,0.6,1.6,7.8,12.4,2017,4
10,28,0,0,4,-2,20.0,0.0,1.0,0.4,7.2,8.8,2.8,2.6,4.4,3.8,1.2,2.8,14.6,19.4,2017,4
11,4,2,6,3,-5,60.0,20.0,2.0,1.4,11.2,10.4,4.2,4.4,5.6,6.8,0.6,2.4,11.0,14.8,2017,4
14,17,2,2,0,10,20.0,40.0,1.8,2.0,12.4,14.0,4.0,6.0,3.8,5.8,2.0,1.4,13.8,9.0,2017,4
26,33,0,1,3,-1,60.0,40.0,1.4,2.0,14.0,13.0,4.0,4.4,5.2,4.8,1.2,1.2,10.8,14.4,2017,4
30,20,2,1,0,-15,100.0,0.0,3.2,0.6,23.0,6.8,9.2,1.8,6.0,2.2,0.2,1.2,6.0,15.0,2017,4
31,7,2,2,1,-5,20.0,0.0,1.0,0.6,9.8,10.2,3.6,3.6,3.0,4.8,1.6,1.8,11.8,19.6,2017,4
32,27,2,1,0,5,80.0,40.0,2.2,1.6,11.2,10.2,3.6,3.2,2.6,3.4,1.0,2.4,12.2,16.8,2017,4
16,19,0,0,3,-4,40.0,60.0,1.4,1.6,9.4,14.8,3.4,5.4,3.6,4.4,1.8,0.6,13.2,8.6,2017,5
18,29,2,2,1,-8,60.0,40.0,1.8,1.2,14.4,8.0,5.4,2.6,7.0,5.4,1.4,2.8,7.6,14.8,2017,5
0,14,2,2,0,-16,80.0,0.0,1.8,0.2,22.6,11.6,7.4,4.4,8.0,5.6,0.8,1.8,9.0,15.4,2017,11
17,30,2,2,0,5,40.0,40.0,2.0,2.0,13.2,13.6,3.6,4.0,6.4,7.4,1.4,1.0,7.2,10.0,2017,11
19,31,2,2,0,-8,60.0,20.0,1.4,0.8,19.4,8.6,7.0,3.4,6.4,5.6,0.6,1.6,9.4,15.4,2017,11
20,11,1,0,0,7,20.0,40.0,1.0,1.6,9.8,13.8,2.6,5.4,4.2,5.0,1.4,1.2,13.6,10.6,2017,11
27,10,2,1,0,-6,20.0,20.0,1.2,1.2,11.6,10.4,4.6,3.8,5.0,3.8,0.8,1.8,15.4,14.0,2017,11
28,26,0,0,4,11,20.0,20.0,0.8,0.8,9.4,14.2,3.2,4.4,3.6,6.8,1.2,1.4,15.4,10.4,2017,11
33,32,1,2,2,-7,60.0,20.0,1.0,0.6,13.2,7.0,3.8,2.0,4.4,2.2,1.2,1.6,11.6,16.0,2017,11
7,9,1,1,1,8,100.0,60.0,2.0,1.2,14.2,11.8,4.6,3.8,5.8,4.4,0.6,0.6,13.8,7.4,2017,12
29,16,2,2,0,11,40.0,0.0,1.2,0.4,13.0,12.0,5.0,4.6,5.4,5.2,2.4,1.4,12.0,15.6,2017,12
4,18,0,0,2,12,20.0,40.0,1.4,1.8,11.2,13.6,4.2,4.2,5.2,6.8,2.0,1.8,12.2,7.4,2017,13
9,29,2,3,1,-2,100.0,40.0,2.6,1.4,13.2,8.6,4.8,3.0,7.0,6.0,0.6,2.2,7.2,12.6,2017,25
10,20,2,1,0,-3,0.0,0.0,0.4,0.2,9.6,7.2,3.8,1.4,4.8,2.0,2.0,1.0,13.2,16.2,2017,25
11,28,2,2,0,-6,80.0,20.0,3.0,1.2,11.6,9.6,5.0,3.8,5.2,3.2,1.0,2.4,12.6,18.2,2017,25
14,7,1,1,1,0,40.0,0.0,2.0,0.8,11.8,9.6,4.0,4.2,3.6,4.2,1.8,1.8,16.0,20.8,2017,25
31,33,1,1,1,6,40.0,60.0,1.4,2.4,10.8,13.0,4.6,4.8,3.0,4.4,1.6,1.2,11.2,15.2,2017,25
32,4,2,2,1,-2,80.0,20.0,1.8,1.8,12.2,12.2,3.8,5.4,3.0,6.4,0.8,3.0,11.2,14.6,2017,25
30,27,2,4,0,-6,100.0,20.0,2.4,1.4,20.8,9.8,7.2,3.4,7.2,4.0,0.2,2.6,7.4,17.8,2017,26
16,17,2,3,1,-7,40.0,40.0,1.0,1.4,9.4,16.4,3.0,6.4,5.2,7.0,2.0,1.0,15.0,8.0,2017,27
16,14,2,3,1,-17,40.0,0.0,0.8,0.2,10.0,11.4,3.2,4.2,5.6,6.2,1.8,1.6,14.6,13.4,2017,4
17,0,2,3,1,6,60.0,20.0,2.0,2.0,13.0,10.4,4.8,3.8,6.2,5.2,1.0,2.0,7.2,13.0,2017,4
19,4,1,1,1,-11,60.0,20.0,1.6,1.6,20.8,11.2,8.2,5.4,6.8,5.4,0.6,2.8,8.8,14.0,2017,4
27,20,2,2,0,-9,40.0,0.0,1.4,0.2,12.0,8.2,4.8,1.8,5.4,2.0,0.8,1.0,13.6,16.4,2017,4
29,7,2,3,2,-6,40.0,0.0,1.0,1.0,12.2,10.0,4.8,4.4,5.4,4.6,2.4,1.8,11.6,19.8,2017,4
31,26,0,3,4,7,20.0,40.0,1.0,1.6,10.4,14.2,3.6,5.2,3.4,5.0,1.4,1.4,11.6,10.6,2017,4
32,10,0,0,2,-1,80.0,20.0,1.6,0.6,12.2,8.8,3.8,2.8,4.6,3.4,0.8,1.4,12.0,12.4,2017,4
28,18,0,0,2,13,20.0,60.0,0.8,1.8,9.0,13.2,2.8,4.4,3.8,6.0,1.8,1.0,14.6,6.4,2017,5
30,11,2,3,2,-8,100.0,40.0,2.6,1.2,19.6,13.0,7.2,5.2,7.8,4.6,0.2,0.6,6.4,10.2,2017,5
33,9,0,1,2,-3,40.0,40.0,1.2,1.2,12.4,10.6,3.2,3.0,4.6,3.6,1.6,0.8,11.6,7.0,2017,6
18,27,1,0,0,-5,80.0,20.0,2.0,1.2,15.0,8.4,5.4,3.0,7.2,3.6,1.0,2.8,6.4,17.8,2017,8
4,33,2,3,2,9,0.0,60.0,1.2,2.2,10.4,14.2,3.8,4.6,5.0,4.8,2.4,1.0,13.2,13.4,2017,11
11,32,2,3,0,-3,80.0,20.0,3.0,1.0,12.8,7.4,5.8,2.4,5.6,3.0,0.8,1.8,12.8,16.8,2017,11
14,29,2,2,1,6,40.0,40.0,1.6,1.4,11.8,7.6,3.0,2.6,4.0,4.0,1.4,2.2,15.2,13.2,2017,11
17,7,2,2,1,-10,60.0,0.0,1.8,1.2,12.6,10.2,5.0,4.8,6.4,4.6,1.0,2.0,7.4,18.4,2017,12
4,29,2,2,0,4,20.0,40.0,1.6,1.6,12.6,7.0,4.6,2.8,4.6,3.8,2.2,2.0,13.4,14.2,2017,18
10,31,2,1,0,2,20.0,20.0,0.4,0.8,11.4,9.4,3.8,3.6,5.4,5.4,1.6,1.6,12.2,17.2,2017,18
11,14,2,4,0,-7,100.0,0.0,3.6,0.4,14.8,10.2,6.6,4.0,6.2,5.8,0.6,2.0,11.6,13.2,2017,18
27,9,0,1,2,-1,60.0,40.0,1.4,1.4,11.4,9.8,5.0,2.6,4.8,3.8,0.4,1.0,12.4,8.0,2017,18
28,7,1,0,0,-1,0.0,0.0,0.6,1.2,8.8,10.2,2.6,4.4,4.2,3.2,2.2,2.0,15.6,17.6,2017,18
32,0,2,3,1,12,80.0,20.0,1.6,2.0,12.4,10.0,3.8,3.8,5.2,5.2,0.8,2.2,12.0,13.8,2017,18
33,16,0,2,3,6,20.0,0.0,1.2,0.4,11.0,11.4,2.4,4.0,3.8,3.6,2.0,1.6,10.2,15.8,2017,18
18,17,1,1,1,-4,60.0,20.0,1.6,1.0,14.8,16.8,4.2,7.0,7.8,9.0,1.0,1.6,6.4,9.0,2017,19
20,19,0,1,3,13,20.0,80.0,1.0,2.0,10.0,15.8,2.6,6.8,4.2,4.4,0.8,0.4,12.0,8.2,2017,19
30,26,2,2,1,-3,100.0,40.0,2.8,1.8,17.6,15.4,6.8,5.8,7.0,5.2,0.4,1.8,7.0,11.8,2017,19
7,30,0,0,2,15,80.0,40.0,1.6,2.0,12.2,12.6,4.0,3.6,5.2,6.4,0.4,1.2,13.0,10.4,2017,1
9,10,0,1,2,-5,100.0,40.0,3.0,0.8,14.0,8.8,5.4,2.8,8.0,3.8,0.8,1.2,6.6,12.8,2017,1
14,33,2,2,1,11,60.0,40.0,2.0,1.8,12.8,14.4,3.8,4.6,3.6,5.2,1.0,1.4,14.2,14.8,2017,1
16,27,2,2,0,-8,60.0,20.0,1.4,1.0,12.0,8.2,3.8,3.0,7.0,3.4,1.6,2.0,15.0,16.2,2017,1
17,11,2,3,1,-3,60.0,20.0,2.0,1.2,13.6,13.0,5.4,5.4,7.8,4.2,1.2,1.2,7.8,12.8,2017,1
19,32,1,0,0,-9,40.0,20.0,1.2,1.0,19.6,7.8,7.8,2.6,8.8,3.2,0.6,2.2,8.0,14.8,2017,1
26,4,1,0,0,-10,40.0,20.0,1.4,1.8,14.8,10.4,4.0,5.0,4.8,4.8,1.8,2.4,9.4,15.2,2017,1
31,28,2,1,0,-4,20.0,20.0,1.4,1.2,11.8,9.4,3.8,3.6,3.2,3.6,2.0,2.2,13.6,19.4,2017,1
0,18,1,2,2,-2,80.0,60.0,1.6,1.6,21.8,12.8,7.6,4.6,7.2,5.4,0.6,1.0,8.4,6.6,2017,2
29,20,1,0,0,-6,60.0,0.0,1.4,0.2,14.0,8.2,5.4,1.8,5.6,1.6,2.0,1.2,10.0,17.8,2017,2
7,27,2,1,0,9,60.0,20.0,1.4,0.6,13.6,9.2,3.6,3.0,4.4,3.6,0.8,1.6,15.2,17.2,2017,4
16,28,2,2,0,-16,60.0,20.0,1.6,1.0,14.2,10.2,5.0,3.4,7.6,4.4,1.6,1.8,12.0,18.8,2017,4
19,11,1,1,1,-6,20.0,20.0,0.8,1.0,16.8,10.8,6.0,4.8,7.6,3.8,0.4,1.4,6.8,12.2,2017,4
31,32,2,2,0,-1,40.0,0.0,1.4,0.6,15.2,7.0,5.4,2.2,5.8,2.8,1.2,2.0,12.0,16.4,2017,4
0,33,2,3,0,-5,60.0,40.0,1.8,2.0,18.2,11.8,6.0,4.4,6.6,4.8,1.0,1.6,10.6,13.8,2017,5
9,18,2,2,1,6,80.0,60.0,2.6,2.0,16.0,13.8,6.8,5.2,8.8,5.8,1.2,1.2,6.8,7.2,2017,5
14,20,2,4,2,0,80.0,0.0,2.0,0.0,11.6,8.0,3.6,1.6,3.6,1.8,0.8,0.8,12.6,14.4,2017,5
17,4,1,2,2,-8,80.0,0.0,2.2,1.2,12.4,10.6,5.6,4.4,7.0,4.8,0.8,2.4,8.4,15.2,2017,5
26,10,2,3,1,-9,20.0,60.0,1.2,1.2,14.8,9.0,4.2,2.6,5.2,3.6,1.8,1.0,10.6,13.2,2017,5
29,30,0,1,3,9,60.0,40.0,1.4,1.6,14.2,13.0,5.0,4.0,7.0,5.8,1.4,1.0,9.4,11.2,2017,5
4,9,0,1,3,6,40.0,60.0,1.4,1.8,12.6,11.6,4.6,3.6,4.2,4.8,1.6,0.8,12.6,7.2,2017,8
18,14,2,3,1,-14,40.0,0.0,1.4,0.2,14.6,8.0,3.8,2.8,8.0,5.6,1.0,2.2,7.8,14.4,2017,8
20,7,1,0,0,0,0.0,0.0,0.6,1.0,10.0,11.0,2.4,3.6,5.2,3.4,1.4,1.6,12.0,15.6,2017,8
27,17,0,1,2,1,40.0,0.0,1.2,1.0,9.0,17.2,4.2,7.0,4.4,9.4,0.8,1.8,14.6,10.4,2017,8
30,31,2,4,0,-10,100.0,20.0,2.8,0.8,18.2,8.8,7.6,3.2,7.8,3.6,0.6,1.6,6.4,16.2,2017,8
32,26,0,0,1,8,80.0,40.0,1.6,2.0,13.2,14.6,4.4,5.8,4.6,3.8,0.8,1.6,10.8,10.8,2017,8
33,29,2,1,0,-5,20.0,20.0,1.6,1.2,13.4,6.8,3.4,2.2,4.6,3.6,2.2,2.2,9.8,15.2,2017,8
11,16,2,4,2,10,100.0,20.0,3.8,0.6,14.2,10.8,7.0,3.4,5.2,2.8,0.6,1.6,10.4,16.6,2017,9
28,19,0,0,3,12,0.0,80.0,0.2,2.2,9.6,15.4,2.6,6.8,4.4,3.4,1.8,0.4,14.8,9.0,2017,9
10,0,2,3,0,13,40.0,20.0,0.6,2.0,11.6,11.0,3.4,4.0,5.0,6.0,1.4,2.4,10.8,13.4,2017,10
10,16,1,2,2,14,60.0,20.0,1.0,1.0,13.6,10.0,4.0,3.4,5.2,3.6,1.0,2.4,10.8,17.2,2017,15
11,7,2,3,1,-7,100.0,0.0,3.8,0.8,15.4,10.2,7.6,2.6,5.4,2.8,1.0,1.2,9.0,14.8,2017,15
26,18,0,0,3,2,40.0,60.0,1.6,2.2,18.0,14.6,5.6,5.6,7.0,6.4,1.2,0.8,10.6,8.0,2017,15
27,14,2,3,1,-9,40.0,0.0,1.2,0.4,9.6,7.4,4.8,2.2,5.2,4.8,1.0,2.4,12.4,17.2,2017,15
28,33,1,2,2,10,0.0,20.0,0.0,1.4,8.6,10.6,2.8,3.8,4.2,3.8,1.8,2.0,15.6,15.8,2017,15
30,4,2,4,0,-13,100.0,0.0,2.8,1.4,17.8,10.4,6.6,3.6,7.6,4.2,0.6,2.2,7.4,16.4,2017,15
31,29,2,1,0,1,60.0,0.0,1.8,0.6,14.6,6.4,4.8,1.8,6.2,3.6,1.2,2.0,14.6,14.8,2017,15
19,9,2,2,0,-5,20.0,60.0,0.8,1.8,18.6,13.0,6.0,4.0,7.8,4.6,0.4,1.0,6.4,8.2,2017,16
32,17,0,0,1,6,60.0,20.0,1.2,1.0,13.8,15.8,4.6,4.8,5.8,10.0,1.0,1.6,11.0,10.2,2017,16
20,0,0,1,2,16,0.0,20.0,0.6,1.4,10.6,10.4,3.2,3.8,5.6,6.2,1.4,2.4,11.4,14.4,2017,17
4,20,2,4,0,-2,40.0,0.0,1.2,0.4,12.0,9.4,3.8,2.2,3.2,2.4,1.8,1.6,13.6,15.4,2017,22
14,31,2,2,0,5,80.0,20.0,2.2,0.8,12.2,8.6,4.0,3.2,4.4,3.4,1.0,2.0,13.4,16.6,2017,22
29,27,2,2,0,3,60.0,0.0,1.6,0.0,12.6,9.4,4.6,2.2,7.4,4.2,1.2,1.6,10.2,15.8,2017,22
33,11,1,0,0,-4,20.0,0.0,1.2,1.0,13.4,9.8,4.0,4.0,5.0,3.4,2.2,1.6,8.6,14.2,2017,22
7,19,0,0,2,13,60.0,80.0,0.8,2.4,11.8,17.0,3.0,7.6,3.8,3.8,0.6,0.4,16.0,8.8,2017,23
17,10,0,1,2,-7,80.0,60.0,2.4,1.4,15.0,10.4,6.6,3.0,7.8,5.4,1.0,1.0,8.2,15.4,2017,23
9,26,2,4,2,4,80.0,60.0,2.2,2.2,14.4,12.6,6.2,5.4,7.6,3.0,1.0,1.4,9.2,12.4,2017,25
0,16,2,1,0,1,60.0,20.0,2.0,1.4,18.0,9.0,6.2,3.4,6.0,4.2,1.0,2.2,10.6,16.2,2017,26
10,30,0,0,1,12,60.0,40.0,1.4,1.4,15.0,12.8,4.4,4.4,5.2,6.6,1.2,1.0,8.8,10.8,2017,26
20,28,2,1,0,1,0.0,20.0,0.6,0.8,11.0,11.0,3.8,3.4,4.6,5.2,1.2,1.4,11.2,19.4,2017,26
18,19,1,0,0,-1,40.0,80.0,1.6,2.4,16.4,16.8,4.6,7.6,7.8,4.2,1.0,0.4,6.8,8.8,2017,27
10,7,0,0,2,-3,60.0,0.0,1.4,0.8,12.0,10.8,2.8,3.2,4.4,3.6,0.6,1.6,10.4,17.6,2017,29
26,14,1,0,0,-12,40.0,0.0,1.4,0.6,17.6,9.0,5.6,2.4,6.0,6.0,1.4,3.0,12.8,17.0,2017,29
27,33,1,0,0,2,60.0,0.0,1.6,1.2,9.6,10.8,4.2,3.6,4.8,3.6,1.0,2.2,12.4,14.4,2017,29
28,4,0,0,1,1,0.0,0.0,0.4,0.8,10.8,7.8,3.4,2.2,5.4,2.8,2.2,1.8,14.2,18.2,2017,29
32,16,0,0,1,13,40.0,20.0,1.0,1.4,12.0,7.8,4.2,3.0,5.6,4.0,1.2,2.2,11.6,13.8,2017,29
11,9,0,0,3,1,100.0,60.0,3.2,1.6,18.2,12.4,7.0,3.6,5.8,4.6,0.6,1.2,8.0,8.6,2017,30
19,29,1,1,1,-7,40.0,0.0,1.2,0.4,17.4,8.2,5.4,2.2,6.6,3.4,0.4,1.8,6.2,14.4,2017,30
20,18,1,2,2,14,20.0,60.0,0.6,2.0,10.0,16.0,3.6,5.8,4.4,7.2,1.0,0.8,10.0,8.4,2017,30
30,0,2,2,0,1,100.0,20.0,3.4,1.0,19.2,10.0,8.4,3.4,8.0,6.6,0.6,2.6,6.8,14.6,2017,30
31,17,0,0,1,5,60.0,40.0,1.6,1.0,14.4,16.2,4.8,4.4,6.8,9.4,1.0,1.4,15.0,9.8,2017,1
33,30,2,1,0,4,20.0,60.0,1.2,1.2,15.2,15.2,4.4,4.8,6.2,8.0,1.4,0.6,7.2,8.6,2017,5
4,27,1,2,2,7,60.0,0.0,2.0,0.0,14.0,8.8,5.4,2.4,3.6,3.8,1.4,1.8,12.4,14.6,2017,6
7,32,1,2,2,4,40.0,0.0,0.6,0.6,11.6,10.0,2.4,2.6,4.0,4.0,1.0,1.6,14.4,14.0,2017,6
14,28,0,0,2,1,80.0,20.0,2.2,0.8,12.4,11.2,3.8,3.6,5.0,5.4,1.0,1.2,11.6,17.8,2017,6
16,31,2,3,0,-12,80.0,20.0,2.0,0.4,16.6,9.2,6.2,3.0,8.0,4.0,1.0,2.0,13.4,15.2,2017,6
18,10,2,5,0,-11,40.0,60.0,1.2,1.4,16.8,9.6,4.4,2.8,8.2,5.4,0.6,1.2,6.2,16.2,2017,6
29,11,2,1,0,1,60.0,0.0,1.6,0.8,12.4,7.8,4.8,3.0,8.6,3.2,1.0,1.4,10.0,14.4,2017,6
0,19,2,2,0,-3,60.0,80.0,1.8,2.2,15.6,12.4,5.6,6.2,6.4,3.6,0.8,0.2,9.4,11.4,2017,7
17,26,1,0,0,2,60.0,60.0,2.2,2.4,14.4,13.0,5.0,5.8,6.6,3.6,1.4,1.8,8.2,13.6,2017,7
9,20,2,3,0,-8,80.0,0.0,2.6,0.4,16.0,8.8,6.6,2.6,7.0,2.6,1.4,2.2,9.8,16.0,2017,8
26,0,0,0,2,4,20.0,20.0,0.8,0.8,15.8,10.6,4.6,3.2,5.8,5.0,1.4,2.4,12.4,16.0,2017,10
11,31,2,1,0,-2,80.0,0.0,2.8,0.0,16.6,10.0,6.2,3.2,4.2,3.2,1.2,2.4,8.2,13.4,2017,12
32,9,0,0,1,4,20.0,80.0,0.6,2.0,12.6,12.0,4.2,4.2,5.0,5.2,1.2,1.0,10.4,9.8,2017,12
4,7,2,2,1,-2,60.0,20.0,2.4,0.8,15.4,11.4,5.6,3.0,3.0,4.0,1.4,1.0,11.8,16.0,2017,13
18,16,2,2,1,3,40.0,40.0,1.8,1.6,18.6,7.2,5.8,3.0,8.0,4.6,0.4,1.8,6.4,15.0,2017,13
20,26,0,1,2,12,20.0,40.0,1.0,1.6,11.0,10.8,4.2,4.2,4.2,4.4,1.4,1.8,13.0,15.8,2017,13
27,0,0,1,4,7,40.0,40.0,1.4,1.0,12.0,11.4,4.2,3.4,4.8,5.4,1.0,1.8,13.6,15.2,2017,13
28,29,0,0,2,5,0.0,0.0,0.4,0.4,13.0,10.0,4.2,2.6,5.4,3.6,1.6,1.4,14.2,13.6,2017,13
10,14,2,4,0,-3,40.0,0.0,1.2,0.6,12.0,9.0,3.2,1.8,6.4,5.6,1.0,2.6,10.0,15.8,2017,14
30,19,2,2,1,-2,100.0,60.0,3.0,1.6,19.0,11.4,8.8,5.2,9.2,4.8,0.6,0.6,8.2,11.0,2017,14
33,17,0,0,4,-1,40.0,60.0,1.0,1.2,14.6,14.2,4.6,5.0,5.4,7.4,1.0,1.0,7.8,10.2,2017,14
9,31,2,4,3,-3,80.0,0.0,2.6,0.0,17.6,11.0,6.8,3.0,6.6,4.6,1.2,2.2,8.4,12.0,2017,15
0,28,2,2,0,-15,80.0,20.0,2.0,0.4,13.4,11.6,5.4,3.2,5.6,6.0,0.4,1.2,9.4,16.8,2017,16
18,32,2,3,1,-10,60.0,0.0,2.2,0.8,19.6,9.0,6.6,2.2,8.2,5.2,0.6,1.8,7.2,14.6,2017,16
26,19,1,0,0,1,20.0,40.0,0.6,1.2,14.4,10.2,3.8,4.4,6.8,4.8,1.2,0.8,13.4,11.8,2017,17
16,30,0,1,6,-2,100.0,60.0,2.6,1.2,16.6,14.6,7.0,5.2,8.0,7.0,0.4,0.8,13.2,10.6,2017,18
0,11,2,3,1,-9,80.0,0.0,2.0,0.8,17.2,8.0,6.6,2.8,8.4,3.8,0.4,1.6,8.8,14.4,2017,21
7,33,0,1,2,11,20.0,0.0,0.8,1.0,9.6,10.6,2.6,4.0,3.0,3.0,1.4,2.0,14.0,16.4,2017,21
9,28,2,5,1,-7,80.0,20.0,2.8,0.4,19.2,10.8,7.6,3.4,6.6,5.4,1.6,1.2,9.6,20.0,2017,21
14,30,0,1,7,15,80.0,80.0,2.0,2.4,12.6,18.4,4.8,7.2,5.2,7.2,1.2,0.6,12.0,9.6,2017,21
16,4,1,1,1,-15,80.0,20.0,2.2,0.8,16.4,8.4,6.6,2.8,7.8,2.6,1.4,1.4,15.0,19.0,2017,21
17,20,2,3,0,-10,40.0,0.0,1.6,0.4,14.2,7.0,5.2,2.0,5.4,2.4,1.2,2.6,7.6,17.2,2017,21
19,10,2,2,0,-10,20.0,60.0,1.0,1.4,15.4,9.4,4.4,3.0,6.6,5.0,0.6,2.0,6.8,20.0,2017,21
26,27,0,0,1,-3,20.0,0.0,0.6,0.4,15.0,10.6,4.2,2.4,7.0,4.2,1.2,1.4,13.2,12.8,2017,21
29,32,2,2,1,-2,60.0,0.0,1.4,0.6,12.2,8.4,4.8,2.0,9.0,4.4,1.0,2.0,9.8,15.6,2017,21
31,18,0,0,5,9,60.0,40.0,1.4,2.0,14.4,17.0,5.0,5.6,6.6,8.0,1.0,1.2,14.8,10.2,2017,21
0,16,2,4,3,-7,100.0,20.0,2.2,1.2,19.0,6.8,7.8,2.8,8.6,4.2,0.2,1.8,10.4,14.4,2017,11
9,7,0,2,3,-15,100.0,20.0,3.6,0.8,20.0,12.0,7.0,3.4,7.0,4.0,1.4,1.0,9.4,17.6,2017,12
11,27,2,1,0,-6,80.0,20.0,2.4,0.6,16.4,12.4,6.4,2.6,5.2,6.0,1.2,1.4,10.0,13.2,2017,12
26,29,1,0,0,-7,0.0,20.0,0.0,0.6,12.8,8.4,3.6,2.6,5.6,3.0,1.2,1.0,12.6,13.2,2017,12
31,17,1,3,3,13,60.0,80.0,0.8,1.8,12.4,16.0,4.8,5.8,6.2,6.2,1.2,0.4,13.8,9.6,2017,12
32,4,2,1,0,1,20.0,20.0,0.6,0.8,11.8,9.8,4.4,3.4,5.0,2.4,1.0,1.4,13.2,19.2,2017,12
19,33,2,4,0,-5,40.0,20.0,1.2,1.0,13.2,10.4,3.4,3.4,4.2,2.8,0.4,1.6,7.4,14.0,2017,13
21,30,0,0,2,16,60.0,80.0,2.2,3.4,12.6,18.4,6.4,8.6,3.4,6.4,0.6,0.8,12.0,9.0,2017,13
4,31,0,0,2,-8,60.0,0.0,2.2,0.6,14.8,11.6,5.0,3.2,3.4,4.8,1.2,2.8,11.6,15.4,2017,19
7,32,0,0,1,6,20.0,0.0,0.8,0.8,10.2,10.6,2.0,2.6,3.2,4.0,1.6,1.8,14.2,14.8,2017,19
17,10,2,1,0,-10,40.0,40.0,1.8,1.0,17.2,8.6,6.6,2.4,3.8,5.2,1.0,2.4,7.2,19.6,2017,19
26,33,2,3,2,-3,0.0,20.0,0.0,0.8,17.0,9.8,3.8,2.8,7.6,2.0,0.6,2.0,9.8,17.0,2017,19
27,0,2,1,0,8,20.0,60.0,1.2,1.6,11.4,11.2,3.4,4.2,5.0,5.6,1.8,1.4,14.0,14.8,2017,19
29,19,0,0,4,9,60.0,20.0,1.2,0.6,10.0,8.8,3.2,2.8,8.6,4.4,0.8,0.8,11.8,13.4,2017,19
30,9,0,1,2,1,100.0,80.0,2.8,1.8,17.8,15.0,8.8,4.4,9.4,6.0,0.4,0.8,8.2,9.0,2017,20
18,11,1,1,1,-4,80.0,0.0,2.6,0.6,21.2,10.8,8.0,3.4,7.8,4.6,0.6,1.6,5.6,13.8,2017,21
4,18,0,1,2,6,40.0,60.0,1.8,2.6,13.6,17.2,4.2,5.8,4.6,8.6,1.6,0.8,13.4,8.8,2017,26
10,29,0,0,2,-1,20.0,20.0,1.2,0.6,12.4,7.2,3.6,2.4,7.8,2.2,1.6,0.6,10.0,16.6,2017,26
19,16,2,2,0,-6,60.0,20.0,2.0,1.4,14.0,6.8,4.0,2.6,5.2,3.8,0.4,1.8,8.6,17.4,2017,26
21,33,2,3,0,7,60.0,20.0,2.0,1.2,10.4,11.6,5.4,4.0,4.0,2.4,0.8,2.0,12.8,15.6,2017,26
9,11,2,2,0,-6,80.0,0.0,3.6,0.6,21.8,10.4,7.4,3.0,8.2,4.2,1.8,1.2,8.0,15.6,2017,27
17,0,2,4,0,-1,40.0,60.0,1.4,1.6,19.8,12.6,8.0,4.8,4.2,5.8,0.8,1.0,6.2,13.6,2017,27
30,7,1,1,1,-14,80.0,40.0,2.6,1.4,19.0,10.6,8.8,3.8,11.2,4.0,0.6,1.4,8.4,18.6,2017,27
32,27,1,1,1,-3,20.0,20.0,0.2,0.6,12.6,12.2,4.0,2.4,5.8,6.6,0.8,1.2,12.8,10.4,2017,27
0,4,2,3,0,-4,100.0,20.0,2.4,0.8,20.2,9.2,8.2,3.2,9.4,2.2,0.8,1.6,10.2,19.6,2017,9
11,30,0,0,3,5,80.0,80.0,1.8,3.2,15.4,18.4,5.6,8.2,5.4,6.4,1.2,0.6,10.6,9.4,2017,9
16,9,0,1,2,11,60.0,80.0,1.8,1.8,15.4,12.8,5.4,3.4,6.8,4.4,1.4,0.8,14.0,11.6,2017,9
18,17,2,5,0,-1,60.0,80.0,2.2,2.2,20.4,16.2,7.8,6.0,7.8,5.2,0.6,0.8,5.8,8.8,2017,9
26,31,0,0,2,-9,20.0,20.0,0.6,1.0,17.6,13.8,4.4,4.2,7.8,4.8,1.0,2.0,11.2,12.8,2017,9
27,19,1,2,2,7,40.0,20.0,1.2,1.0,12.6,9.8,4.0,3.2,4.4,4.8,1.4,0.8,13.6,13.0,2017,9
7,10,2,1,0,2,20.0,20.0,0.8,0.6,11.6,7.8,1.6,2.0,3.6,5.0,1.4,2.4,12.0,19.4,2017,10
29,21,0,0,1,-3,60.0,0.0,1.2,1.0,8.2,9.2,2.8,3.8,7.0,3.8,1.6,1.8,13.6,11.0,2017,10
10,26,0,0,1,6,20.0,40.0,0.8,1.0,12.6,9.2,3.4,2.8,6.4,4.6,1.6,1.0,10.2,16.2,2017,16
17,7,1,1,1,-12,60.0,40.0,1.8,1.6,19.4,11.8,8.4,4.0,3.6,4.8,0.4,1.6,6.4,21.8,2017,16
21,27,2,2,1,5,60.0,20.0,2.0,0.8,11.2,12.4,5.6,2.4,4.8,6.4,0.8,1.2,12.2,11.0,2017,16
30,29,1,0,0,-13,60.0,40.0,2.0,1.0,20.8,7.8,8.6,2.8,11.8,1.8,0.8,0.4,9.4,17.0,2017,16
31,18,0,0,6,14,20.0,80.0,0.8,2.8,9.4,17.6,3.2,6.0,3.8,7.8,1.8,0.6,14.0,8.6,2017,16
32,33,1,0,0,-1,20.0,20.0,0.4,0.8,11.2,11.8,3.2,4.0,6.4,3.2,0.8,2.2,14.0,16.0,2017,16
9,0,1,0,0,-4,80.0,40.0,3.2,1.2,22.0,11.8,7.4,4.0,8.2,5.6,1.4,1.6,7.0,14.6,2017,17
19,11,2,4,0,-1,80.0,0.0,2.2,0.4,14.8,9.6,4.8,2.2,5.8,3.8,0.2,1.4,8.6,15.6,2017,17
11,4,2,2,1,-2,60.0,20.0,1.0,0.4,15.4,9.2,4.4,3.2,6.0,2.4,1.4,1.8,12.4,19.0,2017,23
16,17,0,2,3,8,40.0,60.0,1.6,1.8,13.2,15.4,4.2,5.8,6.2,4.2,1.8,1.6,14.2,9.6,2017,23
18,10,2,5,0,-11,80.0,20.0,3.2,0.4,19.2,9.0,8.0,2.4,8.0,5.4,0.6,2.0,7.2,15.2,2017,23
26,19,0,0,1,2,20.0,20.0,0.6,1.4,16.6,12.8,4.0,4.6,7.6,6.2,1.0,1.2,11.4,11.2,2017,23
27,9,0,0,4,12,40.0,80.0,1.4,1.6,12.8,13.0,4.2,3.6,4.4,5.4,1.4,0.8,14.4,10.8,2017,23
29,31,0,1,2,-2,60.0,40.0,1.0,1.4,9.4,13.6,3.4,4.4,7.4,4.2,1.2,1.6,13.2,13.0,2017,23
33,30,0,2,3,9,60.0,80.0,0.8,3.6,14.2,17.8,4.0,8.6,5.8,4.8,0.8,0.6,11.0,10.6,2017,23
0,32,2,2,0,-5,100.0,20.0,2.8,1.2,21.2,10.4,9.0,2.8,9.0,4.8,0.8,2.0,10.2,15.8,2017,25
4,16,1,0,0,-3,40.0,20.0,1.4,1.2,12.0,8.4,3.2,2.6,4.6,4.0,1.6,1.8,15.0,19.4,2017,30
9,18,0,0,1,-2,60.0,80.0,2.6,3.4,20.4,19.6,6.8,7.0,7.6,8.4,1.4,0.6,8.8,8.4,2017,30
19,10,2,4,0,-8,80.0,0.0,2.6,0.0,16.2,8.6,5.6,1.8,6.4,5.2,0.2,2.8,9.0,17.4,2017,30
27,26,2,2,1,5,20.0,40.0,0.8,1.0,12.6,9.8,3.8,3.0,4.8,5.0,2.0,1.0,13.0,15.6,2017,30
32,31,1,2,2,-7,20.0,60.0,0.4,1.8,11.0,12.4,3.0,3.8,6.0,4.8,0.6,1.2,12.8,12.8,2017,30
33,29,2,1,0,-4,40.0,40.0,1.0,1.0,13.4,6.0,3.6,2.0,5.8,1.6,1.4,0.2,13.2,19.2,2017,30
11,7,0,0,1,-9,60.0,40.0,0.8,1.6,12.0,10.2,3.8,3.6,5.6,3.8,1.4,1.2,11.4,23.0,2017,1
21,17,1,1,1,14,80.0,60.0,2.2,2.2,13.0,17.0,5.6,6.6,5.2,4.6,0.8,2.0,13.0,10.6,2017,1
7,33,1,1,1,5,20.0,20.0,0.8,0.8,10.4,11.2,2.0,3.4,3.6,3.2,1.0,2.2,13.0,13.4,2017,14
10,9,2,2,1,13,20.0,100.0,0.8,2.4,14.2,13.4,3.8,4.4,7.0,4.8,1.6,0.4,9.2,11.6,2017,14
17,19,1,0,0,-2,60.0,40.0,1.8,1.6,23.6,12.6,10.0,4.6,5.2,5.2,0.2,0.8,6.0,12.2,2017,14
18,27,2,7,2,-10,80.0,20.0,3.2,1.0,19.0,13.2,7.4,2.6,7.8,6.6,0.6,1.2,7.2,11.8,2017,14
30,4,2,1,0,-7,40.0,20.0,1.2,0.6,21.2,9.8,7.4,3.8,11.4,3.4,0.8,1.4,9.2,16.6,2017,14
31,0,2,2,1,12,0.0,40.0,0.6,1.2,7.8,11.6,2.0,3.6,3.2,4.8,3.0,1.2,17.0,13.2,2017,14
26,21,1,2,2,-10,20.0,20.0,0.6,0.6,16.0,12.2,3.6,4.8,7.8,5.0,1.2,0.8,11.0,7.8,2017,15
16,32,1,1,1,2,20.0,20.0,1.4,0.8,13.4,9.6,4.6,2.8,4.8,4.0,2.4,2.0,16.0,16.2,2017,16
9,31,2,4,2,-16,40.0,60.0,1.8,2.2,16.4,12.6,5.4,4.0,6.8,4.4,1.0,1.4,10.4,11.6,2017,21
18,7,2,3,0,-13,80.0,40.0,4.2,1.4,19.6,9.4,8.6,3.4,7.0,3.6,0.8,1.2,6.4,24.6,2017,21
21,10,2,1,0,4,60.0,0.0,2.2,0.0,12.6,8.8,5.8,1.6,4.6,5.6,1.0,2.6,14.6,15.8,2017,21
26,32,2,1,0,-2,20.0,20.0,1.0,0.8,15.6,9.6,2.8,2.6,7.6,4.0,1.4,1.6,12.0,14.2,2017,21
27,4,0,1,2,4,40.0,0.0,1.2,0.4,12.2,7.8,4.2,2.6,4.8,3.4,2.2,1.6,14.8,16.8,2017,21
29,16,0,1,2,3,40.0,0.0,1.0,1.0,9.0,8.8,2.6,2.6,5.4,3.8,1.6,1.8,12.8,20.0,2017,21
11,0,0,2,5,2,60.0,20.0,0.8,1.0,14.2,11.2,3.8,4.0,7.0,4.8,1.0,1.6,10.2,12.6,2017,22
30,17,2,4,1,-2,40.0,40.0,1.0,2.2,20.8,18.0,6.4,5.4,10.4,4.6,0.8,2.2,7.8,10.4,2017,22
0,29,2,2,1,-10,100.0,40.0,2.8,0.8,20.4,4.8,9.2,1.4,7.2,1.4,0.8,0.2,10.2,18.6,2017,28
4,9,0,0,1,8,40.0,80.0,1.0,2.0,13.4,14.2,3.6,4.4,6.0,5.6,1.2,0.8,13.8,12.0,2017,28
10,33,1,2,2,3,40.0,0.0,1.2,0.6,14.0,10.0,3.8,3.8,5.2,3.0,1.4,2.2,10.4,15.6,2017,28
19,30,2,1,0,4,100.0,100.0,3.2,3.8,17.4,16.2,5.8,7.6,6.6,4.6,0.0,0.6,7.8,8.8,2017,28
31,27,0,0,1,4,20.0,20.0,1.0,1.0,8.2,11.4,2.0,2.2,3.0,5.2,3.0,2.2,16.4,13.4,2017,28
32,18,0,2,3,7,20.0,100.0,0.8,3.2,9.6,18.6,3.0,7.4,6.4,7.8,0.8,0.2,14.6,6.4,2017,28
16,11,2,2,0,5,20.0,0.0,1.4,0.6,13.2,11.2,4.2,3.6,4.8,2.4,1.4,2.2,11.8,16.4,2017,29
7,21,2,1,0,-2,20.0,20.0,0.6,0.6,11.6,14.8,2.2,5.2,4.0,5.8,0.8,0.8,12.4,7.6,2017,30
13,32,2,1,0,8,40.0,20.0,0.8,0.6,9.8,7.8,3.2,2.0,5.6,3.8,1.2,1.4,10.4,15.8,2017,4
21,4,0,0,1,9,60.0,20.0,1.4,0.6,10.2,7.2,4.4,2.4,4.6,3.8,0.8,1.6,13.2,14.6,2017,4
26,7,0,0,1,-8,40.0,40.0,1.2,1.2,13.8,7.8,3.6,2.8,6.6,4.4,1.4,1.4,12.6,24.0,2017,4
27,16,1,2,2,1,40.0,20.0,1.2,1.2,12.2,9.2,3.8,3.0,5.0,4.4,1.8,1.6,14.2,20.4,2017,4
29,6,0,0,1,-3,20.0,20.0,0.8,0.8,10.4,9.2,3.0,2.4,5.4,5.0,1.8,1.2,11.8,15.6,2017,4
33,17,0,1,4,7,40.0,20.0,1.0,1.6,12.8,15.2,3.2,4.6,6.0,4.4,2.0,3.0,12.8,11.2,2017,4
9,19,2,1,0,-5,40.0,40.0,1.6,1.6,13.6,11.8,5.4,4.8,5.8,6.0,1.2,0.8,12.2,10.8,2017,5
11,31,2,3,2,-10,40.0,60.0,1.0,2.0,12.8,14.0,3.2,4.4,5.2,5.0,2.0,1.4,13.4,9.6,2017,5
18,0,2,3,1,-2,80.0,20.0,4.2,1.2,18.4,15.2,8.6,5.6,6.4,5.0,0.6,1.8,6.6,12.2,2017,5
30,10,2,1,0,-12,40.0,0.0,1.4,0.0,20.8,9.6,6.2,1.4,9.4,5.4,0.8,2.4,8.6,15.4,2017,5
0,30,2,2,0,3,100.0,80.0,2.6,2.4,20.4,15.0,8.4,5.6,7.4,4.6,0.8,0.6,6.6,9.0,2017,18
4,13,2,4,0,-9,20.0,20.0,0.6,0.6,11.2,7.0,2.6,2.4,5.6,4.2,1.2,1.4,14.6,12.2,2017,18
7,29,2,2,0,1,40.0,20.0,0.6,0.6,12.2,5.0,3.0,1.2,4.6,1.0,0.4,0.6,12.0,19.4,2017,18
10,11,1,2,2,7,20.0,0.0,0.8,0.4,15.4,10.0,4.8,2.6,6.8,3.2,1.8,2.0,9.8,14.8,2017,18
16,18,0,0,2,9,40.0,100.0,1.6,2.8,10.8,18.6,3.8,6.6,3.6,7.2,1.2,0.6,13.0,6.4,2017,18
17,26,2,3,0,-4,60.0,40.0,1.8,1.0,22.2,12.0,9.0,3.0,7.2,5.0,0.2,0.8,4.8,13.6,2017,18
19,21,2,4,1,-12,100.0,20.0,3.0,0.6,17.8,15.4,6.0,5.6,7.2,5.4,0.0,1.0,9.2,9.6,2017,18
32,9,0,0,4,9,20.0,80.0,1.2,2.0,9.4,13.0,3.4,4.4,5.6,5.0,1.2,0.8,12.8,12.0,2017,18
31,33,2,2,0,6,20.0,0.0,1.0,1.0,9.6,9.4,1.4,4.0,3.8,3.2,2.2,1.8,14.6,15.0,2017,19
6,27,1,2,2,5,40.0,20.0,1.2,1.0,8.8,9.8,3.2,2.0,3.2,3.4,1.0,2.2,12.4,13.2,2017,20
33,16,1,1,1,-1,40.0,20.0,1.2,1.0,12.0,10.8,2.8,3.2,5.6,5.6,2.0,1.2,10.6,17.2,2017,24
10,27,2,2,1,1,20.0,20.0,1.2,1.4,15.8,10.6,5.4,3.0,6.2,3.4,1.6,2.4,9.8,13.2,2017,25
17,9,1,1,1,3,60.0,80.0,2.2,2.4,21.8,13.4,8.0,5.4,8.4,5.2,0.2,0.6,5.0,9.8,2017,25
19,6,2,1,0,-12,100.0,40.0,3.0,1.0,16.6,9.2,6.2,2.4,7.2,6.0,0.2,0.8,9.8,15.2,2017,25
21,31,0,0,3,1,60.0,40.0,1.4,2.0,12.2,12.4,4.6,3.6,5.8,5.0,0.6,2.0,12.8,10.4,2017,25
29,4,1,0,0,6,20.0,40.0,0.8,0.8,11.6,8.6,3.2,3.2,6.4,5.2,1.2,1.4,9.4,14.6,2017,25
30,32,1,1,1,-8,60.0,0.0,1.4,0.4,19.6,8.0,5.4,2.4,8.6,3.8,0.4,1.6,9.0,13.2,2017,25
7,0,0,0,1,11,60.0,20.0,1.0,1.4,11.4,12.8,4.4,5.0,5.2,4.2,0.2,2.2,13.0,11.8,2017,26
13,18,0,1,2,15,40.0,100.0,0.8,2.8,9.8,18.2,3.2,6.6,4.8,6.6,1.2,0.6,9.6,5.6,2017,26
26,11,2,4,1,1,20.0,0.0,0.6,0.6,13.6,10.2,3.2,3.2,7.0,3.8,1.2,2.2,10.4,14.2,2017,26
6,10,1,0,0,4,40.0,0.0,1.6,0.0,9.4,11.0,3.4,1.8,3.8,6.8,1.0,2.4,12.2,13.2,2017,28
16,30,2,2,1,10,20.0,60.0,1.2,2.0,8.4,14.2,3.0,5.2,2.6,4.0,1.6,1.0,14.4,10.6,2017,28
31,19,0,2,4,11,40.0,20.0,0.8,0.8,11.2,10.4,2.0,3.6,3.8,6.4,1.6,1.0,13.8,13.2,2017,28
32,21,1,2,2,-8,0.0,20.0,1.0,0.8,7.6,15.2,2.6,5.6,4.6,5.6,2.0,1.6,13.2,11.4,2017,28
0,13,2,5,0,-13,100.0,0.0,2.2,0.0,17.8,9.4,7.4,1.8,7.0,4.6,0.2,2.2,8.2,11.6,2017,29
4,7,0,1,2,-7,40.0,40.0,1.4,0.8,12.2,6.8,3.2,2.0,5.6,3.6,0.8,1.0,14.8,22.8,2017,29
9,29,2,1,0,-14,60.0,20.0,1.4,0.6,13.4,6.8,5.8,1.4,5.0,2.2,0.6,1.0,12.2,16.8,2017,29
11,33,2,4,0,-4,40.0,0.0,1.4,0.6,13.0,8.2,3.4,3.6,4.4,3.0,2.4,1.6,13.8,15.6,2017,29
18,26,2,2,1,-5,100.0,20.0,4.6,0.6,16.4,10.2,8.4,2.2,6.0,4.8,0.6,1.2,6.4,15.0,2017,29
27,17,0,0,3,9,20.0,40.0,1.4,1.8,12.2,15.4,4.4,5.0,5.4,4.4,2.2,2.6,13.4,10.6,2017,29
0,19,0,1,3,-1,100.0,40.0,2.6,1.2,18.6,9.8,7.0,3.4,6.4,5.2,0.2,1.0,8.2,13.6,2017,2
6,17,0,1,5,14,20.0,60.0,1.0,2.4,9.0,16.2,3.0,5.8,5.4,5.6,0.8,1.6,11.8,10.0,2017,2
9,21,2,3,1,-17,60.0,0.0,1.2,1.0,14.0,14.8,6.4,4.8,6.8,5.8,0.6,2.0,11.2,11.0,2017,2
11,13,2,2,0,-11,60.0,0.0,2.2,0.0,12.2,8.8,4.2,1.8,3.4,4.4,1.8,2.8,12.2,12.0,2017,2
16,7,2,1,0,-4,40.0,60.0,1.4,1.0,8.2,6.2,3.4,2.2,3.0,3.4,1.4,1.0,14.8,19.2,2017,2
27,29,2,2,1,-2,20.0,0.0,1.0,0.2,12.2,5.8,3.6,0.8,5.4,2.2,2.4,1.2,12.6,17.8,2017,2
31,30,1,1,1,15,40.0,40.0,1.2,1.6,12.0,14.8,2.6,5.2,4.2,5.2,2.4,1.4,13.6,9.6,2017,2
32,10,1,0,0,-4,0.0,0.0,1.2,0.0,7.2,8.4,3.0,1.6,2.8,5.2,2.2,2.2,12.8,14.4,2017,2
4,26,1,1,1,1,40.0,20.0,1.4,0.8,12.4,10.4,3.0,2.0,6.0,5.0,0.8,1.6,13.0,17.0,2017,3
18,33,2,2,1,-8,100.0,0.0,4.0,0.6,19.0,8.0,9.4,3.6,5.6,3.2,0.8,1.8,5.8,14.0,2017,3
7,31,2,1,0,-1,40.0,40.0,0.8,2.2,12.2,12.4,4.4,3.8,5.6,4.8,0.4,2.0,11.8,11.0,2017,9
10,4,1,2,2,5,40.0,40.0,1.6,0.8,14.6,9.0,5.8,3.8,7.0,5.6,1.4,0.8,10.2,13.2,2017,9
13,6,2,2,0,0,40.0,40.0,1.0,1.0,7.4,7.6,2.0,2.4,4.4,3.8,1.6,1.0,11.2,16.6,2017,9
21,16,0,2,3,6,40.0,20.0,0.8,1.2,11.4,10.0,3.4,2.8,5.6,6.0,1.2,1.0,13.6,14.4,2017,9
29,32,2,1,0,5,20.0,0.0,0.8,0.4,11.6,6.6,2.6,2.2,5.8,2.6,1.0,1.2,8.0,15.6,2017,9
30,27,2,5,1,-11,60.0,20.0,1.4,1.4,18.8,9.2,5.4,3.2,8.2,3.0,0.4,2.6,7.4,13.2,2017,9
33,9,2,1,0,10,20.0,60.0,1.0,2.2,9.8,12.4,3.0,4.8,4.6,5.0,2.2,0.6,10.0,11.4,2017,9
17,11,1,1,1,-3,40.0,0.0,1.6,0.8,21.4,9.8,6.8,3.6,9.0,3.6,0.4,2.6,5.6,14.0,2017,10
19,18,0,1,2,3,100.0,100.0,2.8,2.8,15.2,17.2,5.6,6.0,6.4,7.0,0.2,0.6,9.2,4.6,2017,10
26,0,1,1,1,3,40.0,40.0,1.4,1.6,15.2,14.6,4.0,5.4,7.0,4.6,1.0,1.4,9.0,9.8,2017,10
7,27,2,1,0,3,60.0,20.0,1.0,1.4,12.8,7.4,4.8,3.0,5.6,3.2,0.4,3.2,12.2,14.4,2017,12
10,31,2,2,1,-3,40.0,20.0,2.0,1.8,16.6,13.0,6.8,3.4,7.2,5.0,1.6,2.0,9.8,10.6,2017,12
13,9,0,1,3,17,60.0,40.0,1.2,1.4,8.2,14.8,2.6,4.4,4.4,5.6,1.4,0.8,10.6,9.8,2017,12
17,32,1,0,0,-6,40.0,0.0,1.6,0.4,19.0,6.6,5.6,1.8,9.0,2.4,0.4,1.0,5.2,16.0,2017,13
19,4,2,1,0,-3,80.0,40.0,2.2,1.0,13.6,9.6,5.2,4.0,6.0,5.0,0.6,0.8,10.6,15.6,2017,13
21,11,0,0,1,11,20.0,0.0,0.8,1.0,10.6,9.0,3.6,3.4,5.4,3.6,1.6,2.0,13.6,15.4,2017,13
26,16,0,1,4,-4,40.0,40.0,1.6,1.6,13.6,10.6,3.8,3.6,6.2,6.2,1.0,1.2,9.4,13.4,2017,13
29,18,0,0,4,12,40.0,100.0,0.8,2.0,13.2,14.4,2.6,5.4,6.0,6.4,0.6,0.8,7.8,4.8,2017,13
30,6,2,2,0,-16,80.0,40.0,2.4,0.8,17.6,7.2,6.0,2.4,8.4,3.2,0.6,1.0,7.4,17.4,2017,13
33,0,1,0,0,6,40.0,40.0,0.8,1.8,8.8,14.6,2.6,6.2,4.6,5.4,1.6,1.6,10.8,8.4,2017,13
0,21,2,1,0,-13,80.0,0.0,2.4,1.2,22.0,13.0,8.8,4.2,7.4,5.0,0.8,2.4,8.4,14.2,2017,16
6,7,1,0,0,2,0.0,60.0,1.0,0.8,8.8,8.0,2.8,2.2,5.4,4.4,1.8,1.0,10.8,15.4,2017,16
9,26,2,1,0,-7,80.0,0.0,1.8,0.8,16.0,10.8,7.4,2.0,8.0,4.8,0.8,1.8,10.6,17.4,2017,16
16,10,0,0,3,-2,60.0,0.0,1.2,0.0,9.0,9.4,2.6,2.0,4.4,6.2,0.8,1.2,13.0,13.4,2017,16
18,30,2,4,1,1,100.0,20.0,3.4,1.2,18.8,13.4,9.2,4.6,6.0,5.0,1.0,1.2,6.2,8.8,2017,16
27,33,0,0,3,2,40.0,0.0,1.4,0.8,11.6,7.6,3.8,4.2,4.8,3.4,1.8,2.2,13.2,17.6,2017,16
31,13,0,1,4,-1,40.0,0.0,1.4,0.0,11.8,8.0,2.8,2.0,5.0,4.6,1.4,3.2,9.6,12.2,2017,16
4,17,0,0,4,5,20.0,60.0,1.2,2.8,12.6,14.0,3.4,5.8,5.8,4.8,0.8,1.4,14.2,8.8,2017,17
32,19,0,1,2,4,0.0,40.0,1.2,1.6,10.0,9.6,4.0,3.4,3.0,4.6,2.2,1.2,13.0,17.4,2017,17
11,29,2,3,1,-8,60.0,0.0,2.2,0.4,11.0,7.0,4.2,1.4,3.0,3.2,1.6,1.6,11.6,14.6,2017,18
0,17,1,3,3,1,80.0,80.0,2.2,3.4,21.6,14.8,7.4,6.8,7.6,4.4,0.8,1.2,8.6,8.4,2017,22
6,31,2,1,0,1,0.0,20.0,0.8,1.6,8.8,11.4,2.6,3.2,5.6,5.0,1.6,2.0,10.4,11.6,2017,23
7,30,0,0,3,14,80.0,0.0,1.0,0.6,10.8,12.0,4.2,3.6,5.4,3.8,0.2,2.0,13.4,11.6,2017,23
11,9,1,0,0,6,80.0,60.0,2.8,1.8,8.8,14.2,4.8,4.4,2.4,4.6,1.6,0.6,12.2,8.4,2017,23
16,19,1,2,2,6,60.0,60.0,1.0,2.0,9.0,10.0,2.4,3.8,4.8,4.6,1.2,1.4,14.6,16.0,2017,23
18,4,2,4,0,-6,100.0,40.0,2.8,1.0,18.8,11.4,9.2,5.2,6.0,5.8,0.8,0.8,6.6,13.8,2017,23
26,13,1,1,1,-10,40.0,20.0,1.4,0.8,13.6,9.6,4.2,3.4,7.4,5.4,1.4,3.0,8.8,13.4,2017,23
27,32,2,3,1,3,20.0,0.0,1.0,0.2,11.6,6.8,2.6,1.8,5.2,3.6,2.2,0.8,11.8,16.6,2017,23
29,10,1,1,1,1,20.0,20.0,0.4,0.6,13.2,10.8,2.6,3.0,5.4,6.0,1.4,0.4,11.0,12.0,2017,23
33,21,0,2,3,-7,20.0,0.0,0.6,0.8,8.2,11.2,1.8,3.6,4.4,4.4,1.6,2.2,14.0,16.4,2017,23
4,33,1,3,3,-2,20.0,20.0,1.2,1.2,10.0,8.8,3.0,4.4,4.8,4.4,1.6,2.0,16.8,17.0,2017,26
9,6,2,2,0,-17,100.0,40.0,2.0,0.8,20.0,6.8,8.6,3.0,8.8,2.6,0.6,1.0,8.4,17.4,2017,26
13,27,1,1,1,5,60.0,20.0,1.4,1.0,8.4,9.2,2.8,4.2,3.8,4.0,1.2,2.0,10.2,12.4,2017,26
17,29,2,5,0,-11,40.0,0.0,1.6,0.6,18.0,7.4,5.6,1.8,8.6,3.6,0.4,2.0,5.2,15.2,2017,26
19,7,1,2,2,-10,80.0,40.0,1.6,0.6,11.8,9.2,4.2,3.0,5.6,4.2,0.6,1.0,12.2,13.2,2017,26
30,26,2,5,2,-6,80.0,0.0,2.6,0.6,19.0,7.8,6.4,1.8,8.6,4.4,0.6,1.6,7.8,18.8,2017,26
31,16,2,2,1,5,20.0,60.0,1.2,2.4,12.2,12.2,3.0,5.6,6.2,7.0,2.0,1.4,10.8,12.0,2017,26
32,11,1,0,0,3,0.0,20.0,1.0,1.0,10.6,7.8,4.2,3.0,2.8,3.6,2.2,1.8,11.6,16.2,2017,26
21,18,0,0,1,15,20.0,100.0,0.6,2.6,12.2,15.6,3.4,6.2,6.0,5.8,1.6,0.8,11.6,5.4,2017,27
10,0,0,2,3,9,40.0,40.0,2.0,1.6,16.6,17.2,6.6,5.6,7.0,5.8,1.6,1.2,8.2,7.4,2017,28
4,11,2,2,1,2,20.0,20.0,1.8,1.0,13.8,6.0,4.8,3.2,5.2,2.0,2.0,1.4,15.2,17.8,2017,30
9,27,2,5,0,-12,100.0,0.0,1.6,1.0,22.2,11.0,8.6,5.2,10.2,4.8,0.2,2.2,6.8,13.4,2017,30
13,7,1,0,0,2,40.0,40.0,1.2,1.0,11.0,8.6,3.8,3.4,4.6,3.6,1.2,0.8,11.4,14.8,2017,30
17,16,2,2,1,-8,40.0,40.0,2.0,2.2,19.2,12.2,5.8,5.4,7.6,7.4,0.4,1.6,6.4,10.4,2017,30
19,26,1,0,0,-2,60.0,0.0,1.8,0.8,14.2,9.8,4.8,2.8,6.8,4.6,1.0,2.4,10.2,20.6,2017,30
21,6,1,0,0,0,0.0,20.0,0.4,0.2,12.0,7.0,3.2,2.2,6.0,2.2,1.8,1.4,14.0,19.2,2017,30
31,29,0,1,2,2,40.0,0.0,1.6,0.4,11.8,8.0,3.2,2.2,6.2,3.6,2.0,2.6,11.8,16.2,2017,30
10,18,1,0,0,11,40.0,100.0,2.0,2.2,16.0,17.0,5.2,6.4,5.8,7.0,1.8,0.4,10.2,5.4,2017,31
32,0,1,1,1,5,0.0,40.0,0.6,1.2,12.8,14.4,4.0,4.6,4.6,5.2,1.6,1.2,10.0,9.0,2017,31
6,4,1,2,2,9,20.0,20.0,0.8,0.6,10.2,11.0,2.8,4.8,6.4,6.4,1.4,1.4,11.8,14.6,2018,1
7,17,0,1,2,12,60.0,80.0,0.8,3.8,9.4,15.2,3.6,7.2,5.2,5.0,0.8,1.0,14.6,7.8,2018,1
11,19,0,0,2,1,80.0,60.0,2.4,2.2,8.2,12.0,4.2,4.4,2.8,4.4,0.6,1.4,11.2,17.2,2018,1
16,13,2,3,0,-6,40.0,20.0,1.0,1.0,9.4,11.4,2.4,4.0,5.0,5.2,1.6,2.6,15.2,12.6,2018,1
27,21,0,0,1,-5,40.0,20.0,1.4,1.4,11.4,11.0,3.2,3.4,3.8,4.4,2.0,2.4,13.8,17.8,2018,1
18,31,2,3,1,-14,100.0,20.0,3.0,1.2,18.6,10.8,8.2,2.4,6.0,4.6,0.8,1.4,6.4,11.6,2018,2
26,10,0,1,2,-6,20.0,20.0,1.4,0.8,12.0,11.4,4.2,4.0,7.6,5.6,1.6,0.4,9.4,12.0,2018,2
29,30,0,0,2,13,20.0,20.0,0.4,1.2,10.8,13.0,2.2,4.4,5.2,4.0,1.2,1.8,11.4,10.4,2018,2
33,32,2,2,1,1,20.0,0.0,1.0,0.4,8.8,8.8,2.6,2.8,3.6,5.2,1.6,1.2,14.8,14.4,2018,2
0,9,1,2,2,4,60.0,40.0,2.4,1.6,20.4,15.6,7.2,5.0,8.0,5.0,1.2,0.6,10.6,8.0,2018,3
30,33,1,1,1,-9,80.0,20.0,2.8,1.4,19.4,9.6,6.6,5.0,8.6,4.8,0.8,2.2,8.6,18.4,2018,4
9,16,1,0,0,-11,100.0,40.0,2.4,2.0,22.8,10.8,9.4,4.8,10.8,5.6,0.2,1.6,5.0,11.6,2018,13
10,7,2,1,0,-2,40.0,20.0,1.6,0.8,14.8,9.8,4.0,4.0,5.4,4.2,1.4,0.8,11.6,12.8,2018,13
13,33,0,1,4,7,20.0,20.0,1.0,1.6,10.2,8.2,3.4,4.0,5.0,4.8,1.2,2.0,11.8,21.2,2018,13
21,29,1,1,1,3,0.0,20.0,0.4,0.8,11.0,7.2,2.8,2.8,4.4,4.0,1.6,2.4,12.8,14.8,2018,13
30,11,2,4,0,-5,60.0,20.0,2.8,0.8,23.2,5.6,7.8,2.4,8.0,2.0,1.0,1.4,7.0,18.4,2018,13
31,26,1,2,2,9,20.0,0.0,1.4,0.8,10.2,10.4,2.6,3.4,5.8,5.6,2.4,1.8,11.6,19.4,2018,13
32,6,2,2,0,-8,0.0,0.0,0.8,0.0,14.2,8.0,4.2,2.4,5.0,2.0,1.0,1.4,10.6,19.0,2018,13
4,0,2,2,1,4,20.0,40.0,1.4,1.2,15.4,16.0,5.2,4.8,4.4,5.4,2.2,0.8,12.4,10.0,2018,14
17,18,2,4,3,1,40.0,80.0,1.8,1.8,18.4,17.6,5.4,6.4,7.0,7.2,0.6,0.4,6.8,7.0,2018,14
19,27,2,3,0,-7,40.0,0.0,1.0,0.6,14.0,8.6,4.0,4.2,6.6,3.4,0.8,2.8,9.4,15.8,2018,15
0,10,2,4,1,-9,40.0,40.0,2.4,1.2,20.4,11.4,7.4,4.2,8.6,5.2,1.6,0.4,11.6,11.6,2018,20
6,9,0,0,4,17,20.0,20.0,0.8,1.2,11.4,17.2,3.4,4.8,6.2,5.8,1.4,1.0,14.4,9.4,2018,20
7,19,0,0,1,10,40.0,80.0,0.6,2.6,8.8,14.2,3.0,5.2,4.2,4.2,1.2,1.2,15.8,16.0,2018,20
11,32,1,1,1,-3,60.0,0.0,1.8,0.6,8.6,9.0,3.2,2.8,3.6,5.0,0.6,1.4,13.2,15.6,2018,20
16,31,2,2,0,-5,60.0,20.0,1.6,1.0,11.2,10.0,3.4,2.6,5.6,3.8,1.2,1.4,14.0,13.0,2018,20
18,21,2,3,1,-15,100.0,40.0,3.0,1.4,20.2,11.4,8.6,3.6,6.8,4.6,0.8,1.6,6.6,16.8,2018,20
27,13,2,2,0,-5,40.0,20.0,1.0,1.0,11.4,8.6,2.6,3.6,5.0,3.2,1.8,2.4,13.8,12.6,2018,20
33,4,1,1,1,2,40.0,0.0,1.2,0.8,10.2,13.0,3.4,5.2,3.8,7.0,1.0,1.8,13.8,14.4,2018,20
26,30,1,1,1,6,20.0,40.0,1.6,1.6,11.4,12.6,4.2,4.6,6.6,4.2,1.8,1.4,10.6,9.2,2018,21
29,17,2,1,0,11,20.0,80.0,0.4,3.4,10.0,16.0,2.0,6.8,4.8,6.2,1.4,1.0,12.8,9.2,2018,22
13,17,0,0,3,14,20.0,60.0,1.0,2.8,11.0,17.4,3.8,6.2,5.8,6.2,1.6,1.2,10.6,7.8,2018,30
29,0,2,3,1,10,40.0,20.0,0.6,1.2,8.6,15.0,2.2,5.0,4.6,5.4,1.4,1.2,15.2,11.0,2018,30
33,10,1,1,1,-3,40.0,40.0,1.2,1.4,11.0,11.2,3.4,4.4,4.0,6.2,1.0,1.2,14.0,12.8,2018,30
9,4,0,0,3,-8,80.0,0.0,2.2,1.0,22.0,12.8,8.8,4.8,9.0,6.6,0.2,2.0,7.4,14.8,2018,31
11,16,2,2,1,-5,40.0,40.0,1.2,1.8,8.8,12.2,3.0,4.6,3.2,5.2,0.8,1.4,14.8,13.4,2018,31
18,32,2,3,0,-7,100.0,0.0,3.2,0.6,19.2,11.0,8.0,3.4,9.2,5.6,0.8,1.4,6.4,12.6,2018,31
21,7,1,1,1,2,0.0,0.0,0.6,0.4,11.0,9.4,3.2,3.6,4.0,3.4,1.2,0.8,12.0,14.2,2018,31
26,6,1,1,1,-10,0.0,0.0,1.0,0.0,10.0,9.0,4.0,2.2,5.6,3.2,1.8,1.6,13.0,19.0,2018,31
27,31,1,0,0,-4,60.0,0.0,1.4,0.4,11.6,9.8,3.6,2.4,4.6,4.2,1.2,1.8,12.2,12.4,2018,31
30,19,2,2,0,-4,80.0,80.0,3.4,2.0,22.4,13.6,8.8,4.2,7.0,4.0,0.8,0.8,7.4,16.2,2018,31
0,11,2,5,1,-2,40.0,20.0,2.2,0.6,19.4,6.0,8.0,2.0,8.2,2.2,1.8,1.4,12.0,19.0,2018,3
4,27,2,2,1,-4,40.0,0.0,1.6,0.4,16.0,9.0,5.8,4.6,4.4,3.2,2.0,3.0,12.8,17.8,2018,3
6,33,2,3,1,7,20.0,40.0,0.8,2.4,11.4,8.4,3.2,4.6,5.2,4.2,2.2,1.4,15.2,21.2,2018,3
7,18,1,1,1,13,40.0,60.0,0.6,2.0,9.8,17.0,3.0,6.2,4.2,7.0,1.2,1.0,14.8,9.4,2018,3
16,29,1,1,1,-3,60.0,20.0,1.6,1.0,11.6,8.4,3.6,3.8,5.6,4.8,1.0,2.4,12.6,13.0,2018,3
19,13,2,2,0,-12,40.0,20.0,1.4,1.0,15.0,8.4,5.0,3.8,6.8,3.2,0.8,1.8,10.0,10.6,2018,3
32,26,0,2,3,2,20.0,0.0,0.8,1.0,15.6,11.0,4.2,3.8,6.6,5.4,0.6,1.8,10.4,17.4,2018,3
10,21,1,1,1,-4,40.0,40.0,1.4,1.2,16.2,9.8,3.4,3.6,5.0,3.4,1.2,1.8,11.4,19.4,2018,4
17,30,1,2,2,2,60.0,40.0,2.4,1.6,18.4,12.4,6.0,3.8,6.6,4.2,1.0,1.2,6.8,9.8,2018,4
31,9,2,4,1,16,20.0,40.0,1.4,1.8,11.0,17.8,2.8,6.2,5.8,4.8,2.0,0.8,10.6,8.2,2018,5
11,10,2,3,1,-7,40.0,40.0,1.2,1.6,9.4,11.0,3.0,4.6,3.8,5.4,1.0,1.4,15.4,10.4,2018,10
18,16,2,5,1,-9,100.0,20.0,3.4,1.4,18.2,11.2,8.4,3.8,9.0,5.2,0.6,1.4,5.6,13.2,2018,10
27,6,1,1,1,-5,40.0,0.0,1.0,0.2,11.8,9.4,3.8,2.2,4.6,3.4,1.0,1.4,12.6,18.8,2018,10
29,7,2,1,0,-1,40.0,0.0,1.0,0.6,7.4,8.8,2.4,3.2,4.2,2.8,1.6,0.8,15.6,13.8,2018,10
30,0,2,1,0,-3,80.0,20.0,2.8,1.2,22.8,14.6,7.8,4.6,5.8,5.0,0.6,1.6,7.8,12.2,2018,10
33,31,2,2,0,-6,20.0,0.0,1.2,0.4,11.6,10.0,3.6,2.4,4.2,4.4,1.2,1.6,12.0,13.0,2018,10
13,4,2,4,1,9,0.0,20.0,0.6,1.2,8.2,12.8,2.8,4.8,4.4,7.0,2.2,1.6,12.0,14.2,2018,11
21,19,2,1,0,12,0.0,60.0,0.4,1.4,11.8,13.2,3.2,4.0,4.2,4.4,0.8,1.0,11.6,14.0,2018,11
26,17,0,0,2,4,0.0,60.0,1.0,2.4,12.4,17.8,4.0,6.4,6.2,6.6,1.8,1.0,12.6,7.6,2018,11
9,32,2,3,0,-9,60.0,0.0,1.6,0.6,21.6,10.2,8.0,3.4,8.4,5.2,0.6,1.8,8.0,12.8,2018,12
4,21,1,2,2,-9,60.0,40.0,1.8,1.2,15.8,10.4,6.4,4.8,5.0,3.8,2.0,1.4,12.4,19.0,2018,24
6,29,2,4,1,3,40.0,20.0,1.2,1.0,14.4,7.0,3.8,3.4,5.6,4.2,1.4,2.2,13.6,13.6,2018,24
7,26,1,1,1,8,20.0,20.0,0.6,1.4,9.8,10.6,2.6,4.0,4.2,6.0,1.4,2.0,16.6,16.0,2018,24
16,27,1,1,1,-1,40.0,0.0,1.6,0.4,11.0,10.8,4.0,4.8,4.2,2.2,1.2,2.4,10.4,16.8,2018,24
17,33,2,4,1,-7,60.0,40.0,2.6,2.4,15.6,7.8,6.0,4.0,4.8,3.6,1.2,1.6,8.8,20.6,2018,24
31,11,2,1,0,10,40.0,20.0,2.0,0.6,14.0,7.6,4.0,2.0,5.6,3.2,2.0,2.2,10.4,17.4,2018,24
32,13,0,1,2,-8,20.0,20.0,1.2,1.0,13.4,8.2,3.6,3.2,7.0,2.6,1.2,1.8,11.0,12.6,2018,24
10,30,0,0,1,12,40.0,40.0,1.2,1.8,15.6,13.4,3.0,4.6,4.8,5.2,1.0,1.4,11.4,10.4,2018,25
19,9,2,2,1,5,60.0,40.0,1.6,2.0,16.6,15.4,5.4,6.4,7.4,4.6,0.4,1.4,8.0,11.4,2018,25
0,18,0,0,3,2,60.0,40.0,3.0,1.8,15.8,18.2,6.4,6.2,6.6,8.0,1.4,1.0,12.6,9.4,2018,1
7,11,2,2,1,9,0.0,0.0,0.6,0.4,9.6,7.6,2.8,1.6,4.4,4.0,1.6,2.4,16.4,16.8,2018,3
16,4,1,1,1,3,40.0,20.0,1.8,1.4,12.6,11.4,5.4,3.8,5.6,6.4,0.8,2.2,9.0,15.4,2018,3
17,21,2,2,0,-14,80.0,40.0,3.4,1.6,17.0,11.4,7.4,5.2,5.4,3.0,1.4,1.6,9.0,18.0,2018,3
26,27,1,0,0,-5,0.0,0.0,0.8,0.6,11.2,9.2,4.0,3.8,5.0,1.6,1.4,2.4,12.6,18.6,2018,3
29,33,2,4,1,4,60.0,20.0,1.2,2.0,8.4,6.4,2.6,3.4,4.8,2.2,0.8,2.4,13.6,21.4,2018,3
30,13,2,2,0,-16,80.0,20.0,2.6,0.6,21.4,8.4,7.4,2.8,5.8,1.8,0.6,1.8,7.6,12.0,2018,3
31,32,2,1,0,7,60.0,0.0,2.0,0.6,14.0,10.6,4.4,3.4,5.2,5.2,1.2,2.4,8.8,14.0,2018,3
6,0,2,2,1,13,60.0,20.0,2.0,1.2,15.2,11.4,4.4,4.2,4.6,4.0,1.6,1.8,13.6,14.6,2018,4
18,9,2,1,0,2,100.0,20.0,3.6,1.6,18.0,15.8,8.4,6.8,9.6,4.8,0.6,1.6,4.6,12.0,2018,4
10,19,0,2,3,8,20.0,40.0,0.8,1.0,13.8,14.2,2.8,4.6,4.4,5.8,1.0,1.0,12.8,13.6,2018,5
9,10,2,2,1,-13,60.0,20.0,2.0,1.2,20.8,11.6,8.0,4.2,8.4,6.0,0.6,2.0,8.4,10.4,2018,10
11,6,2,2,0,-11,40.0,0.0,1.2,0.4,9.2,10.8,2.6,2.6,4.2,3.8,1.0,1.2,17.0,16.8,2018,10
13,29,1,0,0,3,20.0,20.0,1.2,1.0,9.8,7.6,3.2,3.0,4.6,4.6,1.8,2.4,11.0,14.4,2018,10
19,17,2,2,1,2,60.0,60.0,1.8,2.0,16.8,16.8,6.0,5.8,7.2,6.2,0.6,1.0,8.0,7.6,2018,10
21,26,2,3,0,10,20.0,20.0,0.6,1.6,10.6,12.0,3.0,4.8,3.4,6.2,0.6,2.0,12.8,13.0,2018,10
32,16,0,1,4,-2,20.0,0.0,1.2,0.8,13.0,8.4,3.2,2.0,7.0,3.8,1.2,2.2,12.6,14.6,2018,10
33,7,0,0,3,-5,40.0,0.0,1.6,0.6,12.0,9.2,4.4,2.2,5.6,2.8,1.2,1.0,9.8,13.8,2018,10
0,31,2,3,0,-12,40.0,0.0,2.8,0.2,13.2,10.8,6.4,2.8,6.4,4.6,2.0,1.6,12.4,11.8,2018,11
4,30,0,1,4,7,60.0,60.0,2.2,1.8,18.2,14.8,7.0,5.0,6.2,7.6,1.6,0.6,11.2,7.4,2018,11
27,18,0,0,2,10,40.0,40.0,1.2,1.6,11.4,15.4,4.4,5.2,4.6,7.2,0.6,1.0,12.6,10.0,2018,12
4,32,2,2,1,-1,60.0,0.0,1.8,0.4,15.8,9.0,5.6,2.4,5.6,4.2,1.8,2.0,11.6,15.2,2018,17
13,10,0,0,2,4,20.0,20.0,1.0,1.2,12.2,10.8,2.4,3.6,5.4,6.0,1.6,2.2,8.0,14.4,2018,17
17,31,2,5,0,-13,80.0,0.0,2.8,0.2,15.4,10.4,6.2,3.4,6.2,5.6,1.4,2.0,9.0,11.2,2018,17
27,11,0,1,2,6,20.0,0.0,0.6,0.6,10.2,8.2,3.4,1.8,5.0,4.4,0.8,2.8,12.6,17.6,2018,17
6,16,0,0,2,6,60.0,20.0,2.2,1.4,15.0,9.0,5.0,2.2,4.6,3.4,1.8,2.0,14.0,13.6,2018,31
10,17,0,1,2,10,20.0,60.0,0.8,1.6,12.6,16.8,3.2,4.4,4.0,7.2,1.0,0.8,13.0,6.4,2018,31
11,18,0,1,3,4,60.0,40.0,1.6,1.8,10.8,14.4,3.2,5.2,5.8,7.6,1.0,1.0,14.0,9.4,2018,31
19,29,2,2,0,-9,80.0,20.0,1.8,1.0,13.2,6.2,5.2,2.2,5.0,4.2,0.4,1.4,10.2,16.0,2018,31
21,13,2,1,0,0,40.0,20.0,1.2,0.4,10.8,7.0,3.6,2.8,3.2,1.8,0.4,2.0,9.6,12.6,2018,31
31,4,1,2,2,8,60.0,20.0,1.8,1.6,14.8,12.0,5.0,4.2,4.4,5.4,1.0,1.6,8.4,17.2,2018,31
32,7,0,1,2,-6,20.0,20.0,1.4,0.8,10.8,10.0,3.0,2.6,6.4,2.6,2.0,0.6,14.0,11.8,2018,31
33,26,2,3,0,3,40.0,20.0,1.2,1.2,10.8,10.0,4.0,4.0,5.4,5.8,1.2,1.6,9.0,11.2,2018,31
0,27,2,3,0,-8,60.0,0.0,2.8,0.4,13.2,8.6,7.0,3.0,5.8,1.4,1.4,2.2,11.8,18.6,2018,1
9,30,0,1,3,-1,60.0,60.0,2.0,2.0,21.2,13.6,8.6,5.0,8.2,7.8,0.8,0.8,8.6,9.2,2018,1
4,10,1,2,2,-5,60.0,20.0,1.8,1.2,15.4,12.0,5.2,4.0,5.4,6.0,1.8,2.0,12.6,13.6,2018,7
6,13,1,1,1,0,60.0,20.0,1.8,0.4,15.0,6.6,4.4,2.6,4.8,2.2,1.8,1.6,10.0,14.0,2018,7
11,17,1,0,0,3,60.0,60.0,1.8,1.6,9.6,16.2,3.6,4.6,5.0,6.6,1.2,0.8,13.4,5.0,2018,7
16,21,0,1,2,-6,40.0,20.0,1.6,1.0,15.0,10.6,5.6,4.8,7.4,3.0,0.6,1.6,6.8,17.0,2018,7
18,19,0,2,3,-3,100.0,60.0,3.0,1.2,17.8,13.8,8.0,5.0,9.8,6.0,0.6,1.0,4.2,13.4,2018,7
27,30,0,1,2,11,20.0,60.0,0.8,2.2,9.8,13.6,3.4,5.4,3.2,7.8,1.0,1.0,13.2,10.4,2018,7
31,7,0,1,2,1,60.0,40.0,2.0,1.2,16.2,10.0,5.2,2.6,5.6,3.0,1.0,0.8,9.2,12.8,2018,7
32,29,1,1,1,-5,20.0,0.0,1.4,0.6,9.6,5.0,3.0,1.8,5.6,3.2,2.2,1.6,13.4,16.4,2018,7
0,26,2,3,2,-3,80.0,20.0,3.0,1.2,15.2,10.2,8.0,3.4,5.0,6.2,1.0,2.2,9.6,10.8,2018,8
9,33,1,1,1,-10,40.0,20.0,1.2,1.6,19.8,5.8,7.0,2.8,7.8,2.4,1.4,2.6,10.8,18.0,2018,8
7,16,2,2,1,4,20.0,40.0,1.0,1.6,12.8,8.8,4.0,2.8,5.6,3.4,1.2,1.6,14.8,13.2,2018,14
10,6,2,3,2,-4,20.0,0.0,1.0,0.4,11.8,11.2,3.6,3.2,3.4,4.2,1.4,1.2,13.2,14.4,2018,14
13,31,2,1,0,1,20.0,0.0,1.0,0.0,12.8,9.8,2.6,2.8,5.2,5.6,2.0,2.4,9.2,10.4,2018,14
17,4,2,3,0,-5,80.0,20.0,3.4,1.6,14.6,9.4,7.0,3.8,6.0,3.8,1.2,1.6,8.4,17.4,2018,14
26,9,0,2,3,7,0.0,20.0,0.6,1.6,12.4,11.4,4.0,5.2,6.2,3.8,1.2,1.8,13.0,13.6,2018,14
29,11,1,1,1,8,80.0,20.0,1.8,0.8,8.8,10.4,3.8,3.4,4.4,5.4,0.8,2.6,12.4,15.6,2018,14
30,18,0,1,3,-1,80.0,60.0,2.0,2.4,21.2,15.0,7.4,5.2,6.8,8.2,0.2,1.2,5.0,8.6,2018,14
19,32,0,0,1,-4,100.0,0.0,2.2,0.4,12.4,9.2,5.6,3.0,3.6,3.8,0.4,2.0,9.2,16.0,2018,15
21,0,2,2,1,13,60.0,0.0,1.4,0.8,12.2,11.2,3.8,3.8,3.2,5.4,0.4,1.8,8.4,14.0,2018,15
33,27,1,1,1,-2,40.0,0.0,1.4,0.4,10.8,10.0,4.0,3.2,5.8,2.4,1.0,1.8,8.8,19.2,2018,16
6,30,1,1,1,16,60.0,80.0,2.0,2.4,15.6,13.2,4.6,5.8,4.8,6.6,1.2,1.0,10.0,10.4,2018,17
4,19,0,0,2,3,40.0,60.0,1.8,1.4,16.8,10.6,5.2,4.6,6.8,5.6,2.0,1.4,12.8,15.0,2018,18
7,9,0,1,2,15,40.0,40.0,1.2,1.8,11.8,11.0,3.8,5.0,5.8,3.6,1.0,1.8,14.0,12.8,2018,19
16,26,1,0,0,4,20.0,20.0,1.2,1.2,14.4,11.2,4.8,4.2,8.0,6.6,1.0,2.4,7.2,10.2,2018,19
31,10,1,0,0,3,60.0,20.0,1.8,1.4,15.8,12.8,5.4,4.2,6.8,4.6,1.0,1.6,8.6,14.4,2018,21
32,17,1,2,2,6,0.0,60.0,1.2,1.6,9.6,14.0,2.8,4.4,4.8,5.2,2.4,0.6,12.2,5.6,2018,21
0,33,2,4,1,-6,80.0,20.0,2.8,1.6,14.6,6.2,7.4,3.0,5.6,3.4,1.2,2.6,10.8,16.4,2018,22
18,29,2,5,0,-12,80.0,0.0,2.8,0.6,18.4,4.8,7.8,1.0,9.6,2.4,1.0,1.6,3.8,17.0,2018,22
27,7,1,1,1,-3,0.0,60.0,0.6,1.6,9.6,9.8,3.0,3.0,3.8,2.8,1.4,0.8,15.0,12.2,2018,22
11,21,2,1,0,-11,60.0,20.0,1.6,1.2,9.0,9.4,3.0,4.4,5.6,3.0,1.0,1.8,12.4,16.4,2018,23
7,6,1,0,0,-2,40.0,0.0,1.4,0.8,10.2,11.6,3.8,3.2,5.4,4.2,1.2,1.8,14.8,15.2,2018,28
10,16,2,5,0,2,20.0,40.0,1.4,1.8,11.4,9.0,4.8,3.8,3.8,4.4,1.8,2.0,14.0,11.4,2018,28
13,11,0,0,2,11,40.0,20.0,1.0,1.0,13.0,11.4,2.4,4.0,5.6,5.4,1.2,2.0,8.4,15.0,2018,28
17,27,1,0,0,-9,80.0,0.0,3.2,0.6,15.4,10.0,7.0,3.6,6.4,2.4,0.6,1.4,7.4,18.8,2018,28
21,32,0,0,1,8,80.0,20.0,1.6,0.4,11.4,8.2,3.8,2.8,2.8,4.0,0.4,1.8,9.8,17.0,2018,28
26,4,2,2,1,-1,0.0,20.0,0.8,1.4,12.4,9.0,4.8,3.4,6.2,4.2,1.4,2.0,14.2,19.0,2018,28
29,9,0,0,1,14,80.0,40.0,2.0,1.4,10.6,11.4,5.0,4.0,4.4,3.4,0.6,2.0,12.4,11.8,2018,28
19,0,2,2,1,1,80.0,0.0,1.6,0.8,11.2,11.4,4.6,3.6,3.2,5.2,0.6,2.0,9.0,12.8,2018,29
33,18,0,1,4,8,40.0,80.0,1.4,2.4,12.0,16.2,4.4,5.6,6.6,8.4,1.0,0.6,9.4,7.0,2018,29
30,31,2,2,0,-15,80.0,0.0,2.0,0.0,16.6,8.4,6.4,2.6,6.4,5.8,0.6,2.2,7.8,10.4,2018,30
6,19,2,1,0,12,40.0,60.0,1.6,1.6,13.0,10.8,4.6,5.0,4.6,5.8,1.2,1.4,12.4,15.0,2018,4
4,29,2,1,0,-6,20.0,0.0,1.4,0.4,16.4,5.0,4.0,1.0,6.8,2.0,2.2,2.4,12.8,18.2,2018,5
11,26,1,1,1,-1,60.0,0.0,1.4,0.6,9.0,9.8,2.4,3.6,5.4,5.8,0.8,2.0,12.6,10.6,2018,5
16,33,0,0,2,1,0.0,0.0,0.8,1.0,14.8,6.8,4.4,2.6,9.4,4.0,1.0,3.2,6.2,18.8,2018,5
27,10,0,1,2,-1,0.0,20.0,0.8,1.2,9.0,12.2,2.8,3.8,4.0,4.6,1.6,1.4,15.8,15.6,2018,5
31,21,2,2,1,-1,40.0,20.0,1.0,1.0,14.4,10.0,4.6,4.0,6.4,4.2,0.8,1.4,8.4,14.0,2018,5
32,30,2,1,0,8,0.0,80.0,1.2,2.2,10.4,13.8,3.4,5.8,5.2,6.0,2.2,0.8,11.4,10.2,2018,5
0,7,2,5,0,-11,80.0,60.0,2.6,1.6,15.6,10.8,7.6,4.0,6.4,3.6,1.2,0.8,10.8,11.0,2018,6
9,17,2,1,0,-3,40.0,40.0,1.4,1.4,21.0,13.0,6.8,3.6,8.6,5.2,1.6,1.0,9.0,7.2,2018,6
18,13,1,0,0,-15,80.0,20.0,3.2,0.6,18.0,8.2,8.4,3.0,7.0,2.4,0.8,1.4,3.4,14.4,2018,6
29,26,0,0,1,7,60.0,0.0,1.8,0.6,12.0,9.4,5.2,3.4,4.0,5.6,0.8,2.0,10.4,10.6,2018,8
9,13,1,1,1,-17,60.0,20.0,1.6,0.6,19.2,8.4,6.6,3.6,7.6,2.2,1.0,1.0,8.8,14.2,2018,9
16,0,2,3,1,7,0.0,0.0,0.6,0.8,14.8,10.6,3.8,3.6,10.4,4.2,1.2,2.0,8.2,13.6,2018,9
18,6,2,3,1,-15,60.0,0.0,2.6,0.8,17.2,10.8,6.8,3.2,7.2,3.8,0.8,1.4,3.8,14.2,2018,9
30,21,2,1,0,-16,80.0,20.0,1.6,1.0,15.2,9.6,5.0,2.6,6.6,4.0,0.6,1.6,9.0,12.0,2018,9
33,19,1,0,0,5,40.0,60.0,1.4,1.6,11.2,12.8,4.0,5.0,5.6,6.4,1.6,1.2,11.4,12.8,2018,10
7,4,0,1,2,7,40.0,0.0,1.2,1.0,10.6,9.6,4.0,3.8,5.4,4.8,1.0,2.4,12.6,17.6,2018,13
10,32,2,2,0,4,40.0,40.0,2.2,0.6,10.2,9.4,5.4,3.0,4.4,4.0,1.6,1.2,13.0,16.6,2018,13
13,0,0,0,1,13,40.0,0.0,1.0,0.8,13.8,11.6,2.6,4.2,6.2,4.8,1.0,2.0,7.0,15.0,2018,13
17,6,2,4,0,-14,80.0,0.0,2.8,0.8,17.6,10.2,6.8,3.4,7.6,4.0,0.2,1.8,5.8,14.4,2018,13
19,31,2,1,0,-11,80.0,0.0,1.6,0.0,11.4,8.6,3.8,3.2,4.0,4.6,0.8,2.6,9.8,10.8,2018,13
21,9,2,3,0,17,80.0,60.0,1.4,1.4,12.0,12.2,3.4,4.0,2.4,3.4,0.4,1.2,9.4,9.6,2018,13
26,18,0,0,1,5,20.0,100.0,1.0,3.0,13.2,16.0,5.2,5.6,6.8,7.2,1.4,0.6,13.6,6.2,2018,13
29,27,0,1,2,2,40.0,0.0,1.2,0.4,11.8,8.4,5.0,3.0,4.6,2.6,0.8,1.0,11.2,19.8,2018,13
30,16,2,5,4,-10,80.0,40.0,1.4,1.6,13.0,8.6,5.2,3.8,6.6,3.8,0.6,2.6,10.6,12.6,2018,13
33,11,2,3,1,4,20.0,40.0,1.0,1.2,11.4,10.6,3.6,4.6,4.2,4.8,1.6,1.0,12.4,13.8,2018,13
19,16,2,2,1,-7,80.0,40.0,1.4,2.2,10.8,11.4,3.0,5.2,4.6,4.2,0.6,2.6,8.4,11.6,2018,10
4,8,2,2,0,-6,40.0,20.0,1.2,1.0,15.4,9.8,4.0,3.2,7.4,4.4,1.8,2.4,12.2,19.4,2018,11
12,10,0,0,2,7,40.0,40.0,1.4,1.4,14.8,11.6,4.4,3.4,7.0,4.6,1.4,1.0,12.4,14.8,2018,11
13,9,0,0,3,11,20.0,60.0,0.2,1.2,14.4,10.6,2.4,3.0,7.2,3.0,1.0,1.4,7.4,10.8,2018,11
21,30,0,1,2,7,80.0,60.0,1.8,2.0,13.2,14.6,4.0,6.0,3.2,5.2,0.4,1.0,8.0,11.0,2018,11
31,6,2,2,0,-1,40.0,0.0,1.2,0.6,14.0,7.8,5.2,2.4,5.6,3.8,1.0,2.4,8.8,15.8,2018,11
35,11,1,2,2,10,0.0,40.0,0.4,1.4,8.8,12.0,4.4,5.6,6.6,5.0,2.6,1.4,17.2,14.2,2018,11
0,18,0,0,2,5,100.0,100.0,3.6,2.6,16.8,16.8,8.2,5.0,6.0,9.4,0.6,0.6,10.2,5.8,2018,12
17,33,2,4,0,-9,80.0,20.0,2.8,1.2,17.8,8.6,6.6,3.0,7.4,4.4,0.0,2.6,4.8,17.2,2018,12
26,7,1,0,0,10,20.0,60.0,0.8,1.6,11.2,9.4,5.2,4.2,5.6,4.2,1.4,1.6,14.4,11.8,2018,12
8,21,1,0,0,8,20.0,20.0,1.6,0.6,12.8,9.4,4.8,2.4,7.2,4.6,2.6,1.4,17.6,10.6,2018,18
9,0,2,3,2,-1,40.0,20.0,1.2,1.0,19.6,12.2,6.0,4.8,7.8,5.2,1.2,1.8,7.8,15.0,2018,18
11,26,2,2,1,-9,40.0,20.0,1.0,0.8,8.6,10.8,2.0,4.6,4.4,5.6,0.8,1.4,11.6,11.4,2018,18
16,35,2,2,0,-9,20.0,0.0,1.0,1.6,14.8,11.2,4.0,7.0,9.0,5.0,1.2,2.2,9.8,13.6,2018,18
30,12,2,3,1,-15,80.0,20.0,2.2,1.0,12.2,11.4,5.2,4.0,5.4,5.0,1.4,3.2,12.6,18.0,2018,18
33,4,0,1,2,1,40.0,20.0,1.6,1.2,11.8,11.4,3.6,4.4,4.4,5.2,1.2,1.8,13.8,17.0,2018,18
6,19,2,3,2,13,40.0,60.0,1.0,1.6,12.0,13.4,4.4,5.0,5.0,5.6,1.0,1.0,13.4,12.6,2018,19
7,31,0,1,3,-7,40.0,0.0,1.2,0.0,11.2,7.8,4.2,3.0,5.4,4.2,1.2,2.4,13.2,10.6,2018,19
18,13,2,6,1,-15,60.0,0.0,2.2,0.4,17.2,5.8,6.0,2.6,6.4,1.6,0.8,1.0,4.6,16.6,2018,19
10,17,0,0,2,7,60.0,20.0,2.6,1.0,11.4,11.8,5.8,3.8,4.8,5.2,1.4,1.2,11.6,8.4,2018,20
0,33,2,3,1,-7,80.0,20.0,3.0,1.0,16.4,8.2,7.4,2.6,5.6,4.8,1.0,2.6,11.4,16.6,2018,25
4,11,1,2,2,4,60.0,40.0,1.4,1.6,15.0,11.2,4.2,5.8,8.0,5.4,1.0,1.4,11.8,12.2,2018,25
13,8,1,0,0,-2,20.0,20.0,0.2,0.8,9.6,9.8,1.8,2.8,5.2,4.2,1.6,2.4,10.0,18.0,2018,25
17,6,2,1,0,-11,80.0,0.0,3.2,0.6,18.6,7.0,7.6,1.6,6.8,3.6,0.0,2.4,4.4,17.0,2018,25
26,16,0,1,2,8,20.0,20.0,0.8,1.6,13.6,11.2,5.0,4.8,6.6,4.0,1.0,2.8,14.4,12.0,2018,25
35,18,1,1,1,17,0.0,100.0,0.8,2.6,9.6,16.8,4.6,5.4,6.4,9.2,2.0,0.6,14.0,7.0,2018,25
12,7,2,4,2,11,20.0,40.0,1.2,1.0,15.4,11.2,5.0,4.6,6.2,5.0,1.8,1.6,12.0,12.8,2018,26
21,9,0,1,2,5,60.0,80.0,1.4,1.8,14.8,12.6,3.4,3.8,3.4,3.6,0.8,1.2,9.8,9.4,2018,26
31,10,2,2,1,3,40.0,60.0,1.4,1.6,14.8,11.8,5.4,4.8,6.4,5.0,1.0,0.6,8.2,12.4,2018,26
19,30,0,0,3,-1,80.0,60.0,1.4,1.6,11.4,15.2,3.8,5.4,4.8,5.2,0.6,1.0,8.2,11.2,2018,27
6,12,1,2,2,-3,40.0,20.0,1.2,1.0,10.6,10.6,3.8,3.4,4.4,4.2,1.2,3.2,12.2,19.2,2018,1
9,4,2,2,0,-7,40.0,40.0,1.4,1.4,19.0,12.2,6.0,4.8,6.4,5.8,1.4,1.8,9.0,14.6,2018,1
10,26,0,0,2,-6,60.0,20.0,2.2,1.0,11.0,12.0,5.4,5.4,5.4,4.8,1.2,1.2,11.4,11.4,2018,1
11,13,1,1,1,-8,40.0,0.0,1.0,0.6,8.6,6.2,2.8,2.2,2.8,2.0,1.0,1.8,12.6,20.0,2018,1
16,17,0,1,2,5,40.0,40.0,1.2,1.2,11.4,12.2,3.6,4.6,6.6,4.0,1.0,0.8,10.4,9.0,2018,1
18,21,2,2,1,-9,60.0,20.0,3.2,0.6,21.0,10.4,8.2,3.2,7.4,5.0,1.0,1.0,5.0,10.2,2018,1
33,35,0,0,1,-5,20.0,0.0,1.2,1.4,11.4,11.4,3.6,6.4,4.6,5.8,1.6,2.2,14.4,11.8,2018,1
7,19,0,0,2,5,20.0,40.0,1.0,1.4,8.6,11.8,3.2,4.0,4.4,5.2,1.6,1.2,13.0,11.8,2018,2
8,0,0,2,3,12,0.0,20.0,1.0,1.2,11.4,12.2,3.2,4.6,6.8,3.2,2.4,2.0,17.2,17.2,2018,2
31,30,2,2,1,11,60.0,60.0,1.4,1.6,14.2,14.6,5.4,5.0,6.2,4.6,0.8,0.8,7.4,13.0,2018,2
4,16,2,4,2,3,40.0,20.0,1.4,1.6,15.0,11.6,4.2,5.0,8.6,4.4,1.2,3.0,11.8,11.2,2018,15
9,8,2,4,1,-13,60.0,20.0,1.6,0.2,21.0,10.4,6.4,2.6,6.8,5.4,0.8,1.8,8.2,15.8,2018,15
13,10,0,0,1,5,20.0,40.0,0.2,1.4,9.4,10.2,1.6,4.2,5.8,4.2,1.2,1.0,9.4,13.8,2018,15
18,12,2,3,0,-17,80.0,20.0,3.2,1.4,21.8,11.4,8.6,4.4,6.6,4.0,0.6,2.6,4.6,17.8,2018,15
21,0,0,1,2,4,40.0,40.0,1.4,1.6,12.4,12.6,3.2,6.2,3.6,4.0,1.2,2.0,12.0,18.4,2018,15
30,17,0,1,2,-1,80.0,40.0,2.4,1.2,14.2,11.0,6.0,4.2,4.8,3.6,1.6,0.8,14.0,10.2,2018,15
31,19,0,1,2,12,80.0,40.0,1.6,1.2,12.8,15.0,5.0,5.0,4.6,5.4,0.6,0.8,8.2,9.6,2018,15
11,33,0,1,3,-5,40.0,20.0,1.0,1.0,9.6,9.4,2.6,3.2,3.2,4.2,0.6,2.4,10.8,18.2,2018,16
35,7,2,1,0,11,0.0,20.0,0.6,1.0,9.0,11.4,3.4,4.2,4.8,4.6,1.6,2.2,13.8,16.2,2018,16
26,6,1,2,2,2,20.0,0.0,1.0,0.2,12.2,5.8,4.8,1.4,5.6,3.4,1.4,2.0,13.6,18.4,2018,17
6,30,0,1,2,12,40.0,40.0,1.6,1.4,10.6,13.8,4.2,4.6,4.6,6.0,1.2,1.0,13.0,12.4,2018,22
7,4,2,4,0,-5,0.0,40.0,0.6,1.0,8.8,11.2,3.0,3.8,4.0,6.2,1.8,1.8,14.2,16.2,2018,22
8,18,0,0,5,17,0.0,80.0,0.8,2.2,12.4,16.8,3.2,5.8,6.6,8.8,1.8,0.6,16.8,8.0,2018,22
10,21,1,0,0,1,60.0,0.0,2.0,0.4,13.8,9.4,6.0,2.8,6.0,4.0,1.2,1.2,12.0,13.4,2018,22
12,31,1,1,1,4,40.0,20.0,1.8,0.6,15.8,7.4,5.8,3.4,6.4,2.8,1.6,2.0,11.6,10.0,2018,22
16,13,2,3,1,-7,40.0,0.0,1.2,0.8,12.2,7.2,4.4,3.4,6.0,2.0,1.0,1.8,10.8,18.6,2018,22
17,26,2,3,0,-13,80.0,40.0,2.4,1.0,20.4,12.8,7.2,5.0,7.2,4.4,0.0,0.6,4.8,12.8,2018,22
19,35,1,1,1,-16,60.0,20.0,1.0,1.4,13.8,12.6,3.8,6.6,5.2,5.0,1.2,1.8,9.4,11.6,2018,22
0,11,2,2,0,-2,80.0,20.0,3.0,1.6,15.0,10.0,7.2,4.6,6.4,4.0,1.2,1.6,12.4,13.8,2018,23
33,9,1,0,0,8,20.0,80.0,1.0,1.6,10.4,12.2,3.0,3.4,3.4,3.2,1.6,1.0,15.2,8.6,2018,23
0,31,2,2,0,-8,80.0,20.0,2.8,0.8,14.2,8.8,6.8,4.4,5.8,4.2,0.8,1.2,11.2,10.4,2018,29
9,17,1,1,1,1,80.0,60.0,2.2,1.6,20.0,12.4,6.6,5.6,5.8,4.0,0.8,1.0,8.4,11.2,2018,29
11,12,2,3,0,-10,40.0,0.0,1.2,1.0,11.6,10.0,3.2,3.4,3.4,3.4,1.2,3.0,10.6,21.0,2018,29
13,30,0,0,2,13,0.0,60.0,0.0,1.6,10.6,13.8,1.8,4.8,5.0,6.6,1.4,1.0,10.0,12.4,2018,29
18,6,2,2,0,-14,80.0,0.0,2.8,0.6,23.6,6.4,8.0,2.0,7.6,3.4,0.6,2.4,5.6,19.2,2018,29
21,16,0,0,2,1,20.0,20.0,1.2,1.8,11.6,11.4,2.8,5.4,5.2,4.0,1.4,3.4,11.4,11.6,2018,29
33,19,2,3,1,11,20.0,40.0,0.8,1.2,10.8,14.2,3.0,5.4,3.6,6.0,0.8,1.0,14.8,9.8,2018,29
35,26,2,2,0,1,20.0,40.0,0.8,1.0,13.2,13.0,3.6,4.8,5.2,4.6,1.0,1.2,13.2,13.0,2018,29
8,7,0,1,2,11,0.0,0.0,0.8,0.6,10.2,11.4,2.8,3.8,4.8,4.8,2.2,2.2,18.4,19.4,2018,30
4,10,2,2,1,1,60.0,60.0,1.8,1.2,13.0,9.0,4.2,3.4,7.2,4.2,1.2,0.6,12.0,12.8,2018,1
6,33,2,1,0,2,40.0,40.0,1.6,1.4,9.6,10.2,4.2,3.6,4.6,3.4,1.4,2.4,13.4,16.8,2018,5
7,13,1,1,1,-9,20.0,0.0,1.2,0.8,10.2,6.2,3.6,2.8,4.0,1.6,1.4,2.2,14.8,19.6,2018,6
10,35,0,0,1,-7,40.0,20.0,1.4,1.6,14.0,12.4,5.2,6.6,6.8,5.0,0.8,2.0,10.8,11.6,2018,6
16,11,0,1,2,1,60.0,20.0,1.8,1.4,13.6,9.4,5.4,5.2,4.4,5.2,1.2,1.8,11.4,12.2,2018,6
19,21,2,3,2,-8,60.0,0.0,1.2,0.4,14.0,8.8,4.2,3.0,5.4,3.8,1.2,1.0,9.6,14.8,2018,6
30,8,2,1,0,-15,80.0,0.0,2.4,0.2,14.8,10.4,6.0,2.2,4.8,5.2,1.4,2.6,14.0,15.6,2018,6
31,4,0,0,4,2,80.0,40.0,1.8,1.0,12.8,13.8,5.2,4.6,5.0,6.8,1.0,2.0,8.8,14.6,2018,6
12,0,0,1,5,12,20.0,60.0,1.8,1.8,16.0,13.4,5.8,6.0,6.4,4.8,1.8,1.8,11.2,15.8,2018,7
17,18,1,0,0,3,80.0,80.0,2.4,2.6,18.8,17.6,6.6,6.6,6.8,9.2,0.0,0.4,5.0,6.8,2018,7
26,9,0,0,3,12,20.0,60.0,1.0,1.2,13.0,12.4,4.4,3.6,5.0,4.4,1.2,0.8,12.6,8.8,2018,7
4,26,1,0,0,-5,80.0,40.0,2.2,0.8,12.6,14.2,4.8,5.0,6.2,5.0,1.0,1.4,11.4,14.0,2018,20
8,12,2,4,2,0,0.0,0.0,0.8,0.8,11.4,9.0,3.0,2.6,4.4,2.6,2.4,3.0,16.2,22.0,2018,20
9,19,1,2,2,3,60.0,40.0,2.2,1.4,19.6,12.8,6.6,5.6,6.0,6.6,1.0,1.4,9.0,9.2,2018,20
13,17,0,0,1,12,0.0,60.0,0.0,1.4,10.6,13.2,2.4,6.2,4.8,4.0,1.4,0.8,10.6,10.6,2018,20
18,7,2,5,0,-6,100.0,20.0,3.2,0.8,26.2,8.8,9.2,2.8,7.6,3.6,0.6,2.2,5.4,21.6,2018,20
21,6,0,0,1,-5,20.0,0.0,1.2,0.4,9.4,6.0,2.6,1.6,5.2,3.4,1.6,2.2,12.0,21.0,2018,20
33,30,0,0,1,10,40.0,80.0,1.4,2.0,10.6,12.2,3.2,5.0,4.2,4.8,1.0,0.8,13.4,12.4,2018,20
35,31,0,0,2,4,40.0,20.0,1.2,0.8,14.6,10.6,4.0,4.8,5.4,4.2,0.6,1.4,13.2,10.4,2018,20
11,10,2,2,0,-3,40.0,60.0,1.6,1.4,13.6,9.8,4.2,3.6,5.0,4.2,1.2,1.0,10.0,12.2,2018,21
0,16,2,3,1,-3,80.0,40.0,2.4,2.2,12.0,12.6,5.6,6.2,5.4,5.4,0.6,2.4,11.6,9.8,2018,22
6,35,2,1,0,-3,60.0,40.0,1.6,1.0,9.8,10.8,4.0,5.2,4.4,4.4,1.2,1.2,13.6,11.8,2018,27
12,4,0,0,3,6,20.0,60.0,1.6,1.6,18.2,13.0,6.0,4.6,5.8,6.6,2.4,1.6,11.4,14.6,2018,27
16,33,1,1,1,-4,60.0,40.0,2.0,1.2,12.6,11.4,5.4,3.6,3.2,4.0,1.2,1.8,12.2,14.6,2018,27
17,8,2,4,1,-14,80.0,0.0,2.4,0.2,16.2,10.8,6.6,3.2,5.4,4.6,0.0,2.0,5.2,15.2,2018,27
26,21,1,0,0,7,0.0,0.0,0.6,0.6,13.2,9.6,4.4,4.4,4.8,4.0,1.6,1.2,14.0,16.2,2018,27
31,13,2,3,0,-2,60.0,0.0,1.4,1.0,13.4,9.0,4.0,2.6,6.6,3.4,1.6,2.4,9.0,17.8,2018,27
7,9,0,0,4,2,20.0,60.0,1.4,1.6,9.4,14.4,3.4,4.2,3.6,6.4,1.6,0.8,16.8,9.8,2018,28
10,0,1,2,2,5,20.0,80.0,0.4,2.6,13.2,12.4,4.2,6.0,6.4,4.0,1.0,1.4,11.0,16.2,2018,28
19,11,2,2,1,-6,60.0,20.0,1.4,1.4,14.2,11.4,5.6,5.8,5.6,6.6,1.4,2.0,10.6,12.0,2018,28
30,18,0,0,1,2,80.0,60.0,2.2,1.8,16.0,15.0,6.8,5.6,5.2,9.0,1.4,0.2,13.0,7.4,2018,29
0,17,1,1,1,2,80.0,80.0,2.0,1.6,12.6,13.4,5.2,5.6,5.8,4.6,0.8,0.6,12.0,10.8,2018,3
4,19,0,1,2,10,60.0,40.0,2.0,1.8,12.0,11.0,4.2,5.2,5.2,6.0,1.0,1.8,10.6,11.6,2018,3
8,16,0,0,1,9,20.0,40.0,1.4,1.6,13.8,11.0,3.2,4.8,4.6,5.4,2.4,2.0,12.4,10.8,2018,3
11,6,2,3,1,-7,60.0,20.0,1.8,0.6,15.8,7.2,4.4,1.8,6.4,3.2,1.0,1.4,9.2,22.0,2018,3
21,31,2,1,0,-4,0.0,40.0,0.6,1.2,11.6,9.8,2.6,4.4,6.4,4.6,1.8,1.0,12.4,9.8,2018,3
33,7,2,4,2,6,20.0,20.0,0.8,0.8,10.2,8.6,3.2,2.4,5.0,2.8,1.0,2.2,12.6,23.2,2018,3
35,30,0,2,3,15,40.0,80.0,1.2,1.8,15.2,11.2,4.0,4.4,6.4,5.0,1.0,0.6,11.4,12.0,2018,3
9,10,2,3,1,-6,60.0,40.0,2.4,1.0,19.4,8.6,6.8,3.8,5.2,3.8,1.2,1.2,9.8,14.8,2018,4
18,26,2,6,1,-16,100.0,20.0,3.6,0.6,27.2,13.2,9.8,4.2,8.8,4.6,0.4,1.4,5.2,13.8,2018,4
13,12,2,1,0,-2,0.0,0.0,0.0,1.0,9.6,8.8,2.0,3.0,3.8,2.4,1.4,3.0,11.0,21.8,2018,5
8,6,2,2,1,3,20.0,20.0,1.4,0.8,13.6,7.0,3.4,2.4,4.8,3.6,2.6,1.6,12.6,21.0,2018,10
10,30,0,0,1,8,0.0,80.0,0.4,1.8,14.2,11.4,3.8,5.0,6.8,4.8,1.4,1.0,11.0,10.6,2018,10
13,33,1,1,1,3,20.0,20.0,0.2,1.0,10.4,11.0,2.2,3.6,4.4,3.4,0.8,2.0,9.8,16.2,2018,10
16,7,1,0,0,2,40.0,20.0,1.6,1.2,13.0,6.6,4.8,1.8,3.6,2.6,1.2,3.0,11.6,24.0,2018,10
21,4,2,2,1,-2,20.0,60.0,0.6,1.8,10.6,12.2,2.6,4.6,7.4,6.0,1.4,1.4,12.6,14.4,2018,10
26,31,1,1,1,3,0.0,40.0,0.6,1.2,16.0,11.6,4.6,4.0,6.0,5.4,1.4,1.0,12.6,10.4,2018,10
0,35,1,1,1,-12,80.0,40.0,2.2,0.6,13.2,13.8,5.4,5.2,6.4,6.0,0.6,0.8,11.2,9.4,2018,11
9,11,1,0,0,-3,60.0,20.0,2.4,1.4,17.6,11.4,5.8,5.6,5.0,6.2,1.0,1.8,8.2,11.8,2018,11
17,12,2,2,0,-14,80.0,0.0,2.4,0.8,15.6,8.2,5.8,2.6,5.6,2.8,0.2,2.6,5.2,18.8,2018,11
18,19,2,3,1,-1,100.0,60.0,3.6,1.8,24.4,12.8,8.6,6.2,7.6,6.0,0.4,1.4,6.6,14.0,2018,11
6,16,1,1,1,6,60.0,60.0,1.6,1.6,8.0,11.0,3.4,5.0,3.6,6.8,1.2,1.6,15.4,11.4,2018,24
11,8,2,1,0,-10,60.0,0.0,2.0,0.4,16.0,8.0,3.6,2.8,7.2,3.4,1.0,2.2,7.2,14.6,2018,24
12,26,2,3,2,1,20.0,20.0,1.2,0.6,17.4,12.6,5.2,4.6,5.6,4.4,2.6,2.2,10.8,14.8,2018,24
19,10,1,0,0,-9,60.0,20.0,1.6,0.8,15.6,8.0,7.4,2.4,6.0,3.2,1.6,1.8,12.0,14.8,2018,24
30,9,2,3,1,-2,60.0,80.0,2.0,2.4,14.6,18.0,5.6,5.4,4.6,6.8,1.6,0.2,12.8,8.0,2018,24
31,17,0,0,3,10,60.0,60.0,1.6,1.4,12.0,12.8,4.2,5.2,5.6,4.8,1.6,0.8,10.4,11.6,2018,24
33,18,0,0,4,12,40.0,60.0,1.4,1.8,12.4,15.0,4.2,6.4,5.8,7.8,1.0,0.2,11.4,6.6,2018,24
4,0,0,1,2,6,40.0,60.0,1.8,2.8,13.2,12.0,4.8,5.6,5.6,4.0,1.4,1.8,12.2,15.8,2018,25
35,13,0,0,2,2,40.0,0.0,1.2,0.8,16.2,11.0,4.6,3.6,6.8,4.0,1.2,2.8,12.2,15.8,2018,25
7,21,0,1,2,-3,20.0,0.0,1.2,0.6,8.4,8.0,2.8,3.8,3.0,3.6,2.0,1.0,18.4,18.4,2018,26
8,35,2,2,1,0,40.0,40.0,1.4,0.8,14.8,14.0,4.0,5.6,5.0,4.6,2.2,0.6,10.6,10.2,2018,30
10,7,2,2,0,4,0.0,20.0,0.4,0.8,14.8,5.4,4.2,1.6,7.6,2.0,1.2,2.2,10.0,23.4,2018,1
13,6,0,1,2,1,20.0,20.0,0.4,1.0,12.4,7.2,3.4,2.6,4.0,2.8,1.0,1.8,9.4,20.6,2018,1
16,31,2,2,0,-5,20.0,20.0,1.2,0.8,16.2,12.2,5.4,4.0,5.8,6.2,1.2,1.0,10.6,11.6,2018,1
18,4,2,3,1,-11,100.0,40.0,3.8,1.6,23.0,12.6,8.0,4.4,7.8,7.2,0.4,1.6,7.2,15.8,2018,1
21,33,0,0,3,-3,40.0,20.0,0.8,1.2,13.0,12.4,3.4,4.2,8.0,3.8,1.2,1.4,12.4,15.6,2018,1
26,19,1,2,2,15,0.0,40.0,0.8,1.6,15.2,9.8,4.8,4.6,5.8,5.2,1.6,2.0,11.8,15.6,2018,1
0,30,2,4,2,3,60.0,100.0,1.8,1.8,11.8,11.4,4.0,5.0,6.6,4.0,0.6,0.6,11.0,11.4,2018,2
9,12,2,2,0,-13,40.0,0.0,2.0,0.4,15.8,7.8,5.4,2.2,4.6,3.2,1.0,2.6,7.8,19.8,2018,2
17,11,2,1,0,-4,80.0,20.0,2.0,1.0,16.0,11.4,5.6,4.8,5.8,6.0,0.2,1.4,5.8,12.6,2018,2
4,13,2,2,1,-4,40.0,20.0,1.6,1.0,12.0,12.8,4.8,4.6,5.4,4.4,1.4,1.6,14.0,11.8,2018,4
6,10,2,3,1,4,40.0,20.0,1.2,0.6,9.6,8.8,3.4,2.2,4.2,3.2,1.0,1.4,15.2,14.6,2018,4
31,18,0,1,2,13,40.0,60.0,1.2,2.2,10.4,13.4,3.4,6.0,5.4,6.2,2.0,0.2,10.6,6.6,2018,4
33,8,2,3,1,-5,40.0,0.0,1.4,0.4,11.6,7.4,3.8,2.8,6.6,3.2,1.6,2.0,10.2,15.4,2018,4
7,17,0,1,3,3,20.0,60.0,1.2,1.6,9.6,12.8,3.0,5.8,3.0,5.0,1.8,0.6,20.0,10.2,2018,5
11,21,1,1,1,-2,80.0,20.0,2.0,1.0,17.0,9.0,5.0,3.2,7.8,3.6,0.8,1.2,6.8,18.8,2018,5
12,16,1,1,1,9,40.0,40.0,1.8,1.4,16.4,11.0,5.0,4.6,5.0,6.4,2.6,1.6,12.6,12.0,2018,5
19,0,1,2,2,-4,40.0,80.0,1.2,2.8,16.4,13.0,7.2,5.2,7.6,5.4,1.4,1.4,12.0,13.2,2018,5
30,26,2,3,1,-14,60.0,0.0,1.6,0.6,15.4,12.6,6.2,5.0,4.6,4.6,1.0,2.8,12.2,12.8,2018,5
35,9,2,2,1,13,40.0,60.0,1.0,2.0,16.4,18.0,4.8,5.0,6.4,6.6,1.4,0.8,11.4,10.4,2018,5
0,13,2,1,0,-10,60.0,20.0,2.2,1.0,14.4,15.6,4.4,4.6,7.2,5.4,1.0,1.8,11.4,10.8,2018,8
4,17,0,0,4,8,40.0,60.0,1.2,1.8,11.2,13.0,4.2,6.2,5.4,6.0,1.2,0.6,15.8,10.0,2018,8
7,6,2,1,0,-8,20.0,40.0,1.4,1.0,9.8,7.6,3.8,3.0,3.6,3.2,2.0,1.6,19.4,19.2,2018,8
8,26,2,1,0,1,60.0,0.0,1.8,0.8,17.8,14.8,4.2,5.8,6.2,5.0,1.4,2.8,9.4,13.0,2018,8
9,18,2,2,0,4,40.0,80.0,1.6,2.4,15.4,12.8,5.8,6.2,4.4,6.6,0.8,0.2,8.4,6.6,2018,8
16,30,0,0,2,6,40.0,80.0,1.4,1.8,15.2,10.4,5.0,4.8,5.8,3.6,0.8,1.2,10.2,14.2,2018,8
19,12,2,4,1,-16,40.0,0.0,1.6,0.4,13.8,7.8,7.6,2.4,7.4,3.6,1.2,2.4,12.0,17.4,2018,8
33,10,2,3,2,2,60.0,0.0,2.0,0.6,13.8,11.0,5.8,2.8,8.4,3.6,1.8,2.0,8.6,13.4,2018,8
21,35,0,1,2,-8,40.0,20.0,0.6,0.8,15.4,14.0,3.8,5.2,7.4,5.0,1.4,1.0,11.4,11.0,2018,9
11,31,1,2,2,-6,80.0,20.0,2.0,0.6,17.6,11.6,4.8,2.8,9.8,6.2,0.4,1.2,6.6,10.0,2018,10
10,16,2,1,0,2,20.0,40.0,0.8,1.2,16.6,10.8,4.8,4.0,8.2,6.8,0.8,1.0,7.0,15.0,2018,15
12,33,0,0,2,5,20.0,40.0,1.2,1.6,16.4,11.2,4.0,4.0,5.8,4.0,2.4,0.8,12.8,15.4,2018,15
13,21,0,0,1,6,20.0,20.0,0.6,1.0,10.8,10.0,3.4,3.8,3.4,4.0,1.2,1.0,10.8,17.8,2018,15
18,11,2,3,1,-7,100.0,20.0,3.8,0.6,20.6,11.0,7.4,4.8,7.4,5.8,0.6,1.2,6.2,12.4,2018,15
30,7,2,1,0,-4,60.0,20.0,1.6,0.8,13.0,4.8,5.6,1.2,5.2,2.0,1.0,2.4,13.8,23.2,2018,15
31,8,2,3,2,-4,20.0,0.0,1.0,0.6,11.2,6.4,4.2,3.0,5.4,2.6,2.2,2.6,11.4,17.8,2018,15
35,4,2,2,0,6,40.0,40.0,1.2,1.8,11.6,11.8,3.8,4.4,5.0,6.8,1.6,1.8,13.4,14.2,2018,15
6,9,0,1,2,10,60.0,40.0,1.4,1.8,8.4,18.4,3.0,5.0,3.6,6.6,0.8,1.0,16.8,10.4,2018,16
17,19,2,3,1,2,80.0,20.0,2.0,1.6,14.8,10.2,4.6,4.4,5.8,4.6,0.2,2.2,6.4,16.0,2018,16
26,0,2,3,2,11,0.0,60.0,1.0,2.6,16.2,11.4,5.0,3.8,4.4,4.4,1.6,1.4,12.4,12.4,2018,16
35,17,0,0,2,14,40.0,80.0,1.2,2.4,10.6,12.4,3.2,5.8,4.4,6.4,1.6,0.4,12.6,9.6,2018,21
0,7,2,3,1,-1,60.0,0.0,2.0,0.4,15.4,5.0,4.4,0.8,7.4,2.2,1.0,2.4,10.0,22.4,2018,22
4,6,2,2,0,-3,20.0,40.0,0.8,1.0,10.6,9.6,3.6,3.0,6.0,4.0,1.8,1.4,15.8,16.4,2018,22
8,19,0,1,5,16,80.0,20.0,1.8,1.6,16.6,9.6,4.0,4.0,5.6,3.2,1.0,2.2,11.2,21.6,2018,22
9,16,0,0,1,-4,60.0,20.0,1.8,0.8,15.0,10.8,6.0,3.4,3.8,5.8,0.6,1.2,8.6,15.4,2018,22
13,26,0,1,3,-1,20.0,0.0,0.6,0.8,12.0,13.8,3.4,4.8,4.8,5.2,1.0,2.6,10.4,12.8,2018,22
18,10,0,2,3,-10,100.0,0.0,4.0,0.8,17.6,10.6,6.8,3.2,6.6,3.6,0.8,2.2,7.2,13.8,2018,22
21,12,1,0,0,-8,40.0,0.0,0.8,0.6,16.6,8.6,4.4,3.2,7.2,4.0,1.4,2.6,11.6,17.6,2018,22
33,31,0,0,2,-1,60.0,20.0,2.0,1.0,14.8,12.0,6.4,2.6,8.6,6.2,2.0,1.2,8.4,10.6,2018,22
11,30,0,2,6,5,60.0,80.0,1.8,1.8,16.2,9.8,4.6,4.0,8.6,4.6,0.8,1.2,8.4,14.6,2018,23
6,0,1,1,1,9,60.0,40.0,1.4,2.6,8.0,11.6,2.6,4.2,3.4,4.6,0.8,1.8,15.6,14.0,2018,26
7,11,0,1,5,-1,20.0,20.0,0.8,0.8,10.2,11.0,3.6,4.0,3.4,4.4,2.0,1.4,18.4,13.2,2018,26
10,8,1,0,0,-7,40.0,0.0,1.0,0.8,15.0,7.2,4.2,3.2,7.2,1.8,0.8,2.4,8.2,17.6,2018,26
12,35,1,1,1,0,20.0,40.0,1.0,1.0,16.6,14.4,4.2,4.8,5.4,5.4,2.6,1.0,11.8,10.4,2018,26
16,18,2,2,1,8,20.0,60.0,0.8,1.4,13.8,11.4,4.0,5.0,6.4,7.4,1.0,0.6,9.8,7.8,2018,26
17,21,2,4,0,-6,80.0,40.0,2.0,1.2,19.6,10.4,6.0,4.2,7.4,3.2,0.4,1.0,6.2,17.6,2018,26
19,13,2,3,1,-14,60.0,20.0,2.2,0.8,14.8,15.0,8.6,4.2,8.4,5.4,1.2,1.4,11.8,10.0,2018,26
30,4,2,5,0,-9,80.0,40.0,1.6,1.8,13.8,10.6,5.6,4.0,5.8,5.8,0.6,1.4,11.2,13.6,2018,26
31,9,0,1,2,9,40.0,60.0,1.4,2.2,11.8,17.0,4.8,4.4,5.2,5.2,2.2,1.2,11.6,10.4,2018,26
26,33,0,1,2,4,20.0,40.0,1.2,1.4,15.8,10.6,5.4,3.8,5.0,4.4,1.6,0.6,12.6,15.4,2018,27
6,11,2,1,0,7,40.0,20.0,1.4,1.4,8.6,10.2,2.4,3.6,3.8,3.8,1.0,1.4,13.6,13.8,2018,29
12,13,2,1,0,2,20.0,20.0,1.0,0.8,14.6,13.2,5.2,4.2,5.0,4.0,1.8,1.8,12.8,12.0,2018,29
16,8,0,0,1,-9,40.0,0.0,1.0,0.8,14.2,7.4,4.6,2.8,6.6,1.6,0.8,2.2,8.6,20.0,2018,29
17,0,2,5,1,-2,100.0,20.0,2.8,1.8,21.4,11.2,7.2,3.6,9.0,6.0,0.4,1.8,6.2,12.2,2018,29
30,35,0,1,3,-15,80.0,20.0,2.4,1.0,12.0,15.8,5.6,5.4,5.2,4.8,0.6,1.2,12.4,10.4,2018,29
31,21,1,1,1,4,40.0,40.0,1.6,0.8,11.0,9.0,4.8,3.0,3.8,2.4,1.8,1.2,11.6,17.2,2018,29
7,33,2,2,0,-6,20.0,60.0,0.8,1.8,11.2,10.4,3.8,4.0,4.2,3.6,2.8,0.6,17.2,15.8,2018,30
10,9,0,0,1,6,40.0,60.0,1.0,2.0,19.0,14.8,4.4,4.0,8.4,3.6,0.6,1.4,8.6,9.4,2018,30
19,4,2,4,1,-10,60.0,20.0,2.2,1.0,14.4,11.4,8.6,3.4,7.4,5.2,1.0,2.4,11.2,12.8,2018,30
26,18,0,1,3,16,20.0,60.0,1.4,1.6,15.0,12.4,5.2,5.4,5.0,7.6,1.4,1.0,11.6,8.4,2018,30
0,12,2,4,1,-12,60.0,0.0,2.0,0.2,13.6,7.6,4.4,2.8,6.4,3.2,1.0,1.8,9.8,15.0,2019,1
8,30,0,0,3,15,60.0,80.0,1.2,2.8,14.0,11.2,3.6,5.2,5.6,3.6,1.6,1.6,12.8,14.0,2019,1
11,16,0,0,1,-1,40.0,40.0,1.8,0.8,14.2,10.8,4.4,3.6,7.0,6.0,2.0,0.6,10.4,15.0,2019,1
4,31,1,3,3,-2,40.0,20.0,1.2,1.0,11.4,12.4,3.8,3.0,6.0,6.6,1.8,1.2,16.2,12.2,2019,2
9,26,1,0,0,-12,60.0,20.0,1.4,1.4,14.2,14.8,5.8,5.2,4.6,4.8,0.4,2.8,8.8,14.0,2019,2
13,7,0,1,2,9,20.0,0.0,0.8,0.6,12.6,5.4,4.2,1.2,6.0,2.6,1.4,2.0,10.8,19.6,2019,2
21,19,0,0,2,8,40.0,40.0,0.8,2.2,13.0,11.6,3.2,5.0,6.4,4.0,1.2,2.0,10.8,19.2,2019,2
33,6,1,2,2,-2,60.0,20.0,2.0,0.8,15.8,10.0,7.0,3.6,8.6,4.6,2.2,1.8,8.6,13.8,2019,2
35,10,0,0,2,7,40.0,20.0,1.2,1.4,10.8,10.2,4.0,3.2,3.0,2.6,1.6,2.2,13.8,13.6,2019,2
18,17,2,2,1,-3,80.0,80.0,3.4,2.6,16.6,13.2,5.8,6.6,7.2,7.6,1.4,0.4,7.2,9.2,2019,3
6,17,0,0,1,11,40.0,80.0,1.4,2.6,10.4,12.0,2.8,6.8,4.8,6.2,1.0,0.6,11.2,8.6,2019,12
7,12,2,2,1,-11,40.0,0.0,1.2,0.4,13.2,8.0,4.6,3.4,4.4,3.0,2.0,2.4,14.6,16.2,2019,12
8,13,1,0,0,2,60.0,20.0,1.2,0.8,13.0,12.4,3.8,3.8,5.4,4.0,2.0,1.4,12.8,12.4,2019,12
9,21,2,2,1,-5,40.0,40.0,0.8,1.0,14.6,9.4,5.8,3.4,5.2,3.2,0.2,1.4,8.6,15.2,2019,12
10,31,0,1,2,-3,40.0,20.0,0.6,1.6,16.6,11.4,3.8,3.4,7.8,5.2,0.4,1.6,9.6,15.2,2019,12
16,26,0,1,2,-8,40.0,20.0,0.8,1.2,13.2,13.6,4.6,4.4,7.0,4.4,0.8,1.6,8.8,13.8,2019,12
33,0,2,1,0,7,40.0,20.0,1.6,1.6,14.0,11.4,6.2,3.6,6.8,5.8,2.2,2.4,10.0,12.0,2019,12
11,4,2,2,0,-4,20.0,0.0,1.2,0.6,14.8,10.4,4.2,3.0,7.0,5.2,2.0,3.2,11.0,12.8,2019,13
30,19,0,0,1,1,80.0,40.0,2.6,2.2,13.2,11.2,6.0,4.8,5.8,3.4,1.0,1.8,12.0,18.4,2019,13
18,35,2,3,0,-17,80.0,40.0,2.6,1.6,14.8,13.0,5.0,4.8,6.8,4.2,1.4,1.2,6.2,12.0,2019,14
0,9,2,2,0,1,80.0,60.0,2.6,1.4,14.4,12.4,5.4,3.2,7.0,3.6,1.0,1.4,9.0,8.8,2019,19
4,33,2,2,0,-1,40.0,60.0,1.6,1.6,12.8,10.4,4.8,4.2,5.0,4.6,2.0,0.8,14.8,15.0,2019,19
17,10,2,4,3,-7,100.0,40.0,3.0,1.6,20.6,12.2,7.8,3.6,8.4,4.2,0.4,1.6,7.4,12.4,2019,19
19,6,2,2,1,-13,60.0,20.0,2.6,1.0,13.8,11.6,8.2,4.2,6.6,4.8,1.0,1.6,9.8,13.6,2019,19
21,8,2,3,0,-8,20.0,20.0,0.6,0.8,13.8,9.4,3.4,3.2,5.0,2.4,1.6,1.4,10.8,19.4,2019,19
26,11,2,2,1,9,20.0,20.0,1.6,1.2,11.6,10.0,5.2,3.2,4.2,4.2,2.0,1.2,13.2,13.2,2019,19
31,7,1,0,0,7,20.0,20.0,1.2,0.6,11.0,7.4,4.6,2.2,3.8,2.2,2.0,1.4,10.6,17.0,2019,19
35,16,2,4,3,9,40.0,40.0,0.8,0.8,9.4,9.8,2.8,3.4,2.6,4.6,1.4,0.6,15.2,16.2,2019,19
12,30,0,1,2,15,40.0,80.0,1.2,2.8,15.2,11.8,6.0,4.4,4.8,4.0,1.2,1.2,12.2,12.0,2019,20
13,18,0,0,3,15,0.0,60.0,0.8,2.0,12.4,12.6,4.2,5.4,6.0,8.0,1.8,1.2,12.6,8.6,2019,20
0,8,2,2,1,-12,100.0,20.0,2.8,0.8,15.0,9.8,5.8,3.2,5.8,3.8,0.8,1.8,9.2,19.4,2019,29
12,6,2,4,2,3,20.0,20.0,0.8,1.0,15.6,11.6,5.8,4.2,5.8,5.6,1.2,1.6,11.2,13.6,2019,29
13,11,0,0,1,8,0.0,20.0,0.6,1.4,10.4,10.2,3.2,3.4,5.2,4.4,2.2,1.6,12.6,12.4,2019,29
19,7,1,2,2,-5,80.0,20.0,3.0,0.6,15.4,8.4,8.2,2.6,5.8,3.4,1.2,1.4,8.6,14.4,2019,29
21,18,2,2,1,9,20.0,60.0,0.8,1.8,13.4,13.2,3.4,5.0,5.0,8.6,1.4,1.2,9.8,7.8,2019,29
35,33,2,3,0,5,60.0,60.0,1.6,1.4,9.4,9.8,3.6,3.4,3.0,4.0,1.6,1.0,15.6,14.0,2019,29
4,9,2,4,0,7,60.0,60.0,1.8,1.2,12.6,12.4,4.6,3.0,4.4,4.0,1.6,1.2,12.6,7.8,2019,30
17,16,1,1,1,-5,100.0,40.0,3.4,1.2,20.4,11.4,8.2,4.0,8.8,6.2,1.0,1.2,7.6,15.8,2019,30
26,10,1,1,1,6,40.0,40.0,1.8,2.2,11.0,11.4,5.2,3.8,4.2,4.2,2.0,2.4,12.2,13.8,2019,30
30,31,2,2,1,-11,60.0,40.0,2.0,1.8,13.8,12.2,6.4,2.6,6.4,5.4,1.0,1.6,12.0,15.4,2019,30
6,31,1,0,0,1,40.0,40.0,1.2,2.0,9.0,12.4,2.2,2.8,4.0,4.8,1.0,1.6,11.6,17.4,2019,2
7,26,1,1,1,-10,60.0,40.0,1.4,1.2,12.6,11.4,3.8,3.4,3.8,4.0,1.8,1.2,13.6,16.4,2019,2
8,4,2,2,0,6,40.0,0.0,0.8,0.4,9.6,10.8,2.6,3.6,5.2,5.0,1.8,3.2,14.2,12.2,2019,2
9,13,2,5,0,-11,60.0,0.0,1.2,0.4,13.6,12.4,6.2,3.0,5.8,5.0,0.4,1.4,9.2,10.6,2019,2
10,12,2,2,0,-7,40.0,0.0,0.8,0.6,17.4,8.8,4.2,3.6,7.2,3.6,0.6,2.4,10.6,14.4,2019,2
11,35,0,1,3,-10,20.0,40.0,1.4,1.4,14.6,11.2,3.2,3.8,6.6,4.0,2.0,1.6,12.8,14.8,2019,2
30,21,2,1,0,-7,60.0,20.0,1.8,0.8,14.6,7.8,5.4,3.2,6.6,3.2,1.0,1.6,10.2,14.4,2019,2
16,19,0,0,1,7,40.0,60.0,1.0,2.2,13.4,12.6,4.8,6.2,6.6,4.0,1.2,1.2,9.2,19.2,2019,3
18,0,2,3,1,-5,80.0,0.0,2.6,1.2,16.2,9.6,5.8,3.2,8.2,4.8,1.2,2.4,5.6,12.0,2019,3
33,17,1,1,1,9,60.0,80.0,1.8,2.2,14.4,12.0,6.6,6.0,6.6,6.6,1.4,0.6,10.4,9.0,2019,4
11,18,0,0,2,7,20.0,40.0,1.4,1.6,13.4,12.6,3.4,4.4,4.4,8.0,2.4,1.4,12.8,6.8,2019,6
6,7,0,1,3,8,20.0,20.0,0.6,1.0,11.4,8.8,2.4,3.4,4.6,3.6,0.8,1.4,9.0,14.2,2019,9
10,33,1,1,1,-2,40.0,40.0,0.8,0.8,15.0,9.2,3.6,2.6,7.4,3.6,0.6,1.6,11.4,14.8,2019,9
12,19,0,0,3,16,40.0,80.0,1.4,2.0,15.4,12.4,5.8,6.4,5.8,3.4,1.4,0.8,11.6,19.4,2019,9
13,0,0,1,2,10,0.0,0.0,0.4,1.0,11.0,8.6,3.2,2.8,5.4,4.4,2.0,2.6,11.8,13.8,2019,9
17,4,2,3,0,-8,80.0,0.0,3.4,0.2,19.2,11.8,8.2,3.8,8.6,5.6,1.2,3.0,6.8,11.4,2019,9
26,8,0,1,2,-1,40.0,20.0,1.6,0.8,10.4,11.8,4.8,2.6,4.2,4.4,1.8,1.6,13.0,19.0,2019,9
31,11,2,1,0,6,20.0,40.0,1.2,1.6,11.8,10.4,5.2,3.8,3.0,5.0,1.4,1.4,10.8,11.2,2019,9
18,9,2,6,0,-4,80.0,60.0,2.6,1.0,16.8,11.2,7.0,3.8,7.4,4.4,1.2,1.6,5.6,9.0,2019,10
30,16,2,3,1,-6,60.0,40.0,1.8,1.2,15.8,9.8,5.6,3.4,6.2,4.8,1.0,1.2,11.0,12.8,2019,10
35,21,1,1,1,8,60.0,20.0,1.8,0.6,12.2,7.8,5.0,2.6,3.8,3.4,1.4,1.6,13.0,14.8,2019,11
8,31,0,1,5,4,40.0,40.0,0.8,1.6,8.6,10.4,3.0,2.2,5.0,3.6,1.6,1.2,13.0,19.2,2019,22
33,12,2,3,1,-5,40.0,0.0,1.4,0.6,13.6,8.6,4.8,2.8,5.0,2.6,1.4,2.4,10.8,14.6,2019,22
4,35,1,1,1,-6,60.0,60.0,2.2,1.8,13.8,9.8,5.6,3.8,4.2,3.0,1.4,1.4,10.2,14.0,2019,23
7,30,2,2,1,4,60.0,80.0,1.4,3.0,13.6,12.4,3.8,5.0,3.6,4.8,1.4,1.4,12.0,12.2,2019,23
16,10,0,1,4,-2,20.0,40.0,0.6,2.2,15.4,10.8,5.4,3.4,7.2,4.8,1.4,2.0,9.6,14.6,2019,23
21,13,2,2,0,-6,40.0,0.0,1.2,0.2,11.4,8.8,3.0,2.2,3.8,3.8,1.0,2.0,10.8,14.0,2019,23
0,26,2,2,0,-11,100.0,40.0,2.4,1.2,13.6,9.8,5.2,3.2,5.0,3.2,0.6,0.8,10.8,16.8,2019,24
19,17,1,0,0,-2,80.0,60.0,3.0,1.8,19.0,10.6,8.6,4.8,7.2,5.8,1.2,0.6,8.0,9.6,2019,24
8,11,0,0,3,10,20.0,40.0,0.8,1.4,9.0,10.4,3.4,4.2,4.2,5.0,2.6,1.0,13.0,10.0,2019,26
13,35,2,1,0,-2,0.0,40.0,0.6,1.6,11.0,9.2,3.4,3.0,4.4,3.4,2.2,1.4,12.0,13.6,2019,26
16,6,2,2,1,-6,20.0,0.0,0.8,1.0,18.6,11.8,5.8,4.2,7.6,4.6,1.8,2.2,9.6,17.0,2019,26
21,7,2,2,0,3,60.0,40.0,1.4,1.6,14.8,9.8,4.6,4.4,5.4,3.6,0.6,1.4,8.8,14.4,2019,26
0,4,2,5,1,-6,100.0,0.0,2.6,0.2,13.2,11.6,5.6,3.6,4.8,6.0,0.6,3.2,11.6,13.6,2019,27
9,30,2,2,0,2,60.0,80.0,1.8,2.8,15.0,13.6,5.8,5.0,7.2,5.0,0.4,1.0,8.4,9.8,2019,27
10,19,0,1,3,9,20.0,100.0,0.8,2.4,18.4,14.2,4.4,7.4,8.6,3.8,0.8,0.2,10.2,15.2,2019,27
17,31,2,5,0,-10,80.0,40.0,3.4,2.2,16.0,10.6,7.8,2.6,7.6,3.4,1.0,1.4,8.0,18.6,2019,27
18,33,2,1,0,-12,80.0,20.0,3.2,0.6,17.2,9.2,7.8,2.8,6.6,3.6,1.0,1.8,6.2,16.6,2019,27
26,12,2,2,0,-1,20.0,0.0,1.2,0.6,10.8,8.2,4.8,3.0,5.0,2.0,1.8,2.2,11.6,14.8,2019,27
4,18,0,0,1,11,60.0,60.0,2.4,2.0,14.2,12.8,5.8,4.4,4.8,6.6,0.8,1.0,10.2,6.0,2019,2
6,13,2,1,0,-1,20.0,0.0,0.6,0.2,13.4,8.2,3.2,2.4,5.6,3.6,1.0,2.2,8.8,17.0,2019,2
7,10,0,1,3,-4,60.0,60.0,1.6,2.6,12.8,10.6,3.8,3.6,4.6,4.8,1.6,1.6,12.6,17.4,2019,2
19,26,2,3,2,-15,60.0,40.0,2.2,1.2,16.2,9.4,7.0,3.8,5.8,2.6,1.0,1.0,7.4,16.6,2019,2
30,0,1,1,1,-3,60.0,20.0,1.4,1.0,16.2,7.8,5.2,2.8,6.0,3.4,1.2,2.2,12.2,14.4,2019,2
33,21,2,2,0,3,40.0,0.0,1.4,0.6,15.2,8.0,5.0,2.2,6.4,3.4,1.2,1.8,10.8,16.2,2019,2
35,8,2,2,0,0,40.0,40.0,1.6,0.8,14.8,11.0,5.6,2.6,5.4,4.8,1.6,1.2,12.2,18.4,2019,2
11,17,1,0,0,4,20.0,40.0,1.0,1.0,11.8,10.0,2.6,4.2,4.2,6.0,2.4,0.6,12.8,9.2,2019,3
12,9,0,1,2,13,40.0,40.0,1.4,0.6,15.2,11.6,5.6,4.0,5.6,4.6,1.6,2.6,13.4,10.8,2019,3
31,16,2,2,1,5,40.0,40.0,1.2,1.4,11.0,11.4,4.2,4.8,4.0,5.8,1.0,1.6,9.6,13.6,2019,3
8,33,2,2,0,5,20.0,0.0,0.6,0.2,8.4,6.4,2.8,2.0,4.0,3.0,2.2,1.8,12.0,18.4,2019,9
10,6,0,1,2,-4,20.0,0.0,1.0,1.2,15.6,12.0,3.8,4.6,7.2,4.8,1.4,2.4,11.0,18.0,2019,9
13,4,0,0,2,4,20.0,0.0,0.6,0.4,10.8,11.4,3.0,3.8,3.4,6.0,1.6,3.2,10.8,14.8,2019,9
16,12,2,3,1,-9,20.0,0.0,0.8,0.6,20.4,10.2,5.4,3.4,7.8,2.8,1.8,2.6,10.4,15.8,2019,9
18,31,2,3,1,-13,100.0,40.0,3.0,1.6,17.4,9.4,8.2,2.6,6.4,3.8,0.4,1.8,5.6,17.4,2019,9
21,11,2,3,2,2,80.0,40.0,1.8,1.0,15.4,10.2,5.2,3.8,5.0,4.4,0.6,0.8,10.4,9.0,2019,9
26,30,2,2,1,14,40.0,60.0,1.4,2.4,11.4,14.0,4.6,4.6,5.6,4.4,1.4,1.4,11.2,9.8,2019,9
0,19,2,2,0,4,100.0,100.0,3.0,2.0,14.4,13.4,5.6,6.4,6.4,3.6,0.6,0.2,12.8,16.8,2019,10
9,35,1,1,1,-13,60.0,40.0,1.8,1.4,15.6,7.8,5.0,2.0,7.4,4.4,0.4,1.4,7.4,14.4,2019,10
17,7,2,4,2,-3,80.0,40.0,3.6,1.4,16.6,10.8,8.2,4.4,6.8,4.4,1.0,1.2,7.8,14.8,2019,10
4,21,1,2,2,2,40.0,0.0,2.0,0.6,11.4,10.2,5.2,2.2,3.6,4.2,1.0,1.4,12.8,15.0,2019,16
7,16,0,1,2,-2,60.0,20.0,1.6,1.4,14.2,12.6,3.8,4.6,5.2,5.8,1.2,2.0,12.0,11.4,2019,16
33,13,2,4,3,-3,60.0,0.0,1.8,0.0,13.6,7.4,4.4,2.8,4.6,3.6,0.8,1.8,12.0,16.4,2019,16
11,9,2,2,0,3,20.0,40.0,0.6,0.6,11.2,13.6,2.6,4.6,4.4,4.6,1.2,2.6,11.4,11.2,2019,17
12,17,0,1,2,14,40.0,20.0,1.4,0.6,15.4,9.0,4.8,3.6,6.2,5.4,1.8,0.6,14.6,8.4,2019,17
6,26,0,0,1,-2,40.0,20.0,0.6,1.0,13.6,8.0,3.4,3.2,6.0,3.6,0.8,1.4,8.6,16.6,2019,30
7,35,2,2,0,-11,40.0,20.0,1.4,1.0,13.4,6.0,3.2,1.4,6.0,3.0,1.6,1.4,11.6,16.8,2019,30
10,13,2,2,0,-5,20.0,0.0,1.2,0.6,17.8,8.6,4.4,2.8,8.2,4.6,1.6,2.4,9.4,16.8,2019,30
12,18,0,0,2,17,20.0,80.0,1.4,2.0,14.0,15.2,4.2,5.0,5.6,8.0,2.2,0.6,16.0,4.0,2019,30
16,4,2,2,0,-3,40.0,20.0,1.4,0.6,20.8,11.6,5.6,4.2,7.0,6.0,1.8,2.4,9.2,14.2,2019,30
19,31,2,2,1,-12,60.0,20.0,2.2,1.4,16.2,6.6,6.2,2.4,6.6,2.6,1.2,2.2,6.6,18.2,2019,30
33,11,0,0,2,5,80.0,40.0,2.2,1.4,14.2,9.0,4.2,3.6,5.4,3.6,1.0,1.2,12.4,10.6,2019,30
8,9,0,1,2,13,40.0,20.0,1.0,0.4,10.4,14.4,3.6,4.8,4.4,4.6,1.6,3.0,11.2,13.4,2019,31
17,30,2,2,1,1,80.0,40.0,3.4,1.4,18.2,13.8,7.2,4.0,7.2,6.2,1.2,1.4,6.8,10.2,2019,31
0,21,2,2,0,-4,100.0,0.0,2.6,0.8,14.0,11.0,4.4,2.6,5.8,4.2,0.4,1.6,13.8,14.6,2019,1
31,12,2,4,1,-4,40.0,0.0,1.0,0.6,8.8,9.6,3.6,3.2,3.2,3.2,0.8,2.4,10.4,16.2,2019,2
35,19,2,2,1,16,60.0,80.0,2.0,1.6,15.2,13.0,5.8,5.8,6.6,3.6,1.2,0.6,11.6,16.8,2019,2
9,6,2,3,0,-10,60.0,20.0,2.0,1.6,16.6,10.8,5.2,4.2,8.2,3.8,0.4,2.2,6.2,18.2,2019,3
18,8,2,2,0,-17,100.0,40.0,3.2,0.8,19.4,11.6,9.2,2.6,7.8,6.2,0.4,1.6,4.6,14.8,2019,3
30,10,2,2,0,-8,60.0,60.0,1.4,2.6,16.2,11.6,5.2,3.8,5.4,5.8,0.8,1.4,11.8,17.2,2019,3
26,17,0,1,3,13,60.0,40.0,1.6,0.8,12.8,10.8,4.6,3.8,5.2,7.2,1.0,0.4,11.6,8.0,2019,5
4,7,0,1,3,5,40.0,20.0,1.8,1.4,8.4,8.2,3.4,3.2,4.0,4.6,0.8,1.8,13.0,17.6,2019,6
13,16,0,1,4,7,20.0,20.0,0.4,1.6,10.6,12.8,2.8,4.6,3.6,5.4,1.6,2.2,9.2,10.6,2019,6
21,10,0,0,1,-1,100.0,40.0,2.4,2.2,16.4,9.2,6.0,3.2,6.4,4.2,0.6,1.8,8.6,20.6,2019,6
11,0,2,1,0,2,40.0,20.0,1.0,1.0,10.8,8.2,3.8,2.8,3.8,2.4,1.0,2.2,13.0,14.0,2019,7
9,33,2,2,0,-8,80.0,0.0,2.6,0.2,16.6,6.0,4.8,1.6,8.2,3.0,0.4,1.8,5.6,18.2,2019,8
16,21,0,0,1,-1,60.0,0.0,1.6,0.6,19.8,9.8,5.2,2.4,6.2,3.6,1.4,1.6,9.2,14.0,2019,12
6,4,0,0,5,3,20.0,20.0,0.4,0.6,14.2,10.0,3.0,3.2,6.0,4.4,1.0,2.4,7.6,14.8,2019,13
7,8,2,2,0,-11,40.0,20.0,1.4,0.6,12.2,10.0,3.4,2.2,5.8,6.2,1.4,2.0,10.8,17.0,2019,13
12,11,2,2,0,10,20.0,60.0,1.2,1.6,12.6,11.0,3.4,5.0,4.2,4.2,2.2,0.8,18.0,9.0,2019,13
19,33,2,2,1,-11,60.0,0.0,1.8,0.2,15.6,6.0,5.6,1.8,6.4,3.2,1.2,1.8,9.2,19.4,2019,13
26,35,2,3,1,-1,40.0,20.0,1.4,1.0,12.8,7.0,4.0,1.6,5.2,3.8,1.4,1.2,13.6,13.0,2019,13
30,13,2,4,0,-13,80.0,0.0,1.8,0.6,17.2,8.8,5.0,3.4,5.6,3.6,0.6,2.8,10.2,20.0,2019,13
10,18,0,1,3,10,40.0,80.0,1.4,1.8,18.6,17.2,4.2,5.2,7.8,8.6,1.2,0.4,9.2,4.0,2019,14
17,9,2,2,0,-1,80.0,40.0,3.0,0.8,17.2,16.0,6.0,5.2,7.6,4.8,0.8,2.8,7.2,12.4,2019,14
31,0,0,0,1,8,60.0,20.0,1.6,0.8,9.8,8.0,4.6,2.8,3.8,3.0,0.6,1.4,11.8,15.6,2019,15
6,8,0,0,2,-3,20.0,20.0,0.4,0.6,14.4,11.0,3.2,2.4,6.4,5.0,1.8,1.8,8.4,16.6,2019,16
4,12,0,0,1,-6,20.0,0.0,1.6,0.6,8.4,10.6,3.0,3.8,4.2,2.8,1.4,2.8,13.4,17.0,2019,20
13,31,0,1,2,2,20.0,20.0,0.6,1.4,11.6,8.8,3.2,3.8,5.0,2.6,1.8,2.2,10.4,16.4,2019,20
18,30,2,1,0,-2,100.0,20.0,3.0,1.0,20.0,13.4,9.6,3.6,6.8,6.2,0.4,1.8,4.8,11.8,2019,20
21,26,2,3,1,-7,80.0,40.0,1.8,1.2,16.8,8.4,5.8,3.2,6.8,4.2,0.8,1.4,7.4,16.0,2019,20
33,16,1,2,2,4,60.0,40.0,2.0,1.8,12.6,13.2,3.8,5.2,4.8,4.6,1.4,1.6,13.6,10.2,2019,20
35,6,1,0,0,3,80.0,20.0,2.4,1.2,15.2,8.8,6.0,3.2,6.6,3.0,1.0,2.4,11.8,19.0,2019,20
0,10,0,2,3,-5,100.0,60.0,2.6,1.8,12.8,8.0,4.2,2.8,6.0,4.4,0.4,1.0,11.8,20.4,2019,21
8,17,0,0,2,14,40.0,40.0,1.2,1.2,11.4,12.2,4.2,4.2,4.2,6.8,2.0,0.6,12.6,8.8,2019,21
11,19,2,4,0,6,40.0,60.0,0.8,1.6,12.4,14.0,4.4,5.0,4.6,3.8,1.0,1.0,11.2,14.4,2019,21
9,7,1,2,2,-2,80.0,40.0,2.6,2.0,17.8,8.2,5.0,3.2,8.0,4.4,0.2,2.0,5.6,17.8,2019,22
30,6,2,1,0,-12,80.0,20.0,2.2,1.0,18.2,8.4,5.4,2.6,4.6,2.2,0.4,2.0,9.8,19.4,2019,23
31,26,1,1,1,-3,60.0,20.0,1.4,1.0,9.6,9.8,4.2,3.2,4.4,5.8,0.6,1.8,14.0,14.4,2019,23
19,18,0,0,2,1,60.0,80.0,1.8,1.8,14.4,18.8,5.4,5.6,5.8,9.6,1.2,0.6,11.4,4.4,2019,24
35,0,2,3,1,12,60.0,40.0,1.6,1.0,17.2,9.6,5.6,3.6,8.4,3.2,0.4,1.2,9.6,15.6,2019,24
17,13,2,5,0,-12,100.0,0.0,3.2,0.6,18.2,9.2,6.8,3.2,8.0,3.6,0.6,2.6,7.4,19.8,2019,26
6,21,1,1,1,5,20.0,20.0,0.4,0.8,13.0,10.4,2.8,3.0,6.0,3.6,2.2,1.4,9.4,12.2,2019,27
10,11,1,0,0,3,20.0,40.0,1.2,1.4,16.6,10.6,3.6,4.2,6.0,4.0,1.8,1.2,11.6,9.4,2019,27
12,8,2,1,0,0,20.0,40.0,0.8,0.8,10.2,9.2,3.0,2.6,3.6,4.4,1.8,1.4,16.6,16.4,2019,27
26,4,1,3,3,5,60.0,40.0,1.8,1.6,12.8,11.0,4.4,4.2,5.4,3.2,1.4,2.0,14.0,14.0,2019,27
30,33,0,0,1,-10,80.0,0.0,2.2,0.4,19.8,8.8,5.6,2.6,4.6,5.2,0.4,1.6,9.4,18.2,2019,27
31,35,0,1,2,-4,60.0,0.0,1.6,0.6,10.8,8.8,4.2,1.2,4.8,5.4,0.8,1.6,13.4,13.0,2019,27
7,18,0,0,1,6,60.0,100.0,1.6,2.0,12.0,18.0,3.6,5.8,6.6,8.2,1.2,0.2,11.6,5.6,2019,28
16,0,2,3,0,3,60.0,40.0,1.6,1.0,18.8,11.0,5.0,3.4,5.2,3.8,1.4,1.2,9.4,14.0,2019,28
19,9,1,1,1,-3,60.0,40.0,1.4,0.8,11.2,15.0,3.8,4.4,3.8,3.8,1.2,2.4,11.8,13.0,2019,28
11,7,2,2,0,1,60.0,40.0,1.4,2.0,12.8,8.2,5.2,3.0,6.0,4.0,0.4,2.0,11.0,16.6,2019,3
4,30,2,1,0,9,0.0,0.0,0.8,0.6,9.0,12.6,2.6,3.4,4.2,5.0,1.6,1.8,14.6,12.4,2019,4
8,10,0,2,3,7,20.0,80.0,0.8,2.2,10.4,8.2,3.6,3.6,4.0,3.4,2.4,1.2,14.2,20.2,2019,4
21,17,0,2,3,6,80.0,60.0,2.0,1.4,18.6,13.4,6.6,4.2,7.4,7.8,0.8,0.4,8.0,7.6,2019,4
33,26,2,3,0,-4,60.0,20.0,2.2,1.0,12.2,9.4,4.0,3.2,5.6,6.2,1.6,1.8,13.6,14.4,2019,4
35,12,2,1,0,0,60.0,20.0,1.6,0.8,15.4,12.4,4.4,4.8,8.4,4.0,0.6,2.4,11.0,16.6,2019,4
0,6,1,1,1,-9,80.0,20.0,2.6,0.6,12.2,6.6,4.4,1.6,6.8,2.6,0.8,1.4,11.2,20.4,2019,5
9,31,2,3,0,-9,60.0,40.0,2.0,1.8,17.6,10.0,5.4,5.0,7.8,3.0,0.6,2.4,5.8,14.8,2019,5
13,19,1,1,1,14,20.0,40.0,0.8,1.4,12.2,13.4,3.4,4.0,4.8,3.8,2.0,1.8,10.6,14.0,2019,5
18,16,2,1,0,-8,100.0,40.0,2.6,2.0,19.2,14.4,8.0,5.8,6.8,6.0,0.2,1.8,6.0,10.4,2019,6
6,18,0,1,4,14,20.0,100.0,0.4,1.8,11.6,20.0,2.0,6.4,5.6,8.2,1.8,0.2,9.4,5.2,2019,12
7,0,0,1,3,1,40.0,20.0,1.2,0.6,10.4,10.4,2.8,2.8,5.2,5.0,1.2,1.6,13.2,15.8,2019,12
10,4,2,5,3,-1,20.0,40.0,1.0,2.2,13.2,10.4,2.6,4.8,5.0,2.8,1.6,2.0,14.8,14.4,2019,12
12,21,0,0,4,8,40.0,20.0,1.0,0.8,8.8,10.4,2.8,2.6,4.6,4.2,1.2,1.4,16.2,9.6,2019,12
16,9,1,0,0,4,80.0,40.0,2.0,1.0,18.2,15.8,6.4,4.2,5.2,4.6,0.6,1.4,9.2,11.4,2019,12
17,35,2,2,0,-14,100.0,20.0,3.6,0.8,18.4,9.0,6.4,1.6,7.2,4.8,0.6,1.6,6.0,13.0,2019,12
19,8,0,0,2,-16,60.0,20.0,1.6,0.4,11.4,10.6,4.2,3.6,4.4,4.6,1.4,1.4,13.6,15.2,2019,12
26,13,1,1,1,1,60.0,0.0,2.2,0.6,14.4,9.6,4.4,3.2,5.6,4.4,1.6,3.2,14.6,18.2,2019,12
30,11,1,2,2,-5,60.0,40.0,1.6,1.4,20.2,13.2,5.4,4.0,4.6,5.6,0.4,1.0,8.6,9.6,2019,12
31,33,0,1,4,1,40.0,20.0,1.6,0.4,11.4,10.8,4.0,3.2,4.0,5.8,1.2,1.4,13.8,16.0,2019,12
17,22,2,4,1,-16,100.0,20.0,3.0,0.2,17.2,10.0,5.4,2.6,6.8,4.2,0.6,1.2,6.4,12.4,2019,9
33,18,0,0,5,9,60.0,100.0,2.2,2.4,11.4,19.4,3.8,6.8,3.6,6.6,1.4,0.4,14.2,6.4,2019,10
7,26,2,3,0,-1,40.0,20.0,1.2,1.0,9.6,9.6,3.0,2.6,4.4,6.8,1.2,2.0,14.6,15.4,2019,10
10,11,1,0,0,4,40.0,20.0,1.8,1.2,13.2,14.2,3.8,5.0,4.8,5.6,1.6,1.4,15.4,10.6,2019,10
31,6,0,0,3,-6,20.0,20.0,1.4,0.6,13.6,5.8,4.6,2.0,5.2,1.6,1.8,1.2,14.2,20.6,2019,10
30,1,2,3,1,-14,60.0,0.0,1.8,0.4,20.4,6.6,5.4,1.6,5.4,3.6,0.6,2.6,10.2,15.8,2019,10
16,35,1,0,0,2,60.0,20.0,1.6,0.8,16.2,9.0,6.4,2.0,5.2,4.0,0.4,1.8,9.0,12.6,2019,11
21,0,0,0,1,8,60.0,40.0,2.0,1.0,15.6,12.0,5.6,3.2,5.4,5.2,1.4,1.6,9.6,16.6,2019,11
19,9,2,4,0,3,40.0,20.0,1.0,0.6,13.4,14.6,5.0,3.6,4.8,4.8,1.4,1.2,15.0,10.8,2019,11
0,7,2,2,1,-10,60.0,20.0,2.4,1.4,13.8,7.4,5.2,2.2,8.8,3.6,1.0,2.2,11.4,17.4,2019,17
1,4,0,1,2,4,0.0,40.0,0.6,2.6,10.0,11.0,2.8,5.4,4.2,2.8,2.4,2.0,13.6,14.6,2019,17
6,33,1,1,1,7,0.0,40.0,0.4,1.2,10.2,13.6,1.6,4.8,4.8,5.8,2.6,1.4,12.2,15.4,2019,17
11,31,2,1,0,-3,80.0,20.0,1.8,0.8,16.0,10.6,6.2,4.2,6.6,3.6,0.0,2.8,9.0,15.6,2019,17
22,21,2,3,1,5,40.0,40.0,1.4,1.6,12.6,9.6,4.0,3.4,5.8,4.0,1.6,1.0,12.6,10.8,2019,17
26,17,0,1,2,14,40.0,80.0,2.0,2.0,13.6,14.2,4.2,4.8,5.0,7.0,1.8,0.8,13.8,9.2,2019,17
18,30,1,2,2,-3,100.0,0.0,1.6,0.4,20.0,11.4,7.2,3.2,8.6,5.0,0.2,1.6,5.0,14.4,2019,17
9,16,1,1,1,-6,60.0,40.0,2.2,1.8,19.2,11.8,7.0,4.4,8.6,4.2,0.6,1.4,7.0,11.8,2019,18
35,19,1,1,1,1,80.0,20.0,1.6,1.0,14.8,15.0,4.4,4.0,7.2,4.4,0.4,2.0,10.4,12.4,2019,19
1,11,2,2,0,10,0.0,20.0,0.8,0.8,12.2,14.8,3.8,5.0,5.2,5.6,2.4,0.8,12.2,8.0,2019,23
22,9,0,2,3,15,60.0,20.0,2.0,0.6,14.6,15.0,5.6,4.0,6.6,5.0,1.8,1.6,11.6,10.0,2019,24
6,26,0,0,2,1,0.0,20.0,0.6,0.6,10.6,10.6,2.2,2.6,5.2,6.8,2.6,2.0,12.2,14.2,2019,24
19,10,0,1,2,-6,40.0,60.0,1.4,1.4,14.0,10.2,5.0,4.0,4.8,3.6,1.2,1.4,14.6,17.8,2019,24
31,33,0,1,3,1,0.0,40.0,0.6,1.4,12.8,13.4,3.8,5.0,5.0,6.0,2.2,1.2,11.8,15.4,2019,24
17,0,2,3,1,-3,100.0,60.0,3.0,1.2,15.6,12.2,5.8,3.2,7.6,4.6,0.4,1.4,8.2,13.8,2019,24
4,18,0,1,3,13,20.0,100.0,1.0,3.0,13.6,17.4,3.8,7.2,5.0,4.6,1.4,0.4,11.8,6.4,2019,25
30,21,0,0,1,-9,60.0,40.0,2.0,1.4,21.4,9.2,4.8,3.2,6.6,3.8,0.8,1.2,10.6,11.8,2019,25
35,7,1,1,1,-8,60.0,20.0,1.4,1.6,13.4,8.6,3.6,2.8,6.6,3.6,0.6,2.2,9.8,18.2,2019,25
26,19,1,1,1,10,20.0,0.0,1.8,0.6,14.0,14.2,4.0,3.6,5.8,4.4,2.0,2.0,13.6,10.2,2019,31
10,1,2,1,0,-6,40.0,0.0,1.6,0.6,11.4,7.6,3.6,2.2,4.4,3.4,1.2,2.4,16.6,17.6,2019,31
16,4,2,3,1,-5,40.0,40.0,1.0,2.6,15.6,11.8,5.0,5.2,6.4,2.8,0.2,2.2,9.4,17.4,2019,31
18,6,2,4,0,-16,80.0,20.0,1.8,0.8,22.0,6.0,7.8,2.0,8.8,2.0,0.6,1.0,5.2,19.8,2019,31
21,31,1,1,1,2,40.0,20.0,1.6,0.8,15.0,11.2,5.4,4.0,5.6,4.2,1.6,2.0,8.8,14.2,2019,31
33,22,2,2,0,-8,40.0,20.0,1.8,0.4,10.4,10.8,3.6,3.0,3.6,4.6,2.4,1.8,13.6,13.4,2019,31
7,17,0,0,3,13,60.0,100.0,1.6,2.4,9.0,15.2,3.4,5.4,3.0,7.4,0.8,1.0,15.0,10.6,2019,31
11,35,2,3,2,1,100.0,20.0,2.0,0.6,17.0,10.2,6.0,2.2,6.8,4.6,0.0,1.6,8.6,11.2,2019,1
0,30,1,2,2,1,60.0,0.0,1.8,0.8,13.8,10.2,5.8,3.6,9.0,5.0,1.0,1.6,12.4,18.2,2019,1
17,21,2,3,1,-11,100.0,60.0,3.2,1.6,17.8,10.2,6.2,3.6,6.8,4.6,0.4,0.8,7.8,13.8,2019,14
6,7,1,1,1,2,0.0,20.0,0.6,1.4,11.4,10.6,2.6,3.2,6.0,3.6,2.0,1.6,11.8,17.0,2019,14
19,16,2,1,0,-3,20.0,40.0,1.2,1.8,15.6,11.6,4.8,4.2,5.8,4.4,1.4,1.2,12.0,12.4,2019,14
30,10,2,4,0,-8,40.0,80.0,1.2,1.8,20.4,10.2,4.2,4.4,7.0,3.4,1.0,1.2,10.8,17.0,2019,14
35,9,0,2,5,4,40.0,20.0,1.2,0.8,15.0,15.4,3.6,5.0,6.8,5.2,0.6,1.8,8.8,9.6,2019,14
22,18,2,3,2,17,40.0,100.0,1.8,3.0,13.2,17.2,5.4,7.0,5.6,3.8,2.0,0.4,13.6,7.0,2019,14
4,11,2,3,1,6,20.0,0.0,0.8,0.4,13.6,13.8,4.6,3.4,4.6,5.0,1.6,1.2,13.2,8.8,2019,15
31,0,1,2,2,6,0.0,40.0,0.8,1.2,15.2,10.2,3.8,2.6,5.4,4.6,2.6,2.0,11.2,16.6,2019,15
1,33,1,0,0,8,20.0,60.0,1.2,2.0,10.6,14.8,3.6,6.6,3.8,6.6,1.6,1.0,12.4,16.8,2019,16
26,4,0,1,3,2,20.0,40.0,1.8,2.8,13.8,11.8,4.2,5.2,4.8,3.6,1.6,2.4,14.4,16.4,2019,20
16,30,2,2,1,5,40.0,0.0,1.2,1.0,14.6,9.6,5.2,4.4,6.0,4.2,0.4,1.6,9.4,21.0,2019,21
7,22,2,2,0,-3,40.0,0.0,1.2,0.2,9.4,11.0,3.6,3.4,4.0,4.4,1.4,2.2,16.4,15.0,2019,21
18,31,2,8,0,-10,80.0,20.0,2.0,0.8,21.2,13.4,7.2,4.4,8.6,5.0,0.4,1.6,6.0,13.0,2019,21
21,6,1,0,0,-4,20.0,20.0,1.2,0.8,13.8,6.6,5.0,2.2,5.2,2.0,1.4,1.2,10.0,19.4,2019,21
10,35,1,1,1,5,40.0,20.0,1.4,1.0,12.0,10.2,3.6,3.0,6.0,5.0,1.2,1.8,15.6,13.2,2019,22
33,19,2,2,0,4,40.0,0.0,1.4,0.8,10.8,15.6,4.2,4.4,4.2,4.6,1.8,1.8,12.2,9.4,2019,22
0,1,2,3,2,-13,40.0,0.0,1.8,0.6,16.2,7.2,6.8,2.2,10.2,2.6,1.4,2.4,12.2,20.0,2019,22
9,17,0,1,2,1,40.0,100.0,2.0,2.6,16.8,15.0,7.0,5.6,6.0,6.2,1.0,0.8,10.0,10.6,2019,22
1,7,1,2,2,3,20.0,0.0,1.0,1.0,11.4,9.8,4.4,2.8,3.6,3.6,1.2,1.6,12.6,17.8,2019,28
4,33,1,2,2,4,40.0,60.0,1.2,1.8,14.2,13.8,5.4,6.0,5.4,5.2,1.2,0.6,13.8,16.0,2019,28
9,6,2,2,0,-14,20.0,20.0,1.8,0.8,16.2,8.8,6.0,2.8,5.8,2.4,1.4,1.2,9.4,17.2,2019,28
10,22,2,2,0,-6,40.0,0.0,1.4,0.2,13.2,10.6,3.8,3.0,6.8,4.2,0.8,2.4,14.4,15.0,2019,28
30,26,2,2,1,-12,40.0,40.0,1.8,0.8,17.2,10.6,4.2,3.8,6.6,5.8,1.0,1.4,11.8,14.2,2019,28
35,31,2,2,0,-4,40.0,20.0,1.6,0.6,12.8,10.4,3.4,3.6,5.4,4.8,1.6,2.8,10.8,17.0,2019,28
11,18,0,1,3,7,80.0,80.0,2.0,3.0,15.6,20.6,5.0,7.6,8.2,6.8,0.8,1.0,6.0,6.0,2019,28
16,21,2,5,0,-4,60.0,40.0,1.6,1.6,15.4,9.6,5.6,2.8,7.2,4.2,0.4,1.4,9.4,15.6,2019,29
19,0,1,1,1,1,40.0,40.0,1.4,1.4,15.2,10.0,5.6,3.2,6.2,3.8,1.0,1.8,12.2,20.6,2019,30
6,30,2,3,0,13,0.0,0.0,0.8,1.0,11.4,9.6,3.2,4.8,5.6,4.0,1.8,1.6,11.2,21.4,2019,5
7,11,2,1,0,7,40.0,0.0,1.2,0.6,9.2,15.0,3.4,4.2,3.8,5.8,1.4,1.4,15.8,9.0,2019,5
17,16,2,2,1,-7,100.0,20.0,3.4,1.0,19.0,9.8,6.6,3.0,7.0,5.2,0.6,1.2,8.2,12.4,2019,5
22,1,0,1,5,0,60.0,0.0,2.4,1.0,10.8,8.6,4.8,3.8,3.4,2.8,1.8,2.8,17.0,21.6,2019,5
33,10,0,1,2,-2,60.0,60.0,1.8,1.6,11.8,11.8,5.2,5.4,4.0,3.2,1.4,2.0,10.6,16.0,2019,5
0,4,2,1,0,-9,40.0,40.0,2.0,2.4,19.0,10.2,7.2,4.4,10.8,4.4,1.8,2.6,14.4,19.8,2019,6
18,35,0,0,2,-6,80.0,20.0,3.2,1.0,21.4,9.6,7.2,3.4,8.2,4.6,0.4,1.4,6.2,13.2,2019,6
26,9,0,1,4,13,0.0,40.0,1.4,1.8,16.2,17.2,4.2,5.6,4.8,5.8,2.0,1.8,12.2,8.8,2019,6
21,19,2,1,0,7,20.0,0.0,1.2,0.6,12.4,13.8,4.8,4.2,4.4,5.0,1.2,1.8,12.6,9.2,2019,6
11,33,2,2,0,-2,60.0,40.0,1.4,2.0,15.0,14.0,5.0,5.8,7.2,5.0,1.4,1.0,8.6,15.8,2019,19
1,6,2,2,1,1,20.0,20.0,1.0,0.8,11.4,9.2,3.6,2.8,3.8,2.2,0.8,1.4,11.2,16.2,2019,19
4,22,1,0,0,-4,40.0,0.0,1.6,0.2,13.8,10.2,5.4,3.0,6.0,4.6,1.4,2.6,13.8,15.2,2019,19
9,21,2,1,0,-10,40.0,40.0,1.8,1.4,16.6,8.4,6.2,2.6,4.8,3.4,1.0,2.2,9.8,16.4,2019,19
16,7,2,2,1,-6,60.0,0.0,2.0,1.0,13.2,10.6,4.2,2.8,7.4,4.0,0.4,1.6,8.8,16.6,2019,19
30,31,1,1,1,-7,60.0,0.0,2.2,0.2,16.2,11.0,4.2,3.4,7.4,5.6,1.0,3.0,11.4,15.6,2019,19
35,26,1,1,1,-9,40.0,40.0,1.4,0.8,11.8,11.8,3.2,4.2,4.6,6.2,1.4,1.6,11.4,13.0,2019,19
10,18,0,0,2,11,60.0,80.0,1.8,3.4,14.6,19.6,4.4,8.0,6.8,6.0,0.8,1.2,12.0,8.0,2019,19
19,17,1,1,1,4,40.0,100.0,1.4,2.2,17.0,12.6,5.4,4.8,6.6,5.0,1.0,0.8,11.0,12.0,2019,20
26,16,0,0,9,7,0.0,20.0,1.0,0.8,13.8,8.0,3.4,2.2,3.6,4.8,2.2,1.2,13.0,13.8,2019,25
18,1,2,3,0,-17,60.0,20.0,3.0,1.6,22.0,11.6,6.8,5.8,9.2,3.2,0.8,2.4,5.6,22.2,2019,26
6,11,2,3,2,9,20.0,0.0,1.2,0.6,13.0,12.8,4.0,4.0,5.0,5.6,1.6,1.6,11.0,9.2,2019,26
31,4,1,0,0,-3,0.0,40.0,0.8,1.8,18.0,10.4,4.6,3.8,6.8,4.8,2.4,2.2,11.2,17.8,2019,26
7,9,0,2,4,12,60.0,60.0,1.4,2.4,10.6,16.6,4.0,6.4,5.2,5.4,1.2,1.8,13.0,9.4,2019,26
21,35,1,1,1,6,20.0,20.0,0.8,1.0,11.8,8.8,4.0,3.0,4.4,3.8,1.0,1.2,12.0,14.8,2019,27
0,10,1,2,2,-7,60.0,60.0,1.8,1.4,19.0,10.0,6.6,4.8,12.0,3.0,1.2,1.8,13.2,15.4,2019,27
17,30,2,2,1,-2,100.0,0.0,2.8,1.0,18.4,9.2,6.8,4.6,7.0,4.0,0.8,2.0,7.6,21.8,2019,27
22,19,0,1,3,12,60.0,0.0,2.6,0.6,13.4,14.8,5.4,4.6,5.2,5.8,2.6,1.2,18.4,8.6,2019,27
4,19,2,1,0,8,20.0,20.0,1.4,1.0,12.0,14.4,4.6,5.4,5.2,6.4,1.4,1.2,13.6,9.2,2019,2
0,35,1,1,1,-2,60.0,20.0,2.0,1.2,18.0,10.0,6.2,3.6,11.2,4.8,1.4,1.0,13.0,14.8,2019,2
1,17,0,1,2,16,40.0,80.0,1.4,1.8,15.8,12.4,5.2,4.8,5.2,4.6,1.0,0.6,13.4,10.6,2019,2
6,22,2,2,0,-1,40.0,0.0,1.6,0.2,13.4,10.2,4.4,2.8,4.6,3.8,1.2,2.0,9.0,14.4,2019,2
18,26,2,2,1,-15,60.0,40.0,3.4,1.0,23.2,12.4,7.6,5.0,9.6,5.4,0.8,1.2,6.4,10.4,2019,2
25,7,2,3,0,3,40.0,0.0,0.6,1.2,12.0,12.2,2.8,3.4,8.0,4.6,0.8,1.6,10.4,16.4,2019,2
33,21,0,2,3,-3,40.0,20.0,1.2,0.6,10.4,6.8,5.0,1.4,4.8,2.4,1.6,2.4,9.6,16.4,2019,2
31,9,0,1,2,8,0.0,80.0,0.6,3.2,16.0,17.0,3.6,7.0,6.4,5.6,1.6,2.2,11.0,10.2,2019,2
10,16,0,0,2,3,40.0,40.0,0.8,2.6,12.6,11.6,3.2,4.8,6.2,6.2,0.6,1.0,13.0,11.2,2019,3
11,30,1,1,1,4,60.0,0.0,1.4,1.2,14.8,9.2,5.8,4.4,7.8,3.4,1.4,2.2,9.2,22.0,2019,3
22,31,0,0,2,7,40.0,0.0,2.0,0.4,11.8,9.4,4.8,3.2,4.4,4.8,2.8,2.6,20.2,14.2,2019,8
9,10,2,2,0,-9,40.0,40.0,1.4,1.2,16.0,7.8,6.0,4.2,5.8,3.0,1.0,1.8,7.8,14.8,2019,9
7,33,2,3,0,5,60.0,20.0,1.6,1.2,10.4,12.4,4.0,4.8,5.4,5.0,1.4,1.2,12.8,16.2,2019,9
21,4,2,2,1,-1,20.0,40.0,0.6,1.2,11.6,10.2,3.0,3.2,4.6,6.0,0.6,1.2,12.4,15.8,2019,9
26,11,0,1,2,8,0.0,0.0,0.8,0.6,13.0,11.4,3.4,3.4,3.2,5.8,3.8,1.8,16.0,8.6,2019,9
30,25,1,1,1,-14,60.0,20.0,2.0,1.2,16.4,7.4,4.0,2.6,8.2,4.4,0.8,0.8,9.4,12.4,2019,9
16,0,2,2,0,4,80.0,20.0,2.4,1.0,15.2,9.2,4.2,3.4,8.4,5.4,0.6,1.4,8.6,17.8,2019,9
19,6,2,3,1,-11,40.0,20.0,1.6,0.8,13.2,11.0,3.8,2.8,5.0,2.6,0.8,1.6,10.4,17.0,2019,10
35,1,2,2,1,-11,20.0,20.0,1.4,1.6,8.8,12.8,2.2,6.4,3.4,3.8,1.6,2.2,13.0,24.0,2019,10
17,18,2,3,1,1,100.0,80.0,2.8,3.0,20.0,19.8,8.4,8.2,7.8,6.4,1.0,1.0,8.4,8.2,2019,10
33,30,0,2,3,6,40.0,0.0,1.6,1.0,12.6,9.4,5.6,4.4,6.0,3.4,1.2,2.0,9.2,17.4,2019,23
0,26,1,2,2,-11,40.0,40.0,1.8,1.2,16.8,10.8,5.2,5.0,10.8,4.0,1.4,1.0,14.4,13.6,2019,23
4,35,0,1,2,7,40.0,20.0,1.4,1.4,11.8,13.4,5.2,4.8,5.4,6.0,1.2,1.2,15.0,13.8,2019,23
6,16,0,0,2,8,60.0,60.0,1.8,2.8,14.4,12.0,4.6,5.2,4.6,6.4,1.0,0.8,8.8,10.8,2019,23
10,17,0,1,2,10,40.0,80.0,0.8,1.8,13.8,14.4,3.4,4.8,6.0,4.8,1.0,0.6,13.8,8.8,2019,23
11,22,0,0,2,-10,40.0,0.0,1.4,0.0,13.8,9.2,6.0,1.8,8.0,4.0,1.6,1.6,8.4,15.6,2019,23
31,7,0,0,3,-4,0.0,0.0,0.8,1.0,16.2,9.8,3.6,2.4,5.6,4.4,1.4,1.8,13.2,15.8,2019,23
18,9,2,2,1,-2,80.0,100.0,3.4,3.6,22.4,16.6,6.4,7.6,10.4,5.8,0.6,1.6,6.4,10.4,2019,23
25,19,1,3,3,12,40.0,20.0,1.0,0.8,11.6,15.6,3.4,5.8,7.8,7.2,0.8,1.2,10.4,10.4,2019,24
1,21,2,2,0,5,40.0,40.0,1.4,1.0,12.4,7.2,4.2,2.6,3.6,2.0,1.0,2.2,16.0,16.6,2019,25
21,18,1,2,2,12,40.0,60.0,1.0,2.2,13.8,20.6,4.4,7.0,4.6,8.8,0.6,1.6,14.0,9.6,2019,30
7,10,0,0,2,3,60.0,40.0,1.6,1.2,11.2,7.2,5.6,3.6,7.2,2.2,1.4,2.0,12.0,16.4,2019,30
9,33,0,0,1,-7,60.0,20.0,1.6,1.0,17.8,12.2,6.0,5.0,6.4,4.6,0.8,1.6,6.0,15.8,2019,30
17,6,2,2,1,-15,100.0,0.0,2.6,0.4,19.4,11.2,8.0,2.6,6.4,2.6,1.0,2.2,9.6,19.0,2019,30
30,4,2,3,2,-10,40.0,20.0,1.6,1.0,13.6,11.0,3.6,3.0,6.2,5.8,0.8,1.4,10.8,15.4,2019,30
26,31,2,2,1,5,0.0,20.0,0.8,0.8,11.0,10.2,3.4,3.2,3.2,4.2,3.8,2.4,17.8,15.2,2019,30
22,0,1,2,2,13,20.0,0.0,1.4,0.8,12.2,9.2,4.2,3.2,5.0,5.6,3.0,1.8,20.6,19.8,2019,1
35,25,1,1,1,-11,40.0,20.0,1.6,1.2,11.0,8.6,2.8,2.8,3.8,4.4,1.6,0.8,13.8,13.2,2019,1
16,11,2,2,1,1,100.0,20.0,2.8,1.0,16.0,14.2,5.4,3.8,7.0,7.2,0.6,2.0,8.6,8.2,2019,1
19,1,1,2,2,-12,40.0,20.0,1.4,1.6,15.2,14.0,5.0,6.4,5.4,4.4,1.0,2.0,8.0,21.2,2019,1
10,4,2,1,0,-2,20.0,20.0,0.8,1.2,12.6,13.4,3.6,3.8,5.2,6.4,1.4,1.4,14.2,15.8,2019,3
7,18,0,1,4,14,60.0,40.0,1.6,2.0,12.8,21.6,6.0,7.8,7.0,9.8,1.2,1.8,10.4,8.8,2019,3
9,1,2,2,1,-15,60.0,20.0,1.2,2.0,19.0,13.8,6.2,6.6,7.6,5.8,0.6,2.2,5.4,20.0,2019,4
16,31,2,2,0,-2,100.0,20.0,2.6,0.8,16.6,8.8,5.6,3.2,7.0,4.6,0.6,2.6,9.2,14.8,2019,4
19,30,2,2,1,2,40.0,20.0,1.6,1.2,14.0,9.8,5.6,3.8,5.6,3.6,1.0,2.0,8.8,14.4,2019,4
26,22,2,2,1,-2,20.0,20.0,1.0,0.4,11.2,10.2,4.2,2.2,4.0,5.0,3.8,1.2,14.8,15.6,2019,4
35,33,2,2,0,-3,40.0,20.0,1.6,0.6,10.2,10.0,3.0,3.8,4.4,3.8,1.6,1.4,13.0,15.0,2019,4
17,11,2,5,2,-6,100.0,20.0,2.4,1.2,17.4,14.0,8.4,4.2,6.0,6.8,1.0,2.0,10.2,10.0,2019,4
25,21,0,0,2,5,40.0,20.0,1.4,0.8,12.4,7.8,4.4,3.0,7.6,2.0,1.0,2.6,10.6,16.6,2019,5
0,6,0,1,2,-12,40.0,0.0,1.8,0.6,14.0,12.4,4.6,3.2,9.8,3.4,1.4,1.8,16.0,19.0,2019,5
11,9,2,3,1,5,20.0,80.0,0.8,3.2,14.4,14.2,6.2,6.4,8.0,4.6,1.6,1.6,9.4,12.2,2019,7
4,17,0,0,3,12,40.0,80.0,1.4,1.6,11.6,13.8,4.2,4.2,5.6,5.6,1.0,0.8,14.6,10.6,2019,7
30,7,2,5,0,-11,60.0,20.0,2.2,1.4,13.2,9.4,4.2,2.6,5.8,4.8,1.0,1.6,13.2,15.4,2019,7
31,10,1,0,0,-1,0.0,40.0,0.6,1.2,14.6,7.6,3.8,3.4,5.4,3.2,1.4,1.8,12.2,15.0,2019,7
18,19,0,1,2,-5,80.0,20.0,3.0,1.2,22.4,13.6,6.0,5.2,10.4,7.2,0.8,1.6,7.4,10.8,2019,7
1,16,0,1,4,9,40.0,60.0,1.4,2.8,14.4,13.8,5.2,6.6,5.8,7.0,1.0,0.6,15.8,10.6,2019,8
21,26,2,2,1,-3,40.0,20.0,1.2,1.2,12.4,12.6,4.0,5.4,3.6,4.6,0.8,1.4,16.2,13.6,2019,8
22,25,0,1,2,0,20.0,20.0,1.4,1.0,14.0,8.8,4.8,3.2,6.2,4.0,2.8,0.6,19.2,13.2,2019,8
6,35,1,2,2,10,60.0,40.0,1.8,1.4,13.4,15.2,4.0,5.2,4.2,6.4,1.0,0.8,10.2,12.6,2019,8
33,0,0,1,3,5,20.0,0.0,1.6,1.0,11.2,10.6,4.8,4.0,5.0,7.2,1.8,1.6,10.6,17.8,2019,9
17,31,2,2,0,-9,100.0,20.0,2.8,0.8,15.4,8.6,7.6,2.6,5.0,4.2,1.2,1.4,11.0,11.6,2019,14
7,21,2,1,0,2,40.0,40.0,1.4,1.0,11.0,7.4,5.2,3.6,6.2,2.0,2.0,2.0,11.6,15.0,2019,14
9,4,0,0,1,-11,80.0,0.0,1.4,0.6,21.4,13.4,7.6,3.8,8.2,7.2,0.4,1.4,6.0,12.2,2019,14
16,22,1,1,1,-9,100.0,20.0,2.6,0.6,15.8,10.0,5.4,2.4,6.8,4.6,0.4,1.2,7.8,15.8,2019,14
25,1,2,2,0,0,40.0,20.0,1.4,1.8,11.6,12.8,4.8,5.4,6.8,6.0,1.2,2.0,9.6,20.8,2019,14
26,33,0,0,1,6,40.0,20.0,1.2,0.6,9.0,8.6,4.0,4.2,4.4,3.8,3.4,1.8,15.6,15.6,2019,14
19,11,1,1,1,-2,40.0,20.0,1.8,1.4,14.4,13.6,6.0,4.0,5.8,6.6,1.2,2.4,8.6,9.6,2019,15
35,30,0,1,2,3,60.0,20.0,1.6,1.2,10.6,9.2,3.6,4.0,4.0,3.8,0.6,2.0,11.2,13.6,2019,15
0,18,0,0,3,4,20.0,60.0,1.4,2.4,12.2,20.0,4.4,7.8,9.8,7.8,1.4,1.4,17.2,8.2,2019,15
10,6,1,1,1,-5,40.0,20.0,0.8,1.0,11.4,13.2,3.2,4.4,5.2,4.6,1.2,2.0,12.6,19.2,2019,16
11,0,1,0,0,3,40.0,20.0,1.4,1.2,13.8,10.6,7.0,3.8,5.8,7.6,1.4,1.4,12.0,13.8,2019,21
1,26,0,1,3,2,40.0,0.0,1.6,1.2,15.4,14.2,4.6,4.8,7.0,5.8,1.8,1.8,17.8,12.6,2019,21
4,7,0,0,1,-1,20.0,20.0,0.8,1.2,9.6,9.4,3.0,2.6,4.4,3.8,1.4,2.4,16.0,15.2,2019,21
6,25,0,0,1,-1,60.0,20.0,2.0,1.0,13.2,10.2,3.8,3.6,4.2,3.6,1.2,0.8,11.4,12.8,2019,21
21,10,2,1,0,1,60.0,40.0,1.6,1.2,12.6,6.0,4.4,2.2,3.2,3.0,1.0,1.0,16.8,15.0,2019,21
22,35,0,1,2,11,0.0,40.0,1.0,1.6,15.4,15.0,5.0,5.4,7.4,5.8,2.8,1.0,16.0,12.6,2019,21
18,16,2,3,1,-8,60.0,80.0,1.6,3.6,21.2,16.6,4.8,7.6,12.6,6.2,1.2,0.6,8.6,11.6,2019,21
31,19,2,2,0,5,0.0,40.0,0.2,1.6,11.0,14.0,3.0,6.0,5.2,6.4,1.0,1.4,10.8,13.6,2019,22
30,9,0,0,2,1,60.0,60.0,2.4,2.4,13.2,14.2,4.6,6.0,5.2,4.6,1.0,1.8,12.4,12.6,2019,22
30,6,2,2,1,-13,40.0,20.0,2.0,1.2,12.4,14.6,4.0,6.2,4.6,5.6,1.2,1.8,12.2,16.6,2019,26
1,22,2,1,0,0,40.0,20.0,1.4,0.8,16.0,10.0,5.2,2.4,7.0,4.4,2.0,1.0,19.2,16.4,2019,26
4,0,1,1,1,9,20.0,20.0,0.4,1.0,7.6,9.8,2.0,3.2,4.0,7.0,1.2,1.2,13.0,12.4,2019,26
9,26,0,0,2,-13,60.0,20.0,1.0,1.6,20.2,14.8,6.6,5.2,9.0,5.6,0.6,1.6,6.6,14.6,2019,26
10,33,2,2,1,2,20.0,40.0,0.6,0.4,10.6,7.4,3.4,3.8,4.8,4.2,1.4,1.4,13.6,15.2,2019,26
11,7,2,1,0,-7,40.0,40.0,1.2,1.0,13.2,7.8,5.4,2.2,5.8,4.2,0.8,2.0,9.2,12.6,2019,26
25,31,1,1,1,7,60.0,20.0,1.8,0.8,10.6,7.4,5.0,2.0,6.2,3.6,1.0,1.4,8.0,13.6,2019,26
19,21,2,4,1,-7,40.0,40.0,1.8,1.0,16.0,8.6,6.8,3.6,5.4,2.6,1.2,1.2,8.2,13.8,2019,26
16,17,0,0,4,7,80.0,80.0,1.8,1.8,16.8,16.8,5.4,5.4,7.4,5.4,0.6,0.6,9.2,8.6,2019,26
35,18,2,3,2,6,40.0,60.0,1.4,2.4,13.0,18.8,4.2,7.4,6.0,8.0,1.0,1.2,10.2,7.0,2019,27
6,4,2,2,0,3,40.0,20.0,1.4,0.8,11.6,13.6,3.0,3.8,4.2,7.0,1.4,1.2,11.2,13.4,2019,28
21,11,0,1,2,5,60.0,20.0,1.6,1.6,11.8,13.0,4.6,4.2,3.2,5.8,1.0,2.4,17.6,12.6,2019,28
26,10,1,1,1,4,40.0,20.0,1.0,0.8,9.2,7.8,3.8,2.2,4.8,3.6,2.8,1.0,15.2,14.8,2019,28
31,1,2,3,0,-7,20.0,0.0,0.6,0.8,11.6,10.0,3.2,3.0,4.4,5.2,1.0,2.2,12.4,18.0,2019,28
22,30,1,2,2,14,0.0,40.0,1.0,1.6,13.8,9.4,5.4,4.4,6.0,3.4,2.2,1.6,14.4,13.8,2019,28
33,16,0,1,2,1,0.0,80.0,1.4,3.6,11.8,17.2,4.4,7.8,5.2,5.2,2.4,0.8,10.8,12.6,2019,28
7,19,0,0,2,9,40.0,40.0,1.4,1.6,10.6,15.0,5.4,7.0,5.6,6.2,2.0,1.6,11.2,13.4,2019,28
0,9,0,1,2,2,0.0,60.0,1.2,2.0,11.0,14.2,4.2,5.2,7.6,4.8,2.0,1.6,18.0,11.6,2019,29
17,35,2,1,0,-5,100.0,40.0,2.8,1.6,15.0,16.4,7.2,5.8,5.4,7.8,1.0,1.2,12.2,11.6,2019,29
18,25,2,2,0,-17,80.0,40.0,2.2,1.2,22.2,9.8,6.8,3.4,12.0,2.8,1.0,0.8,8.2,13.0,2019,29
6,9,1,1,1,14,40.0,60.0,1.2,1.6,13.2,13.6,3.4,4.6,6.0,4.2,1.0,1.4,11.2,10.4,2020,1
7,1,0,1,2,-3,40.0,0.0,1.0,0.8,9.6,10.0,4.6,2.4,5.6,4.4,1.6,2.2,10.8,17.0,2020,1
21,16,0,0,3,4,60.0,80.0,1.6,2.2,13.2,14.8,5.2,6.4,3.6,4.8,1.2,1.0,19.4,14.2,2020,1
26,30,2,1,0,12,40.0,40.0,1.2,1.8,10.8,10.2,4.2,5.0,6.8,4.0,1.2,1.6,11.2,10.6,2020,1
31,35,2,2,1,4,40.0,40.0,1.2,1.4,14.2,15.8,3.8,5.2,4.6,7.8,1.0,1.2,11.6,11.0,2020,1
18,11,2,2,1,-7,80.0,40.0,2.0,1.6,20.4,15.4,5.8,4.8,11.0,6.4,1.0,2.0,7.6,15.0,2020,1
22,10,1,1,1,6,0.0,20.0,1.2,0.6,12.8,6.8,5.2,1.8,6.6,3.4,2.0,0.8,13.2,14.6,2020,1
33,4,2,4,0,-4,0.0,20.0,1.4,0.8,12.8,12.6,4.4,3.2,5.8,5.4,2.4,1.6,12.0,15.2,2020,1
0,19,2,2,0,-1,0.0,40.0,1.0,1.4,9.4,13.6,3.4,5.8,5.6,5.0,2.0,1.4,18.6,13.0,2020,1
17,25,2,2,0,-16,100.0,40.0,2.6,1.0,12.8,9.4,5.2,2.6,4.8,3.0,0.8,1.0,12.0,13.8,2020,2
25,33,2,1,0,8,40.0,40.0,1.8,0.6,12.2,7.8,5.4,3.4,6.6,5.0,1.2,1.4,7.2,14.0,2020,10
10,0,1,1,1,7,40.0,20.0,1.0,1.2,11.8,11.4,3.8,3.0,6.0,5.2,1.2,1.2,11.4,13.2,2020,11
9,7,2,3,0,-12,40.0,40.0,0.8,0.8,19.0,6.4,5.6,1.4,8.4,3.8,1.0,1.8,6.6,13.0,2020,11
11,6,2,1,0,-9,40.0,20.0,1.0,1.2,13.6,12.8,4.4,6.2,5.6,5.0,0.8,1.8,8.8,14.0,2020,11
16,26,0,1,2,-7,60.0,40.0,1.4,1.8,13.6,13.0,4.8,4.8,6.0,5.2,1.2,1.4,9.6,15.8,2020,11
19,22,2,4,0,-12,60.0,20.0,2.4,0.8,19.0,11.2,8.4,3.4,5.8,4.6,1.2,1.2,7.6,16.4,2020,11
35,21,1,1,1,-6,60.0,40.0,1.8,1.2,16.2,9.0,5.6,4.0,6.4,2.6,1.2,1.8,8.8,15.0,2020,11
30,17,0,0,1,2,60.0,80.0,2.2,2.4,12.2,16.6,4.6,5.8,4.2,6.0,1.2,0.6,13.0,6.8,2020,11
4,31,0,0,3,3,20.0,20.0,0.6,0.8,7.8,7.0,2.4,2.0,4.4,3.4,1.4,1.4,14.4,14.4,2020,12
1,18,0,1,6,17,40.0,40.0,1.2,2.4,13.4,16.0,4.0,6.0,6.6,6.6,1.8,1.8,18.4,9.6,2020,12
31,30,1,0,0,7,60.0,40.0,1.4,1.6,13.6,11.6,3.8,5.6,5.2,5.4,0.8,1.6,11.6,11.6,2020,18
0,25,1,1,1,-13,20.0,40.0,1.2,0.8,9.4,7.2,3.4,2.2,4.2,3.0,1.8,1.2,15.6,14.2,2020,18
6,1,1,1,1,-1,20.0,20.0,1.0,1.0,12.2,9.6,3.4,2.8,5.4,4.6,1.2,2.0,13.0,17.6,2020,18
18,10,1,2,2,-11,80.0,20.0,2.0,0.8,18.4,8.6,6.4,2.2,8.2,4.4,1.0,0.6,8.4,13.0,2020,18
22,4,2,1,0,4,0.0,20.0,1.4,0.6,12.4,10.0,5.0,3.0,5.0,5.0,1.8,2.0,13.2,14.0,2020,18
26,35,0,2,3,9,60.0,40.0,1.2,1.4,12.4,14.0,4.2,4.4,7.0,7.4,0.8,1.4,8.6,10.8,2020,18
33,11,1,1,1,2,20.0,20.0,2.0,1.4,13.2,12.0,5.0,4.2,5.6,5.8,2.2,2.2,10.6,17.4,2020,18
21,9,2,1,0,10,40.0,40.0,1.2,1.4,10.2,13.6,3.8,3.6,3.4,3.6,1.6,1.4,19.6,11.2,2020,18
7,16,2,2,1,6,20.0,80.0,0.6,2.4,10.8,15.4,2.4,7.4,5.0,4.6,2.0,1.0,11.6,12.8,2020,19
17,19,2,2,0,-4,100.0,40.0,2.4,1.4,14.2,12.6,5.6,5.8,5.6,3.8,0.6,1.6,9.0,12.6,2020,19
1,31,2,2,1,7,40.0,20.0,1.2,1.0,13.8,8.2,3.8,2.8,6.6,3.6,2.6,1.4,17.8,13.0,2020,21
4,6,2,3,1,-3,0.0,20.0,0.4,1.0,7.4,13.4,1.4,6.2,4.6,5.2,2.0,1.4,15.0,12.6,2020,21
10,26,0,0,2,-4,40.0,60.0,1.2,2.0,10.6,15.6,3.8,6.2,5.2,6.0,1.0,1.2,10.0,11.6,2020,21
11,21,1,2,2,-5,60.0,20.0,1.0,0.8,15.0,7.6,5.0,2.4,5.4,2.4,0.6,1.6,9.8,13.6,2020,21
25,18,0,0,1,17,40.0,60.0,1.4,3.4,12.2,16.8,4.8,7.8,6.6,4.8,1.2,1.4,7.4,8.6,2020,21
9,0,1,2,2,-2,40.0,20.0,1.0,1.4,18.0,11.2,6.2,3.6,9.0,5.2,1.0,1.0,7.4,10.6,2020,21
16,33,2,4,1,-1,40.0,40.0,1.2,0.6,10.8,7.8,4.4,3.0,5.4,4.8,1.6,1.0,11.2,13.8,2020,22
30,22,2,2,1,-14,60.0,20.0,2.0,0.8,11.6,11.4,4.4,4.0,4.2,4.4,1.2,1.6,12.8,14.8,2020,22
19,7,0,0,2,-9,60.0,40.0,2.6,0.8,17.4,6.6,7.4,1.8,5.6,3.2,1.0,1.8,8.0,14.0,2020,22
35,17,0,1,2,5,40.0,100.0,1.6,2.4,14.6,17.2,5.4,6.4,6.2,6.4,1.2,0.4,7.2,8.2,2020,23
33,17,0,0,2,8,20.0,100.0,1.8,2.4,12.4,14.8,5.0,6.4,5.6,5.2,1.8,0.4,10.4,9.2,2020,29
16,9,1,2,2,6,40.0,40.0,1.6,1.2,11.4,15.2,4.8,4.0,6.0,5.2,1.6,1.2,10.2,9.6,2020,1
4,1,2,2,1,-4,20.0,20.0,0.8,0.8,7.8,9.4,1.6,2.8,4.6,3.6,1.8,1.8,15.8,16.4,2020,1
10,25,0,0,1,-6,40.0,40.0,1.0,0.8,8.6,7.8,2.6,2.2,3.4,3.6,1.0,1.2,10.6,13.8,2020,1
17,26,2,4,0,-14,100.0,80.0,2.4,2.0,14.4,14.4,5.2,6.2,7.0,6.0,0.4,0.8,8.4,10.4,2020,1
21,22,1,0,0,-5,60.0,0.0,1.0,0.6,10.4,11.2,3.6,3.4,3.4,3.6,1.2,2.0,18.6,14.0,2020,1
31,11,0,2,3,3,60.0,20.0,1.4,1.4,13.6,12.0,3.4,4.2,4.4,6.2,0.2,2.0,12.8,16.6,2020,1
33,6,1,3,3,-7,20.0,20.0,1.4,1.0,11.6,15.2,5.0,6.8,5.6,5.8,1.6,1.6,10.0,11.8,2020,1
19,35,1,0,0,-1,60.0,40.0,2.2,1.6,19.0,12.2,7.6,3.8,4.8,6.2,1.0,1.6,7.2,11.2,2020,1
7,0,1,0,0,10,40.0,20.0,1.0,1.4,9.4,8.4,2.6,2.6,4.8,3.8,1.8,1.0,13.8,11.4,2020,2
30,18,2,2,0,3,60.0,80.0,1.8,3.2,11.4,15.6,4.0,7.0,4.8,5.4,1.0,1.0,11.2,8.2,2020,2
11,10,2,3,1,-4,60.0,0.0,1.4,0.8,14.8,8.2,5.2,2.4,5.2,3.6,0.6,1.0,8.8,15.0,2020,8
6,31,1,1,1,6,20.0,20.0,1.2,1.0,12.8,8.6,3.8,2.6,4.8,2.8,1.0,1.4,10.8,14.0,2020,8
25,4,2,2,1,4,40.0,20.0,0.8,0.2,10.6,7.2,3.4,2.4,6.4,4.4,0.8,1.6,8.8,14.2,2020,9
35,16,1,0,0,-2,40.0,60.0,1.6,2.2,14.0,15.2,5.4,7.2,5.2,4.2,1.4,1.4,8.0,13.0,2020,14
26,7,0,1,2,1,40.0,40.0,1.2,0.6,12.4,5.4,4.0,1.2,6.0,2.6,1.2,1.8,9.0,15.8,2020,15
22,17,0,0,1,16,20.0,100.0,1.2,2.4,12.6,15.0,4.4,6.6,4.4,5.0,1.4,0.2,11.2,7.4,2020,15
1,30,0,2,3,14,40.0,20.0,1.2,1.0,13.6,12.0,3.2,5.4,5.6,4.6,2.8,1.2,17.2,12.4,2020,16
0,21,2,4,0,-8,20.0,20.0,1.0,1.2,9.2,7.0,3.2,1.8,3.8,2.0,1.6,1.6,13.8,13.6,2020,16
9,19,0,0,2,-3,40.0,40.0,1.4,0.8,18.0,12.2,6.6,5.6,10.6,4.2,1.2,1.4,6.8,13.4,2020,17
18,33,2,2,0,-9,60.0,20.0,2.0,0.6,20.4,8.0,6.8,2.6,9.4,5.8,1.2,1.8,7.2,13.8,2020,19
9,30,2,2,1,-1,20.0,40.0,1.0,1.4,16.4,15.0,5.0,6.4,10.6,5.4,1.4,1.2,6.8,13.6,2020,22
7,4,2,3,0,1,40.0,20.0,0.8,0.4,11.6,8.0,2.6,2.2,5.2,3.4,1.0,1.8,13.0,16.0,2020,22
10,21,2,1,0,-1,20.0,0.0,0.8,0.8,9.8,7.8,2.8,1.4,4.0,3.0,1.2,2.4,11.4,14.0,2020,22
25,6,1,1,1,1,60.0,0.0,1.2,1.2,11.2,15.0,3.4,6.2,6.4,5.2,0.6,2.0,9.6,11.8,2020,22
26,1,2,2,0,-2,20.0,20.0,1.0,0.8,11.6,11.2,3.4,3.2,5.6,4.2,1.4,1.8,8.8,14.6,2020,22
16,18,0,0,1,8,20.0,60.0,1.6,2.4,11.8,15.8,4.4,6.4,5.4,5.4,2.0,1.2,10.8,8.0,2020,22
19,31,2,3,0,-5,40.0,20.0,1.8,1.2,19.6,8.8,7.2,2.8,4.8,2.8,0.8,1.2,8.4,13.6,2020,23
35,22,2,3,0,-11,20.0,0.0,1.2,0.4,14.4,13.0,4.6,3.6,5.6,5.8,1.4,1.6,8.6,14.2,2020,23
0,11,2,3,2,-3,40.0,40.0,1.6,1.6,9.8,12.0,3.6,4.4,3.0,5.8,1.2,1.4,11.8,16.6,2020,23
17,33,2,3,2,-8,100.0,20.0,2.2,0.6,15.4,7.4,6.0,2.0,7.2,5.2,0.0,1.8,9.4,15.2,2020,24
22,16,2,1,0,9,20.0,40.0,1.0,1.4,10.8,12.4,3.8,6.2,3.0,3.2,1.2,1.2,12.8,13.0,2020,28
6,10,0,0,1,5,20.0,0.0,1.0,1.0,12.2,9.6,3.4,2.8,4.8,4.4,0.8,1.6,9.2,15.2,2020,29
4,9,1,2,2,11,40.0,40.0,1.2,1.4,10.4,13.6,2.8,3.8,4.6,5.4,1.4,1.0,15.2,9.8,2020,29
21,7,1,0,0,-2,40.0,60.0,0.6,1.0,11.0,5.8,3.4,2.2,4.4,3.0,1.0,1.0,18.6,15.2,2020,29
33,26,2,3,1,-6,20.0,80.0,1.8,1.8,11.8,14.0,5.4,6.2,5.6,5.8,1.6,1.2,11.8,11.2,2020,29
31,17,2,3,0,9,60.0,100.0,1.8,2.0,13.2,14.2,3.2,6.0,4.0,5.8,0.8,0.2,14.6,7.8,2020,29
11,19,1,1,1,2,60.0,40.0,1.4,0.8,15.0,11.8,5.4,4.8,5.8,5.2,0.6,1.2,7.8,12.4,2020,1
30,35,0,2,3,-3,60.0,40.0,1.2,1.2,9.4,12.4,3.2,3.4,5.0,6.6,1.0,1.2,13.4,11.6,2020,1
17,4,2,2,1,-12,100.0,0.0,2.4,0.2,17.2,8.2,6.2,2.6,9.2,3.2,0.4,2.4,9.2,15.6,2020,7
0,33,2,1,0,-5,60.0,0.0,2.2,0.8,10.4,6.6,4.2,2.0,3.6,5.2,1.0,2.4,12.4,18.0,2020,7
10,31,2,1,0,1,40.0,20.0,0.8,1.2,11.2,8.6,3.8,2.8,4.8,3.2,1.0,1.4,10.0,14.6,2020,7
25,22,2,1,0,0,40.0,0.0,1.0,0.2,12.6,12.2,3.4,3.8,8.2,5.2,0.8,2.0,9.6,14.4,2020,7
26,21,0,0,1,3,40.0,0.0,1.4,0.8,15.0,7.6,4.8,1.8,6.4,3.4,1.2,2.4,7.4,16.2,2020,7
35,6,1,0,0,-10,40.0,0.0,1.6,1.2,14.6,13.6,4.8,4.6,4.2,4.2,1.0,2.0,8.0,12.4,2020,7
7,30,1,1,1,11,40.0,20.0,1.2,1.2,13.4,14.2,3.8,6.0,5.8,6.0,1.0,1.4,13.6,13.4,2020,7
9,11,2,4,0,-5,40.0,40.0,1.4,1.8,16.2,13.8,5.4,4.8,9.4,5.4,1.4,1.8,5.6,13.6,2020,8
19,18,2,2,0,5,60.0,60.0,2.2,2.0,19.0,16.6,7.4,6.4,4.2,6.2,0.6,1.2,8.2,8.8,2020,8
16,1,2,4,0,-9,20.0,20.0,1.4,0.8,10.2,10.4,4.0,3.4,3.6,5.0,2.0,1.8,12.4,18.8,2020,9
1,25,1,0,0,0,40.0,40.0,1.4,0.6,14.2,8.0,3.6,2.2,6.4,4.4,2.6,1.0,17.2,13.6,2020,17
18,0,2,3,0,-4,80.0,0.0,2.2,0.8,20.0,9.0,7.2,2.4,7.4,4.6,0.8,0.8,5.6,12.2,2020,17
22,26,0,0,3,2,40.0,60.0,1.0,1.4,10.4,12.6,3.6,5.0,3.6,6.6,0.8,1.6,13.8,10.2,2020,19
30,19,1,1,1,-2,60.0,40.0,1.6,1.0,11.0,11.2,4.0,4.2,5.2,5.8,1.2,1.0,13.6,13.4,2020,19
31,16,1,1,1,2,60.0,40.0,2.0,1.2,13.8,15.2,3.6,6.6,4.0,4.4,0.8,0.8,12.6,10.6,2020,20
6,0,2,2,1,12,20.0,0.0,1.0,0.8,15.2,8.4,4.6,2.0,5.6,4.2,0.8,1.4,10.2,14.4,2020,20
33,35,0,0,2,3,40.0,40.0,2.2,1.4,11.8,12.4,6.0,3.4,5.4,5.4,1.4,1.4,11.2,11.6,2020,20
4,10,0,0,2,2,40.0,20.0,1.6,1.2,11.6,8.8,3.8,2.6,4.6,4.8,1.6,1.4,19.4,18.4,2020,20
21,25,2,3,0,-5,20.0,20.0,0.4,0.4,13.6,7.6,3.6,2.0,5.8,4.6,1.0,1.0,17.0,14.6,2020,21
1,9,0,1,2,15,40.0,20.0,1.2,1.4,13.2,15.6,3.6,4.4,7.4,7.2,2.0,1.4,14.8,10.6,2020,21
11,17,1,0,0,6,60.0,80.0,1.6,1.2,16.4,12.6,6.4,5.0,7.4,5.2,0.8,0.8,9.4,10.0,2020,21
18,7,2,5,0,-14,80.0,40.0,2.2,0.8,19.4,7.0,7.2,2.2,7.2,3.4,0.6,1.0,5.2,18.8,2020,22
16,6,1,0,0,-8,40.0,0.0,2.2,1.0,12.6,12.8,5.4,3.8,5.0,3.8,1.2,1.6,10.2,12.4,2020,23
30,33,2,2,0,-6,40.0,0.0,1.4,0.6,10.8,7.4,3.6,2.8,4.8,5.4,1.2,2.2,13.8,17.2,2020,23
19,25,2,3,0,-12,60.0,20.0,1.8,0.4,17.0,7.4,6.6,2.2,3.6,4.4,0.4,1.2,8.2,13.8,2020,24
21,1,1,1,1,-5,40.0,20.0,0.8,0.8,12.0,9.0,4.2,3.2,5.2,4.4,0.6,2.0,14.0,17.8,2020,24
22,11,0,0,1,10,40.0,20.0,0.6,1.4,11.2,10.0,3.4,3.2,4.6,4.0,1.0,2.4,15.2,13.0,2020,24
35,4,2,1,0,-7,20.0,0.0,1.0,0.4,12.8,7.4,3.4,3.0,4.0,3.6,0.6,2.4,8.0,15.2,2020,24
17,10,2,4,0,-10,100.0,40.0,2.6,1.4,18.0,9.2,6.8,2.6,10.0,4.8,0.6,1.2,8.4,18.0,2020,24
7,31,2,1,0,4,40.0,20.0,1.4,1.0,16.0,9.6,5.2,3.2,5.4,4.6,0.8,1.4,13.4,13.4,2020,25
26,0,0,0,2,11,40.0,0.0,1.2,0.8,13.4,7.6,4.4,2.8,5.0,5.0,1.2,1.6,9.2,13.8,2020,25
9,18,2,2,1,2,60.0,60.0,2.2,1.6,17.6,16.6,7.0,6.2,9.0,8.2,1.0,1.0,5.2,7.2,2020,25
1,35,0,0,1,11,20.0,60.0,1.2,1.8,12.6,12.4,4.0,4.2,6.8,5.6,2.4,1.2,15.4,11.0,2020,27
31,26,0,1,3,-5,40.0,60.0,1.6,1.6,11.4,16.0,3.2,6.2,3.2,7.8,1.0,1.6,13.4,10.0,2020,28
10,7,0,0,1,-3,40.0,40.0,0.6,0.8,10.6,6.0,3.6,2.2,5.0,3.2,0.8,1.8,10.0,18.4,2020,29
6,19,0,0,3,11,20.0,20.0,1.0,0.8,13.8,10.8,4.4,4.4,5.8,6.2,1.0,1.2,10.8,13.8,2020,30
0,22,2,4,0,-13,80.0,0.0,2.2,0.2,10.8,11.4,4.2,3.6,4.4,4.6,0.6,2.0,12.6,14.2,2020,1
4,21,0,1,4,1,40.0,20.0,1.4,0.8,11.6,9.0,3.2,2.8,5.2,5.0,1.8,1.6,17.4,13.0,2020,1
11,16,2,2,1,-1,40.0,20.0,1.4,1.0,14.0,15.6,6.0,5.4,5.6,4.8,0.8,0.8,10.2,9.4,2020,1
33,9,2,3,2,7,20.0,20.0,1.4,1.4,10.4,16.8,5.0,4.6,4.6,8.6,1.8,1.4,12.6,10.8,2020,1
25,30,2,3,1,14,60.0,20.0,1.0,1.0,11.4,13.8,3.4,5.0,8.4,5.8,0.6,1.2,11.0,16.6,2020,2
18,17,2,4,0,-1,80.0,60.0,2.8,1.0,20.0,12.0,7.8,4.2,6.2,5.8,0.6,0.8,3.8,9.0,2020,2
22,6,0,0,1,1,40.0,0.0,0.4,1.0,10.0,13.0,2.8,3.8,5.4,4.6,1.0,1.4,15.2,11.8,2020,4
16,10,2,3,0,-3,40.0,40.0,2.0,1.2,13.8,7.4,4.8,2.0,5.8,3.8,0.8,1.8,9.0,19.2,2020,4
19,4,2,5,2,-8,60.0,0.0,1.6,0.4,17.4,7.6,6.6,2.6,4.8,4.0,0.4,1.8,7.4,14.4,2020,4
35,0,0,0,2,2,40.0,20.0,1.0,1.0,13.0,8.2,3.0,3.0,4.2,5.4,0.4,1.4,7.8,15.0,2020,4
9,31,2,3,0,-8,60.0,0.0,2.0,0.4,17.0,8.0,7.4,2.8,8.0,5.0,1.2,1.6,6.0,13.2,2020,4
7,25,1,1,1,-3,60.0,20.0,1.4,0.4,13.8,7.6,6.0,2.0,4.0,4.6,0.4,1.4,13.2,13.0,2020,5
21,33,1,2,2,3,40.0,0.0,1.0,0.6,13.6,8.0,4.4,2.8,5.6,5.6,0.2,2.4,13.4,17.6,2020,5
17,1,2,2,0,-16,100.0,0.0,3.0,0.6,18.4,9.6,6.8,2.4,9.6,5.4,0.6,2.0,8.4,16.4,2020,5
26,18,2,1,0,15,20.0,40.0,1.0,0.6,13.4,14.4,4.4,4.2,4.6,8.8,1.6,1.2,9.0,8.8,2020,5
30,11,2,1,0,-4,60.0,40.0,1.8,1.4,11.0,11.0,3.6,3.8,5.8,3.8,1.0,2.0,13.2,11.6,2020,6
10,9,0,2,3,9,40.0,20.0,0.4,1.6,12.8,17.0,3.8,4.8,6.6,8.6,0.8,1.8,10.2,9.6,2020,7
31,22,2,2,1,-7,20.0,0.0,1.4,0.2,11.2,11.4,2.6,3.4,3.4,4.6,1.4,2.0,12.4,14.2,2020,7
0,16,1,1,1,-4,80.0,0.0,2.6,0.6,11.4,15.2,5.0,4.0,5.4,4.8,0.6,1.2,12.2,9.8,2020,7
18,21,2,5,0,-12,80.0,40.0,3.2,1.4,19.6,10.4,7.6,4.0,6.2,5.2,0.4,1.6,4.6,13.6,2020,8
25,35,2,1,0,11,60.0,80.0,1.4,1.8,10.2,11.0,3.8,3.8,7.2,4.6,0.8,0.8,11.4,11.4,2020,8
33,7,0,0,1,-5,40.0,60.0,1.8,1.0,10.0,6.2,4.6,2.6,3.6,2.8,2.0,1.2,13.8,18.2,2020,8
6,17,0,1,3,15,20.0,40.0,0.8,0.6,12.2,11.6,3.8,3.6,5.6,5.6,1.4,1.4,10.0,9.8,2020,8
4,30,1,0,0,10,40.0,20.0,1.6,1.2,12.0,13.4,3.2,4.4,5.4,5.2,2.0,1.6,16.2,15.6,2020,9
11,26,1,1,1,-8,40.0,60.0,1.6,1.8,12.6,15.0,5.2,5.6,5.4,7.6,1.0,1.6,11.4,10.6,2020,9
1,19,0,0,3,12,20.0,40.0,1.0,1.4,13.4,11.2,4.0,4.8,6.8,6.4,1.4,0.8,12.8,13.4,2020,9
22,33,0,0,4,8,20.0,0.0,0.2,0.8,9.2,10.2,2.0,3.8,4.6,4.8,1.2,2.0,15.6,16.0,2020,11
31,21,2,2,1,-2,40.0,40.0,1.8,1.0,10.0,10.0,3.0,3.8,3.6,4.6,1.6,2.2,11.4,14.8,2020,11
17,7,1,1,1,-13,100.0,60.0,3.0,0.8,16.4,6.8,6.6,3.0,8.8,3.0,0.6,1.2,8.4,17.6,2020,11
25,9,2,3,0,15,80.0,40.0,1.6,2.2,10.8,16.0,4.2,5.2,7.4,8.4,0.6,2.0,9.0,10.8,2020,11
6,18,0,0,5,16,20.0,20.0,0.8,0.4,12.6,16.0,3.8,4.4,6.2,8.8,1.8,1.4,12.2,9.6,2020,11
35,11,2,3,0,-1,40.0,40.0,0.8,1.2,13.0,11.0,2.6,3.8,4.4,3.8,0.4,2.0,6.8,11.6,2020,12
1,10,2,2,0,6,0.0,40.0,0.6,0.8,12.0,7.8,3.2,1.6,6.2,4.8,1.8,2.0,14.0,17.2,2020,12
30,0,2,2,1,-1,60.0,40.0,1.6,1.0,10.6,9.4,3.4,3.6,5.4,5.4,0.8,1.0,13.0,13.2,2020,12
4,16,2,4,1,5,20.0,0.0,1.0,0.6,11.6,14.2,3.0,3.4,6.0,4.0,1.8,1.0,13.8,10.4,2020,12
19,26,1,2,2,-10,80.0,40.0,2.6,1.6,16.4,15.4,7.2,5.2,5.4,7.0,0.4,1.8,7.8,11.6,2020,13
9,22,2,1,0,-15,80.0,0.0,2.2,0.2,17.4,11.4,7.6,3.6,5.6,4.6,0.8,2.0,7.0,13.2,2020,14
7,35,1,1,1,8,40.0,60.0,1.2,1.2,14.0,10.6,5.8,3.2,3.8,4.2,0.4,0.6,11.6,10.6,2020,15
18,4,2,2,1,-13,100.0,0.0,3.8,0.8,19.2,7.8,8.2,2.6,5.0,3.6,0.0,2.6,4.8,15.0,2020,15
21,30,0,1,3,9,20.0,20.0,1.2,1.2,14.4,11.8,4.8,3.4,6.6,7.0,0.6,1.6,13.0,14.4,2020,15
0,17,2,2,1,3,80.0,40.0,2.6,0.8,11.4,12.8,5.6,4.2,6.6,6.2,0.6,1.6,12.4,10.8,2020,15
11,1,1,1,1,-10,40.0,0.0,1.4,0.4,11.4,9.8,4.4,2.4,4.8,5.6,0.8,2.2,13.2,15.6,2020,16
16,25,2,2,0,-9,40.0,20.0,1.8,0.4,13.0,7.2,4.0,1.8,5.0,5.4,0.6,1.4,9.2,12.6,2020,16
10,19,0,0,2,6,40.0,60.0,0.8,2.0,14.2,12.2,4.6,5.2,8.0,6.4,1.0,0.4,10.0,12.0,2020,16
26,6,1,1,1,-1,40.0,20.0,0.8,1.0,12.8,10.4,4.2,2.6,4.8,3.4,1.0,0.8,12.6,12.0,2020,16
33,31,2,3,1,-1,40.0,0.0,1.8,0.2,12.8,7.8,4.8,3.0,5.0,5.0,1.8,1.8,12.8,14.2,2020,17
22,7,0,0,2,3,20.0,40.0,0.2,0.6,10.4,6.2,2.2,2.2,4.4,3.6,1.8,1.2,16.0,20.2,2020,18
4,26,0,0,2,-2,20.0,40.0,1.4,2.0,10.4,13.8,2.6,5.4,6.2,6.0,1.8,1.4,12.8,10.0,2020,19
30,16,2,3,0,-5,60.0,0.0,1.6,0.8,13.0,15.0,4.6,3.8,6.2,5.2,1.0,1.8,12.0,9.4,2020,19
6,21,1,0,0,4,20.0,40.0,0.6,1.2,11.2,9.6,3.4,4.2,6.0,4.2,2.6,1.8,16.4,15.2,2020,20
25,11,0,0,1,10,80.0,20.0,1.8,0.6,9.4,9.8,3.8,3.2,6.6,3.4,0.4,2.2,10.0,12.2,2020,20
35,10,2,2,0,-5,60.0,40.0,1.4,0.6,12.8,7.6,3.4,2.2,4.0,3.8,0.4,1.8,6.2,16.8,2020,20
31,18,0,0,4,10,60.0,40.0,1.8,1.4,11.2,17.6,3.6,5.0,3.2,9.0,1.2,1.0,10.6,9.6,2020,21
1,0,2,1,0,13,20.0,40.0,0.6,1.2,10.8,9.4,4.2,4.0,4.8,5.0,1.2,1.4,11.2,13.2,2020,21
19,33,1,1,1,-4,80.0,20.0,3.0,1.6,15.0,13.4,7.0,5.2,5.4,5.8,0.8,1.6,6.8,14.2,2020,22
17,9,2,5,3,-1,80.0,40.0,2.4,1.8,17.8,17.6,6.6,5.4,10.0,8.4,0.8,2.2,6.2,9.8,2020,22
0,31,2,3,2,-6,80.0,0.0,2.2,0.2,9.0,9.6,4.6,3.2,6.0,5.2,0.8,2.2,15.2,14.2,2020,26
7,6,0,1,2,-2,40.0,20.0,1.4,0.6,12.8,8.6,5.6,1.8,3.4,2.6,0.6,0.4,11.8,13.8,2020,26
9,35,2,2,0,-4,100.0,60.0,2.4,1.4,18.4,10.6,8.6,3.6,5.4,4.6,0.4,0.8,5.6,9.4,2020,26
10,30,1,1,1,8,40.0,20.0,0.8,1.2,14.2,8.8,5.0,2.4,6.6,6.4,1.2,1.4,11.4,15.2,2020,26
11,4,0,1,3,-6,20.0,0.0,1.0,0.8,10.4,8.8,3.0,2.8,5.0,3.8,0.8,2.6,14.2,13.4,2020,26
16,19,0,0,2,3,60.0,60.0,1.8,2.0,13.2,13.8,4.6,5.6,6.0,6.2,0.2,0.4,8.8,11.2,2020,26
18,22,2,5,0,-17,100.0,0.0,3.8,0.2,16.8,8.0,7.6,2.8,4.4,2.4,0.2,2.2,7.2,14.6,2020,26
21,17,0,1,3,11,20.0,20.0,1.4,0.8,15.8,14.2,5.0,4.6,6.0,7.4,1.2,2.0,10.8,10.4,2020,26
26,25,2,3,1,-2,40.0,0.0,0.8,0.2,15.0,6.2,5.0,1.4,5.6,5.4,0.8,1.8,12.8,13.0,2020,26
33,1,1,1,1,-8,60.0,0.0,1.8,0.4,12.4,9.2,4.4,1.6,6.0,5.0,1.4,2.0,11.8,14.2,2020,26
12,0,0,0,3,10,40.0,40.0,0.8,1.2,9.6,10.2,2.2,4.0,4.6,6.4,1.6,1.0,14.8,10.8,2020,12
10,26,2,1,0,3,20.0,60.0,0.8,2.2,13.2,15.0,3.6,6.6,6.6,5.4,1.4,0.8,11.2,9.4,2020,12
33,21,0,0,2,3,40.0,40.0,1.4,1.2,11.6,10.4,3.2,4.0,5.2,4.6,1.4,1.6,12.4,13.8,2020,12
32,16,0,0,3,13,20.0,0.0,1.2,0.8,10.2,16.0,3.0,4.2,5.0,6.4,1.8,2.2,11.8,8.6,2020,13
30,11,0,0,1,-6,80.0,40.0,1.8,0.4,11.8,7.4,4.2,2.6,6.2,3.0,0.4,1.6,14.0,12.0,2020,13
6,9,0,1,3,11,20.0,40.0,0.6,2.0,8.6,15.0,2.4,5.2,6.2,5.6,2.4,2.8,16.4,10.0,2020,14
25,35,0,0,2,2,80.0,40.0,1.6,0.8,8.2,8.8,3.2,3.0,5.6,4.2,0.4,0.8,9.4,9.0,2020,14
11,32,2,5,2,-6,20.0,40.0,1.0,0.6,9.8,9.2,3.0,3.0,2.8,3.0,1.2,1.0,14.0,14.8,2020,19
19,10,0,1,3,-11,60.0,20.0,2.6,0.4,13.0,6.6,6.0,2.2,5.2,2.8,1.0,2.2,7.8,14.2,2020,19
0,33,2,2,1,-8,80.0,20.0,2.2,1.4,9.8,14.4,4.8,5.0,5.6,4.8,0.8,1.2,15.6,11.4,2020,19
26,30,0,2,5,5,40.0,20.0,1.0,1.2,12.0,9.2,4.0,2.2,5.6,5.8,1.0,1.2,13.0,14.4,2020,20
21,6,0,0,3,-2,20.0,40.0,1.6,0.8,12.2,9.8,4.6,2.2,4.2,3.6,1.8,0.4,12.0,13.6,2020,20
9,17,0,0,2,3,100.0,40.0,2.4,1.4,17.2,15.6,7.8,5.6,5.4,7.2,0.2,1.6,5.6,8.2,2020,20
16,7,2,4,2,-5,60.0,60.0,1.8,1.0,14.0,9.2,4.6,3.6,6.0,3.8,0.4,1.2,6.6,17.2,2020,20
1,25,2,1,0,8,40.0,0.0,0.8,0.4,9.6,6.2,3.6,1.8,4.0,4.8,1.2,2.4,11.6,12.8,2020,21
35,18,0,1,3,5,60.0,40.0,1.2,2.0,11.2,19.2,3.2,5.6,4.2,9.2,0.4,1.0,6.4,8.0,2020,21
6,19,0,2,3,12,0.0,80.0,0.4,2.2,9.4,12.4,2.0,5.2,5.0,5.2,2.8,0.2,15.8,10.8,2020,26
10,11,0,1,2,2,20.0,60.0,0.8,0.6,12.2,9.8,3.6,3.2,6.4,3.4,1.4,0.8,11.0,10.4,2020,26
32,9,1,3,3,14,20.0,40.0,1.0,2.2,10.4,13.2,2.8,5.2,4.0,4.2,1.6,2.8,11.6,11.0,2020,26
7,26,0,0,1,-1,20.0,40.0,1.0,1.6,12.2,12.4,4.0,5.8,3.2,4.6,1.0,1.0,12.2,8.6,2020,26
30,21,1,1,1,-7,80.0,40.0,1.6,1.4,11.6,10.6,4.6,3.0,5.8,4.4,0.4,1.6,14.6,15.6,2020,27
18,16,0,2,5,-3,100.0,20.0,4.2,1.2,19.0,15.6,7.2,5.2,5.2,6.0,0.2,2.0,7.6,8.4,2020,27
33,35,2,4,0,9,40.0,40.0,1.4,0.8,13.2,9.0,3.4,2.6,5.8,3.8,1.4,0.8,13.4,9.4,2020,27
12,1,0,0,3,1,40.0,0.0,0.6,0.6,9.2,11.0,2.2,2.2,4.8,5.2,1.8,1.8,14.2,10.6,2020,28
17,0,2,3,1,-7,80.0,60.0,3.2,1.6,16.4,10.2,6.6,4.0,8.0,5.6,1.4,0.6,6.8,10.0,2020,28
9,10,2,4,0,-10,80.0,20.0,1.6,0.6,14.8,8.0,6.2,2.8,4.4,2.6,0.6,2.4,8.6,14.4,2020,3
11,6,2,4,2,-3,40.0,60.0,2.0,1.4,11.4,11.0,3.8,3.2,4.8,3.8,1.6,0.4,13.2,12.6,2020,3
21,7,2,3,1,3,0.0,60.0,1.0,1.4,11.0,12.2,3.0,4.6,5.2,4.4,2.4,1.0,13.2,16.2,2020,3
16,33,0,0,3,-11,60.0,20.0,1.8,1.6,13.8,14.4,4.4,4.4,7.2,4.4,0.8,1.4,9.0,11.0,2020,4
26,32,2,2,0,-7,40.0,40.0,1.4,1.0,13.6,8.6,4.8,3.4,5.2,2.0,1.8,1.8,12.0,15.2,2020,4
0,25,2,2,1,-1,80.0,0.0,2.4,0.4,9.4,5.6,5.0,1.8,5.8,4.8,1.0,2.0,15.6,14.0,2020,4
35,12,2,1,0,-11,60.0,20.0,1.4,1.2,11.0,12.0,3.2,4.6,4.6,4.0,1.0,2.4,7.8,15.4,2020,4
19,30,0,1,6,-3,40.0,40.0,2.4,2.0,13.2,8.4,5.6,3.0,6.6,5.2,1.6,1.4,9.2,13.0,2020,4
1,17,2,7,2,16,60.0,60.0,0.8,1.8,11.6,17.2,3.2,6.2,5.6,8.2,0.8,1.6,8.6,7.4,2020,4
11,17,1,2,2,11,40.0,60.0,2.4,2.2,12.2,17.8,4.6,7.2,4.8,9.0,1.8,2.2,12.4,8.2,2020,17
9,26,1,3,3,-7,80.0,40.0,2.0,1.2,15.2,11.2,5.4,4.6,5.0,4.4,0.4,0.8,7.2,9.0,2020,17
18,0,2,1,0,-6,80.0,40.0,3.6,1.4,18.4,9.0,6.8,3.6,5.2,5.0,1.2,1.2,8.8,11.8,2020,17
21,19,0,1,4,10,20.0,100.0,1.4,2.6,10.4,11.4,3.4,4.6,4.6,4.2,2.4,0.4,11.8,12.4,2020,17
25,12,1,1,1,-9,40.0,20.0,0.8,1.0,9.4,12.8,2.6,4.4,6.8,3.4,0.8,2.0,10.8,14.6,2020,18
10,6,1,1,1,-1,20.0,60.0,1.0,1.8,10.4,11.2,3.0,3.4,6.0,4.4,1.6,1.2,11.4,12.6,2020,18
30,33,1,3,3,-10,60.0,40.0,1.4,2.2,13.2,15.2,6.2,5.2,6.0,4.4,0.6,1.0,13.8,8.8,2020,18
16,1,0,0,1,-12,60.0,20.0,1.8,1.2,12.4,12.6,4.0,3.0,7.2,5.8,1.4,1.0,9.8,10.8,2020,18
32,7,1,0,0,8,20.0,40.0,1.4,1.4,10.6,12.0,2.8,4.4,4.4,5.0,1.8,1.6,13.8,14.8,2020,19
33,18,1,1,1,14,40.0,60.0,1.6,2.6,14.2,23.0,4.0,7.0,5.6,8.8,1.0,0.6,12.2,7.0,2020,24
12,10,0,1,2,4,40.0,20.0,0.6,0.6,11.4,8.2,2.8,2.8,5.8,3.6,2.0,2.4,11.8,13.6,2020,24
19,9,1,0,0,-1,20.0,40.0,2.0,2.4,11.2,14.2,4.8,6.0,5.0,5.4,2.8,2.8,12.8,10.8,2020,24
17,25,2,2,1,-8,80.0,0.0,3.0,0.6,16.4,6.0,6.8,2.0,8.2,4.6,1.6,1.8,7.0,12.2,2020,24
26,11,2,2,0,-1,60.0,60.0,1.8,0.8,13.8,9.4,5.6,3.2,5.4,3.6,1.4,1.0,11.0,10.2,2020,25
35,21,1,1,1,-6,60.0,20.0,1.4,0.8,11.8,9.4,3.8,1.8,4.6,4.6,1.0,1.6,9.0,17.8,2020,25
0,16,0,0,1,3,80.0,40.0,2.0,2.0,8.0,14.0,4.4,6.0,5.0,5.8,1.2,2.0,15.2,10.2,2020,25
6,32,1,1,1,-3,0.0,40.0,0.8,0.8,11.4,7.4,2.6,2.6,5.6,1.8,2.8,1.8,14.8,14.4,2020,26
7,30,0,0,1,4,20.0,60.0,0.8,3.0,10.0,11.0,2.8,4.2,4.2,4.8,1.0,1.0,10.6,12.6,2020,26
35,10,2,2,0,-7,60.0,40.0,1.6,1.0,13.0,9.6,4.2,4.6,4.4,3.0,0.8,2.0,8.4,13.8,2020,30
25,18,0,0,1,7,20.0,60.0,0.8,2.8,10.0,20.6,3.2,7.2,6.0,8.2,1.0,0.6,12.6,6.6,2020,31
7,9,0,0,3,6,0.0,20.0,0.6,1.8,10.8,12.6,2.6,5.0,4.8,4.8,1.2,2.4,10.4,11.0,2020,31
17,33,2,2,1,-15,80.0,40.0,3.0,2.4,18.6,14.4,7.0,4.6,8.2,5.0,1.8,1.2,7.8,8.8,2020,31
1,26,0,3,4,6,80.0,40.0,2.2,1.6,13.6,10.4,5.8,5.0,6.2,3.8,1.0,1.2,12.2,9.0,2020,1
21,11,2,2,1,1,20.0,60.0,1.2,0.8,9.6,8.4,3.4,3.0,3.4,3.4,2.8,1.2,14.0,10.2,2020,1
19,0,0,0,1,-5,0.0,20.0,1.0,1.0,10.2,9.6,3.6,3.2,5.2,5.2,2.4,1.4,12.6,12.4,2020,1
30,6,2,2,1,-9,40.0,40.0,1.8,1.8,13.0,13.6,7.0,3.6,5.6,5.0,1.2,1.4,14.2,10.4,2020,1
12,32,2,2,0,0,20.0,20.0,0.4,0.8,12.2,7.2,2.4,2.4,5.2,1.4,2.4,2.0,13.0,12.6,2020,2
6,7,1,0,0,5,0.0,20.0,0.8,1.2,10.0,12.2,2.8,4.4,5.6,4.8,2.4,1.6,12.8,13.2,2020,6
26,21,2,2,0,-2,60.0,20.0,2.0,1.0,14.6,9.2,6.0,2.0,5.8,5.0,1.4,0.8,7.0,16.4,2020,6
11,19,0,1,3,9,40.0,100.0,2.6,2.8,12.2,14.6,4.8,6.2,4.6,4.6,2.0,0.6,13.4,12.2,2020,7
9,25,2,4,1,-5,60.0,0.0,2.0,0.6,13.2,6.6,4.6,1.8,5.2,3.4,1.0,2.0,8.4,13.8,2020,7
33,12,2,1,0,-2,40.0,20.0,1.8,1.0,11.2,12.4,3.4,4.2,4.0,3.6,1.0,1.4,13.4,13.6,2020,7
32,30,0,0,1,12,20.0,80.0,1.2,3.2,10.2,11.0,3.4,4.8,5.0,3.4,1.6,1.0,14.2,13.4,2020,8
16,35,2,1,0,-2,40.0,40.0,1.2,0.8,11.6,9.6,4.2,3.0,7.0,4.4,1.6,1.4,10.4,11.4,2020,8
18,17,1,1,1,1,80.0,40.0,3.0,2.0,18.2,18.4,6.6,7.2,5.8,8.0,1.2,2.4,8.8,8.0,2020,8
0,1,0,0,3,-9,80.0,40.0,1.8,1.2,8.2,11.8,3.8,3.4,4.8,5.4,1.2,0.8,13.8,10.4,2020,8
21,9,0,0,2,9,40.0,40.0,1.4,2.4,7.4,12.4,3.0,6.0,3.4,4.4,2.4,1.8,15.4,10.2,2020,21
1,6,0,1,2,2,60.0,40.0,2.4,1.8,15.0,12.8,6.0,3.6,7.4,5.6,1.8,1.6,12.2,8.0,2020,21
30,18,2,2,0,4,40.0,60.0,1.8,2.0,11.8,18.6,5.8,7.2,5.2,7.8,1.2,0.6,12.8,7.0,2020,21
19,32,2,1,0,-15,0.0,0.0,0.6,0.6,10.2,7.4,3.2,2.2,5.6,1.6,2.2,2.4,12.2,11.8,2020,21
12,11,0,2,3,6,20.0,60.0,0.6,1.0,13.2,10.2,3.2,3.4,4.2,3.8,2.4,1.0,12.4,9.6,2020,22
25,33,0,0,1,-7,0.0,20.0,0.2,1.8,9.2,11.4,2.6,3.8,5.6,4.2,1.2,1.6,12.8,8.4,2020,22
17,16,2,3,0,-4,100.0,80.0,3.2,2.6,15.8,12.0,6.2,6.0,6.0,5.6,1.8,1.2,7.4,10.6,2020,22
7,10,2,1,0,-4,0.0,40.0,0.4,1.0,10.0,10.0,1.8,4.0,4.8,4.0,1.6,2.0,11.2,14.4,2020,23
35,26,1,1,1,-4,60.0,60.0,1.4,2.0,13.2,10.4,3.8,4.8,4.8,2.8,0.8,1.4,9.4,11.2,2020,23
10,21,0,0,2,1,40.0,20.0,1.6,0.8,7.4,8.4,2.6,1.6,5.2,4.8,1.0,0.8,11.0,16.0,2020,27
6,17,1,1,1,14,0.0,40.0,0.8,2.0,13.2,15.6,3.4,6.2,6.2,5.8,1.4,2.2,8.4,8.8,2020,28
18,7,2,5,0,-8,60.0,20.0,2.2,1.0,15.0,11.8,5.2,4.2,4.4,4.2,1.4,1.4,9.6,12.4,2020,28
32,25,2,1,0,9,20.0,0.0,0.8,0.8,10.0,6.8,2.6,2.2,5.4,3.8,1.4,2.4,16.2,14.8,2020,28
26,19,0,2,3,8,80.0,100.0,2.2,2.8,13.4,14.4,6.4,6.0,5.8,4.0,1.2,0.8,5.8,11.8,2020,29
9,30,1,0,0,-2,60.0,80.0,2.6,2.8,12.8,13.2,5.2,4.8,4.8,3.8,1.2,0.8,9.2,11.4,2020,29
0,35,0,1,2,1,60.0,40.0,1.4,0.6,10.2,8.2,3.8,2.4,5.0,3.4,1.6,1.4,12.0,11.6,2020,29
16,12,0,1,2,-13,40.0,0.0,1.0,0.8,10.6,11.6,3.4,3.8,6.4,3.2,1.6,1.6,10.8,13.8,2020,30
33,1,2,2,1,-1,40.0,60.0,1.4,1.8,12.4,13.0,4.0,4.0,4.0,6.0,0.8,0.4,13.2,11.8,2020,30
7,11,1,1,1,-2,20.0,60.0,0.4,1.4,10.2,11.0,2.4,4.4,5.0,4.6,1.4,1.4,11.4,10.8,2020,5
18,12,2,2,0,-16,60.0,20.0,2.8,1.2,17.2,12.4,5.6,4.4,5.0,4.0,1.2,1.6,8.4,13.2,2020,5
33,19,0,1,3,13,60.0,100.0,1.6,3.0,11.6,14.0,4.2,6.2,4.6,4.4,0.8,1.2,13.8,11.2,2020,5
9,15,2,3,1,-14,40.0,60.0,2.2,1.8,13.2,16.4,5.2,6.2,4.8,4.0,1.2,1.6,9.2,14.6,2020,5
32,10,0,1,5,4,20.0,40.0,0.8,1.0,11.6,11.6,3.6,4.4,7.2,5.0,1.4,1.8,16.8,14.2,2020,6
25,16,0,1,2,4,0.0,80.0,0.2,2.6,9.4,9.4,3.6,5.6,4.6,3.6,1.2,1.2,14.8,14.0,2020,6
30,0,2,2,0,-2,40.0,40.0,1.6,1.0,11.2,8.8,5.6,3.2,4.4,3.6,1.2,0.8,12.4,14.4,2020,6
17,35,2,4,0,-6,100.0,60.0,2.8,1.0,18.6,9.4,7.4,3.2,6.8,3.6,1.2,1.2,7.6,12.0,2020,6
6,26,0,1,2,4,0.0,40.0,1.0,1.8,13.2,8.6,3.4,3.6,5.2,2.4,1.6,1.6,7.2,13.0,2020,7
15,33,0,1,2,2,20.0,40.0,1.2,1.8,14.2,12.0,4.8,3.8,7.0,4.8,1.8,1.4,12.6,8.0,2020,11
35,1,0,0,1,-10,40.0,60.0,1.2,1.8,15.0,13.2,4.6,5.0,5.2,6.4,1.0,0.6,9.4,11.2,2020,12
21,32,2,2,1,-5,40.0,0.0,1.2,0.6,8.4,7.4,2.8,2.4,4.4,1.6,2.2,2.2,15.4,13.0,2020,12
19,18,1,0,0,1,20.0,40.0,0.6,1.2,11.4,17.8,3.8,6.2,6.8,8.2,2.0,1.0,11.2,7.4,2020,12
11,9,2,1,0,8,40.0,60.0,2.4,2.2,12.2,13.2,5.4,5.6,5.0,5.2,2.0,0.8,15.0,9.8,2020,12
26,25,2,3,0,2,60.0,0.0,2.0,0.6,12.8,10.0,6.6,2.6,5.0,5.4,1.6,2.0,7.8,15.6,2020,13
10,30,1,1,1,8,40.0,80.0,1.4,2.6,7.2,12.8,2.8,4.6,5.2,4.0,1.2,0.6,12.4,11.4,2020,13
12,17,1,1,1,17,20.0,20.0,1.0,1.6,12.8,14.0,4.0,5.4,3.6,5.6,2.2,2.2,11.6,10.4,2020,13
0,7,0,0,1,-2,40.0,0.0,1.0,0.6,10.2,9.0,3.2,2.8,5.8,3.4,1.6,2.4,10.4,15.0,2020,13
16,6,2,3,0,-10,40.0,40.0,1.2,1.8,11.0,11.4,3.4,3.4,7.0,4.8,1.6,1.6,11.4,8.4,2020,13
35,9,2,2,1,3,40.0,40.0,1.0,1.6,16.2,13.2,5.8,5.2,5.4,5.8,0.6,0.8,9.2,9.0,2020,15
18,32,1,1,1,-16,60.0,0.0,2.2,0.4,14.2,8.8,4.8,2.2,5.0,2.0,1.2,1.6,8.6,12.0,2020,15
0,26,1,1,1,-3,20.0,60.0,0.6,2.2,12.4,8.8,3.8,3.2,7.0,2.4,1.6,1.6,9.6,14.4,2020,16
15,21,2,5,2,5,0.0,40.0,0.6,1.2,14.8,8.8,4.8,2.8,7.0,4.0,1.6,0.8,13.6,16.2,2020,16
16,11,0,0,2,-7,40.0,40.0,1.0,1.4,11.2,10.6,3.4,4.8,5.8,4.8,1.2,1.6,10.6,10.6,2020,16
12,6,1,0,0,3,20.0,20.0,1.2,1.2,13.8,11.2,4.6,3.0,4.4,5.6,1.8,2.2,11.4,10.2,2020,16
17,30,2,2,1,-5,100.0,60.0,2.8,1.8,16.4,13.8,7.4,4.6,5.8,5.0,0.6,0.4,8.2,11.8,2020,16
33,10,1,1,1,2,60.0,40.0,1.8,1.4,12.4,12.4,4.8,4.6,4.0,5.6,1.0,1.8,13.8,13.4,2020,16
1,7,1,0,0,7,40.0,20.0,2.4,0.4,16.4,7.8,6.2,2.2,8.2,3.4,2.2,1.6,12.2,15.8,2020,17
25,19,0,2,3,6,0.0,100.0,0.4,3.2,8.4,15.6,3.4,6.8,3.4,4.6,1.2,1.4,15.2,12.2,2020,17
10,17,0,0,7,13,20.0,0.0,1.4,1.4,9.4,12.8,3.2,5.4,4.6,5.0,1.4,2.4,13.4,11.4,2020,19
26,18,0,0,1,9,80.0,20.0,2.2,0.6,13.2,16.8,6.4,4.8,6.0,7.6,0.6,0.8,6.6,7.6,2020,19
11,0,2,2,1,4,40.0,20.0,1.6,0.4,10.6,8.4,4.8,2.4,4.0,4.8,1.6,1.2,15.8,14.6,2020,19
21,12,1,1,1,-5,60.0,20.0,1.6,0.6,9.6,10.8,4.2,3.4,3.8,4.0,1.8,1.2,15.4,14.4,2020,19
6,25,1,1,1,6,0.0,0.0,1.0,0.6,13.0,9.8,3.6,2.4,5.2,5.4,1.4,2.4,7.2,15.2,2020,20
30,16,0,0,2,1,60.0,80.0,2.0,2.4,10.6,9.4,5.2,5.0,4.0,3.6,1.0,1.4,11.6,13.4,2020,20
19,15,2,6,2,-15,20.0,60.0,0.4,1.4,11.0,16.8,3.4,6.2,5.8,4.8,1.4,1.4,10.2,14.8,2020,20
32,1,0,0,3,1,20.0,80.0,1.0,1.8,12.0,13.2,4.2,4.6,7.6,6.6,1.8,0.4,17.8,12.4,2020,20
7,35,2,2,1,3,20.0,40.0,0.4,0.6,9.2,9.0,2.6,3.0,5.4,3.8,1.2,2.0,11.2,12.4,2020,21
9,33,2,3,0,-12,60.0,60.0,2.8,2.0,16.8,13.0,6.8,4.8,6.2,5.0,1.0,1.2,7.2,9.2,2020,21
16,19,1,2,2,2,40.0,100.0,1.0,3.2,13.2,17.0,3.8,7.8,5.4,5.0,1.0,1.4,10.0,11.0,2020,26
1,10,2,3,0,3,20.0,40.0,2.2,1.6,18.2,13.2,7.2,5.0,8.4,5.2,2.2,1.2,12.6,11.8,2020,26
12,26,1,0,0,7,20.0,40.0,1.2,2.2,12.4,10.4,4.8,3.6,3.6,3.4,1.2,1.8,10.8,14.2,2020,26
0,9,2,3,1,4,0.0,40.0,0.4,1.2,13.0,11.4,3.6,3.8,7.0,5.2,1.6,0.6,11.0,9.6,2020,26
18,21,2,2,0,-11,60.0,20.0,2.0,1.2,16.2,7.8,5.2,3.2,7.0,3.4,0.4,1.8,8.2,18.2,2020,26
25,11,0,0,1,-3,0.0,40.0,0.8,1.4,8.0,10.8,3.8,5.0,3.6,4.8,1.6,1.4,14.6,11.8,2020,26
15,7,2,1,0,8,20.0,20.0,1.4,0.2,17.4,7.6,5.4,2.4,7.0,2.8,1.8,1.0,11.0,19.2,2020,27
33,6,1,2,2,1,40.0,20.0,1.2,0.8,11.2,10.8,3.8,3.2,4.8,5.2,1.2,1.4,13.2,9.8,2020,27
17,32,1,1,1,-17,100.0,0.0,2.6,0.6,15.6,8.8,8.0,2.0,5.8,2.2,0.6,1.4,9.0,14.6,2020,27
35,30,1,1,1,1,40.0,40.0,1.2,0.8,15.8,11.0,5.6,3.4,5.2,5.0,0.8,0.6,9.8,14.2,2020,27
10,16,1,1,1,9,20.0,80.0,1.2,1.8,8.8,11.4,3.6,4.4,4.2,3.4,2.4,1.0,14.2,11.8,2020,28
9,1,1,1,1,-13,60.0,80.0,2.6,1.8,15.6,14.6,7.0,5.6,5.6,7.4,1.0,0.4,7.6,9.4,2020,28
6,0,0,0,1,7,0.0,20.0,0.8,0.4,13.6,10.2,3.6,2.2,6.6,4.8,1.0,1.0,6.8,12.2,2020,29
7,25,2,1,0,1,40.0,0.0,0.8,0.6,9.2,9.6,3.0,2.6,4.0,5.0,1.2,2.2,13.2,18.2,2020,29
26,33,1,0,0,-5,60.0,40.0,1.8,1.4,12.4,11.4,5.6,3.6,6.2,5.0,0.8,1.8,7.8,10.6,2020,29
32,15,0,0,5,0,20.0,40.0,0.4,1.6,10.4,16.8,3.8,5.0,7.2,6.0,1.8,2.6,17.2,17.2,2020,29
19,35,2,1,0,-4,40.0,40.0,1.4,0.8,15.2,9.8,5.8,3.2,7.6,4.6,0.6,1.6,9.2,11.4,2020,29
21,17,1,0,0,12,40.0,20.0,1.2,2.4,10.0,12.8,4.2,5.4,3.6,4.4,1.8,1.0,16.2,8.8,2020,30
11,33,0,0,1,-4,40.0,40.0,1.2,0.8,10.2,10.4,4.0,3.4,4.2,4.2,1.4,1.2,16.2,10.0,2021,1
19,1,2,2,1,-14,60.0,60.0,1.6,1.8,14.6,14.6,5.6,5.2,6.2,6.8,0.6,0.6,9.8,10.4,2021,1
30,15,2,3,0,-12,60.0,40.0,1.8,2.0,7.6,14.2,3.4,4.4,3.0,7.0,1.2,2.6,13.8,15.6,2021,2
10,25,2,2,0,5,20.0,0.0,1.2,0.4,9.4,8.4,3.6,2.8,4.2,5.4,2.4,2.0,13.6,15.8,2021,2
6,35,1,3,3,8,0.0,20.0,0.6,0.6,15.2,10.2,3.4,3.6,6.4,4.4,1.0,1.8,7.2,11.0,2021,2
32,0,0,0,4,10,20.0,40.0,0.4,0.6,8.6,10.2,2.8,2.2,6.2,4.4,2.8,0.8,18.2,12.2,2021,2
21,16,0,1,2,8,40.0,60.0,1.0,1.8,10.2,13.6,3.8,4.6,4.6,3.8,1.0,1.2,12.8,10.2,2021,3
9,18,0,1,3,2,60.0,40.0,2.2,0.6,16.6,14.4,7.0,5.4,6.6,6.8,0.6,0.6,7.0,7.0,2021,3
26,17,2,1,0,10,40.0,20.0,1.4,2.0,11.6,10.6,5.0,4.6,6.2,5.8,0.8,0.6,8.2,8.2,2021,4
25,21,2,1,0,-4,0.0,20.0,0.6,1.0,8.0,8.0,3.0,3.4,4.4,3.2,1.6,2.0,13.0,15.8,2021,12
7,19,0,0,1,7,60.0,80.0,1.0,2.8,7.6,13.2,2.8,5.8,3.8,3.6,1.0,1.6,12.8,11.6,2021,12
35,11,0,1,2,-5,40.0,60.0,1.2,1.6,14.8,11.0,6.2,5.2,6.6,4.4,0.8,1.0,10.0,11.4,2021,12
18,6,2,1,0,-13,60.0,20.0,2.2,1.0,15.8,9.4,5.4,3.4,7.2,5.0,0.4,1.6,7.4,11.8,2021,13
30,12,1,1,1,-12,80.0,20.0,1.8,0.8,9.4,11.0,3.6,3.8,3.0,5.4,0.6,1.2,14.8,14.0,2021,13
0,10,1,0,0,-6,20.0,20.0,1.0,1.2,13.6,13.0,4.2,4.2,6.6,5.2,1.6,1.6,13.6,12.8,2021,14
35,32,0,2,3,-11,20.0,0.0,1.0,0.6,14.2,8.0,5.8,2.0,6.4,2.4,1.2,1.4,8.8,17.0,2021,16
15,6,0,0,1,3,40.0,20.0,1.6,0.8,17.0,9.2,5.8,3.2,6.2,4.8,1.6,1.4,12.4,13.2,2021,16
33,7,2,1,0,6,40.0,20.0,1.4,0.2,12.2,8.6,4.2,2.8,5.4,4.8,1.4,1.2,13.0,18.8,2021,16
12,9,0,0,1,14,20.0,40.0,1.0,1.4,11.2,14.0,4.4,4.2,4.0,5.8,0.8,1.2,8.6,9.8,2021,16
16,26,2,2,0,-6,40.0,40.0,1.4,1.6,13.0,8.4,3.2,2.8,6.0,3.6,1.2,1.2,9.8,14.0,2021,16
25,30,0,1,3,3,20.0,20.0,0.8,0.8,10.4,10.4,3.6,3.4,5.0,4.4,1.4,0.8,11.2,13.8,2021,17
17,19,1,0,0,-2,80.0,80.0,2.4,2.4,15.6,13.2,7.4,6.2,6.0,4.0,0.6,1.4,7.4,12.4,2021,17
18,10,2,4,0,-12,80.0,20.0,2.2,1.2,17.6,13.2,6.2,4.2,8.6,4.6,0.2,1.2,6.4,12.0,2021,17
0,21,2,3,0,-5,20.0,20.0,1.0,0.8,13.2,8.4,4.6,3.6,7.4,3.0,1.0,2.0,13.0,16.0,2021,18
33,32,2,2,1,-2,40.0,20.0,1.4,1.2,12.0,8.4,3.6,2.8,5.0,2.0,1.4,1.4,12.4,19.0,2021,19
16,9,2,2,0,1,40.0,40.0,1.6,1.0,14.2,15.4,3.6,3.6,5.2,7.4,1.2,1.2,10.0,10.8,2021,19
18,1,2,2,0,-15,80.0,40.0,2.0,1.4,16.4,12.6,6.2,5.0,9.6,7.2,0.2,1.0,5.0,11.6,2021,20
12,19,0,1,2,15,0.0,60.0,0.6,1.8,10.6,11.8,3.8,5.8,3.2,2.8,1.0,1.0,10.8,13.8,2021,20
17,7,0,0,1,-9,60.0,20.0,2.0,0.2,17.2,9.8,7.0,3.0,7.2,5.0,0.4,1.4,8.2,18.0,2021,21
1,21,2,2,0,4,20.0,20.0,1.4,0.8,18.8,8.4,7.0,3.4,8.8,2.8,1.8,2.2,12.4,17.0,2021,23
10,33,0,2,3,-2,20.0,60.0,0.8,0.8,9.2,11.8,3.2,3.8,4.2,4.6,2.2,0.8,13.2,10.2,2021,26
21,15,0,1,2,-5,20.0,40.0,0.8,1.8,9.6,16.0,3.4,4.8,4.2,6.8,1.2,2.4,11.6,17.6,2021,26
26,0,0,1,3,3,40.0,40.0,1.2,1.2,10.0,13.0,4.0,4.2,4.8,4.8,0.8,0.8,10.8,12.0,2021,26
32,18,0,0,5,16,20.0,60.0,0.4,1.0,7.6,15.2,3.0,5.2,5.0,5.4,3.4,0.6,18.6,7.6,2021,26
7,1,2,3,2,-7,60.0,40.0,1.0,1.2,8.8,11.6,2.8,4.6,3.8,6.2,0.6,1.0,12.6,16.0,2021,27
9,35,1,0,0,-3,40.0,20.0,1.6,1.2,14.4,11.0,5.6,4.0,6.4,5.4,1.0,2.2,9.4,11.6,2021,27
6,12,1,0,0,-3,0.0,20.0,1.2,0.8,14.0,11.0,3.6,3.4,6.4,5.4,1.6,1.2,8.6,15.0,2021,27
11,16,1,1,1,7,40.0,60.0,0.8,1.4,10.0,13.4,3.4,3.6,4.8,4.4,1.2,1.2,14.0,9.6,2021,27
19,25,0,1,2,-6,80.0,0.0,2.0,0.2,16.8,8.6,7.0,2.6,6.0,5.2,0.6,1.6,9.4,13.6,2021,27
30,17,0,1,3,5,60.0,20.0,1.6,1.8,10.6,12.0,4.2,4.2,3.4,7.4,0.6,0.6,16.6,8.2,2021,28
11,21,0,0,2,-1,40.0,0.0,0.8,0.4,10.2,7.0,3.6,2.2,4.8,3.0,0.8,2.6,15.2,17.4,2021,30
10,35,2,1,0,7,20.0,0.0,1.2,0.8,8.0,9.6,3.2,3.0,3.4,4.8,2.4,2.0,13.8,11.8,2021,30
18,25,2,1,0,-7,80.0,20.0,2.0,0.6,18.8,5.4,6.8,2.2,11.0,3.8,0.2,1.6,6.0,13.4,2021,30
32,12,1,2,2,0,0.0,20.0,0.2,0.8,5.0,10.4,2.0,3.4,2.8,4.4,4.4,1.0,18.0,15.0,2021,30
0,19,1,0,0,5,40.0,60.0,1.4,1.6,14.6,11.8,5.4,5.6,7.2,3.6,0.6,1.0,11.6,12.4,2021,30
26,1,0,0,1,-6,40.0,20.0,1.0,1.4,10.6,12.6,4.0,6.2,4.6,5.4,0.8,1.6,9.6,14.8,2021,30
9,7,2,2,0,-6,40.0,40.0,1.6,0.4,14.6,9.2,6.0,3.6,8.4,4.2,1.0,0.4,9.2,19.6,2021,31
16,15,0,1,3,-13,60.0,40.0,1.8,2.0,12.6,13.2,4.2,3.8,5.2,7.4,0.8,2.6,9.8,19.0,2021,31
33,17,0,1,3,15,40.0,40.0,1.4,2.2,13.6,13.6,4.4,5.2,5.0,7.2,1.4,0.6,10.4,6.6,2021,31
6,30,2,1,0,9,0.0,20.0,1.0,1.2,15.0,9.4,4.0,3.4,7.6,4.6,1.4,1.0,9.4,14.4,2021,31
25,32,2,2,1,-9,20.0,20.0,1.0,1.4,11.6,8.2,3.6,2.8,5.6,1.8,1.8,1.6,11.0,18.4,2021,2
35,0,2,2,1,-1,20.0,60.0,1.2,1.8,14.8,13.0,5.2,4.8,7.2,5.2,1.6,1.0,9.8,9.6,2021,2
19,26,2,9,0,-8,60.0,20.0,2.0,0.8,16.6,8.2,6.4,2.6,5.8,4.4,1.0,1.0,9.0,13.4,2021,2
21,10,0,1,2,-1,20.0,20.0,1.0,1.2,12.4,10.6,4.2,3.2,4.6,3.4,1.2,1.8,10.6,12.6,2021,2
7,18,0,0,2,8,60.0,60.0,1.4,1.8,8.8,15.6,3.0,5.0,3.4,6.0,1.0,0.6,13.2,7.4,2021,3
12,16,0,0,2,13,0.0,60.0,0.4,1.6,10.2,15.0,3.6,4.0,3.2,6.0,0.8,0.8,12.0,6.4,2021,3
15,11,0,1,2,6,40.0,80.0,1.4,1.8,16.2,9.0,5.4,5.0,5.2,4.6,1.0,0.8,11.8,11.6,2021,3
1,33,0,1,3,1,40.0,60.0,1.8,1.2,19.2,12.2,7.2,4.6,8.6,4.2,1.2,1.2,8.4,9.6,2021,3
17,6,0,0,1,-14,40.0,20.0,1.4,0.6,17.8,9.2,5.6,3.0,7.6,4.6,0.6,1.2,7.2,11.6,2021,3
30,9,0,0,1,2,40.0,20.0,1.4,0.6,10.4,14.4,4.2,4.0,3.6,7.2,1.2,1.6,15.0,10.8,2021,4
1,0,2,1,0,9,40.0,60.0,1.4,2.0,17.2,12.6,5.6,5.0,7.8,4.6,1.0,1.0,10.6,10.6,2021,6
7,6,1,1,1,-5,60.0,40.0,1.2,0.8,7.6,9.4,2.4,3.0,2.0,4.2,1.2,0.6,14.0,10.8,2021,6
21,26,2,3,2,2,0.0,20.0,0.8,0.6,14.2,7.4,3.8,2.4,5.6,4.2,1.4,2.6,9.2,14.2,2021,6
12,33,1,0,0,2,0.0,60.0,0.2,1.4,9.8,12.4,2.8,5.0,3.0,3.6,1.0,1.2,11.4,8.8,2021,6
19,11,1,3,3,-9,80.0,80.0,3.8,1.6,19.2,9.2,8.8,4.8,6.0,3.8,1.0,0.6,7.8,12.0,2021,6
30,32,2,2,0,-12,20.0,20.0,1.0,1.4,10.6,7.2,4.0,3.0,3.4,1.6,1.4,1.6,16.4,18.8,2021,7
35,16,1,0,0,2,40.0,60.0,1.6,1.6,13.8,14.2,5.2,4.2,8.0,5.4,1.6,0.6,9.0,7.2,2021,7
17,18,0,1,4,-1,20.0,80.0,0.6,2.2,17.8,14.6,4.6,5.2,8.0,4.6,0.8,0.2,8.0,7.0,2021,7
25,9,0,1,2,5,40.0,40.0,1.2,0.8,13.6,16.0,4.6,3.8,6.2,7.4,1.6,1.4,10.0,10.4,2021,7
15,10,2,2,0,4,40.0,20.0,1.6,0.6,14.4,8.2,6.0,2.6,5.6,2.4,1.4,1.8,12.0,15.0,2021,8
16,17,2,3,1,4,40.0,60.0,1.4,2.6,13.2,14.0,4.6,5.0,4.6,6.6,1.4,0.6,9.0,6.2,2021,13
10,7,0,0,3,4,40.0,20.0,1.2,0.2,7.0,7.4,2.6,3.2,2.8,3.8,2.2,0.8,12.2,19.8,2021,13
18,30,2,3,0,-4,100.0,20.0,2.0,1.2,15.6,10.0,6.4,4.0,10.4,4.4,0.0,1.2,5.8,15.0,2021,13
6,1,1,0,0,-2,20.0,20.0,1.0,1.0,15.8,10.4,4.2,5.0,8.6,4.2,1.0,1.6,9.0,18.6,2021,13
26,35,0,1,2,4,20.0,0.0,0.4,0.8,11.4,9.0,3.8,3.2,4.4,4.8,1.0,1.4,10.6,11.8,2021,14
32,19,1,1,1,15,0.0,40.0,0.4,1.0,4.2,11.8,1.8,4.6,2.4,4.4,3.8,0.6,16.8,13.4,2021,14
0,15,2,4,2,-10,40.0,60.0,1.4,2.4,14.4,13.2,4.8,4.6,5.4,7.4,0.4,2.2,12.4,18.0,2021,14
11,12,0,0,2,-6,40.0,0.0,0.8,0.8,9.4,10.8,2.6,3.8,5.4,4.0,1.0,1.2,13.2,12.8,2021,14
33,25,2,3,0,7,40.0,20.0,1.4,0.6,11.4,5.6,3.6,2.4,5.2,3.0,1.4,1.2,10.2,12.2,2021,15
9,21,2,2,0,-9,40.0,20.0,1.4,0.4,13.8,7.6,5.4,2.0,7.6,4.6,0.8,1.6,7.8,14.6,2021,15
7,12,1,1,1,-8,40.0,20.0,1.0,1.2,9.6,12.0,3.0,4.2,3.4,4.2,1.2,0.8,13.0,11.0,2021,17
11,18,0,1,3,10,20.0,100.0,0.6,3.0,9.0,14.4,2.2,5.8,5.2,4.2,1.4,0.4,13.6,6.4,2021,17
35,15,2,1,0,-11,20.0,60.0,1.2,2.4,14.0,11.6,4.6,5.0,8.6,5.8,1.4,1.8,9.0,15.4,2021,19
26,9,1,1,1,7,20.0,60.0,0.6,1.0,11.0,15.2,3.8,3.8,4.0,7.8,1.2,1.2,10.4,9.6,2021,20
7,32,1,0,0,-8,20.0,20.0,1.0,1.2,10.2,7.0,3.0,3.0,3.8,1.2,1.4,1.8,13.2,16.2,2021,20
17,11,0,0,2,-11,0.0,80.0,0.4,2.0,16.0,7.8,3.0,4.2,7.8,3.2,1.4,1.0,8.0,13.2,2021,20
12,25,2,1,0,9,0.0,20.0,0.2,0.4,12.0,6.2,2.4,2.8,4.2,4.0,1.0,1.6,11.2,10.6,2021,20
33,30,2,2,1,10,60.0,20.0,1.8,1.0,12.2,8.6,5.0,3.4,5.6,3.4,1.2,1.6,10.2,14.8,2021,21
1,16,0,1,2,12,60.0,40.0,1.4,1.2,16.6,13.4,6.4,4.0,6.0,5.2,0.6,0.6,12.0,8.2,2021,21
0,18,0,0,1,6,60.0,100.0,2.0,3.4,15.2,15.4,5.0,6.2,5.8,5.0,0.6,0.6,11.6,5.2,2021,21
19,21,2,3,1,-10,60.0,20.0,3.2,0.4,16.8,8.2,7.0,2.4,4.8,5.0,1.2,1.6,5.6,16.0,2021,21
6,10,0,1,2,1,20.0,20.0,0.8,0.4,16.8,8.2,5.0,2.8,7.6,2.4,0.8,2.0,8.8,16.6,2021,22
15,26,2,3,0,7,60.0,0.0,1.8,0.6,15.2,8.2,6.0,2.8,5.6,5.0,1.0,3.0,9.8,13.0,2021,23
18,33,2,2,1,-14,100.0,60.0,2.2,1.4,16.4,12.8,6.4,5.2,9.8,3.4,0.0,0.6,5.8,10.6,2021,27
32,6,2,1,0,3,0.0,40.0,0.6,1.0,5.4,9.6,2.2,2.6,3.0,4.0,3.4,0.8,15.0,13.0,2021,27
15,1,0,0,1,1,60.0,20.0,1.4,0.8,12.4,9.2,5.4,4.8,4.6,3.8,0.6,1.4,10.4,20.6,2021,27
21,35,1,1,1,6,20.0,20.0,1.2,1.0,13.0,8.0,3.6,3.4,5.2,4.6,1.6,1.2,9.8,11.2,2021,27
10,12,1,0,0,-4,40.0,20.0,1.2,1.2,8.6,11.4,2.6,4.0,3.2,3.4,1.4,0.8,12.6,10.2,2021,28
16,0,0,1,3,-3,60.0,60.0,2.0,1.8,12.6,12.8,5.4,5.2,4.2,5.4,1.2,0.8,9.8,11.2,2021,28
30,7,2,4,0,-4,40.0,40.0,1.4,0.8,11.6,9.4,4.6,3.2,4.0,4.4,1.0,0.8,13.8,17.0,2021,28
9,19,1,0,0,1,40.0,40.0,1.2,0.8,15.2,12.0,5.0,5.2,8.6,5.4,0.8,0.4,8.6,12.8,2021,28
25,17,0,0,2,8,40.0,40.0,1.0,1.4,12.8,14.2,4.0,4.2,5.2,8.2,1.4,1.2,9.0,7.4,2021,28
11,26,2,1,0,1,0.0,0.0,0.4,0.4,7.8,8.2,2.2,3.2,4.4,4.4,1.8,3.4,14.2,13.4,2021,1
18,35,2,4,1,-5,100.0,20.0,2.4,1.2,15.2,9.0,5.8,3.2,9.0,5.2,0.2,1.2,6.6,12.8,2021,2
7,16,1,1,1,5,20.0,60.0,1.0,1.4,9.2,13.2,3.2,4.8,4.2,5.8,1.2,0.6,12.6,9.6,2021,3
25,1,2,1,0,-8,40.0,40.0,1.0,0.8,12.4,10.0,4.0,4.6,4.8,2.8,1.6,1.0,10.8,19.4,2021,3
10,19,1,0,0,11,40.0,20.0,1.0,0.6,8.4,11.6,2.4,4.6,3.0,5.4,1.2,0.4,12.4,14.2,2021,3
12,30,0,0,1,12,20.0,20.0,0.4,1.0,13.0,11.0,3.6,3.8,4.2,4.0,1.0,1.6,11.4,12.2,2021,4
32,11,0,0,1,6,20.0,80.0,0.8,2.0,5.8,7.4,2.4,4.2,3.8,2.4,2.4,1.0,15.2,13.4,2021,4
17,9,0,0,1,-3,0.0,60.0,0.2,1.0,15.6,13.2,3.8,3.8,7.6,7.2,1.6,0.8,8.8,7.4,2021,4
7,0,1,1,1,2,0.0,60.0,0.6,2.2,9.6,13.0,3.6,5.4,4.8,6.0,1.0,1.0,12.0,10.2,2021,6
25,26,0,0,2,-2,40.0,0.0,1.0,0.4,10.8,9.4,3.6,3.0,4.2,5.8,1.6,3.6,12.6,12.8,2021,6
1,35,1,0,0,10,60.0,20.0,1.6,0.8,13.4,8.0,5.4,2.6,5.2,4.0,1.0,1.4,14.0,14.6,2021,6
6,16,0,1,2,10,20.0,40.0,1.0,1.2,19.2,14.4,5.6,5.0,9.2,6.2,1.0,0.6,7.2,10.4,2021,6
32,21,1,0,0,5,20.0,20.0,0.8,0.6,6.6,8.8,2.4,3.0,3.8,5.4,1.8,2.0,13.2,15.6,2021,7
17,12,0,0,1,-17,0.0,20.0,0.2,1.0,13.6,11.6,3.4,4.0,7.2,3.0,1.8,0.6,9.4,7.8,2021,7
18,19,0,0,2,-1,100.0,20.0,2.4,0.6,17.0,12.2,6.6,4.0,8.8,6.0,0.4,0.4,7.4,12.4,2021,7
30,10,2,4,1,-8,40.0,40.0,1.6,0.8,10.8,6.2,4.6,2.0,4.0,1.6,1.0,1.6,12.2,17.4,2021,7
9,11,2,2,0,-8,40.0,80.0,1.0,2.0,15.6,8.2,5.2,4.2,7.0,2.4,0.6,1.0,8.8,13.6,2021,8
33,15,2,2,0,-2,80.0,40.0,1.8,1.4,10.8,12.4,5.0,5.2,5.6,5.6,1.0,2.0,11.6,17.6,2021,8
18,26,2,5,2,-9,80.0,20.0,2.0,0.8,16.0,10.8,6.0,3.4,6.8,5.4,0.8,3.2,6.8,11.2,2021,10
21,1,1,1,1,-4,20.0,40.0,1.4,0.8,15.2,11.0,4.6,4.6,4.8,3.8,1.8,0.8,10.4,15.6,2021,12
15,9,1,0,0,14,40.0,60.0,1.2,1.0,12.8,11.2,5.2,3.6,5.2,5.2,0.8,0.8,9.4,6.8,2021,13
10,32,2,1,0,-4,20.0,20.0,0.6,1.0,8.2,8.0,2.0,3.0,3.2,1.6,1.2,1.6,13.2,14.0,2021,13
11,7,0,1,2,2,20.0,40.0,0.6,0.8,7.2,8.6,2.0,2.6,4.2,2.8,1.6,1.4,13.8,18.0,2021,13
12,18,0,0,3,16,20.0,100.0,0.4,3.0,13.2,14.8,3.6,5.6,4.8,5.0,1.0,0.4,9.0,4.8,2021,13
26,6,0,1,2,-4,20.0,40.0,0.8,0.6,10.2,10.0,3.4,3.0,3.8,4.0,1.4,0.6,10.6,12.0,2021,14
16,25,2,5,0,-4,60.0,20.0,1.8,0.4,12.2,5.6,5.6,2.6,3.6,3.8,1.4,1.6,10.4,12.6,2021,14
0,30,2,2,1,2,40.0,40.0,1.4,1.0,13.6,11.6,3.8,3.6,4.6,3.8,0.6,1.4,10.8,12.2,2021,14
19,33,2,1,0,-13,60.0,60.0,3.6,1.6,17.6,13.0,7.8,5.2,5.6,3.2,1.4,1.0,5.8,11.0,2021,14
35,17,0,0,1,6,40.0,60.0,1.2,1.8,14.8,15.2,4.4,5.0,8.2,6.4,1.2,1.2,11.4,7.4,2021,15
12,15,0,1,2,0,20.0,40.0,0.2,1.4,11.4,12.2,2.6,4.6,5.2,5.8,1.2,1.8,7.6,16.8,2021,19
6,21,2,3,0,2,20.0,20.0,0.6,0.6,18.0,9.8,5.2,3.8,9.4,6.4,0.8,1.4,6.6,14.2,2021,20
33,0,1,3,3,8,80.0,40.0,2.0,1.6,11.0,11.8,5.2,3.6,5.4,5.8,1.0,1.2,13.0,10.6,2021,21
1,30,0,0,2,11,40.0,20.0,1.0,0.6,11.0,10.0,3.6,3.2,5.4,3.0,1.0,1.6,13.4,11.8,2021,21
9,32,0,2,5,-14,60.0,0.0,1.2,0.4,17.6,8.0,6.6,2.2,7.4,2.0,0.0,1.4,6.6,10.6,2021,3
15,25,2,2,1,9,40.0,20.0,1.2,0.4,12.8,4.4,5.6,2.2,5.8,2.8,0.6,2.2,11.0,14.6,2021,3
16,18,0,0,2,3,60.0,100.0,2.4,2.6,12.8,12.8,6.6,5.6,5.0,3.8,1.4,0.4,9.0,4.6,2021,3
0,17,0,0,3,7,60.0,80.0,1.8,2.0,14.0,14.2,3.6,5.6,4.4,4.8,0.8,1.0,9.6,8.0,2021,3
26,7,2,3,2,1,0.0,60.0,0.8,1.2,10.6,9.4,3.6,3.2,4.4,2.8,1.8,1.4,8.8,17.8,2021,4
21,30,1,2,2,7,20.0,40.0,1.4,1.0,16.0,10.2,4.8,3.0,4.6,4.2,1.6,1.4,11.6,10.2,2021,4
1,12,2,3,1,-1,20.0,40.0,0.6,1.2,9.8,11.6,2.8,4.0,5.4,3.8,1.4,0.6,13.8,7.8,2021,4
19,6,2,2,1,-12,60.0,60.0,3.4,1.0,16.8,10.6,6.8,4.0,5.8,4.2,1.2,0.6,6.2,10.6,2021,4
11,10,1,1,1,-2,20.0,40.0,0.6,1.0,8.4,4.8,2.4,1.8,4.6,2.0,1.8,2.4,12.8,17.6,2021,5
35,33,0,2,3,-9,40.0,40.0,1.0,1.4,14.4,12.2,4.8,4.2,7.6,3.0,1.0,1.2,12.8,12.0,2021,5
12,35,0,0,1,11,20.0,20.0,0.4,0.8,12.4,9.2,3.6,3.0,6.8,4.4,1.2,1.4,8.4,13.6,2021,9
18,15,0,1,2,-16,80.0,40.0,2.8,1.4,17.4,13.0,7.0,5.0,5.8,6.2,1.2,1.8,8.2,15.0,2021,10
17,1,2,2,1,-16,0.0,40.0,0.2,0.6,11.4,10.4,2.8,3.8,6.6,3.4,1.8,0.4,10.2,16.0,2021,10
10,9,0,1,4,10,40.0,60.0,0.4,1.0,8.2,12.4,2.2,4.2,3.2,5.6,0.6,0.4,12.2,6.6,2021,10
7,21,0,1,2,-3,0.0,20.0,0.8,0.6,11.0,9.0,4.6,3.8,5.0,5.8,0.8,1.6,11.6,13.6,2021,11
33,16,2,3,2,11,60.0,60.0,2.2,1.4,11.2,12.2,5.0,4.6,5.4,5.2,1.4,0.6,15.0,10.2,2021,11
30,19,0,1,3,3,60.0,20.0,2.2,0.6,10.2,10.8,4.4,4.2,3.0,4.8,1.0,0.2,10.2,14.6,2021,11
25,0,0,0,3,1,40.0,20.0,0.8,1.6,9.4,13.2,3.0,4.0,4.6,5.8,1.4,1.6,12.8,11.0,2021,11
32,26,2,3,0,7,20.0,20.0,0.8,1.2,8.4,12.4,2.8,4.4,5.0,5.8,0.8,2.4,11.4,9.8,2021,12
6,11,1,0,0,3,40.0,60.0,1.2,1.6,17.0,8.6,5.4,3.8,8.0,2.0,0.8,1.2,5.2,15.0,2021,12
11,30,1,2,2,6,20.0,40.0,0.8,1.4,9.2,11.0,3.2,3.4,3.8,4.4,1.6,1.2,12.8,11.6,2021,16
21,33,2,3,2,-3,20.0,40.0,1.6,1.4,16.0,10.6,5.0,4.0,4.2,2.6,1.6,1.2,12.0,14.8,2021,17
35,25,2,1,0,-2,40.0,0.0,1.0,0.2,13.8,5.2,4.6,1.8,6.2,3.8,1.0,2.4,12.2,16.0,2021,17
0,12,1,1,1,-10,40.0,40.0,1.2,1.0,10.6,12.2,2.8,4.0,3.2,4.0,1.4,0.8,12.0,9.6,2021,18
19,7,2,3,1,-7,80.0,40.0,3.6,1.4,16.6,9.6,7.4,3.4,5.4,4.2,1.0,2.0,6.2,17.2,2021,18
15,17,1,1,1,17,60.0,80.0,1.4,2.0,14.2,14.6,5.8,5.6,5.4,4.8,0.4,0.8,10.8,8.0,2021,19
9,6,1,0,0,-11,60.0,40.0,1.6,1.0,18.4,10.2,7.2,4.2,6.8,5.0,1.0,1.0,8.6,12.2,2021,20
30,26,2,2,1,-5,60.0,20.0,2.2,0.8,12.0,12.4,4.6,4.2,4.2,6.4,1.0,2.4,9.8,11.6,2021,21
1,18,0,1,2,15,40.0,100.0,1.0,2.6,10.8,11.6,3.2,5.2,4.8,3.4,1.0,0.4,12.8,5.2,2021,21
16,32,2,3,0,-13,40.0,20.0,2.0,1.2,12.2,9.6,5.8,3.2,4.0,2.4,1.8,1.4,9.4,11.4,2021,22
0,11,0,0,1,-4,40.0,40.0,1.4,1.2,10.8,8.2,3.2,2.8,4.6,2.4,1.6,1.0,9.8,16.4,2021,23
17,21,1,1,1,-12,20.0,20.0,0.6,0.6,13.8,8.4,4.6,4.2,6.8,4.0,1.8,1.8,9.4,16.2,2021,24
33,9,0,0,1,12,80.0,60.0,2.6,1.6,10.4,13.4,5.4,5.8,4.4,5.8,1.2,0.6,15.2,5.4,2021,24
25,6,2,1,0,-6,20.0,20.0,0.4,0.8,8.0,9.8,2.2,3.8,3.2,5.0,1.8,1.0,14.0,11.4,2021,24
35,7,0,0,4,-3,40.0,40.0,0.8,1.6,13.6,11.4,4.2,4.0,5.0,4.4,0.8,2.2,12.0,16.8,2021,25
15,19,1,0,0,15,40.0,40.0,1.2,1.2,13.2,10.4,5.4,5.0,6.4,4.4,0.6,0.4,12.6,13.6,2021,25
1,32,1,2,2,-1,20.0,20.0,1.0,1.0,10.0,8.8,2.2,2.6,4.4,2.6,1.4,1.6,12.6,12.0,2021,25
16,10,2,2,1,-9,60.0,40.0,2.4,1.2,12.0,7.0,5.6,3.0,4.2,2.6,1.2,1.8,8.6,18.0,2021,26
26,16,1,1,1,6,20.0,40.0,1.2,1.4,12.8,13.4,4.4,4.6,4.8,6.6,1.6,1.2,8.4,9.4,2021,30
10,18,0,0,2,12,20.0,100.0,0.4,2.2,6.2,12.6,2.0,4.8,3.0,5.4,1.4,0.4,15.6,5.2,2021,1
6,15,2,2,0,-3,20.0,40.0,1.0,1.2,18.4,11.8,5.0,4.0,8.2,6.0,0.8,1.8,5.2,17.2,2021,1
9,12,2,2,0,-14,40.0,20.0,1.2,0.8,16.0,10.4,6.4,3.6,6.0,3.4,1.0,1.0,10.6,11.8,2021,1
11,1,0,1,2,-5,20.0,20.0,1.2,0.6,11.4,10.6,4.2,4.0,4.0,3.2,1.6,0.8,12.8,16.6,2021,1
21,0,0,0,2,5,40.0,40.0,2.0,2.0,15.0,14.2,5.6,4.4,3.0,5.4,1.6,1.2,14.0,10.2,2021,2
30,25,2,4,0,-3,80.0,0.0,2.6,0.2,13.0,6.0,4.8,2.0,4.8,4.4,1.0,2.4,8.2,16.0,2021,2
32,35,1,1,1,11,40.0,40.0,1.0,1.0,10.4,9.4,3.4,2.8,5.6,4.0,0.4,1.2,11.8,14.2,2021,3
7,33,0,1,2,-6,0.0,20.0,0.8,1.2,11.8,9.8,4.0,3.2,6.0,3.6,1.0,1.6,11.6,16.2,2021,3
16,21,0,2,4,-8,60.0,20.0,2.2,0.8,12.4,7.8,5.4,4.2,5.2,3.6,1.2,1.6,6.4,17.0,2021,7
15,30,2,3,1,12,20.0,40.0,0.6,1.6,12.2,9.4,4.6,3.2,6.4,3.6,0.6,1.2,13.2,14.4,2021,8
25,10,0,0,2,-5,40.0,20.0,0.4,1.0,7.8,6.6,2.2,2.8,3.4,2.8,1.4,2.0,15.6,16.4,2021,8
18,9,0,1,2,-2,60.0,60.0,2.4,1.4,20.2,15.0,7.2,6.4,6.8,4.6,1.6,0.4,7.2,5.6,2021,8
17,26,2,2,0,-10,20.0,20.0,0.6,1.0,16.6,11.8,5.8,4.2,6.8,6.6,1.2,2.2,9.2,11.8,2021,8
35,6,2,2,1,-8,40.0,20.0,0.8,0.6,13.4,11.2,4.4,4.2,5.0,6.0,1.6,1.0,12.2,8.8,2021,9
1,19,0,1,3,14,20.0,40.0,1.2,1.0,12.6,11.6,4.0,4.4,5.2,4.6,1.4,0.2,11.4,13.4,2021,9
33,11,0,0,1,4,60.0,60.0,2.0,0.8,9.6,8.6,4.0,2.4,3.8,2.8,1.4,0.4,17.0,16.4,2021,9
0,32,2,3,1,-10,20.0,20.0,0.6,1.4,11.0,10.0,2.8,3.2,5.2,3.4,1.4,1.6,9.6,14.2,2021,9
12,7,0,0,2,8,20.0,40.0,0.4,1.8,11.2,11.0,3.8,4.6,6.0,4.6,1.4,2.2,8.2,16.6,2021,10
19,16,0,1,2,-2,80.0,40.0,2.4,1.6,15.2,15.4,6.4,5.8,6.0,8.2,1.2,1.4,7.6,7.8,2021,11
26,10,2,3,1,-3,20.0,40.0,1.4,1.4,9.8,9.2,4.0,3.8,3.4,4.4,1.6,1.6,11.4,14.4,2021,11
9,0,0,0,1,-4,40.0,60.0,1.2,2.4,14.2,15.2,6.4,4.8,4.2,5.4,1.0,1.0,10.6,8.8,2021,12
1,11,1,0,0,5,20.0,60.0,1.4,0.6,13.0,8.6,4.8,1.8,5.2,3.6,2.0,0.4,13.0,15.6,2021,13
19,17,0,2,4,2,80.0,60.0,2.0,1.6,13.2,15.2,5.6,6.0,5.6,5.4,1.0,0.8,8.8,8.8,2021,13
21,18,0,3,4,11,20.0,100.0,1.4,2.0,14.8,13.4,5.0,4.0,3.6,4.6,1.6,0.2,15.0,6.4,2021,14
7,15,0,0,4,-8,0.0,40.0,0.8,0.8,11.8,12.2,4.0,3.4,6.0,6.8,1.2,1.4,14.4,18.0,2021,15
26,12,2,3,1,-7,40.0,20.0,1.8,0.6,11.0,10.8,4.6,3.6,5.0,4.0,1.4,1.2,11.6,12.0,2021,15
6,33,1,1,1,-1,40.0,40.0,1.4,1.6,16.6,12.6,4.2,3.8,6.8,3.8,0.8,1.8,6.6,13.8,2021,15
10,1,2,3,2,-3,20.0,40.0,0.4,1.0,5.4,12.4,2.2,4.8,2.0,4.0,1.2,1.0,16.4,14.6,2021,16
30,35,2,2,0,-1,80.0,20.0,3.0,0.8,14.4,11.4,5.8,4.0,4.4,4.0,1.0,1.2,9.0,14.8,2021,16
32,17,0,1,2,17,40.0,80.0,1.0,2.2,11.0,15.6,3.6,6.8,5.8,3.8,0.4,0.6,13.8,10.2,2021,16
11,25,0,0,1,3,20.0,0.0,1.2,0.2,14.0,6.0,4.4,1.2,4.6,4.2,1.4,2.6,12.2,17.4,2021,16
19,12,1,1,1,-15,60.0,20.0,1.8,0.8,13.8,9.6,4.8,3.4,5.6,4.4,1.6,1.8,10.2,13.6,2021,18
26,15,0,0,2,-7,60.0,60.0,2.2,1.6,12.4,11.8,5.8,3.2,5.6,6.6,1.4,1.2,11.8,18.2,2021,18
6,18,2,3,2,13,40.0,100.0,1.4,2.6,13.6,13.4,3.6,4.6,4.8,5.0,0.6,0.8,9.0,7.2,2021,18
9,16,2,2,1,-1,40.0,40.0,1.2,1.6,14.4,14.6,6.2,5.0,5.4,7.4,1.2,1.4,9.4,6.4,2021,18
11,35,2,1,0,5,0.0,20.0,1.0,0.6,15.8,11.6,5.4,3.8,6.0,3.6,1.6,1.4,12.4,15.8,2021,19
21,25,2,1,0,4,20.0,20.0,1.8,0.4,13.2,7.2,4.6,1.4,3.8,4.2,2.2,2.4,15.2,17.6,2021,19
30,1,0,1,2,-11,80.0,20.0,2.6,1.2,16.0,14.4,7.0,5.0,5.8,4.4,1.0,1.6,10.0,16.6,2021,19
10,0,0,1,3,6,40.0,60.0,1.0,2.0,9.4,13.8,3.8,4.4,3.2,4.2,1.6,0.8,17.0,11.0,2021,19
7,17,0,0,3,9,0.0,80.0,0.8,2.2,13.8,17.6,4.6,6.4,6.2,5.8,2.0,0.8,15.6,10.6,2021,19
32,33,0,1,3,2,20.0,40.0,1.0,1.6,11.8,13.8,3.8,3.8,6.2,4.0,0.8,1.6,16.0,13.8,2021,19
0,6,2,2,0,-7,40.0,20.0,1.2,0.8,12.6,9.2,4.0,3.6,6.2,6.2,1.4,1.2,9.0,10.8,2021,23
1,9,2,2,1,13,20.0,80.0,1.4,1.6,14.0,15.6,5.0,6.8,6.0,3.8,1.6,0.4,14.2,8.0,2021,23
12,21,0,0,2,5,0.0,40.0,0.2,1.4,12.4,8.6,3.0,4.2,6.4,4.0,1.8,1.4,10.2,19.0,2021,23
15,32,2,3,1,0,40.0,20.0,1.2,1.6,12.8,10.4,5.4,2.8,6.6,3.6,0.6,2.2,13.6,16.0,2021,23
16,30,0,2,4,-1,60.0,20.0,2.4,1.6,15.8,9.8,6.6,3.4,6.6,4.6,1.4,1.8,6.8,15.4,2021,23
17,10,2,2,0,-13,40.0,20.0,1.0,1.2,16.4,10.8,5.8,4.2,7.0,6.0,0.8,2.0,9.8,12.0,2021,23
18,11,2,5,0,-10,40.0,40.0,2.2,0.4,21.4,9.4,7.4,2.2,7.2,3.2,1.8,0.4,7.8,16.0,2021,23
25,7,2,1,0,-1,40.0,60.0,0.4,2.2,7.6,11.8,1.8,5.0,3.6,4.6,1.4,1.4,16.6,17.6,2021,23
33,26,2,3,0,5,40.0,20.0,1.6,1.0,11.0,12.4,3.2,5.2,3.8,5.4,1.4,2.4,14.8,13.2,2021,23
35,19,0,1,2,4,40.0,60.0,1.0,1.6,13.6,13.0,4.6,5.0,5.6,5.0,1.8,0.4,9.6,12.0,2021,23
19,15,2,5,1,-7,40.0,80.0,1.8,2.0,13.4,11.4,5.2,4.2,5.6,6.4,1.8,0.8,10.4,18.6,2021,14
7,6,0,1,2,1,0.0,0.0,0.6,0.4,13.4,8.6,4.0,2.6,6.4,5.8,2.4,1.4,16.6,12.2,2021,14
9,10,2,3,0,-10,40.0,20.0,1.2,1.0,14.0,10.8,5.6,4.8,5.2,5.2,1.4,1.6,9.4,13.4,2021,14
11,26,2,3,1,-5,20.0,0.0,1.0,0.6,15.8,12.8,5.4,5.2,6.0,5.4,1.2,3.0,11.4,14.4,2021,14
16,35,2,1,0,-8,40.0,20.0,1.8,0.4,14.0,12.2,5.8,4.2,6.4,5.6,2.2,0.8,8.8,14.2,2021,14
31,1,2,3,2,7,40.0,40.0,1.2,1.6,8.8,15.2,2.6,5.0,2.6,4.0,2.0,1.6,14.4,16.8,2021,14
22,17,0,0,3,15,0.0,80.0,0.0,2.6,9.4,19.2,1.4,6.2,4.4,6.8,2.2,0.8,16.8,10.6,2021,14
21,33,0,2,4,6,40.0,60.0,1.8,2.2,14.0,16.6,5.0,5.6,4.4,5.0,2.0,1.6,14.4,13.6,2021,15
30,18,2,1,0,6,60.0,80.0,2.0,2.4,15.6,13.4,6.8,4.0,6.4,5.2,1.2,1.4,13.0,10.4,2021,15
17,7,2,2,0,-14,60.0,40.0,1.4,1.8,18.8,11.0,6.6,4.6,8.8,5.6,0.6,1.4,8.6,17.2,2021,21
1,21,2,2,0,-1,20.0,60.0,1.2,1.8,12.4,8.8,4.8,4.0,5.6,3.4,1.6,1.4,15.8,19.2,2021,21
15,11,1,2,2,-1,60.0,40.0,1.8,0.4,14.8,9.6,6.4,2.6,6.6,3.6,0.8,1.0,13.4,16.4,2021,21
18,22,2,5,0,-17,40.0,0.0,2.4,0.2,21.2,7.8,7.6,2.8,6.6,2.2,1.6,2.6,8.2,17.0,2021,21
6,31,2,2,0,-2,60.0,0.0,1.8,0.6,16.0,12.0,4.4,4.0,4.6,5.8,0.6,2.2,9.0,12.6,2021,21
26,19,1,1,1,13,60.0,80.0,2.0,2.0,14.2,12.6,5.6,5.6,5.6,4.2,1.4,0.6,13.2,13.2,2021,22
35,30,0,0,1,6,40.0,40.0,1.2,2.2,14.4,10.8,4.4,3.6,6.2,5.4,2.0,1.8,9.0,14.8,2021,22
0,9,0,0,2,4,40.0,60.0,1.2,1.6,13.2,18.0,4.4,7.2,7.2,5.2,1.2,0.8,8.8,7.8,2021,22
33,16,2,4,1,1,40.0,40.0,1.8,1.6,10.6,13.0,3.6,4.8,3.0,6.8,1.4,1.6,14.8,7.4,2021,23
18,0,2,5,0,-7,60.0,80.0,3.4,1.8,19.8,13.2,7.2,3.8,6.6,4.8,1.2,0.6,6.8,10.2,2021,28
6,11,0,0,2,6,60.0,40.0,1.6,0.8,16.4,11.4,3.8,4.0,5.4,4.0,0.6,1.4,10.4,15.2,2021,28
21,26,1,2,2,-3,40.0,0.0,1.8,0.4,13.0,11.8,4.4,4.6,4.4,6.0,2.4,2.6,13.8,13.8,2021,28
22,16,0,1,2,13,0.0,20.0,0.0,1.4,10.4,12.4,1.8,4.2,3.2,5.6,2.2,2.2,16.2,8.6,2021,28
33,10,1,2,2,-8,60.0,20.0,2.0,0.8,10.2,9.0,4.0,3.8,4.4,4.8,1.0,2.0,12.6,13.0,2021,28
17,9,1,1,1,-1,80.0,80.0,1.8,2.0,21.0,19.4,7.8,6.6,8.6,5.8,0.4,0.8,8.4,7.6,2021,28
7,15,1,1,1,8,0.0,60.0,0.6,1.8,14.4,10.8,3.6,4.0,7.4,5.8,2.6,1.6,16.4,19.2,2021,29
30,31,2,1,0,-11,80.0,0.0,2.0,0.6,15.8,12.0,6.8,3.4,5.6,4.6,0.6,2.4,14.2,13.2,2021,29
35,19,0,0,1,11,40.0,60.0,0.8,1.8,15.4,14.0,4.6,5.2,6.4,5.2,1.6,0.8,8.8,10.2,2021,29
10,30,2,3,0,7,20.0,40.0,1.0,2.0,10.4,10.6,4.2,4.2,3.6,4.6,2.2,1.8,16.4,18.2,2021,11
0,22,2,1,0,-10,40.0,0.0,1.2,0.2,13.8,5.6,4.6,1.8,8.8,1.4,1.0,3.4,10.0,18.2,2021,11
16,18,0,0,1,4,60.0,60.0,2.0,2.0,14.8,14.8,6.4,4.0,7.2,7.2,1.8,1.6,10.0,12.0,2021,11
19,21,2,4,1,-10,40.0,60.0,2.4,1.8,13.6,10.0,5.4,4.0,5.6,4.0,1.8,1.2,11.4,19.0,2021,11
26,33,1,0,0,9,40.0,60.0,1.6,2.4,11.0,16.4,4.4,6.2,5.8,5.8,1.2,1.6,14.8,13.0,2021,11
31,35,0,0,2,5,60.0,20.0,1.6,0.4,9.8,13.6,3.2,4.4,2.6,5.8,2.2,1.0,13.6,14.2,2021,11
9,1,2,3,0,-7,60.0,40.0,1.4,1.8,13.0,14.4,5.2,4.2,4.2,4.4,0.4,2.0,7.4,17.0,2021,11
15,17,0,0,3,6,40.0,80.0,1.8,2.6,13.6,19.8,5.6,6.4,7.2,8.6,1.0,0.8,15.0,12.8,2021,12
11,7,2,3,1,-7,40.0,40.0,1.4,1.4,15.6,11.4,5.2,4.2,6.6,5.0,1.2,1.2,10.0,17.8,2021,13
21,15,1,1,1,3,20.0,40.0,1.6,1.6,11.8,12.8,3.8,4.0,4.6,6.2,2.4,1.6,15.0,15.8,2021,17
7,0,0,0,1,9,0.0,60.0,0.6,1.2,12.0,10.6,3.4,2.8,5.8,4.0,2.4,1.6,16.8,13.8,2021,18
17,10,2,3,0,-11,60.0,20.0,1.6,1.0,21.2,10.0,7.2,3.8,9.6,5.0,0.4,2.0,7.8,13.2,2021,18
18,26,1,0,0,-14,60.0,0.0,3.4,0.8,21.4,13.4,7.2,5.0,8.4,4.8,0.8,2.4,4.8,12.8,2021,18
22,31,0,1,3,0,0.0,0.0,0.2,0.6,11.4,11.8,2.4,3.0,3.8,3.8,2.4,2.4,15.6,14.4,2021,18
1,11,2,3,0,1,40.0,40.0,1.2,1.0,9.4,12.6,3.4,4.8,4.4,4.4,1.0,1.4,14.8,15.2,2021,18
6,16,2,2,1,11,60.0,40.0,1.6,1.4,14.6,11.2,3.8,3.8,4.2,5.6,1.0,1.8,11.6,10.6,2021,19
33,19,0,1,2,4,40.0,60.0,1.8,1.4,12.2,13.6,4.0,4.4,5.2,5.6,1.0,0.6,11.4,10.8,2021,19
30,9,0,0,3,3,80.0,60.0,1.8,1.4,16.4,16.0,7.8,5.2,6.6,4.8,0.4,0.8,14.0,12.2,2021,19
9,18,0,0,1,3,80.0,60.0,2.0,1.8,14.0,17.2,5.2,5.0,5.0,6.6,0.4,1.4,8.8,11.6,2021,25
19,1,0,0,1,-9,40.0,40.0,2.6,1.6,14.4,16.2,5.0,4.4,5.4,6.6,1.8,2.2,11.8,14.8,2021,25
11,22,2,2,0,-8,60.0,0.0,1.6,0.2,14.8,6.0,5.0,1.6,6.2,1.8,1.0,2.8,9.8,21.6,2021,25
15,33,0,1,2,3,40.0,60.0,1.6,2.0,13.0,15.8,5.4,5.6,5.6,5.0,1.4,1.0,17.6,12.0,2021,25
16,7,1,2,2,-12,40.0,40.0,1.4,1.4,12.6,11.6,5.2,4.8,6.8,5.6,2.0,1.2,14.2,17.2,2021,25
31,21,1,1,1,6,60.0,40.0,1.4,1.6,9.4,10.4,3.6,3.6,2.8,4.0,2.0,1.8,14.2,18.4,2021,25
26,35,0,0,1,2,40.0,20.0,1.4,0.6,12.2,15.0,4.4,4.8,6.8,6.6,1.0,1.0,12.8,12.6,2021,26
0,30,2,3,1,1,60.0,40.0,1.2,1.6,16.2,8.8,5.0,3.4,8.2,4.4,0.8,2.0,11.4,17.4,2021,26
10,6,1,1,1,-2,40.0,40.0,1.4,0.8,13.8,9.0,4.8,3.6,5.2,6.4,1.4,1.2,12.2,12.0,2021,27
19,11,1,1,1,-8,40.0,20.0,2.4,0.8,19.2,13.0,5.6,4.4,5.8,4.0,1.6,2.0,10.8,16.0,2021,2
7,22,1,0,0,-1,0.0,0.0,0.4,0.0,14.0,5.6,3.4,1.4,6.4,2.0,2.2,2.8,15.0,22.0,2021,2
9,26,2,3,1,-11,60.0,0.0,1.6,0.6,13.2,13.4,4.2,4.4,5.6,4.8,0.6,2.0,9.8,14.0,2021,2
15,31,2,1,0,-9,40.0,20.0,1.8,1.2,14.8,12.8,5.8,4.0,6.2,4.8,1.8,2.0,18.4,12.6,2021,2
35,21,2,2,1,1,20.0,40.0,0.6,1.6,16.2,13.0,4.4,4.0,6.0,4.6,1.4,1.8,8.2,17.0,2021,2
6,0,1,0,0,8,60.0,60.0,1.6,1.0,13.6,9.4,3.8,2.4,4.6,3.2,1.2,1.6,12.2,16.4,2021,2
10,16,1,2,2,9,40.0,40.0,1.6,1.4,13.6,9.4,4.6,2.6,6.0,5.4,1.2,2.0,9.8,12.0,2021,3
30,1,2,2,1,-4,60.0,40.0,1.0,1.4,14.0,15.0,6.0,4.0,6.4,6.4,1.0,2.0,16.4,17.2,2021,3
17,18,1,2,2,2,80.0,60.0,2.0,1.6,21.8,16.2,7.4,5.2,10.4,8.0,0.2,1.4,9.0,10.8,2021,3
31,17,0,0,5,15,40.0,80.0,1.2,2.8,10.6,22.2,3.6,6.4,3.0,10.6,2.0,0.8,15.8,11.0,2021,16
1,35,0,2,3,-2,60.0,40.0,1.6,0.6,10.2,12.0,3.0,3.4,4.4,6.4,0.4,0.8,13.4,14.2,2021,16
16,19,2,4,2,3,20.0,80.0,1.4,1.8,14.4,13.8,5.2,5.6,7.0,6.6,2.2,0.8,15.2,12.2,2021,16
18,7,2,2,0,-16,60.0,20.0,3.2,1.0,19.2,10.6,6.0,4.0,8.2,5.4,0.4,1.6,6.4,19.2,2021,16
22,6,1,0,0,2,0.0,40.0,0.4,1.0,11.4,7.2,3.2,3.6,4.6,5.0,2.8,1.2,16.4,12.2,2021,16
26,15,2,1,0,6,20.0,40.0,0.8,1.8,13.2,15.0,4.4,5.4,5.4,5.4,1.0,1.4,11.6,15.8,2021,16
11,33,0,0,1,4,80.0,60.0,1.8,2.0,13.8,15.4,5.2,6.2,6.8,5.6,0.6,1.0,9.2,13.4,2021,17
21,30,0,2,3,5,20.0,40.0,1.8,1.4,14.2,8.4,5.0,3.6,4.8,4.6,2.2,2.2,15.6,16.2,2021,17
0,10,1,2,2,-6,80.0,0.0,1.8,0.6,15.8,8.4,5.8,2.6,7.6,3.8,0.8,2.6,11.8,16.8,2021,18
0,1,2,3,1,-3,60.0,40.0,1.6,1.2,16.2,14.0,5.6,3.6,7.6,6.6,1.0,1.8,11.2,16.0,2021,22
9,22,2,7,0,-14,80.0,0.0,2.2,0.0,13.4,7.2,5.0,1.8,5.2,2.8,0.6,2.6,10.0,20.4,2021,23
10,21,1,1,1,2,20.0,20.0,1.4,1.0,12.6,11.8,3.8,3.2,4.8,4.2,1.2,1.8,7.8,13.4,2021,23
11,31,0,2,5,-8,80.0,20.0,1.8,1.0,13.6,11.0,4.4,3.6,6.0,4.8,0.6,1.6,10.4,14.6,2021,23
15,35,1,1,1,-4,40.0,60.0,1.4,1.2,15.6,10.8,5.2,3.6,5.8,7.2,1.6,0.8,17.2,12.2,2021,23
26,7,1,2,2,-2,20.0,0.0,0.4,0.6,14.8,9.2,4.0,3.4,5.8,5.0,0.8,2.0,10.2,18.0,2021,23
6,18,0,1,4,15,60.0,40.0,1.4,1.2,15.8,15.6,3.8,4.6,5.6,7.8,1.0,1.2,10.8,9.8,2021,23
33,30,2,1,0,-1,40.0,60.0,2.2,1.8,14.4,9.0,5.4,3.8,6.0,5.2,1.4,2.0,12.2,14.4,2021,24
19,17,0,0,5,-1,40.0,80.0,2.2,3.4,18.2,20.8,6.2,6.8,6.6,9.8,1.0,0.6,9.8,10.2,2021,24
16,0,0,0,2,-3,40.0,40.0,1.8,0.8,13.8,10.0,5.6,2.4,6.0,4.0,1.8,1.6,16.0,16.8,2021,30
17,6,1,2,2,-13,60.0,40.0,2.0,0.8,20.2,8.4,7.0,3.6,9.4,4.8,0.6,0.8,9.0,12.0,2021,30
18,10,0,0,2,-13,80.0,0.0,3.4,0.8,19.0,8.0,6.4,3.0,8.2,3.0,0.0,2.4,5.4,17.6,2021,30
21,9,0,0,3,8,20.0,60.0,1.6,1.6,13.4,15.2,4.2,5.2,4.4,7.2,2.0,0.6,15.4,12.2,2021,30
31,26,0,0,1,3,20.0,0.0,0.8,0.8,8.4,12.2,3.0,3.6,2.8,4.4,2.8,2.2,18.0,15.2,2021,30
30,19,0,0,3,5,60.0,60.0,1.0,1.6,12.6,13.8,5.0,5.4,5.4,6.0,1.2,1.4,16.2,14.4,2021,30
22,15,0,1,2,9,0.0,20.0,0.4,1.0,12.2,12.4,3.4,4.2,6.0,4.0,2.0,1.6,14.8,16.4,2021,31
1,33,0,1,4,5,60.0,80.0,2.0,2.0,10.4,15.6,3.6,6.4,3.8,6.8,1.0,0.8,12.2,14.4,2021,31
35,11,2,2,1,3,20.0,20.0,0.6,1.0,14.4,12.4,3.8,3.8,4.0,4.0,1.4,2.2,8.8,16.0,2021,1
26,1,2,1,0,4,20.0,20.0,0.8,1.0,14.4,12.0,4.2,3.6,6.2,6.4,0.8,2.2,9.0,18.4,2021,5
19,18,0,0,2,1,40.0,60.0,2.0,1.6,18.0,18.6,5.8,6.6,6.6,8.4,1.8,0.8,12.0,8.0,2021,6
5,22,0,1,2,0,20.0,0.0,1.2,0.0,11.8,6.8,4.0,1.2,3.8,2.8,1.4,3.0,11.4,18.8,2021,6
9,7,1,1,1,-13,80.0,0.0,3.2,1.0,14.6,9.0,6.4,3.8,5.0,3.6,0.4,2.2,9.2,18.8,2021,6
10,35,2,2,0,1,20.0,60.0,1.4,1.4,13.2,10.6,3.2,3.8,4.2,5.4,0.8,0.8,7.8,13.0,2021,6
6,21,1,1,1,4,40.0,0.0,1.0,0.8,14.0,11.0,3.6,2.8,6.0,4.8,1.4,2.0,13.8,13.6,2021,6
0,31,2,1,0,-10,60.0,40.0,1.8,1.6,17.4,11.2,6.4,4.0,6.8,4.2,1.2,1.4,12.2,15.0,2021,7
11,30,1,0,0,3,60.0,40.0,2.0,1.0,13.8,8.2,4.4,3.8,5.2,4.6,1.6,1.8,12.6,15.0,2021,7
15,16,1,1,1,4,20.0,40.0,1.0,1.6,15.8,9.4,4.2,3.6,5.4,4.6,1.6,2.0,16.0,14.4,2021,7
33,17,2,3,2,3,40.0,80.0,1.8,3.8,14.2,20.6,4.8,7.8,6.0,9.0,1.4,0.6,10.2,10.6,2021,7
16,9,0,0,3,1,40.0,80.0,1.4,2.0,15.0,14.4,6.0,5.0,5.8,5.8,1.4,0.2,15.6,12.2,2021,20
1,6,2,2,0,-5,40.0,40.0,1.8,1.2,11.0,9.2,3.6,4.6,4.0,4.8,1.6,0.8,11.8,11.6,2021,20
7,10,1,3,3,3,20.0,20.0,1.0,1.2,14.6,8.6,3.8,2.8,6.6,3.0,1.0,2.0,12.2,16.6,2021,20
21,5,1,3,3,-6,0.0,40.0,1.4,1.2,11.4,11.4,3.4,3.8,3.4,3.4,2.6,1.0,17.0,11.6,2021,20
22,26,2,2,1,3,0.0,20.0,0.6,1.0,13.8,11.2,3.6,2.8,5.8,5.4,2.0,1.6,12.8,14.4,2021,20
31,19,2,4,1,16,20.0,60.0,0.8,1.8,10.0,14.0,3.8,5.4,3.8,6.0,2.2,1.2,15.2,13.4,2021,20
35,33,2,1,0,7,40.0,80.0,0.8,2.2,13.6,15.6,3.8,6.4,3.6,6.4,1.2,0.8,9.8,13.4,2021,20
17,0,2,4,0,-5,40.0,40.0,2.0,0.6,19.2,10.6,6.6,2.8,7.6,3.8,1.0,1.4,9.8,17.6,2021,20
18,11,2,3,0,-9,60.0,20.0,2.4,1.2,17.6,13.6,4.8,4.2,8.2,3.6,0.4,1.6,5.4,13.8,2021,21
30,15,2,2,1,-2,60.0,20.0,0.8,1.0,12.4,12.0,4.2,4.0,6.6,3.0,1.4,1.8,14.2,15.6,2021,21
0,21,2,2,0,-4,80.0,0.0,2.0,1.0,19.0,10.4,7.0,2.8,5.8,5.0,0.8,1.8,9.2,14.4,2021,27
10,1,0,1,2,3,40.0,20.0,1.8,0.6,14.4,12.6,4.0,3.8,4.4,7.2,0.8,1.8,5.8,17.6,2021,27
17,26,2,4,0,-12,40.0,20.0,2.4,1.0,17.6,13.4,6.6,3.2,7.2,5.2,1.0,1.4,9.0,13.2,2021,27
22,35,1,0,0,5,20.0,60.0,1.0,1.4,12.6,8.0,3.8,3.6,6.2,5.8,1.6,1.0,12.4,13.8,2021,27
6,15,1,0,0,7,20.0,20.0,0.8,1.0,14.2,13.6,4.0,4.8,5.0,3.8,1.6,1.2,13.0,15.0,2021,27
5,11,2,1,0,8,0.0,20.0,1.0,0.8,14.0,11.0,4.8,2.8,4.6,2.8,1.8,1.8,8.8,13.8,2021,28
16,31,2,4,2,-13,20.0,40.0,1.2,1.6,14.0,10.6,5.6,4.0,5.4,4.2,2.0,1.2,15.4,15.2,2021,28
18,33,2,2,1,-5,60.0,60.0,2.0,1.4,17.8,15.6,5.4,5.2,8.4,5.8,0.4,0.6,6.0,13.0,2021,28
9,19,1,1,1,2,60.0,60.0,2.8,1.8,17.0,12.8,6.0,5.2,6.8,5.2,0.6,1.8,9.4,15.8,2021,28
21,22,1,1,1,-6,0.0,20.0,1.6,0.4,12.6,8.4,4.6,2.2,3.6,3.0,2.4,2.2,17.4,19.4,2021,30
15,10,2,1,0,-5,20.0,20.0,0.8,1.8,16.0,11.4,4.4,4.2,5.8,3.8,1.4,2.0,14.4,17.0,2021,30
26,16,1,2,2,10,40.0,40.0,0.8,1.6,14.6,10.2,4.2,4.0,6.8,5.6,0.6,1.4,8.8,15.4,2021,1
31,9,0,1,2,14,20.0,80.0,1.0,2.2,11.4,13.2,3.8,5.4,5.2,5.2,2.0,0.2,14.8,11.8,2021,1
33,6,1,1,1,-10,40.0,20.0,1.6,0.8,13.0,7.6,4.0,3.4,4.6,5.0,1.6,1.0,12.4,10.6,2021,1
35,7,1,0,0,-4,60.0,0.0,1.0,1.2,11.6,8.2,3.6,3.6,4.0,3.2,1.0,2.0,9.8,18.4,2021,1
1,18,0,1,2,10,40.0,80.0,1.8,2.0,10.8,18.2,4.2,6.8,4.4,8.0,1.6,0.6,11.2,6.4,2021,1
11,17,0,1,4,7,40.0,60.0,1.4,3.6,13.4,20.0,3.6,7.2,4.8,7.2,1.4,1.2,13.0,9.2,2021,1
30,5,2,2,0,-11,60.0,40.0,1.0,1.8,12.4,10.6,4.4,4.0,6.8,2.8,1.6,1.6,14.2,14.8,2021,2
19,0,2,3,2,-6,20.0,40.0,1.0,0.6,15.8,7.2,4.4,2.6,5.8,3.0,2.0,1.8,13.2,19.8,2021,2
33,9,2,3,2,2,40.0,100.0,1.4,2.4,13.0,13.6,4.4,5.6,5.4,4.6,1.4,0.2,12.4,9.6,2021,4
21,7,2,1,0,-5,0.0,0.0,1.4,1.0,12.4,7.2,3.8,2.6,3.2,3.0,2.2,1.4,16.2,18.8,2021,4
26,6,1,1,1,-1,40.0,0.0,1.2,0.8,15.4,8.6,5.0,3.6,6.2,4.8,1.0,1.2,9.2,12.0,2021,4
35,17,0,0,1,10,60.0,60.0,1.0,3.8,11.8,17.2,2.8,6.8,4.0,7.2,0.8,1.4,9.0,9.0,2021,4
31,18,0,1,3,17,20.0,80.0,1.2,2.2,12.8,16.6,4.6,6.6,5.2,8.6,2.0,0.8,13.6,7.0,2021,4
15,5,1,2,2,-9,40.0,40.0,1.0,1.6,17.2,10.0,4.2,4.0,6.8,3.4,0.8,1.8,10.2,15.6,2021,5
19,10,2,1,0,-12,20.0,20.0,0.8,1.4,14.4,11.4,5.0,4.0,5.0,4.0,2.2,1.8,14.2,17.2,2021,5
30,22,2,3,0,-11,60.0,20.0,1.2,0.6,11.6,9.6,4.0,3.2,7.0,3.2,1.6,2.2,13.6,15.2,2021,5
1,16,2,2,1,6,40.0,20.0,1.8,1.6,11.2,11.4,3.8,4.6,4.6,4.6,1.8,1.6,12.8,15.6,2021,5
11,0,2,2,1,2,20.0,40.0,1.0,1.0,12.2,10.4,2.8,4.2,4.6,4.6,2.0,1.4,14.0,17.6,2021,6
5,31,2,2,1,0,20.0,40.0,1.2,2.0,13.8,12.0,5.4,4.6,5.0,4.8,1.6,1.8,10.8,15.8,2021,10
18,35,2,1,0,-12,60.0,40.0,1.4,1.0,16.6,6.2,5.2,3.0,7.2,4.8,0.6,1.0,6.8,15.4,2021,11
0,26,2,3,0,-7,80.0,20.0,2.2,0.6,17.8,10.4,6.8,2.6,5.0,5.8,0.8,1.8,9.0,15.2,2021,11
9,15,2,3,2,-5,40.0,20.0,2.4,0.8,19.4,13.4,6.4,5.2,9.0,3.0,0.8,1.0,6.4,16.6,2021,11
17,1,2,1,0,-8,60.0,40.0,3.0,1.0,16.8,11.0,6.4,3.2,5.8,5.6,0.8,1.4,9.2,16.8,2021,11
22,19,0,0,1,16,20.0,40.0,0.8,1.8,12.6,11.4,3.8,5.0,5.2,4.2,1.2,2.0,11.6,17.6,2021,11
7,33,1,0,0,11,20.0,60.0,1.4,1.6,14.8,14.0,5.0,5.2,5.8,5.8,1.2,1.0,13.0,14.6,2021,12
16,21,2,4,0,-7,40.0,0.0,2.0,0.8,16.4,9.8,7.0,3.2,6.0,5.2,2.2,1.4,13.6,15.0,2021,12
10,11,2,3,1,4,20.0,0.0,1.4,0.4,12.4,11.0,3.8,2.8,4.2,2.4,1.2,2.0,7.4,12.2,2021,12
22,1,0,0,2,7,20.0,20.0,0.6,0.8,12.4,10.4,3.8,2.6,6.0,5.2,0.8,1.6,11.8,15.2,2021,14
18,15,2,7,0,-8,80.0,20.0,1.6,1.0,17.8,11.4,7.0,4.4,8.4,2.4,0.6,1.4,5.2,16.4,2021,14
6,35,0,0,1,3,20.0,20.0,0.8,0.8,15.4,5.6,4.2,2.6,5.4,4.0,1.2,1.2,12.4,16.6,2021,15
10,26,1,2,2,-1,40.0,20.0,1.8,0.6,14.2,10.6,4.4,3.4,4.6,6.4,1.2,2.4,8.2,14.6,2021,15
0,33,2,2,0,2,80.0,40.0,2.2,1.2,18.4,13.2,6.4,4.4,6.0,5.2,0.6,0.8,9.2,13.4,2021,15
9,11,1,1,1,-6,60.0,0.0,3.0,0.6,21.6,11.2,7.6,3.8,9.2,2.0,1.0,2.0,5.8,12.6,2021,16
17,21,2,3,1,-9,60.0,0.0,2.6,0.6,15.8,8.2,5.4,2.6,6.0,5.2,0.8,2.0,7.4,13.6,2021,16
15,0,0,1,4,1,40.0,20.0,1.2,1.0,16.8,9.8,4.4,4.2,6.8,4.6,0.8,1.8,8.0,16.2,2021,18
21,18,0,0,4,11,20.0,80.0,1.4,2.6,12.8,18.8,3.2,8.4,4.4,8.2,2.0,1.0,13.8,8.2,2021,19
35,9,1,0,0,9,60.0,80.0,1.0,2.2,10.2,13.4,3.0,5.0,3.6,4.2,0.6,0.8,10.6,10.2,2021,19
30,17,1,2,2,4,80.0,80.0,1.8,3.4,13.4,17.4,5.0,6.6,7.2,6.6,1.0,0.8,11.6,7.2,2021,19
18,16,2,6,3,-4,80.0,20.0,2.6,1.6,21.0,11.0,8.8,5.0,8.4,4.0,0.6,1.6,5.0,15.8,2021,26
22,0,0,0,5,10,20.0,40.0,0.6,1.8,10.8,12.4,3.8,6.2,5.8,4.4,1.2,2.0,13.0,13.8,2021,26
30,10,2,3,0,-7,60.0,20.0,1.8,1.4,12.0,10.4,4.4,4.0,7.4,4.2,1.2,1.4,12.4,15.4,2021,26
33,26,0,2,3,-9,60.0,20.0,1.8,0.8,12.6,12.4,4.6,3.8,5.2,7.2,1.4,2.2,12.8,12.4,2021,26
1,9,0,1,3,7,40.0,60.0,1.6,2.0,10.8,14.0,4.0,5.0,4.2,5.0,2.0,0.8,13.0,7.6,2021,26
6,5,2,2,0,-2,0.0,20.0,0.4,1.6,15.4,10.0,3.6,4.0,6.0,3.2,1.2,2.2,11.2,16.0,2021,26
21,19,1,1,1,10,20.0,40.0,1.0,1.6,12.4,10.6,3.2,4.0,4.6,3.2,2.2,1.8,14.6,17.2,2021,27
10,22,2,3,0,-4,40.0,20.0,1.8,0.6,12.4,9.6,4.8,3.0,5.2,3.2,1.2,2.4,9.4,16.4,2021,28
26,30,1,1,1,8,40.0,20.0,1.4,0.8,14.6,8.2,4.6,2.6,6.4,4.2,1.0,1.8,11.0,12.4,2021,28
31,33,0,1,4,12,20.0,20.0,1.2,1.0,12.0,11.4,4.6,3.8,5.2,3.8,2.4,1.2,14.8,14.6,2021,28
16,17,2,1,0,2,60.0,60.0,2.4,2.8,13.6,17.2,7.0,6.2,5.2,5.6,1.8,1.2,14.2,8.0,2021,28
9,6,1,1,1,-12,40.0,0.0,2.6,0.8,22.2,9.8,7.8,3.6,9.2,4.2,1.0,1.2,5.6,13.2,2021,29
5,18,0,0,1,17,40.0,100.0,1.0,3.0,14.2,20.0,5.6,9.2,6.2,8.6,1.2,0.6,8.8,8.0,2021,29
19,7,2,3,1,-15,40.0,0.0,1.0,0.6,12.0,7.4,4.8,2.2,5.8,2.8,2.0,1.2,14.4,18.2,2021,30
0,18,0,1,2,7,100.0,100.0,2.2,2.4,19.2,17.8,6.8,7.0,5.8,8.4,0.2,0.4,8.8,7.2,2022,1
31,30,0,0,1,11,20.0,20.0,1.4,1.0,13.6,12.0,5.2,4.6,5.8,5.2,2.2,1.4,13.6,10.6,2022,1
10,33,0,2,3,8,60.0,20.0,2.2,1.0,13.2,9.8,5.4,3.2,6.2,3.6,1.0,1.2,10.6,15.6,2022,1
5,1,2,2,1,7,40.0,40.0,1.0,1.0,12.0,11.0,4.6,3.2,5.8,5.6,1.2,1.2,10.2,13.2,2022,2
11,6,0,2,3,-6,20.0,0.0,1.0,1.0,12.2,11.2,3.0,4.2,4.0,5.0,2.2,1.4,14.0,12.4,2022,2
15,7,2,3,1,-8,20.0,0.0,1.2,0.8,14.6,8.0,4.0,2.4,5.8,3.4,1.6,1.4,11.2,18.8,2022,2
9,17,1,2,2,1,20.0,40.0,1.4,1.8,19.8,17.6,6.2,5.4,10.2,7.4,1.2,1.4,8.6,6.8,2022,2
19,35,0,0,1,-11,60.0,20.0,1.4,0.4,13.0,5.4,4.8,2.8,5.2,3.4,2.0,0.8,14.0,16.2,2022,3
26,5,2,4,1,-3,20.0,0.0,1.4,1.2,12.6,10.6,4.0,4.0,5.4,3.8,1.2,2.4,14.6,15.4,2022,11
33,22,2,2,0,-12,60.0,20.0,2.0,0.6,11.2,10.0,4.6,3.2,5.0,3.8,1.6,3.0,12.4,17.4,2022,12
6,10,1,1,1,2,20.0,20.0,0.8,1.0,14.2,9.4,4.2,2.8,5.6,3.8,1.2,1.6,12.8,15.4,2022,14
18,9,2,1,0,-3,100.0,60.0,3.8,2.0,21.6,12.2,10.0,4.6,9.8,5.6,0.8,1.0,6.2,8.0,2022,15
21,31,1,1,1,-6,20.0,20.0,1.2,1.6,13.8,10.8,4.6,3.4,5.0,3.6,1.8,2.0,13.4,16.2,2022,15
22,11,2,2,1,8,20.0,0.0,0.4,0.6,8.8,9.8,3.6,4.0,5.4,2.0,1.8,2.0,13.6,14.6,2022,15
35,26,2,3,1,-2,40.0,20.0,0.6,1.2,9.6,12.2,2.6,4.8,4.4,6.0,0.4,2.6,10.6,12.6,2022,15
1,19,1,2,2,9,40.0,40.0,1.4,1.4,9.6,9.6,3.2,3.6,3.4,3.4,2.0,1.2,13.2,15.4,2022,15
17,5,2,3,0,-15,80.0,0.0,2.8,1.2,19.2,9.2,6.2,3.8,7.6,3.8,0.6,2.6,5.8,14.8,2022,16
33,15,0,2,3,-3,60.0,20.0,2.2,1.0,11.2,12.0,4.8,5.0,6.8,2.6,1.6,2.6,12.4,18.8,2022,16
6,9,1,1,1,12,20.0,40.0,0.8,1.4,16.0,9.8,4.0,3.4,6.0,4.8,0.6,1.2,8.8,9.4,2022,18
16,30,0,2,3,-2,60.0,40.0,1.8,1.0,10.4,14.2,5.0,5.6,4.6,5.8,1.4,0.8,14.8,9.4,2022,19
5,19,0,1,3,16,60.0,20.0,1.2,1.2,11.0,10.2,4.4,4.0,4.6,4.2,1.0,1.6,11.4,16.2,2022,19
31,22,0,0,3,0,20.0,20.0,1.4,0.6,12.8,10.8,5.2,3.6,5.4,4.2,2.2,2.0,15.4,15.4,2022,21
11,1,0,0,1,-1,20.0,40.0,1.4,1.0,12.6,12.2,3.8,3.4,4.2,6.2,2.6,1.0,13.2,10.8,2022,22
5,35,0,1,2,5,60.0,40.0,1.2,0.4,10.8,7.6,4.6,3.2,4.6,4.4,1.2,0.6,12.2,14.4,2022,22
15,21,0,0,1,-3,40.0,0.0,1.6,0.6,15.4,7.4,4.6,2.6,6.4,4.4,1.6,2.2,11.2,16.8,2022,22
19,33,2,1,0,-4,60.0,40.0,1.4,1.6,12.4,10.2,4.4,3.6,4.6,3.2,1.2,1.4,14.0,17.0,2022,22
26,18,1,1,1,14,40.0,100.0,1.8,2.4,11.8,17.6,4.4,6.4,5.2,7.6,1.0,0.6,13.8,7.6,2022,22
0,7,1,0,0,-9,80.0,0.0,1.8,0.6,16.2,7.8,5.4,1.8,5.4,3.6,0.4,1.6,9.8,20.0,2022,23
10,17,0,1,3,11,40.0,40.0,2.2,1.8,15.0,16.4,5.4,5.6,7.2,8.4,1.6,1.2,11.8,8.4,2022,23
16,6,1,1,1,-11,60.0,20.0,2.2,1.2,10.0,11.8,4.2,4.0,3.8,5.4,1.6,1.4,18.4,13.0,2022,23
9,30,2,2,0,-3,20.0,40.0,1.6,1.0,17.8,16.8,6.6,6.8,8.6,5.6,1.4,0.8,9.6,10.8,2022,23
7,31,1,0,0,-1,20.0,20.0,1.2,1.8,14.2,13.4,4.6,4.2,6.0,4.2,1.0,2.0,13.8,14.6,2022,5
21,11,2,3,1,2,20.0,0.0,0.8,0.6,11.6,9.4,3.0,4.0,4.2,3.0,1.4,2.0,15.0,15.4,2022,8
33,31,2,1,0,-12,40.0,0.0,2.0,0.8,12.8,11.6,5.2,3.6,7.0,4.6,1.8,1.6,12.8,14.2,2022,8
7,19,1,1,1,15,20.0,40.0,1.2,1.6,13.2,11.0,4.4,4.4,5.2,5.4,0.8,1.0,13.4,15.8,2022,8
18,5,2,2,0,-17,100.0,0.0,3.4,0.6,20.4,8.4,9.8,3.2,10.2,3.4,0.8,2.6,6.2,15.6,2022,9
22,10,1,1,1,4,20.0,0.0,0.4,0.8,10.0,8.4,3.4,2.4,6.0,3.6,1.8,1.8,12.6,16.4,2022,9
30,26,0,2,3,-8,80.0,20.0,2.4,1.2,13.6,11.4,5.6,5.8,6.2,6.6,0.6,2.8,11.2,12.8,2022,9
1,15,1,3,3,2,40.0,20.0,1.6,1.2,10.4,13.0,4.4,4.8,3.4,3.2,1.6,2.8,11.6,19.0,2022,9
17,16,2,2,0,-2,100.0,20.0,3.0,1.8,21.8,12.0,8.2,5.6,8.4,4.2,0.2,2.4,5.2,15.6,2022,10
35,0,0,0,1,5,40.0,40.0,0.8,2.4,9.4,13.8,2.8,6.4,4.0,4.2,0.4,2.0,10.4,11.4,2022,10
19,26,1,1,1,-13,80.0,40.0,1.6,1.8,15.0,14.6,4.8,7.2,5.0,6.8,0.8,2.4,12.0,10.4,2022,12
5,10,1,0,0,4,40.0,0.0,1.2,0.4,11.8,7.4,4.0,1.8,5.2,3.6,1.6,1.4,10.8,14.4,2022,12
11,15,2,3,0,1,20.0,20.0,1.0,1.6,12.6,12.6,3.2,5.0,5.4,3.8,1.8,3.0,10.8,18.8,2022,12
31,6,0,0,2,2,0.0,20.0,0.6,1.4,11.8,13.4,4.6,4.6,4.6,5.0,2.6,1.2,15.0,14.2,2022,12
22,18,0,0,4,17,20.0,80.0,0.6,2.2,8.2,18.2,2.8,6.0,6.0,7.6,2.0,0.6,14.2,7.2,2022,12
7,17,0,0,1,14,20.0,40.0,1.4,1.6,12.2,16.2,4.2,5.6,3.8,7.2,1.0,1.2,15.8,8.4,2022,13
21,1,2,1,0,1,40.0,60.0,1.2,1.2,13.8,11.0,4.6,3.4,5.0,5.0,1.4,0.8,14.0,12.0,2022,13
30,35,0,0,2,-6,60.0,60.0,2.4,0.8,12.6,8.2,5.4,3.2,5.8,3.8,1.0,0.4,12.2,14.0,2022,13
16,33,1,2,2,-1,60.0,40.0,2.4,1.4,12.2,10.4,4.6,3.2,4.0,3.0,1.2,1.2,18.0,16.8,2022,13
19,6,2,2,0,-14,60.0,40.0,1.2,1.6,14.6,13.8,4.4,5.2,4.6,5.0,0.6,1.0,11.2,13.2,2022,15
33,21,1,1,1,-6,60.0,20.0,2.0,0.6,11.8,9.2,4.6,2.8,6.2,4.4,1.6,2.0,12.2,16.4,2022,19
0,5,2,2,1,-10,60.0,0.0,1.6,0.6,17.4,8.4,5.2,3.2,7.0,3.0,0.4,2.6,10.4,16.4,2022,19
1,31,0,0,1,-7,20.0,0.0,1.8,0.8,11.0,11.4,4.2,3.6,3.6,5.4,2.2,1.6,13.6,13.2,2022,19
6,7,0,0,3,-1,20.0,0.0,0.8,0.4,15.2,8.8,3.4,1.6,6.6,4.0,0.6,1.4,10.6,19.0,2022,19
10,9,0,0,1,10,40.0,20.0,2.2,1.2,15.0,11.2,5.8,3.2,6.2,6.2,1.8,1.2,12.8,8.8,2022,19
17,22,2,3,1,-15,100.0,20.0,2.6,0.8,22.4,10.4,8.6,3.0,8.6,4.0,0.2,1.8,5.2,14.6,2022,19
26,11,2,2,0,5,20.0,0.0,1.8,0.8,11.4,10.8,4.4,4.4,3.6,3.2,1.2,2.0,15.0,16.0,2022,19
18,30,0,2,3,-6,100.0,40.0,3.4,1.0,19.6,16.6,9.4,6.6,10.4,5.4,0.6,1.0,6.4,11.2,2022,19
15,19,0,2,4,7,40.0,40.0,1.4,1.6,14.4,14.8,4.4,5.0,5.6,7.0,1.6,1.0,12.4,12.8,2022,20
35,16,2,2,1,8,20.0,0.0,0.6,1.4,9.4,11.0,2.6,4.6,4.0,5.0,0.6,2.6,11.2,17.0,2022,20
7,30,2,1,0,10,0.0,60.0,0.8,1.6,10.8,16.2,4.0,7.6,4.0,5.0,1.0,1.4,15.8,13.0,2022,23
31,10,0,1,4,4,0.0,0.0,0.4,0.4,11.0,6.8,3.6,2.2,4.2,4.6,2.6,1.2,15.6,13.2,2022,23
17,15,2,6,0,-6,100.0,20.0,2.4,1.6,24.2,11.8,9.0,4.2,9.4,4.2,0.4,3.6,5.0,19.0,2022,23
0,35,2,2,1,-5,60.0,80.0,1.6,1.2,17.4,9.4,5.6,4.2,9.0,3.8,0.6,0.4,9.8,14.6,2022,24
26,22,2,2,0,-3,40.0,20.0,1.8,0.8,12.2,8.4,5.2,2.0,4.0,3.8,0.8,2.2,13.8,18.6,2022,25
15,30,0,0,4,2,20.0,60.0,1.6,1.4,14.6,14.4,5.0,5.8,4.8,5.0,2.4,1.4,13.6,14.2,2022,26
5,21,0,0,2,6,20.0,20.0,0.8,0.6,10.8,10.8,3.4,3.2,4.2,4.8,1.4,2.0,10.8,15.8,2022,26
10,7,1,1,1,-3,20.0,20.0,1.6,1.0,13.0,9.6,4.6,2.2,5.4,3.8,1.8,1.4,12.2,18.0,2022,26
19,31,1,0,0,-16,60.0,20.0,1.4,0.6,15.2,9.8,5.2,3.4,4.8,5.2,0.6,0.8,11.6,13.6,2022,26
6,1,0,0,2,5,20.0,40.0,0.8,0.8,13.4,11.2,2.8,3.0,6.2,5.6,1.2,0.8,10.4,12.4,2022,26
11,18,0,0,1,9,40.0,80.0,1.6,2.4,14.4,17.4,4.8,5.2,5.6,7.8,1.8,0.4,10.6,6.6,2022,26
33,35,2,1,0,-7,40.0,80.0,1.6,1.4,11.8,10.2,4.2,4.4,6.6,4.4,1.4,0.6,11.2,15.0,2022,27
7,16,0,0,2,12,20.0,0.0,0.4,1.4,10.8,12.6,3.0,5.4,4.0,6.0,0.4,2.8,14.6,15.6,2022,1
16,15,2,1,0,-4,40.0,20.0,2.0,1.2,11.2,10.0,3.4,3.6,3.4,3.8,1.2,4.2,16.4,20.4,2022,5
1,26,2,4,0,-4,20.0,40.0,1.6,2.0,13.2,15.0,3.8,6.8,4.8,6.0,2.0,2.0,11.8,9.8,2022,5
7,9,0,0,4,13,20.0,40.0,0.4,1.0,10.8,9.2,3.2,2.4,4.0,5.2,0.8,0.6,15.8,8.0,2022,5
21,6,2,2,1,-4,40.0,40.0,1.2,1.4,12.0,13.0,4.2,5.0,3.6,5.0,1.4,1.2,14.2,14.2,2022,5
22,5,0,1,3,0,20.0,0.0,0.6,0.4,7.6,7.8,2.4,3.0,5.2,2.8,2.6,2.6,16.0,18.6,2022,5
35,10,0,0,2,-1,40.0,20.0,1.0,1.2,8.4,6.6,2.8,2.8,4.4,4.2,0.8,1.2,13.4,11.6,2022,5
17,33,2,1,0,-3,100.0,40.0,3.4,1.8,24.8,8.8,11.0,3.2,8.0,3.0,0.4,1.6,4.8,17.6,2022,5
31,0,0,2,3,10,0.0,60.0,0.4,2.6,10.4,15.2,3.0,6.2,4.4,4.8,2.8,1.2,11.8,10.6,2022,6
18,19,2,4,1,-1,80.0,40.0,3.6,2.2,19.0,15.2,8.2,5.8,9.6,6.4,1.2,1.4,7.2,13.8,2022,6
30,11,2,5,0,-3,40.0,0.0,2.0,0.8,13.8,9.8,5.6,3.4,5.0,3.4,1.4,2.2,13.2,18.6,2022,7
22,9,0,1,3,14,20.0,60.0,0.8,1.8,9.2,9.8,3.2,3.2,4.8,3.8,2.8,0.6,14.6,8.4,2022,10
26,21,0,1,2,3,60.0,40.0,2.0,1.0,14.8,14.2,6.2,4.4,5.4,5.2,0.6,1.6,12.6,12.2,2022,10
35,31,2,4,0,-5,40.0,20.0,1.0,0.4,10.2,10.6,3.6,3.4,5.4,5.4,1.0,0.4,12.4,15.2,2022,10
15,1,0,0,3,-2,20.0,60.0,1.2,1.2,15.8,12.2,4.4,3.8,4.4,5.4,2.8,0.6,14.8,10.8,2022,10
6,17,0,0,2,13,20.0,40.0,0.8,1.6,13.4,15.2,2.6,5.4,6.2,7.2,1.4,1.2,10.6,9.4,2022,12
5,7,2,2,0,1,20.0,20.0,0.8,1.2,10.8,8.6,3.2,2.2,4.8,4.0,1.6,1.4,13.6,16.4,2022,12
19,30,2,3,2,-5,40.0,60.0,0.8,2.0,16.0,13.2,4.6,6.2,4.2,4.8,0.4,1.4,11.6,16.8,2022,12
9,21,2,1,0,-8,40.0,60.0,1.8,1.4,16.0,13.4,6.8,4.6,7.6,5.0,1.2,1.0,10.2,13.4,2022,13
11,35,0,0,1,-3,40.0,60.0,1.4,1.2,14.0,11.4,4.8,3.6,5.6,4.6,1.2,0.8,10.0,15.2,2022,13
15,22,2,2,1,-9,20.0,20.0,1.0,0.8,14.8,8.0,4.2,2.0,4.8,4.2,2.6,2.0,13.6,20.6,2022,13
26,31,0,1,2,-3,60.0,20.0,2.0,0.2,15.8,8.8,6.8,2.4,7.2,4.6,0.8,1.0,10.0,14.8,2022,13
33,1,2,2,1,-5,60.0,60.0,1.4,1.4,12.2,11.8,4.0,4.4,5.2,4.4,0.8,0.6,11.8,10.2,2022,13
0,16,2,2,0,3,60.0,20.0,1.4,1.4,19.6,14.0,5.6,5.4,8.2,6.8,0.8,2.4,8.8,14.4,2022,13
10,18,1,0,0,13,20.0,80.0,1.4,1.8,13.4,16.4,4.2,5.4,5.6,7.4,1.6,0.4,10.2,6.8,2022,14
6,30,0,0,2,9,0.0,40.0,0.4,1.8,12.0,9.8,2.2,4.8,6.4,4.2,1.8,1.6,11.0,16.0,2022,16
0,17,0,0,2,5,60.0,60.0,1.4,1.6,19.6,15.2,5.6,6.0,7.6,7.6,0.8,0.8,8.6,9.0,2022,16
11,21,2,1,0,-2,20.0,60.0,1.0,1.2,13.4,14.0,4.2,4.6,6.0,5.4,1.2,0.6,10.8,10.4,2022,17
35,15,0,2,3,4,60.0,20.0,1.8,1.2,11.4,12.6,4.4,3.8,5.6,5.4,1.0,3.0,12.6,15.6,2022,18
1,0,0,0,1,3,20.0,80.0,2.0,2.8,13.4,15.0,4.8,5.4,5.0,4.2,1.8,1.0,11.6,10.4,2022,19
16,5,2,2,1,-13,40.0,20.0,1.4,1.0,11.0,6.6,3.2,3.0,3.6,2.0,1.2,2.4,17.8,18.6,2022,20
30,33,2,3,1,1,40.0,40.0,2.4,1.8,13.2,10.0,5.6,4.0,4.8,3.8,1.4,1.4,12.4,17.8,2022,20
